domain,class_label,length,sld_length,n_labels,digit_count,digit_ratio,alpha_count,alpha_ratio,hyphen_count,hyphen_ratio,vowel_count,vowel_ratio,consonant_count,consonant_ratio,unique_chars,unique_char_ratio,hex_char_ratio,char_entropy,bigram_entropy,trigram_entropy,longest_consonant_run,longest_digit_run,consec_consonant_ratio,consec_digit_ratio,repeated_char_ratio,gini_index,has_digits,starts_with_digit,digit_alpha_transitions,max_label_length,mean_label_length,std_label_length,tld_is_common,sld_digit_ratio,sld_entropy,subdomain_count,markov_log_likelihood,kl_div_from_benign,compression_ratio
nsatc.net,benign,9.0,5.0,2.0,0.0,0.0,8.0,1.0,0.0,0.0,2.0,0.25,6.0,0.75,6.0,0.75,0.375,2.5,2.807355,2.5849626,3.0,0.0,0.375,0.0,0.33333334,0.8125,0.0,0.0,0.0,5.0,4.0,1.0,1.0,0.0,2.321928,0.0,4.9814286,0.99200433,2.0
rentola.gr,benign,10.0,7.0,2.0,0.0,0.0,9.0,1.0,0.0,0.0,3.0,0.33333334,6.0,0.6666667,8.0,0.8888889,0.22222222,2.947703,3.0,2.807355,2.0,0.0,0.22222222,0.0,0.125,0.86419755,0.0,0.0,0.0,7.0,4.5,2.5,0.0,0.0,2.807355,0.0,3.05125,0.750388,1.8888888
bukabuku.com,benign,12.0,8.0,2.0,0.0,0.0,11.0,1.0,0.0,0.0,5.0,0.45454547,6.0,0.54545456,7.0,0.6363636,0.36363637,2.6635327,2.9219282,2.947703,1.0,0.0,0.09090909,0.0,0.42857143,0.8264463,0.0,0.0,0.0,8.0,5.5,2.5,1.0,0.0,1.905639,0.0,6.788,1.7299011,1.7272727
prdl.org,benign,8.0,4.0,2.0,0.0,0.0,7.0,1.0,0.0,0.0,1.0,0.14285715,6.0,0.85714287,6.0,0.85714287,0.14285715,2.5216405,2.5849626,2.321928,4.0,0.0,0.5714286,0.0,0.16666667,0.81632656,0.0,0.0,0.0,4.0,3.5,0.5,1.0,0.0,2.0,0.0,6.445,1.3927294,2.142857
agoravox.tv,benign,11.0,8.0,2.0,0.0,0.0,10.0,1.0,0.0,0.0,4.0,0.4,6.0,0.6,7.0,0.7,0.2,2.7219281,3.169925,3.0,3.0,0.0,0.3,0.0,0.42857143,0.84,0.0,0.0,0.0,8.0,5.0,3.0,1.0,0.0,2.5,0.0,7.733333,1.484585,1.8
augailou.com,benign,12.0,8.0,2.0,0.0,0.0,11.0,1.0,0.0,0.0,7.0,0.6363636,4.0,0.36363637,8.0,0.72727275,0.27272728,2.9139771,3.321928,3.169925,1.0,0.0,0.09090909,0.0,0.375,0.8595041,0.0,0.0,0.0,8.0,5.5,2.5,1.0,0.0,2.5,0.0,6.482,1.0279534,1.7272727
alexislemonae.com,benign,17.0,13.0,2.0,0.0,0.0,16.0,1.0,0.0,0.0,8.0,0.5,8.0,0.5,10.0,0.625,0.375,3.2028196,3.7735572,3.807355,2.0,0.0,0.125,0.0,0.5,0.8828125,0.0,0.0,0.0,13.0,8.0,5.0,1.0,0.0,3.0269868,0.0,4.43,0.73064506,1.5
anagrams.net,benign,12.0,8.0,2.0,0.0,0.0,11.0,1.0,0.0,0.0,4.0,0.36363637,7.0,0.6363636,8.0,0.72727275,0.36363637,2.845351,3.321928,3.169925,3.0,0.0,0.27272728,0.0,0.25,0.8429752,0.0,0.0,0.0,8.0,5.5,2.5,1.0,0.0,2.4056392,0.0,4.708,0.81141424,1.7272727
parrotdns.com,benign,13.0,9.0,2.0,0.0,0.0,12.0,1.0,0.0,0.0,3.0,0.25,9.0,0.75,10.0,0.8333333,0.25,3.251629,3.4594316,3.321928,5.0,0.0,0.41666666,0.0,0.2,0.8888889,0.0,0.0,0.0,9.0,6.0,3.0,1.0,0.0,2.947703,0.0,5.58,0.68997335,1.6666666
bstelecom.ru,benign,12.0,9.0,2.0,0.0,0.0,11.0,1.0,0.0,0.0,4.0,0.36363637,7.0,0.6363636,10.0,0.90909094,0.36363637,3.2776134,3.321928,3.169925,3.0,0.0,0.27272728,0.0,0.1,0.892562,0.0,0.0,0.0,9.0,5.5,3.5,1.0,0.0,2.947703,0.0,5.017,0.7216214,1.7272727
eloiseplease.com,benign,16.0,12.0,2.0,0.0,0.0,15.0,1.0,0.0,0.0,8.0,0.53333336,7.0,0.46666667,9.0,0.6,0.4,2.9735572,3.6644979,3.7004397,2.0,0.0,0.13333334,0.0,0.44444445,0.85333335,0.0,0.0,0.0,12.0,7.5,4.5,1.0,0.0,2.5849626,0.0,3.51,0.72375697,1.5333333
chevronhoustonmarathon.com,benign,26.0,22.0,2.0,0.0,0.0,25.0,1.0,0.0,0.0,9.0,0.36,16.0,0.64,12.0,0.48,0.2,3.3990796,4.3035088,4.523562,2.0,0.0,0.08,0.0,0.6666667,0.8928,0.0,0.0,0.0,22.0,12.5,9.5,1.0,0.0,3.3908055,0.0,3.9683332,0.62055564,1.32
grassdata.net,benign,13.0,9.0,2.0,0.0,0.0,12.0,1.0,0.0,0.0,4.0,0.33333334,8.0,0.6666667,8.0,0.6666667,0.41666666,2.8553886,3.4594316,3.321928,3.0,0.0,0.25,0.0,0.375,0.8472222,0.0,0.0,0.0,9.0,6.0,3.0,1.0,0.0,2.4193819,0.0,4.1363635,0.7717248,1.6666666
firstnationalbank.com.gh,benign,24.0,17.0,3.0,0.0,0.0,22.0,1.0,0.0,0.0,7.0,0.3181818,15.0,0.6818182,15.0,0.6818182,0.27272728,3.7544417,4.2970796,4.321928,4.0,0.0,0.18181819,0.0,0.33333334,0.91735536,0.0,0.0,0.0,17.0,7.3333335,6.847546,0.0,0.0,3.2927701,0.0,5.1514287,0.45731094,1.3636364
steps.com.ph,benign,12.0,5.0,3.0,0.0,0.0,10.0,1.0,0.0,0.0,2.0,0.2,8.0,0.8,8.0,0.8,0.2,2.9219282,3.169925,3.0,3.0,0.0,0.3,0.0,0.25,0.86,0.0,0.0,0.0,5.0,3.3333333,1.2472191,0.0,0.0,1.921928,0.0,5.631111,1.063796,1.8
claimocity.io,benign,13.0,10.0,2.0,0.0,0.0,12.0,1.0,0.0,0.0,6.0,0.5,6.0,0.5,8.0,0.6666667,0.25,2.8553886,3.4594316,3.321928,2.0,0.0,0.16666667,0.0,0.375,0.8472222,0.0,0.0,0.0,10.0,6.0,4.0,1.0,0.0,2.9219282,0.0,5.3727274,1.0326319,1.6666666
hasenkamp.group,benign,15.0,9.0,2.0,0.0,0.0,14.0,1.0,0.0,0.0,5.0,0.35714287,9.0,0.64285713,12.0,0.85714287,0.21428572,3.5216405,3.7004397,3.5849626,4.0,0.0,0.2857143,0.0,0.16666667,0.90816325,0.0,0.0,0.0,9.0,7.0,2.0,0.0,0.0,2.947703,0.0,5.2176924,0.7048095,1.5714285
zingmp3.vn,benign,10.0,7.0,2.0,1.0,0.11111111,8.0,0.8888889,0.0,0.0,1.0,0.11111111,7.0,0.7777778,8.0,0.8888889,0.11111111,2.947703,3.0,2.807355,4.0,1.0,0.44444445,0.11111111,0.125,0.86419755,1.0,0.0,2.0,7.0,4.5,2.5,0.0,0.14285715,2.807355,0.0,7.35875,1.869355,1.8888888
cargo-kz.com,benign,12.0,8.0,2.0,0.0,0.0,10.0,0.90909094,1.0,0.09090909,3.0,0.27272728,7.0,0.6363636,9.0,0.8181818,0.27272728,3.0957952,3.321928,3.169925,3.0,0.0,0.27272728,0.0,0.22222222,0.87603307,0.0,0.0,0.0,8.0,5.5,2.5,1.0,0.0,3.0,0.0,7.191,1.4174477,1.7272727
zakrolyup.com,benign,13.0,9.0,2.0,0.0,0.0,12.0,1.0,0.0,0.0,4.0,0.33333334,8.0,0.6666667,11.0,0.9166667,0.16666667,3.4182959,3.4594316,3.321928,2.0,0.0,0.16666667,0.0,0.09090909,0.9027778,0.0,0.0,0.0,9.0,6.0,3.0,1.0,0.0,3.169925,0.0,6.9463634,1.1044003,1.6666666
pellerinfuneralhome.com,benign,23.0,19.0,2.0,0.0,0.0,22.0,1.0,0.0,0.0,9.0,0.4090909,13.0,0.59090906,13.0,0.59090906,0.3181818,3.5160277,4.2018414,4.321928,2.0,0.0,0.09090909,0.0,0.46153846,0.90082645,0.0,0.0,0.0,19.0,11.0,8.0,1.0,0.0,3.3660913,0.0,3.9761906,0.52706987,1.3636364
semenmerahputih.com,benign,19.0,15.0,2.0,0.0,0.0,18.0,1.0,0.0,0.0,7.0,0.3888889,11.0,0.6111111,13.0,0.7222222,0.2777778,3.530493,3.9698157,4.0,2.0,0.0,0.11111111,0.0,0.23076923,0.90123457,0.0,0.0,0.0,15.0,9.0,6.0,1.0,0.0,3.3232315,0.0,5.377647,0.54017574,1.4444444
politichegiovanilieserviziocivile.gov.it,benign,40.0,33.0,3.0,0.0,0.0,38.0,1.0,0.0,0.0,19.0,0.5,19.0,0.5,15.0,0.39473686,0.18421052,3.4591336,4.7566185,5.169925,2.0,0.0,0.05263158,0.0,0.53333336,0.87811637,0.0,0.0,0.0,33.0,12.666667,14.383633,0.0,0.0,3.4445763,0.0,5.2764864,0.70495737,1.1578947
appmate.io,benign,10.0,7.0,2.0,0.0,0.0,9.0,1.0,0.0,0.0,5.0,0.5555556,4.0,0.44444445,7.0,0.7777778,0.33333334,2.7254806,3.0,2.807355,3.0,0.0,0.33333334,0.0,0.2857143,0.83950615,0.0,0.0,0.0,7.0,4.5,2.5,1.0,0.0,2.2359264,0.0,4.98875,1.0430976,1.8888888
ftpobmen.ru,benign,11.0,8.0,2.0,0.0,0.0,10.0,1.0,0.0,0.0,3.0,0.3,7.0,0.7,10.0,1.0,0.3,3.321928,3.169925,3.0,3.0,0.0,0.3,0.0,0.0,0.9,0.0,0.0,0.0,8.0,5.0,3.0,1.0,0.0,3.0,0.0,6.9533334,0.9186549,1.8
a398fhxy.top,benign,12.0,8.0,2.0,3.0,0.27272728,8.0,0.72727275,0.0,0.0,2.0,0.18181819,6.0,0.54545456,11.0,1.0,0.45454547,3.4594316,3.321928,3.169925,5.0,3.0,0.45454547,0.27272728,0.0,0.90909094,1.0,0.0,2.0,8.0,5.5,2.5,1.0,0.375,3.0,0.0,8.598,1.8506511,1.7272727
taxi.rio,benign,8.0,4.0,2.0,0.0,0.0,7.0,1.0,0.0,0.0,4.0,0.5714286,3.0,0.42857143,6.0,0.85714287,0.14285715,2.5216405,2.5849626,2.321928,1.0,0.0,0.14285715,0.0,0.16666667,0.81632656,0.0,0.0,0.0,4.0,3.5,0.5,0.0,0.0,2.0,0.0,6.455,1.321435,2.142857
mygov.scot,benign,10.0,5.0,2.0,0.0,0.0,9.0,1.0,0.0,0.0,2.0,0.22222222,7.0,0.7777778,8.0,0.8888889,0.11111111,2.947703,3.0,2.807355,3.0,0.0,0.33333334,0.0,0.125,0.86419755,0.0,0.0,0.0,5.0,4.5,0.5,0.0,0.0,2.321928,0.0,8.23875,1.2494117,1.8888888
mnkrun.com,benign,10.0,6.0,2.0,0.0,0.0,9.0,1.0,0.0,0.0,2.0,0.22222222,7.0,0.7777778,7.0,0.7777778,0.11111111,2.7254806,3.0,2.807355,4.0,0.0,0.44444445,0.0,0.2857143,0.83950615,0.0,0.0,0.0,6.0,4.5,1.5,1.0,0.0,2.251629,0.0,7.46875,1.3348507,1.8888888
cemah.pt,benign,8.0,5.0,2.0,0.0,0.0,7.0,1.0,0.0,0.0,2.0,0.2857143,5.0,0.71428573,7.0,1.0,0.42857143,2.807355,2.5849626,2.321928,3.0,0.0,0.42857143,0.0,0.0,0.85714287,0.0,0.0,0.0,5.0,3.5,1.5,0.0,0.0,2.321928,0.0,6.7116666,1.1637402,2.142857
haruhi.tv,benign,9.0,6.0,2.0,0.0,0.0,8.0,1.0,0.0,0.0,3.0,0.375,5.0,0.625,7.0,0.875,0.125,2.75,2.807355,2.5849626,2.0,0.0,0.25,0.0,0.14285715,0.84375,0.0,0.0,0.0,6.0,4.0,2.0,1.0,0.0,2.251629,0.0,5.74,1.2972122,2.0
chammpion-slot.com,benign,18.0,14.0,2.0,0.0,0.0,16.0,0.9411765,1.0,0.05882353,5.0,0.29411766,11.0,0.64705884,12.0,0.7058824,0.1764706,3.4104173,4.0,3.9068906,3.0,0.0,0.1764706,0.0,0.25,0.8927336,0.0,0.0,0.0,14.0,8.5,5.5,1.0,0.0,3.5216405,0.0,5.42,0.7730365,1.4705882
ottogroup.com,benign,13.0,9.0,2.0,0.0,0.0,12.0,1.0,0.0,0.0,5.0,0.41666666,7.0,0.5833333,8.0,0.6666667,0.083333336,2.751629,3.4594316,3.321928,2.0,0.0,0.16666667,0.0,0.25,0.8194444,0.0,0.0,0.0,9.0,6.0,3.0,1.0,0.0,2.4193819,0.0,5.509091,1.1255128,1.6666666
northeastern.edu,benign,16.0,12.0,2.0,0.0,0.0,15.0,1.0,0.0,0.0,6.0,0.4,9.0,0.6,10.0,0.6666667,0.33333334,3.189898,3.807355,3.7004397,3.0,0.0,0.2,0.0,0.4,0.88,0.0,0.0,0.0,12.0,7.5,4.5,1.0,0.0,2.9182959,0.0,3.4,0.5387868,1.5333333
shimashoes.com,benign,14.0,10.0,2.0,0.0,0.0,13.0,1.0,0.0,0.0,5.0,0.3846154,8.0,0.61538464,8.0,0.61538464,0.23076923,2.8731406,3.4182959,3.4594316,2.0,0.0,0.15384616,0.0,0.5,0.852071,0.0,0.0,0.0,10.0,6.5,3.5,1.0,0.0,2.6464393,0.0,5.4325,0.9444004,1.6153846
chel-net.ru,benign,11.0,8.0,2.0,0.0,0.0,9.0,0.9,1.0,0.1,3.0,0.3,6.0,0.6,9.0,0.9,0.3,3.121928,3.169925,3.0,2.0,0.0,0.2,0.0,0.11111111,0.88,0.0,0.0,0.0,8.0,5.0,3.0,1.0,0.0,2.75,0.0,5.363333,0.90389264,1.8
capterra.co.uk,benign,14.0,8.0,3.0,0.0,0.0,12.0,1.0,0.0,0.0,5.0,0.41666666,7.0,0.5833333,9.0,0.75,0.41666666,3.0849626,3.4594316,3.321928,2.0,0.0,0.16666667,0.0,0.33333334,0.875,0.0,0.0,0.0,8.0,4.0,2.828427,0.0,0.0,2.5,0.0,4.913636,0.90751666,1.6666666
uad.mx,benign,6.0,3.0,2.0,0.0,0.0,5.0,1.0,0.0,0.0,2.0,0.4,3.0,0.6,5.0,1.0,0.4,2.321928,2.0,1.5849625,3.0,0.0,0.6,0.0,0.0,0.8,0.0,0.0,0.0,3.0,2.5,0.5,0.0,0.0,1.5849625,0.0,8.295,2.0108411,2.6
goldenhorse.org.tw,benign,18.0,11.0,3.0,0.0,0.0,16.0,1.0,0.0,0.0,5.0,0.3125,11.0,0.6875,11.0,0.6875,0.1875,3.3278196,3.7735572,3.807355,4.0,0.0,0.25,0.0,0.36363637,0.890625,0.0,0.0,0.0,11.0,5.3333335,4.027682,0.0,0.0,3.0957952,0.0,6.156,0.6549256,1.5
cfbisd.edu,benign,10.0,6.0,2.0,0.0,0.0,9.0,1.0,0.0,0.0,3.0,0.33333334,6.0,0.6666667,8.0,0.8888889,0.6666667,2.947703,3.0,2.807355,3.0,0.0,0.33333334,0.0,0.125,0.86419755,0.0,0.0,0.0,6.0,4.5,1.5,1.0,0.0,2.5849626,0.0,6.365,1.2546526,1.8888888
o-cean-fortune.com,benign,18.0,14.0,2.0,0.0,0.0,15.0,0.88235295,2.0,0.11764706,7.0,0.4117647,8.0,0.47058824,11.0,0.64705884,0.3529412,3.3371754,4.0,3.9068906,2.0,0.0,0.11764706,0.0,0.45454547,0.8927336,0.0,0.0,0.0,14.0,8.5,5.5,1.0,0.0,3.2359264,0.0,4.729375,0.79068834,1.4705882
fineexch.com,benign,12.0,8.0,2.0,0.0,0.0,11.0,1.0,0.0,0.0,4.0,0.36363637,7.0,0.6363636,9.0,0.8181818,0.45454547,3.0957952,3.321928,3.169925,4.0,0.0,0.36363637,0.0,0.22222222,0.87603307,0.0,0.0,0.0,8.0,5.5,2.5,1.0,0.0,2.75,0.0,5.286,1.1584886,1.7272727
cpu-comparison.com,benign,18.0,14.0,2.0,0.0,0.0,16.0,0.9411765,1.0,0.05882353,6.0,0.3529412,10.0,0.5882353,11.0,0.64705884,0.23529412,3.2927701,3.75,3.7735572,2.0,0.0,0.11764706,0.0,0.36363637,0.8858132,0.0,0.0,0.0,14.0,8.5,5.5,1.0,0.0,3.3787835,0.0,4.898125,0.8937919,1.3529412
mbcdnsaa.org,benign,12.0,8.0,2.0,0.0,0.0,11.0,1.0,0.0,0.0,3.0,0.27272728,8.0,0.72727275,10.0,0.90909094,0.45454547,3.2776134,3.321928,3.169925,6.0,0.0,0.54545456,0.0,0.1,0.892562,0.0,0.0,0.0,8.0,5.5,2.5,1.0,0.0,2.75,0.0,7.878,0.8193931,1.7272727
essentialsmagazine.net.au,benign,25.0,18.0,3.0,0.0,0.0,23.0,1.0,0.0,0.0,11.0,0.47826087,12.0,0.5217391,11.0,0.47826087,0.3478261,3.2405283,4.2776136,4.3923173,3.0,0.0,0.13043478,0.0,0.54545456,0.88090736,0.0,0.0,0.0,18.0,7.6666665,7.3181663,0.0,0.0,3.1552215,0.0,4.769091,0.61336756,1.3478261
peppermayo.ca,benign,13.0,10.0,2.0,0.0,0.0,12.0,1.0,0.0,0.0,5.0,0.41666666,7.0,0.5833333,8.0,0.6666667,0.41666666,2.8553886,3.2776134,3.321928,2.0,0.0,0.16666667,0.0,0.375,0.8472222,0.0,0.0,0.0,10.0,6.0,4.0,1.0,0.0,2.6464393,0.0,5.451818,1.1198293,1.6666666
gunlabo.net,benign,11.0,7.0,2.0,0.0,0.0,10.0,1.0,0.0,0.0,4.0,0.4,6.0,0.6,9.0,0.9,0.3,3.121928,3.169925,3.0,2.0,0.0,0.2,0.0,0.11111111,0.88,0.0,0.0,0.0,7.0,5.0,2.0,1.0,0.0,2.807355,0.0,5.4255557,0.83679205,1.8
richard-legg.com,benign,16.0,12.0,2.0,0.0,0.0,14.0,0.93333334,1.0,0.06666667,4.0,0.26666668,10.0,0.6666667,12.0,0.8,0.33333334,3.5068905,3.807355,3.7004397,3.0,0.0,0.2,0.0,0.25,0.9066667,0.0,0.0,0.0,12.0,7.5,4.5,1.0,0.0,3.251629,0.0,5.984286,0.76622105,1.5333333
namecheapapi.com,benign,16.0,12.0,2.0,0.0,0.0,15.0,1.0,0.0,0.0,7.0,0.46666667,8.0,0.53333336,9.0,0.6,0.46666667,3.0565648,3.6644979,3.7004397,2.0,0.0,0.13333334,0.0,0.5555556,0.8711111,0.0,0.0,0.0,12.0,7.5,4.5,1.0,0.0,2.8553886,0.0,3.4735715,0.8978846,1.5333333
mybeautyfactory.fr,benign,18.0,15.0,2.0,0.0,0.0,17.0,1.0,0.0,0.0,5.0,0.29411766,12.0,0.7058824,11.0,0.64705884,0.4117647,3.3371754,3.875,3.9068906,4.0,0.0,0.23529412,0.0,0.45454547,0.8927336,0.0,0.0,0.0,15.0,8.5,6.5,1.0,0.0,3.3232315,0.0,6.31,0.96178514,1.4705882
koko88.website,benign,14.0,6.0,2.0,2.0,0.15384616,11.0,0.84615386,0.0,0.0,5.0,0.3846154,6.0,0.46153846,9.0,0.6923077,0.3846154,3.085055,3.4182959,3.4594316,2.0,2.0,0.15384616,0.15384616,0.44444445,0.87573963,1.0,0.0,2.0,7.0,6.5,0.5,0.0,0.33333334,1.5849625,0.0,8.141666,1.492075,1.6153846
ecnmag.com,benign,10.0,6.0,2.0,0.0,0.0,9.0,1.0,0.0,0.0,3.0,0.33333334,6.0,0.6666667,7.0,0.7777778,0.44444445,2.7254806,3.0,2.807355,3.0,0.0,0.33333334,0.0,0.2857143,0.83950615,0.0,0.0,0.0,6.0,4.5,1.5,1.0,0.0,2.5849626,0.0,5.9325,1.2056886,1.8888888
clashgaming.de,benign,14.0,11.0,2.0,0.0,0.0,13.0,1.0,0.0,0.0,4.0,0.30769232,9.0,0.6923077,11.0,0.84615386,0.3846154,3.3927474,3.5849626,3.4594316,3.0,0.0,0.23076923,0.0,0.18181819,0.8994083,0.0,0.0,0.0,11.0,6.5,4.5,1.0,0.0,3.0957952,0.0,5.3758335,0.71137345,1.6153846
casinovavada77.ru,benign,17.0,14.0,2.0,2.0,0.125,14.0,0.875,0.0,0.0,7.0,0.4375,7.0,0.4375,11.0,0.6875,0.5,3.25,3.7735572,3.807355,1.0,2.0,0.0625,0.125,0.27272728,0.875,1.0,0.0,2.0,14.0,8.0,6.0,1.0,0.14285715,2.950212,0.0,7.17,1.1885461,1.5
ulbharyana.gov.in,benign,17.0,10.0,3.0,0.0,0.0,15.0,1.0,0.0,0.0,6.0,0.4,9.0,0.6,12.0,0.8,0.26666668,3.4565647,3.807355,3.7004397,3.0,0.0,0.2,0.0,0.16666667,0.8977778,0.0,0.0,0.0,10.0,5.0,3.559026,0.0,0.0,2.8464394,0.0,5.652143,0.7690342,1.5333333
teen-gay.cfd,benign,12.0,8.0,2.0,0.0,0.0,10.0,0.90909094,1.0,0.09090909,3.0,0.27272728,7.0,0.6363636,10.0,0.90909094,0.54545456,3.2776134,3.321928,3.169925,4.0,0.0,0.36363637,0.0,0.1,0.892562,0.0,0.0,0.0,8.0,5.5,2.5,0.0,0.0,2.75,0.0,8.46,0.9725268,1.7272727
sabah.am,benign,8.0,5.0,2.0,0.0,0.0,7.0,1.0,0.0,0.0,3.0,0.42857143,4.0,0.5714286,5.0,0.71428573,0.5714286,2.1280854,2.5849626,2.321928,1.0,0.0,0.14285715,0.0,0.2,0.7346939,0.0,0.0,0.0,5.0,3.5,1.5,0.0,0.0,1.921928,0.0,4.741667,1.5793805,2.142857
allseries.us,benign,12.0,9.0,2.0,0.0,0.0,11.0,1.0,0.0,0.0,5.0,0.45454547,6.0,0.54545456,7.0,0.6363636,0.27272728,2.6635327,3.321928,3.169925,3.0,0.0,0.27272728,0.0,0.42857143,0.8264463,0.0,0.0,0.0,9.0,5.5,3.5,1.0,0.0,2.5032582,0.0,5.63,0.8827833,1.7272727
zonahd.top,benign,10.0,6.0,2.0,0.0,0.0,9.0,1.0,0.0,0.0,3.0,0.33333334,6.0,0.6666667,8.0,0.8888889,0.22222222,2.947703,3.0,2.807355,3.0,0.0,0.33333334,0.0,0.125,0.86419755,0.0,0.0,0.0,6.0,4.5,1.5,1.0,0.0,2.5849626,0.0,6.38125,1.2383528,1.8888888
scalesgalore.com,benign,16.0,12.0,2.0,0.0,0.0,15.0,1.0,0.0,0.0,6.0,0.4,9.0,0.6,9.0,0.6,0.4,3.1068907,3.6644979,3.7004397,2.0,0.0,0.13333334,0.0,0.6666667,0.88,0.0,0.0,0.0,12.0,7.5,4.5,1.0,0.0,2.9182959,0.0,4.2707143,0.7212384,1.5333333
itglue.com,benign,10.0,6.0,2.0,0.0,0.0,9.0,1.0,0.0,0.0,4.0,0.44444445,5.0,0.5555556,9.0,1.0,0.22222222,3.169925,3.0,2.807355,3.0,0.0,0.33333334,0.0,0.0,0.8888889,0.0,0.0,0.0,6.0,4.5,1.5,1.0,0.0,2.5849626,0.0,5.8575,0.86141276,1.8888888
uralsibtrade.ru,benign,15.0,12.0,2.0,0.0,0.0,14.0,1.0,0.0,0.0,6.0,0.42857143,8.0,0.5714286,10.0,0.71428573,0.35714287,3.182006,3.5465937,3.5849626,3.0,0.0,0.21428572,0.0,0.3,0.877551,0.0,0.0,0.0,12.0,7.0,5.0,1.0,0.0,3.251629,0.0,5.106923,0.7265605,1.5714285
crimea.com,benign,10.0,6.0,2.0,0.0,0.0,9.0,1.0,0.0,0.0,4.0,0.44444445,5.0,0.5555556,7.0,0.7777778,0.44444445,2.7254806,3.0,2.807355,2.0,0.0,0.22222222,0.0,0.2857143,0.83950615,0.0,0.0,0.0,6.0,4.5,1.5,1.0,0.0,2.5849626,0.0,3.31,1.0978749,1.8888888
testmarket.io,benign,13.0,10.0,2.0,0.0,0.0,12.0,1.0,0.0,0.0,5.0,0.41666666,7.0,0.5833333,9.0,0.75,0.25,3.0220551,3.4594316,3.321928,3.0,0.0,0.25,0.0,0.22222222,0.8611111,0.0,0.0,0.0,10.0,6.0,4.0,1.0,0.0,2.6464393,0.0,4.5854545,0.7149962,1.6666666
tincan.kids,benign,11.0,6.0,2.0,0.0,0.0,10.0,1.0,0.0,0.0,3.0,0.3,7.0,0.7,8.0,0.8,0.3,2.9219282,3.169925,3.0,2.0,0.0,0.2,0.0,0.25,0.86,0.0,0.0,0.0,6.0,5.0,1.0,0.0,0.0,2.251629,0.0,5.882222,0.97155696,1.8
amistech.com,benign,12.0,8.0,2.0,0.0,0.0,11.0,1.0,0.0,0.0,4.0,0.36363637,7.0,0.6363636,9.0,0.8181818,0.36363637,3.0957952,3.321928,3.169925,3.0,0.0,0.27272728,0.0,0.22222222,0.87603307,0.0,0.0,0.0,8.0,5.5,2.5,1.0,0.0,3.0,0.0,3.949,0.8513667,1.7272727
seriecanal.com,benign,14.0,10.0,2.0,0.0,0.0,13.0,1.0,0.0,0.0,6.0,0.46153846,7.0,0.53846157,10.0,0.7692308,0.46153846,3.2389011,3.5849626,3.4594316,2.0,0.0,0.15384616,0.0,0.3,0.88757396,0.0,0.0,0.0,10.0,6.5,3.5,1.0,0.0,2.9219282,0.0,3.975,0.57218677,1.6153846
craft-world.gg,benign,14.0,11.0,2.0,0.0,0.0,12.0,0.9230769,1.0,0.07692308,2.0,0.15384616,10.0,0.7692308,11.0,0.84615386,0.30769232,3.3927474,3.5849626,3.4594316,5.0,0.0,0.3846154,0.0,0.18181819,0.8994083,0.0,0.0,0.0,11.0,6.5,4.5,0.0,0.0,3.2776134,0.0,7.829167,0.9824804,1.6153846
talpanetwork.com,benign,16.0,12.0,2.0,0.0,0.0,15.0,1.0,0.0,0.0,5.0,0.33333334,10.0,0.6666667,12.0,0.8,0.26666668,3.5068905,3.807355,3.7004397,3.0,0.0,0.2,0.0,0.25,0.9066667,0.0,0.0,0.0,12.0,7.5,4.5,1.0,0.0,3.251629,0.0,5.0335712,0.6036912,1.5333333
cs-aspirations.com,benign,18.0,14.0,2.0,0.0,0.0,16.0,0.9411765,1.0,0.05882353,6.0,0.3529412,10.0,0.5882353,11.0,0.64705884,0.23529412,3.3371754,4.0,3.9068906,3.0,0.0,0.1764706,0.0,0.45454547,0.8927336,0.0,0.0,0.0,14.0,8.5,5.5,1.0,0.0,3.182006,0.0,5.019375,0.65626293,1.4705882
gmcompanystore.com,benign,18.0,14.0,2.0,0.0,0.0,17.0,1.0,0.0,0.0,5.0,0.29411766,12.0,0.7058824,12.0,0.7058824,0.23529412,3.4104173,3.75,3.7735572,4.0,0.0,0.23529412,0.0,0.25,0.8927336,0.0,0.0,0.0,14.0,8.5,5.5,1.0,0.0,3.5216405,0.0,4.63,0.7131287,1.3529412
casadasexibidas.com,benign,19.0,15.0,2.0,0.0,0.0,18.0,1.0,0.0,0.0,8.0,0.44444445,10.0,0.5555556,10.0,0.5555556,0.5555556,3.127987,3.6901164,3.875,2.0,0.0,0.11111111,0.0,0.5,0.8703704,0.0,0.0,0.0,15.0,9.0,6.0,1.0,0.0,2.7898982,0.0,5.211765,0.89093906,1.3333334
djazairess.com,benign,14.0,10.0,2.0,0.0,0.0,13.0,1.0,0.0,0.0,5.0,0.3846154,8.0,0.61538464,11.0,0.84615386,0.3846154,3.3927474,3.5849626,3.4594316,3.0,0.0,0.23076923,0.0,0.18181819,0.8994083,0.0,0.0,0.0,10.0,6.5,3.5,1.0,0.0,2.9219282,0.0,6.8791666,0.8782542,1.6153846
wagerenergy.nz,benign,14.0,11.0,2.0,0.0,0.0,13.0,1.0,0.0,0.0,4.0,0.30769232,9.0,0.6923077,8.0,0.61538464,0.30769232,2.8731406,3.4182959,3.4594316,5.0,0.0,0.3846154,0.0,0.5,0.852071,0.0,0.0,0.0,11.0,6.5,4.5,0.0,0.0,2.6635327,0.0,5.639167,1.2172226,1.6153846
zoofilia.site,benign,13.0,8.0,2.0,0.0,0.0,12.0,1.0,0.0,0.0,7.0,0.5833333,5.0,0.41666666,9.0,0.75,0.25,3.0220551,3.4594316,3.321928,1.0,0.0,0.083333336,0.0,0.22222222,0.8611111,0.0,0.0,0.0,8.0,6.0,2.0,1.0,0.0,2.5,0.0,4.949091,0.96452373,1.6666666
valladolid.es,benign,13.0,10.0,2.0,0.0,0.0,12.0,1.0,0.0,0.0,5.0,0.41666666,7.0,0.5833333,8.0,0.6666667,0.41666666,2.8553886,3.4594316,3.321928,2.0,0.0,0.16666667,0.0,0.375,0.8472222,0.0,0.0,0.0,10.0,6.0,4.0,1.0,0.0,2.4464393,0.0,4.4727273,0.98129326,1.6666666
madisonriver.net,benign,16.0,12.0,2.0,0.0,0.0,15.0,1.0,0.0,0.0,6.0,0.4,9.0,0.6,11.0,0.73333335,0.26666668,3.3735573,3.807355,3.7004397,2.0,0.0,0.13333334,0.0,0.36363637,0.8977778,0.0,0.0,0.0,12.0,7.5,4.5,1.0,0.0,3.251629,0.0,4.053571,0.5174978,1.5333333
theateraandeparade.nl,benign,21.0,18.0,2.0,0.0,0.0,20.0,1.0,0.0,0.0,9.0,0.45,11.0,0.55,9.0,0.45,0.55,2.941446,4.037401,4.169925,2.0,0.0,0.1,0.0,0.6666667,0.85,0.0,0.0,0.0,18.0,10.0,8.0,1.0,0.0,2.747167,0.0,3.2489474,0.71448135,1.4
buuteeq-mobile.com,benign,18.0,14.0,2.0,0.0,0.0,16.0,0.9411765,1.0,0.05882353,8.0,0.47058824,8.0,0.47058824,11.0,0.64705884,0.3529412,3.3371754,4.0,3.9068906,1.0,0.0,0.05882353,0.0,0.45454547,0.8927336,0.0,0.0,0.0,14.0,8.5,5.5,1.0,0.0,3.182006,0.0,5.873125,1.0245042,1.4705882
musiclifeclub.com,benign,17.0,13.0,2.0,0.0,0.0,16.0,1.0,0.0,0.0,6.0,0.375,10.0,0.625,10.0,0.625,0.375,3.2028196,3.7735572,3.807355,2.0,0.0,0.125,0.0,0.5,0.8828125,0.0,0.0,0.0,13.0,8.0,5.0,1.0,0.0,3.085055,0.0,5.7106667,1.0220338,1.5
zhik.com,benign,8.0,4.0,2.0,0.0,0.0,7.0,1.0,0.0,0.0,2.0,0.2857143,5.0,0.71428573,7.0,1.0,0.14285715,2.807355,2.5849626,2.321928,2.0,0.0,0.2857143,0.0,0.0,0.85714287,0.0,0.0,0.0,4.0,3.5,0.5,1.0,0.0,2.0,0.0,5.653333,1.7655879,2.142857
onlinesportsbetting.net,benign,23.0,19.0,2.0,0.0,0.0,22.0,1.0,0.0,0.0,7.0,0.3181818,15.0,0.6818182,11.0,0.5,0.18181819,3.2433004,4.106603,4.321928,4.0,0.0,0.18181819,0.0,0.54545456,0.8801653,0.0,0.0,0.0,19.0,11.0,8.0,1.0,0.0,3.3263605,0.0,4.422381,0.5793922,1.3636364
del.ac.id,benign,9.0,3.0,3.0,0.0,0.0,7.0,1.0,0.0,0.0,3.0,0.42857143,4.0,0.5714286,6.0,0.85714287,0.71428573,2.5216405,2.5849626,2.321928,1.0,0.0,0.14285715,0.0,0.16666667,0.81632656,0.0,0.0,0.0,3.0,2.3333333,0.47140452,0.0,0.0,1.5849625,0.0,4.4,1.2141533,2.142857
palipost.com,benign,12.0,8.0,2.0,0.0,0.0,11.0,1.0,0.0,0.0,4.0,0.36363637,7.0,0.6363636,9.0,0.8181818,0.18181819,3.0957952,3.321928,3.169925,3.0,0.0,0.27272728,0.0,0.22222222,0.87603307,0.0,0.0,0.0,8.0,5.5,2.5,1.0,0.0,2.75,0.0,4.598,0.88553107,1.7272727
sharpbusiness.com,benign,17.0,13.0,2.0,0.0,0.0,16.0,1.0,0.0,0.0,5.0,0.3125,11.0,0.6875,13.0,0.8125,0.25,3.5,3.9068906,3.807355,3.0,0.0,0.1875,0.0,0.07692308,0.890625,0.0,0.0,0.0,13.0,8.0,5.0,1.0,0.0,3.085055,0.0,4.766,0.5803549,1.5
consortium-psy.com,benign,18.0,14.0,2.0,0.0,0.0,16.0,0.9411765,1.0,0.05882353,5.0,0.29411766,11.0,0.64705884,12.0,0.7058824,0.11764706,3.4548223,3.875,3.9068906,4.0,0.0,0.23529412,0.0,0.33333334,0.899654,0.0,0.0,0.0,14.0,8.5,5.5,1.0,0.0,3.5216405,0.0,5.89625,0.751663,1.4705882
saber-scorpion.com,benign,18.0,14.0,2.0,0.0,0.0,16.0,0.9411765,1.0,0.05882353,6.0,0.3529412,10.0,0.5882353,12.0,0.7058824,0.29411766,3.4548223,3.875,3.9068906,2.0,0.0,0.11764706,0.0,0.33333334,0.899654,0.0,0.0,0.0,14.0,8.5,5.5,1.0,0.0,3.3787835,0.0,5.154375,0.65061104,1.4705882
fanpass.net,benign,11.0,7.0,2.0,0.0,0.0,10.0,1.0,0.0,0.0,3.0,0.3,7.0,0.7,7.0,0.7,0.4,2.7219281,3.169925,3.0,3.0,0.0,0.3,0.0,0.42857143,0.84,0.0,0.0,0.0,7.0,5.0,2.0,1.0,0.0,2.2359264,0.0,5.1977777,0.98917276,1.8
wearenotmartha.com,benign,18.0,14.0,2.0,0.0,0.0,17.0,1.0,0.0,0.0,7.0,0.4117647,10.0,0.5882353,10.0,0.5882353,0.3529412,3.2195282,3.875,3.9068906,3.0,0.0,0.1764706,0.0,0.6,0.8858132,0.0,0.0,0.0,14.0,8.5,5.5,1.0,0.0,3.0391486,0.0,3.564375,0.6487822,1.4705882
mindfulmocktail.com,benign,19.0,15.0,2.0,0.0,0.0,18.0,1.0,0.0,0.0,6.0,0.33333334,12.0,0.6666667,12.0,0.6666667,0.2777778,3.4613202,4.087463,4.0,3.0,0.0,0.16666667,0.0,0.41666666,0.90123457,0.0,0.0,0.0,15.0,9.0,6.0,1.0,0.0,3.5068905,0.0,5.7735295,0.7926505,1.4444444
ouchyi.work,benign,11.0,6.0,2.0,0.0,0.0,10.0,1.0,0.0,0.0,4.0,0.4,6.0,0.6,9.0,0.9,0.1,3.121928,3.169925,3.0,3.0,0.0,0.3,0.0,0.11111111,0.88,0.0,0.0,0.0,6.0,5.0,1.0,0.0,0.0,2.5849626,0.0,7.0288887,1.1767846,1.8
lakeworthtx.org,benign,15.0,11.0,2.0,0.0,0.0,14.0,1.0,0.0,0.0,4.0,0.2857143,10.0,0.71428573,11.0,0.78571427,0.14285715,3.3787835,3.5465937,3.5849626,5.0,0.0,0.35714287,0.0,0.27272728,0.8979592,0.0,0.0,0.0,11.0,7.0,4.0,1.0,0.0,3.2776134,0.0,6.583846,0.8686861,1.5714285
jackpotmobilecasino.co.uk,benign,25.0,19.0,3.0,0.0,0.0,23.0,1.0,0.0,0.0,10.0,0.4347826,13.0,0.5652174,15.0,0.65217394,0.3043478,3.708132,4.4594316,4.3923173,3.0,0.0,0.13043478,0.0,0.33333334,0.91115314,0.0,0.0,0.0,19.0,7.6666665,8.013877,0.0,0.0,3.6818807,0.0,4.7936363,0.6254347,1.3478261
emsys.com.br,benign,12.0,5.0,3.0,0.0,0.0,10.0,1.0,0.0,0.0,2.0,0.2,8.0,0.8,8.0,0.8,0.3,2.9219282,3.169925,3.0,5.0,0.0,0.5,0.0,0.25,0.86,0.0,0.0,0.0,5.0,3.3333333,1.2472191,0.0,0.0,1.921928,0.0,7.801111,1.1299517,1.8
ipnodns.ru,benign,10.0,7.0,2.0,0.0,0.0,9.0,1.0,0.0,0.0,3.0,0.33333334,6.0,0.6666667,8.0,0.8888889,0.11111111,2.947703,3.0,2.807355,4.0,0.0,0.44444445,0.0,0.125,0.86419755,0.0,0.0,0.0,7.0,4.5,2.5,1.0,0.0,2.5216405,0.0,7.77125,0.9265102,1.8888888
integralis.com,benign,14.0,10.0,2.0,0.0,0.0,13.0,1.0,0.0,0.0,5.0,0.3846154,8.0,0.61538464,12.0,0.9230769,0.23076923,3.5465937,3.5849626,3.4594316,2.0,0.0,0.15384616,0.0,0.083333336,0.9112426,0.0,0.0,0.0,10.0,6.5,3.5,1.0,0.0,3.121928,0.0,3.9916666,0.42952156,1.6153846
hbada.com,benign,9.0,5.0,2.0,0.0,0.0,8.0,1.0,0.0,0.0,3.0,0.375,5.0,0.625,7.0,0.875,0.625,2.75,2.807355,2.5849626,2.0,0.0,0.25,0.0,0.14285715,0.84375,0.0,0.0,0.0,5.0,4.0,1.0,1.0,0.0,1.921928,0.0,5.217143,1.2988217,2.0
webeteerprojects.com,benign,20.0,16.0,2.0,0.0,0.0,19.0,1.0,0.0,0.0,7.0,0.36842105,12.0,0.6315789,11.0,0.57894737,0.42105263,3.215841,4.169925,4.087463,4.0,0.0,0.21052632,0.0,0.45454547,0.8698061,0.0,0.0,0.0,16.0,9.5,6.5,1.0,0.0,3.0243974,0.0,6.2555556,0.8203693,1.4210526
express-k.kz,benign,12.0,9.0,2.0,0.0,0.0,10.0,0.90909094,1.0,0.09090909,2.0,0.18181819,8.0,0.72727275,8.0,0.72727275,0.18181819,2.9139771,3.321928,3.169925,3.0,0.0,0.27272728,0.0,0.375,0.8595041,0.0,0.0,0.0,9.0,5.5,3.5,0.0,0.0,2.7254806,0.0,6.386,1.6749237,1.7272727
itbizcon.co.in,benign,14.0,8.0,3.0,0.0,0.0,12.0,1.0,0.0,0.0,5.0,0.41666666,7.0,0.5833333,7.0,0.5833333,0.25,2.688722,3.2776134,3.321928,2.0,0.0,0.16666667,0.0,0.5714286,0.8333333,0.0,0.0,0.0,8.0,4.0,2.828427,0.0,0.0,2.75,0.0,5.929091,1.3619117,1.6666666
dominos.ae,benign,10.0,7.0,2.0,0.0,0.0,9.0,1.0,0.0,0.0,5.0,0.5555556,4.0,0.44444445,8.0,0.8888889,0.33333334,2.947703,3.0,2.807355,1.0,0.0,0.11111111,0.0,0.125,0.86419755,0.0,0.0,0.0,7.0,4.5,2.5,0.0,0.0,2.5216405,0.0,5.07375,0.7276056,1.8888888
astmedia.online,benign,15.0,8.0,2.0,0.0,0.0,14.0,1.0,0.0,0.0,7.0,0.5,7.0,0.5,10.0,0.71428573,0.35714287,3.2359264,3.7004397,3.5849626,3.0,0.0,0.21428572,0.0,0.4,0.8877551,0.0,0.0,0.0,8.0,7.0,1.0,1.0,0.0,2.75,0.0,4.36,0.50040287,1.5714285
diamant.cloud,benign,13.0,7.0,2.0,0.0,0.0,12.0,1.0,0.0,0.0,5.0,0.41666666,7.0,0.5833333,10.0,0.8333333,0.41666666,3.251629,3.4594316,3.321928,4.0,0.0,0.33333334,0.0,0.2,0.8888889,0.0,0.0,0.0,7.0,6.0,1.0,0.0,0.0,2.5216405,0.0,4.52,0.7333279,1.6666666
bitleap.net,benign,11.0,7.0,2.0,0.0,0.0,10.0,1.0,0.0,0.0,4.0,0.4,6.0,0.6,8.0,0.8,0.4,2.9219282,3.169925,3.0,2.0,0.0,0.2,0.0,0.25,0.86,0.0,0.0,0.0,7.0,5.0,2.0,1.0,0.0,2.807355,0.0,4.6555557,0.8803793,1.8
frays.com,benign,9.0,5.0,2.0,0.0,0.0,8.0,1.0,0.0,0.0,2.0,0.25,6.0,0.75,8.0,1.0,0.375,3.0,2.807355,2.5849626,3.0,0.0,0.375,0.0,0.0,0.875,0.0,0.0,0.0,5.0,4.0,1.0,1.0,0.0,2.321928,0.0,6.202857,1.1243225,2.0
darrelconceptsghana.com,benign,23.0,19.0,2.0,0.0,0.0,22.0,1.0,0.0,0.0,7.0,0.3181818,15.0,0.6818182,14.0,0.6363636,0.4090909,3.6635327,4.2970796,4.321928,5.0,0.0,0.22727273,0.0,0.42857143,0.91322315,0.0,0.0,0.0,19.0,11.0,8.0,1.0,0.0,3.5766177,0.0,5.5595236,0.41441843,1.3636364
nono4dhitam.live,benign,16.0,11.0,2.0,1.0,0.06666667,14.0,0.93333334,0.0,0.0,6.0,0.4,8.0,0.53333336,12.0,0.8,0.26666668,3.5068905,3.6644979,3.7004397,2.0,1.0,0.13333334,0.06666667,0.25,0.9066667,1.0,0.0,2.0,11.0,7.5,3.5,0.0,0.09090909,3.0957952,0.0,5.330714,0.738746,1.5333333
prescouter.com,benign,14.0,10.0,2.0,0.0,0.0,13.0,1.0,0.0,0.0,5.0,0.3846154,8.0,0.61538464,9.0,0.6923077,0.30769232,3.085055,3.4182959,3.4594316,2.0,0.0,0.15384616,0.0,0.44444445,0.87573963,0.0,0.0,0.0,10.0,6.5,3.5,1.0,0.0,2.9219282,0.0,4.386667,0.8044511,1.6153846
callreports.com,benign,15.0,11.0,2.0,0.0,0.0,14.0,1.0,0.0,0.0,4.0,0.2857143,10.0,0.71428573,10.0,0.71428573,0.2857143,3.2359264,3.7004397,3.5849626,4.0,0.0,0.2857143,0.0,0.4,0.8877551,0.0,0.0,0.0,11.0,7.0,4.0,1.0,0.0,3.0957952,0.0,5.1415386,0.6965497,1.5714285
zya.me,benign,6.0,3.0,2.0,0.0,0.0,5.0,1.0,0.0,0.0,2.0,0.4,3.0,0.6,5.0,1.0,0.4,2.321928,2.0,1.5849625,2.0,0.0,0.4,0.0,0.0,0.8,0.0,0.0,0.0,3.0,2.5,0.5,1.0,0.0,1.5849625,0.0,6.8075,1.9985888,2.6
bide-et-musique.com,benign,19.0,15.0,2.0,0.0,0.0,16.0,0.8888889,2.0,0.11111111,8.0,0.44444445,8.0,0.44444445,12.0,0.6666667,0.33333334,3.4613202,4.087463,4.0,1.0,0.0,0.055555556,0.0,0.41666666,0.90123457,0.0,0.0,0.0,15.0,9.0,6.0,1.0,0.0,3.189898,0.0,6.542941,0.93447644,1.4444444
rpg8888.co,benign,10.0,7.0,2.0,4.0,0.44444445,5.0,0.5555556,0.0,0.0,1.0,0.11111111,4.0,0.44444445,6.0,0.6666667,0.5555556,2.2810361,2.4056392,2.5216405,3.0,4.0,0.33333334,0.44444445,0.16666667,0.7407407,1.0,0.0,2.0,7.0,4.5,2.5,1.0,0.5714286,1.6644977,0.0,9.0975,2.9987352,1.6666666
dogsdns.net,benign,11.0,7.0,2.0,0.0,0.0,10.0,1.0,0.0,0.0,2.0,0.2,8.0,0.8,7.0,0.7,0.3,2.7219281,3.169925,3.0,6.0,0.0,0.6,0.0,0.42857143,0.84,0.0,0.0,0.0,7.0,5.0,2.0,1.0,0.0,2.2359264,0.0,7.058889,0.98456955,1.8
thekhatrimaza.buzz,benign,18.0,13.0,2.0,0.0,0.0,17.0,1.0,0.0,0.0,6.0,0.3529412,11.0,0.64705884,11.0,0.64705884,0.29411766,3.2927701,4.0,3.9068906,2.0,0.0,0.11764706,0.0,0.36363637,0.8858132,0.0,0.0,0.0,13.0,8.5,4.5,0.0,0.0,3.0269868,0.0,5.55875,1.2829528,1.4705882
indobetz77.quest,benign,16.0,10.0,2.0,2.0,0.13333334,13.0,0.8666667,0.0,0.0,5.0,0.33333334,8.0,0.53333336,12.0,0.8,0.4,3.5068905,3.807355,3.7004397,2.0,2.0,0.13333334,0.13333334,0.25,0.9066667,1.0,0.0,2.0,10.0,7.5,2.5,0.0,0.2,3.121928,0.0,6.01,1.295513,1.5333333
ngncloudns.com.tr,benign,17.0,10.0,3.0,0.0,0.0,15.0,1.0,0.0,0.0,3.0,0.2,12.0,0.8,11.0,0.73333335,0.2,3.3232315,3.807355,3.7004397,5.0,0.0,0.33333334,0.0,0.27272728,0.8888889,0.0,0.0,0.0,10.0,5.0,3.559026,0.0,0.0,2.8464394,0.0,6.053571,0.72835964,1.5333333
advantagetvs.com,benign,16.0,12.0,2.0,0.0,0.0,15.0,1.0,0.0,0.0,5.0,0.33333334,10.0,0.6666667,11.0,0.73333335,0.4,3.3232315,3.807355,3.7004397,4.0,0.0,0.26666668,0.0,0.27272728,0.8888889,0.0,0.0,0.0,12.0,7.5,4.5,1.0,0.0,2.8553886,0.0,5.61,0.7714774,1.5333333
51zsjc.com,benign,10.0,6.0,2.0,2.0,0.22222222,7.0,0.7777778,0.0,0.0,1.0,0.11111111,6.0,0.6666667,8.0,0.8888889,0.44444445,2.947703,3.0,2.807355,5.0,2.0,0.5555556,0.22222222,0.125,0.86419755,1.0,1.0,1.0,6.0,4.5,1.5,1.0,0.33333334,2.5849626,0.0,8.26875,2.1491425,1.8888888
interwetten21.com,benign,17.0,13.0,2.0,2.0,0.125,14.0,0.875,0.0,0.0,5.0,0.3125,9.0,0.5625,11.0,0.6875,0.375,3.2806392,3.7735572,3.807355,2.0,2.0,0.125,0.125,0.27272728,0.8828125,1.0,0.0,2.0,13.0,8.0,5.0,1.0,0.15384616,2.8150723,0.0,5.5086665,0.84193337,1.5
marmarabolge.com,benign,16.0,12.0,2.0,0.0,0.0,15.0,1.0,0.0,0.0,6.0,0.4,9.0,0.6,9.0,0.6,0.4,3.006239,3.5216405,3.5465937,2.0,0.0,0.13333334,0.0,0.44444445,0.8622222,0.0,0.0,0.0,12.0,7.5,4.5,1.0,0.0,2.8553886,0.0,4.6914287,0.94897795,1.5333333
laip.gt,benign,7.0,4.0,2.0,0.0,0.0,6.0,1.0,0.0,0.0,2.0,0.33333334,4.0,0.6666667,6.0,1.0,0.16666667,2.5849626,2.321928,2.0,3.0,0.0,0.5,0.0,0.0,0.8333333,0.0,0.0,0.0,4.0,3.0,1.0,0.0,0.0,2.0,0.0,7.606,1.2968929,2.3333333
lagguitars.com,benign,14.0,10.0,2.0,0.0,0.0,13.0,1.0,0.0,0.0,5.0,0.3846154,8.0,0.61538464,11.0,0.84615386,0.23076923,3.3927474,3.5849626,3.4594316,3.0,0.0,0.23076923,0.0,0.18181819,0.8994083,0.0,0.0,0.0,10.0,6.5,3.5,1.0,0.0,2.9219282,0.0,5.0016665,0.6764638,1.6153846
sistemacentros.org,benign,18.0,14.0,2.0,0.0,0.0,17.0,1.0,0.0,0.0,6.0,0.3529412,11.0,0.64705884,11.0,0.64705884,0.23529412,3.3371754,4.0,3.9068906,3.0,0.0,0.1764706,0.0,0.45454547,0.8927336,0.0,0.0,0.0,14.0,8.5,5.5,1.0,0.0,3.182006,0.0,3.74375,0.47050554,1.4705882
yy778888.com,benign,12.0,8.0,2.0,6.0,0.54545456,5.0,0.45454547,0.0,0.0,1.0,0.09090909,4.0,0.36363637,6.0,0.54545456,0.6363636,2.3685226,2.8464394,2.947703,2.0,6.0,0.18181819,0.54545456,0.5,0.7768595,1.0,0.0,2.0,8.0,5.5,2.5,1.0,0.75,1.5,0.0,8.615,3.3339612,1.5454545
wemolo.de,benign,9.0,6.0,2.0,0.0,0.0,8.0,1.0,0.0,0.0,4.0,0.5,4.0,0.5,6.0,0.75,0.375,2.5,2.807355,2.5849626,1.0,0.0,0.125,0.0,0.33333334,0.8125,0.0,0.0,0.0,6.0,4.0,2.0,1.0,0.0,2.251629,0.0,5.4214287,1.2269765,2.0
bet55966.com,benign,12.0,8.0,2.0,5.0,0.45454547,6.0,0.54545456,0.0,0.0,2.0,0.18181819,4.0,0.36363637,9.0,0.8181818,0.72727275,3.0957952,3.321928,3.169925,1.0,5.0,0.09090909,0.45454547,0.22222222,0.87603307,1.0,0.0,2.0,8.0,5.5,2.5,1.0,0.625,2.5,0.0,7.38,2.3470235,1.7272727
simucase.com,benign,12.0,8.0,2.0,0.0,0.0,11.0,1.0,0.0,0.0,5.0,0.45454547,6.0,0.54545456,8.0,0.72727275,0.36363637,2.9139771,3.321928,3.169925,1.0,0.0,0.09090909,0.0,0.375,0.8595041,0.0,0.0,0.0,8.0,5.5,2.5,1.0,0.0,2.75,0.0,4.545,0.9606377,1.7272727
madridya.com,benign,12.0,8.0,2.0,0.0,0.0,11.0,1.0,0.0,0.0,4.0,0.36363637,7.0,0.6363636,8.0,0.72727275,0.45454547,2.9139771,3.321928,3.169925,2.0,0.0,0.18181819,0.0,0.375,0.8595041,0.0,0.0,0.0,8.0,5.5,2.5,1.0,0.0,2.5,0.0,5.299,1.0847265,1.7272727
happyfox.com,benign,12.0,8.0,2.0,0.0,0.0,11.0,1.0,0.0,0.0,3.0,0.27272728,8.0,0.72727275,9.0,0.8181818,0.27272728,3.0957952,3.321928,3.169925,4.0,0.0,0.36363637,0.0,0.22222222,0.87603307,0.0,0.0,0.0,8.0,5.5,2.5,1.0,0.0,2.75,0.0,6.214,1.4272618,1.7272727
s4.com,benign,6.0,2.0,2.0,1.0,0.2,4.0,0.8,0.0,0.0,1.0,0.2,3.0,0.6,5.0,1.0,0.4,2.321928,2.0,1.5849625,1.0,1.0,0.2,0.2,0.0,0.8,1.0,0.0,2.0,3.0,2.5,0.5,1.0,0.5,1.0,0.0,6.5375,2.0291376,2.6
cloudnext.net,benign,13.0,9.0,2.0,0.0,0.0,12.0,1.0,0.0,0.0,4.0,0.33333334,8.0,0.6666667,9.0,0.75,0.33333334,3.0849626,3.2776134,3.321928,3.0,0.0,0.25,0.0,0.33333334,0.875,0.0,0.0,0.0,9.0,6.0,3.0,1.0,0.0,3.169925,0.0,5.7272725,0.92142206,1.6666666
banjocycles.com,benign,15.0,11.0,2.0,0.0,0.0,14.0,1.0,0.0,0.0,4.0,0.2857143,10.0,0.71428573,11.0,0.78571427,0.42857143,3.324863,3.7004397,3.5849626,4.0,0.0,0.2857143,0.0,0.18181819,0.8877551,0.0,0.0,0.0,11.0,7.0,4.0,1.0,0.0,3.2776134,0.0,5.3453846,0.9628957,1.5714285
selldone.com,benign,12.0,8.0,2.0,0.0,0.0,11.0,1.0,0.0,0.0,4.0,0.36363637,7.0,0.6363636,8.0,0.72727275,0.36363637,2.9139771,3.321928,3.169925,3.0,0.0,0.27272728,0.0,0.375,0.8595041,0.0,0.0,0.0,8.0,5.5,2.5,1.0,0.0,2.5,0.0,4.425,0.8483866,1.7272727
mypum.fr,benign,8.0,5.0,2.0,0.0,0.0,7.0,1.0,0.0,0.0,1.0,0.14285715,6.0,0.85714287,6.0,0.85714287,0.14285715,2.5216405,2.5849626,2.321928,3.0,0.0,0.42857143,0.0,0.16666667,0.81632656,0.0,0.0,0.0,5.0,3.5,1.5,1.0,0.0,1.921928,0.0,8.13,1.8344449,2.142857
ppc-e.net,benign,9.0,5.0,2.0,0.0,0.0,7.0,0.875,1.0,0.125,2.0,0.25,5.0,0.625,6.0,0.75,0.375,2.5,2.807355,2.5849626,3.0,0.0,0.375,0.0,0.33333334,0.8125,0.0,0.0,0.0,5.0,4.0,1.0,1.0,0.0,1.921928,0.0,6.1257143,1.4545932,2.0
aoswmvkdnj.top,benign,14.0,10.0,2.0,0.0,0.0,13.0,1.0,0.0,0.0,3.0,0.23076923,10.0,0.7692308,12.0,0.9230769,0.15384616,3.5465937,3.5849626,3.4594316,9.0,0.0,0.6923077,0.0,0.083333336,0.9112426,0.0,0.0,0.0,10.0,6.5,3.5,1.0,0.0,3.321928,0.0,8.831667,0.95257694,1.6153846
vulcancasino.top,benign,16.0,12.0,2.0,0.0,0.0,15.0,1.0,0.0,0.0,6.0,0.4,9.0,0.6,11.0,0.73333335,0.26666668,3.3735573,3.6644979,3.7004397,2.0,0.0,0.13333334,0.0,0.36363637,0.8977778,0.0,0.0,0.0,12.0,7.5,4.5,1.0,0.0,3.0849626,0.0,4.5135713,0.6905108,1.5333333
thelordofthepanels.com,benign,22.0,18.0,2.0,0.0,0.0,21.0,1.0,0.0,0.0,7.0,0.33333334,14.0,0.6666667,14.0,0.6666667,0.33333334,3.6537566,4.0219283,4.1426644,3.0,0.0,0.14285715,0.0,0.35714287,0.91156465,0.0,0.0,0.0,18.0,10.5,7.5,1.0,0.0,3.4613202,0.0,4.5235,0.42597616,1.3809524
quidel-apps.com,benign,15.0,11.0,2.0,0.0,0.0,13.0,0.9285714,1.0,0.071428575,5.0,0.35714287,8.0,0.5714286,13.0,0.9285714,0.2857143,3.6644979,3.7004397,3.5849626,4.0,0.0,0.2857143,0.0,0.07692308,0.9183673,0.0,0.0,0.0,11.0,7.0,4.0,1.0,0.0,3.2776134,0.0,6.2,0.85211635,1.5714285
ctadvantage.com,benign,15.0,11.0,2.0,0.0,0.0,14.0,1.0,0.0,0.0,5.0,0.35714287,9.0,0.64285713,10.0,0.71428573,0.5,3.182006,3.5465937,3.5849626,2.0,0.0,0.14285715,0.0,0.3,0.877551,0.0,0.0,0.0,11.0,7.0,4.0,1.0,0.0,2.845351,0.0,4.383077,0.831403,1.5714285
suicideawareness.in,benign,19.0,16.0,2.0,0.0,0.0,18.0,1.0,0.0,0.0,9.0,0.5,9.0,0.5,10.0,0.5555556,0.3888889,3.1552215,4.087463,4.0,2.0,0.0,0.11111111,0.0,0.5,0.8765432,0.0,0.0,0.0,16.0,9.0,7.0,1.0,0.0,3.1556392,0.0,4.3829412,0.6250536,1.4444444
skinkraft.com,benign,13.0,9.0,2.0,0.0,0.0,12.0,1.0,0.0,0.0,3.0,0.25,9.0,0.75,11.0,0.9166667,0.25,3.4182959,3.4594316,3.321928,3.0,0.0,0.25,0.0,0.09090909,0.9027778,0.0,0.0,0.0,9.0,6.0,3.0,1.0,0.0,2.947703,0.0,7.331818,0.8400022,1.6666666
slotguideuk.co.uk,benign,17.0,11.0,3.0,0.0,0.0,15.0,1.0,0.0,0.0,7.0,0.46666667,8.0,0.53333336,11.0,0.73333335,0.2,3.3232315,3.6644979,3.7004397,2.0,0.0,0.13333334,0.0,0.27272728,0.8888889,0.0,0.0,0.0,11.0,5.0,4.2426405,0.0,0.0,3.2776134,0.0,6.6535716,0.8946487,1.5333333
edumoreira.com.br,benign,17.0,10.0,3.0,0.0,0.0,15.0,1.0,0.0,0.0,7.0,0.46666667,8.0,0.53333336,10.0,0.6666667,0.4,3.189898,3.807355,3.7004397,3.0,0.0,0.2,0.0,0.4,0.88,0.0,0.0,0.0,10.0,5.0,3.559026,0.0,0.0,2.9219282,0.0,5.8607144,0.7715858,1.5333333
maytapchaybo.com.vn,benign,19.0,12.0,3.0,0.0,0.0,17.0,1.0,0.0,0.0,5.0,0.29411766,12.0,0.7058824,11.0,0.64705884,0.3529412,3.3371754,3.875,3.9068906,3.0,0.0,0.1764706,0.0,0.45454547,0.8927336,0.0,0.0,0.0,12.0,5.6666665,4.4969125,0.0,0.0,3.0220551,0.0,6.854375,0.9780345,1.4705882
totallifesolutions.org,benign,22.0,18.0,2.0,0.0,0.0,21.0,1.0,0.0,0.0,9.0,0.42857143,12.0,0.5714286,12.0,0.5714286,0.14285715,3.3680425,4.221928,4.2479277,2.0,0.0,0.0952381,0.0,0.41666666,0.8888889,0.0,0.0,0.0,18.0,10.5,7.5,1.0,0.0,3.1552215,0.0,4.7015,0.5256425,1.3809524
versicherungsmagazin.de,benign,23.0,20.0,2.0,0.0,0.0,22.0,1.0,0.0,0.0,8.0,0.36363637,14.0,0.6363636,14.0,0.6363636,0.3181818,3.697846,4.2970796,4.321928,4.0,0.0,0.18181819,0.0,0.5,0.91735536,0.0,0.0,0.0,20.0,11.0,9.0,1.0,0.0,3.621928,0.0,4.8671427,0.5602347,1.3636364
thesocietypages.org,benign,19.0,15.0,2.0,0.0,0.0,18.0,1.0,0.0,0.0,7.0,0.3888889,11.0,0.6111111,12.0,0.6666667,0.2777778,3.4613202,3.8521688,3.875,3.0,0.0,0.16666667,0.0,0.41666666,0.90123457,0.0,0.0,0.0,15.0,9.0,6.0,1.0,0.0,3.3232315,0.0,4.712941,0.5442295,1.3333334
livestockjudging.com,benign,20.0,16.0,2.0,0.0,0.0,19.0,1.0,0.0,0.0,6.0,0.31578946,13.0,0.68421054,15.0,0.7894737,0.21052632,3.826875,4.169925,4.087463,3.0,0.0,0.15789473,0.0,0.26666668,0.92520773,0.0,0.0,0.0,16.0,9.5,6.5,1.0,0.0,3.75,0.0,5.3533335,0.6524262,1.4210526
washerhouse.com,benign,15.0,11.0,2.0,0.0,0.0,14.0,1.0,0.0,0.0,6.0,0.42857143,8.0,0.5714286,10.0,0.71428573,0.2857143,3.2359264,3.7004397,3.5849626,2.0,0.0,0.14285715,0.0,0.4,0.8877551,0.0,0.0,0.0,11.0,7.0,4.0,1.0,0.0,2.9139771,0.0,4.502308,0.7408972,1.5714285
rftonline.net,benign,13.0,9.0,2.0,0.0,0.0,12.0,1.0,0.0,0.0,4.0,0.33333334,8.0,0.6666667,8.0,0.6666667,0.25,2.8553886,3.2776134,3.321928,3.0,0.0,0.25,0.0,0.375,0.8472222,0.0,0.0,0.0,9.0,6.0,3.0,1.0,0.0,2.947703,0.0,4.4772725,0.8231693,1.6666666
abdi.kz,benign,7.0,4.0,2.0,0.0,0.0,6.0,1.0,0.0,0.0,2.0,0.33333334,4.0,0.6666667,6.0,1.0,0.5,2.5849626,2.321928,2.0,2.0,0.0,0.33333334,0.0,0.0,0.8333333,0.0,0.0,0.0,4.0,3.0,1.0,0.0,0.0,2.0,0.0,6.444,2.030221,2.3333333
archiscene.net,benign,14.0,10.0,2.0,0.0,0.0,13.0,1.0,0.0,0.0,5.0,0.3846154,8.0,0.61538464,9.0,0.6923077,0.46153846,3.0269868,3.251629,3.2776134,3.0,0.0,0.23076923,0.0,0.33333334,0.8639053,0.0,0.0,0.0,10.0,6.5,3.5,1.0,0.0,2.9219282,0.0,3.9908333,0.6909756,1.4615384
european-accreditation.org,benign,26.0,22.0,2.0,0.0,0.0,24.0,0.96,1.0,0.04,12.0,0.48,12.0,0.48,13.0,0.52,0.36,3.563074,4.5849624,4.523562,3.0,0.0,0.12,0.0,0.61538464,0.9088,0.0,0.0,0.0,22.0,12.5,9.5,1.0,0.0,3.4817145,0.0,4.3454165,0.43041727,1.32
mimigo.tw,benign,9.0,6.0,2.0,0.0,0.0,8.0,1.0,0.0,0.0,3.0,0.375,5.0,0.625,6.0,0.75,0.0,2.5,2.5216405,2.5849626,2.0,0.0,0.25,0.0,0.33333334,0.8125,0.0,0.0,0.0,6.0,4.0,2.0,0.0,0.0,1.9182959,0.0,6.4314284,1.4671394,2.0
gameworldflow.com,benign,17.0,13.0,2.0,0.0,0.0,16.0,1.0,0.0,0.0,5.0,0.3125,11.0,0.6875,11.0,0.6875,0.3125,3.3278196,3.9068906,3.807355,5.0,0.0,0.3125,0.0,0.36363637,0.890625,0.0,0.0,0.0,13.0,8.0,5.0,1.0,0.0,3.2389011,0.0,6.4826665,0.89840555,1.5
canopy.us,benign,9.0,6.0,2.0,0.0,0.0,8.0,1.0,0.0,0.0,3.0,0.375,5.0,0.625,8.0,1.0,0.25,3.0,2.807355,2.5849626,2.0,0.0,0.25,0.0,0.0,0.875,0.0,0.0,0.0,6.0,4.0,2.0,1.0,0.0,2.5849626,0.0,5.397143,1.0539466,2.0
hife.es,benign,7.0,4.0,2.0,0.0,0.0,6.0,1.0,0.0,0.0,3.0,0.5,3.0,0.5,5.0,0.8333333,0.5,2.251629,2.321928,2.0,1.0,0.0,0.16666667,0.0,0.2,0.7777778,0.0,0.0,0.0,4.0,3.0,1.0,1.0,0.0,2.0,0.0,5.88,1.4002595,2.3333333
bean2cup.org,benign,12.0,8.0,2.0,1.0,0.09090909,10.0,0.90909094,0.0,0.0,4.0,0.36363637,6.0,0.54545456,11.0,1.0,0.45454547,3.4594316,3.321928,3.169925,2.0,1.0,0.18181819,0.09090909,0.0,0.90909094,1.0,0.0,2.0,8.0,5.5,2.5,1.0,0.125,3.0,0.0,6.36,0.94259053,1.7272727
artsmia.org,benign,11.0,7.0,2.0,0.0,0.0,10.0,1.0,0.0,0.0,4.0,0.4,6.0,0.6,8.0,0.8,0.2,2.9219282,3.169925,3.0,4.0,0.0,0.4,0.0,0.25,0.86,0.0,0.0,0.0,7.0,5.0,2.0,1.0,0.0,2.5216405,0.0,6.1422224,0.8185217,1.8
bookedscheduler.com,benign,19.0,15.0,2.0,0.0,0.0,18.0,1.0,0.0,0.0,7.0,0.3888889,11.0,0.6111111,12.0,0.6666667,0.44444445,3.4193819,3.9698157,4.0,4.0,0.0,0.22222222,0.0,0.33333334,0.89506173,0.0,0.0,0.0,15.0,9.0,6.0,1.0,0.0,3.3232315,0.0,6.155294,0.72223204,1.4444444
satcloud247.com,benign,15.0,11.0,2.0,3.0,0.21428572,11.0,0.78571427,0.0,0.0,4.0,0.2857143,7.0,0.5,12.0,0.85714287,0.5,3.5216405,3.7004397,3.5849626,3.0,3.0,0.21428572,0.21428572,0.16666667,0.90816325,1.0,0.0,2.0,11.0,7.0,4.0,1.0,0.27272728,3.4594316,0.0,6.266923,1.1756812,1.5714285
fairlatterdaysaints.org,benign,23.0,19.0,2.0,0.0,0.0,22.0,1.0,0.0,0.0,8.0,0.36363637,14.0,0.6363636,13.0,0.59090906,0.3181818,3.4817145,4.2970796,4.321928,3.0,0.0,0.13636364,0.0,0.3846154,0.89669424,0.0,0.0,0.0,19.0,11.0,8.0,1.0,0.0,3.2608283,0.0,6.812857,0.4533541,1.3636364
slidesdocs.com,benign,14.0,10.0,2.0,0.0,0.0,13.0,1.0,0.0,0.0,4.0,0.30769232,9.0,0.6923077,8.0,0.61538464,0.3846154,2.8731406,3.5849626,3.4594316,3.0,0.0,0.23076923,0.0,0.5,0.852071,0.0,0.0,0.0,10.0,6.5,3.5,1.0,0.0,2.6464393,0.0,5.56,0.9536424,1.6153846
gizmodo.com.br,benign,14.0,7.0,3.0,0.0,0.0,12.0,1.0,0.0,0.0,4.0,0.33333334,8.0,0.6666667,9.0,0.75,0.25,3.0220551,3.4594316,3.321928,3.0,0.0,0.25,0.0,0.22222222,0.8611111,0.0,0.0,0.0,7.0,4.0,2.1602468,0.0,0.0,2.5216405,0.0,6.6054544,1.3114492,1.6666666
wsodcuan.space,benign,14.0,8.0,2.0,0.0,0.0,13.0,1.0,0.0,0.0,5.0,0.3846154,8.0,0.61538464,10.0,0.7692308,0.46153846,3.2389011,3.5849626,3.4594316,3.0,0.0,0.23076923,0.0,0.3,0.88757396,0.0,0.0,0.0,8.0,6.5,1.5,0.0,0.0,3.0,0.0,6.0041666,0.7865417,1.6153846
shopsquad.in,benign,12.0,9.0,2.0,0.0,0.0,11.0,1.0,0.0,0.0,4.0,0.36363637,7.0,0.6363636,10.0,0.90909094,0.18181819,3.2776134,3.321928,3.169925,3.0,0.0,0.27272728,0.0,0.1,0.892562,0.0,0.0,0.0,9.0,5.5,3.5,1.0,0.0,2.947703,0.0,6.591,0.9889211,1.7272727
miuken.net,benign,10.0,6.0,2.0,0.0,0.0,9.0,1.0,0.0,0.0,4.0,0.44444445,5.0,0.5555556,7.0,0.7777778,0.22222222,2.7254806,3.0,2.807355,2.0,0.0,0.22222222,0.0,0.2857143,0.83950615,0.0,0.0,0.0,6.0,4.5,1.5,1.0,0.0,2.5849626,0.0,6.465,1.0836247,1.8888888
bkplay.kr,benign,9.0,6.0,2.0,0.0,0.0,8.0,1.0,0.0,0.0,1.0,0.125,7.0,0.875,7.0,0.875,0.25,2.75,2.807355,2.5849626,4.0,0.0,0.5,0.0,0.14285715,0.84375,0.0,0.0,0.0,6.0,4.0,2.0,0.0,0.0,2.5849626,0.0,8.15,1.7011099,2.0
prfl.me,benign,7.0,4.0,2.0,0.0,0.0,6.0,1.0,0.0,0.0,1.0,0.16666667,5.0,0.8333333,6.0,1.0,0.33333334,2.5849626,2.321928,2.0,5.0,0.0,0.8333333,0.0,0.0,0.8333333,0.0,0.0,0.0,4.0,3.0,1.0,1.0,0.0,2.0,0.0,7.222,1.4752775,2.3333333
casaapps.com,benign,12.0,8.0,2.0,0.0,0.0,11.0,1.0,0.0,0.0,4.0,0.36363637,7.0,0.6363636,6.0,0.54545456,0.45454547,2.4817145,3.321928,3.169925,4.0,0.0,0.36363637,0.0,0.6666667,0.80991733,0.0,0.0,0.0,8.0,5.5,2.5,1.0,0.0,1.905639,0.0,5.523,1.3134576,1.7272727
momondo.ch,benign,10.0,7.0,2.0,0.0,0.0,9.0,1.0,0.0,0.0,3.0,0.33333334,6.0,0.6666667,6.0,0.6666667,0.22222222,2.4193819,2.75,2.807355,2.0,0.0,0.22222222,0.0,0.33333334,0.79012346,0.0,0.0,0.0,7.0,4.5,2.5,0.0,0.0,1.842371,0.0,3.53125,1.4145197,1.8888888
buzzjournal.my,benign,14.0,11.0,2.0,0.0,0.0,13.0,1.0,0.0,0.0,4.0,0.30769232,9.0,0.6923077,11.0,0.84615386,0.15384616,3.3927474,3.5849626,3.4594316,3.0,0.0,0.23076923,0.0,0.18181819,0.8994083,0.0,0.0,0.0,11.0,6.5,4.5,0.0,0.0,3.0957952,0.0,7.2433333,1.4112964,1.6153846
jbradshaw.com,benign,13.0,9.0,2.0,0.0,0.0,12.0,1.0,0.0,0.0,3.0,0.25,9.0,0.75,11.0,0.9166667,0.41666666,3.4182959,3.4594316,3.321928,3.0,0.0,0.25,0.0,0.09090909,0.9027778,0.0,0.0,0.0,9.0,6.0,3.0,1.0,0.0,2.947703,0.0,6.81,0.98696595,1.6666666
ecdpm.org,benign,9.0,5.0,2.0,0.0,0.0,8.0,1.0,0.0,0.0,2.0,0.25,6.0,0.75,8.0,1.0,0.375,3.0,2.807355,2.5849626,4.0,0.0,0.5,0.0,0.0,0.875,0.0,0.0,0.0,5.0,4.0,1.0,1.0,0.0,2.321928,0.0,7.062857,1.103444,2.0
sonalilife.com,benign,14.0,10.0,2.0,0.0,0.0,13.0,1.0,0.0,0.0,6.0,0.46153846,7.0,0.53846157,10.0,0.7692308,0.30769232,3.2389011,3.4182959,3.4594316,1.0,0.0,0.07692308,0.0,0.3,0.88757396,0.0,0.0,0.0,10.0,6.5,3.5,1.0,0.0,2.9219282,0.0,3.7041667,0.6947347,1.6153846
veritaspress.com,benign,16.0,12.0,2.0,0.0,0.0,15.0,1.0,0.0,0.0,5.0,0.33333334,10.0,0.6666667,11.0,0.73333335,0.26666668,3.3232315,3.807355,3.7004397,3.0,0.0,0.2,0.0,0.27272728,0.8888889,0.0,0.0,0.0,12.0,7.5,4.5,1.0,0.0,2.8553886,0.0,3.3107142,0.6152938,1.5333333
co8a.ru,benign,7.0,4.0,2.0,1.0,0.16666667,5.0,0.8333333,0.0,0.0,3.0,0.5,2.0,0.33333334,6.0,1.0,0.5,2.5849626,2.321928,2.0,1.0,1.0,0.16666667,0.16666667,0.0,0.8333333,1.0,0.0,2.0,4.0,3.0,1.0,1.0,0.25,2.0,0.0,7.038,1.699718,2.3333333
atmosphere.ca,benign,13.0,10.0,2.0,0.0,0.0,12.0,1.0,0.0,0.0,5.0,0.41666666,7.0,0.5833333,10.0,0.8333333,0.41666666,3.251629,3.4594316,3.321928,3.0,0.0,0.25,0.0,0.2,0.8888889,0.0,0.0,0.0,10.0,6.0,4.0,1.0,0.0,3.121928,0.0,4.628182,0.62524617,1.6666666
access-gs.com,benign,13.0,9.0,2.0,0.0,0.0,11.0,0.9166667,1.0,0.083333336,3.0,0.25,8.0,0.6666667,8.0,0.6666667,0.41666666,2.7924812,3.4594316,3.321928,3.0,0.0,0.25,0.0,0.25,0.8333333,0.0,0.0,0.0,9.0,6.0,3.0,1.0,0.0,2.4193819,0.0,6.1045456,1.1828057,1.6666666
4vlast-bg.com,benign,13.0,9.0,2.0,1.0,0.083333336,10.0,0.8333333,1.0,0.083333336,2.0,0.16666667,8.0,0.6666667,12.0,1.0,0.33333334,3.5849626,3.4594316,3.321928,3.0,1.0,0.25,0.083333336,0.0,0.9166667,1.0,1.0,1.0,9.0,6.0,3.0,1.0,0.11111111,3.169925,0.0,6.7354546,1.1235771,1.6666666
scompi.com,benign,10.0,6.0,2.0,0.0,0.0,9.0,1.0,0.0,0.0,3.0,0.33333334,6.0,0.6666667,6.0,0.6666667,0.22222222,2.5032582,2.5,2.5216405,2.0,0.0,0.22222222,0.0,0.5,0.8148148,0.0,0.0,0.0,6.0,4.5,1.5,1.0,0.0,2.5849626,0.0,4.23375,1.4111611,1.6666666
yellowsforum.co.uk,benign,18.0,12.0,3.0,0.0,0.0,16.0,1.0,0.0,0.0,6.0,0.375,10.0,0.625,12.0,0.75,0.1875,3.4528196,3.9068906,3.807355,3.0,0.0,0.1875,0.0,0.25,0.8984375,0.0,0.0,0.0,12.0,5.3333335,4.714045,0.0,0.0,3.251629,0.0,6.7626667,0.8472683,1.5
lxwx1.cc,benign,8.0,5.0,2.0,1.0,0.14285715,6.0,0.85714287,0.0,0.0,0.0,0.0,6.0,0.85714287,5.0,0.71428573,0.42857143,2.2359264,2.5849626,2.321928,4.0,1.0,0.5714286,0.14285715,0.4,0.7755102,1.0,0.0,2.0,5.0,3.5,1.5,1.0,0.2,1.921928,0.0,10.0,2.7238805,2.142857
docslib.org,benign,11.0,7.0,2.0,0.0,0.0,10.0,1.0,0.0,0.0,3.0,0.3,7.0,0.7,9.0,0.9,0.3,3.121928,3.169925,3.0,3.0,0.0,0.3,0.0,0.11111111,0.88,0.0,0.0,0.0,7.0,5.0,2.0,1.0,0.0,2.807355,0.0,7.111111,0.95332295,1.8
dominity.com,benign,12.0,8.0,2.0,0.0,0.0,11.0,1.0,0.0,0.0,4.0,0.36363637,7.0,0.6363636,8.0,0.72727275,0.18181819,2.9139771,3.121928,3.169925,3.0,0.0,0.27272728,0.0,0.375,0.8595041,0.0,0.0,0.0,8.0,5.5,2.5,1.0,0.0,2.75,0.0,4.507,1.0602487,1.7272727
bellinari.com,benign,13.0,9.0,2.0,0.0,0.0,12.0,1.0,0.0,0.0,5.0,0.41666666,7.0,0.5833333,10.0,0.8333333,0.33333334,3.251629,3.4594316,3.321928,2.0,0.0,0.16666667,0.0,0.2,0.8888889,0.0,0.0,0.0,9.0,6.0,3.0,1.0,0.0,2.7254806,0.0,3.591818,0.7255064,1.6666666
ripostelaique.com,benign,17.0,13.0,2.0,0.0,0.0,16.0,1.0,0.0,0.0,8.0,0.5,8.0,0.5,13.0,0.8125,0.25,3.625,3.9068906,3.807355,2.0,0.0,0.125,0.0,0.23076923,0.9140625,0.0,0.0,0.0,13.0,8.0,5.0,1.0,0.0,3.3927474,0.0,5.4826665,0.55577826,1.5
serifu.com,benign,10.0,6.0,2.0,0.0,0.0,9.0,1.0,0.0,0.0,4.0,0.44444445,5.0,0.5555556,9.0,1.0,0.33333334,3.169925,3.0,2.807355,1.0,0.0,0.11111111,0.0,0.0,0.8888889,0.0,0.0,0.0,6.0,4.5,1.5,1.0,0.0,2.5849626,0.0,4.0775,0.8764553,1.8888888
gpt3-openai.com,benign,15.0,11.0,2.0,1.0,0.071428575,12.0,0.85714287,1.0,0.071428575,5.0,0.35714287,7.0,0.5,12.0,0.85714287,0.2857143,3.5216405,3.7004397,3.5849626,3.0,1.0,0.21428572,0.071428575,0.16666667,0.90816325,1.0,0.0,2.0,11.0,7.0,4.0,1.0,0.09090909,3.2776134,0.0,6.293846,0.8837732,1.5714285
nintendo-europe.com,benign,19.0,15.0,2.0,0.0,0.0,17.0,0.9444444,1.0,0.055555556,8.0,0.44444445,9.0,0.5,12.0,0.6666667,0.2777778,3.3774438,4.087463,4.0,2.0,0.0,0.11111111,0.0,0.25,0.8888889,0.0,0.0,0.0,15.0,9.0,6.0,1.0,0.0,3.1395721,0.0,4.6970587,0.6047424,1.4444444
daedalusonline.eu,benign,17.0,14.0,2.0,0.0,0.0,16.0,1.0,0.0,0.0,9.0,0.5625,7.0,0.4375,9.0,0.5625,0.4375,3.0778196,3.7735572,3.807355,2.0,0.0,0.125,0.0,0.6666667,0.875,0.0,0.0,0.0,14.0,8.0,6.0,1.0,0.0,3.0930693,0.0,6.1393332,0.6734227,1.5
hospitalby.com,benign,14.0,10.0,2.0,0.0,0.0,13.0,1.0,0.0,0.0,4.0,0.30769232,9.0,0.6923077,12.0,0.9230769,0.23076923,3.5465937,3.5849626,3.4594316,4.0,0.0,0.30769232,0.0,0.083333336,0.9112426,0.0,0.0,0.0,10.0,6.5,3.5,1.0,0.0,3.321928,0.0,5.4875,0.71608496,1.6153846
adsfare.com,benign,11.0,7.0,2.0,0.0,0.0,10.0,1.0,0.0,0.0,4.0,0.4,6.0,0.6,9.0,0.9,0.6,3.121928,3.169925,3.0,3.0,0.0,0.3,0.0,0.11111111,0.88,0.0,0.0,0.0,7.0,5.0,2.0,1.0,0.0,2.5216405,0.0,5.2233334,0.81672794,1.8
in-almelo.com,benign,13.0,9.0,2.0,0.0,0.0,11.0,0.9166667,1.0,0.083333336,5.0,0.41666666,6.0,0.5,9.0,0.75,0.25,3.0849626,3.4594316,3.321928,2.0,0.0,0.16666667,0.0,0.33333334,0.875,0.0,0.0,0.0,9.0,6.0,3.0,1.0,0.0,2.947703,0.0,4.9481816,0.9027171,1.6666666
jwdwedu.com,benign,11.0,7.0,2.0,0.0,0.0,10.0,1.0,0.0,0.0,3.0,0.3,7.0,0.7,8.0,0.8,0.4,2.9219282,3.169925,3.0,4.0,0.0,0.4,0.0,0.25,0.86,0.0,0.0,0.0,7.0,5.0,2.0,1.0,0.0,2.2359264,0.0,7.5744443,1.4930859,1.8
njenjaxje82berb45ndi12kdcnjdk.com,benign,33.0,29.0,2.0,6.0,0.1875,26.0,0.8125,0.0,0.0,6.0,0.1875,20.0,0.625,18.0,0.5625,0.53125,3.9528196,4.7362967,4.9068904,8.0,2.0,0.25,0.0625,0.44444445,0.92578125,1.0,0.0,6.0,29.0,16.0,13.0,1.0,0.20689656,3.771437,0.0,8.366775,1.1931713,1.25
creativecircle.com,benign,18.0,14.0,2.0,0.0,0.0,17.0,1.0,0.0,0.0,7.0,0.4117647,10.0,0.5882353,10.0,0.5882353,0.47058824,3.1018813,3.875,3.9068906,3.0,0.0,0.1764706,0.0,0.4,0.8650519,0.0,0.0,0.0,14.0,8.5,5.5,1.0,0.0,2.842371,0.0,4.405,0.83279216,1.4705882
publicsexworld.com,benign,18.0,14.0,2.0,0.0,0.0,17.0,1.0,0.0,0.0,5.0,0.29411766,12.0,0.7058824,14.0,0.8235294,0.29411766,3.7345216,4.0,3.9068906,4.0,0.0,0.23529412,0.0,0.21428572,0.9204152,0.0,0.0,0.0,14.0,8.5,5.5,1.0,0.0,3.6644979,0.0,5.89125,0.72727406,1.4705882
sferaved.ru,benign,11.0,8.0,2.0,0.0,0.0,10.0,1.0,0.0,0.0,4.0,0.4,6.0,0.6,8.0,0.8,0.5,2.9219282,3.169925,3.0,2.0,0.0,0.2,0.0,0.25,0.86,0.0,0.0,0.0,8.0,5.0,3.0,1.0,0.0,2.75,0.0,6.7644444,1.0403131,1.8
dxghbgoy.nl,conficker,11.0,8.0,2.0,0.0,0.0,10.0,1.0,0.0,0.0,1.0,0.1,9.0,0.9,9.0,0.9,0.2,3.121928,3.169925,3.0,6.0,0.0,0.6,0.0,0.11111111,0.88,0.0,0.0,0.0,8.0,5.0,3.0,1.0,0.0,2.75,0.0,10.0,1.4656551,1.8
zwojt.hu,conficker,8.0,5.0,2.0,0.0,0.0,7.0,1.0,0.0,0.0,2.0,0.2857143,5.0,0.71428573,7.0,1.0,0.0,2.807355,2.5849626,2.321928,3.0,0.0,0.42857143,0.0,0.0,0.85714287,0.0,0.0,0.0,5.0,3.5,1.5,0.0,0.0,2.321928,0.0,7.6066666,1.9477748,2.142857
yzigpafvo.at,conficker,12.0,9.0,2.0,0.0,0.0,11.0,1.0,0.0,0.0,4.0,0.36363637,7.0,0.6363636,10.0,0.90909094,0.27272728,3.2776134,3.321928,3.169925,2.0,0.0,0.18181819,0.0,0.1,0.892562,0.0,0.0,0.0,9.0,5.5,3.5,0.0,0.0,3.169925,0.0,8.57,1.2755579,1.7272727
yklrb.bz,conficker,8.0,5.0,2.0,0.0,0.0,7.0,1.0,0.0,0.0,0.0,0.0,7.0,1.0,6.0,0.85714287,0.2857143,2.5216405,2.5849626,2.321928,7.0,0.0,1.0,0.0,0.16666667,0.81632656,0.0,0.0,0.0,5.0,3.5,1.5,0.0,0.0,2.321928,0.0,10.0,2.298204,2.142857
epvlxpa.com.jm,conficker,14.0,7.0,3.0,0.0,0.0,12.0,1.0,0.0,0.0,3.0,0.25,9.0,0.75,10.0,0.8333333,0.25,3.251629,3.4594316,3.321928,5.0,0.0,0.41666666,0.0,0.2,0.8888889,0.0,0.0,0.0,7.0,4.0,2.1602468,0.0,0.0,2.5216405,0.0,7.097273,1.3734437,1.6666666
gzkl.com.uy,conficker,11.0,4.0,3.0,0.0,0.0,9.0,1.0,0.0,0.0,2.0,0.22222222,7.0,0.7777778,9.0,1.0,0.11111111,3.169925,3.0,2.807355,5.0,0.0,0.5555556,0.0,0.0,0.8888889,0.0,0.0,0.0,4.0,3.0,0.8164966,0.0,0.0,2.0,0.0,8.26875,1.5600936,1.8888888
hafvrm.bz,conficker,9.0,6.0,2.0,0.0,0.0,8.0,1.0,0.0,0.0,1.0,0.125,7.0,0.875,8.0,1.0,0.375,3.0,2.807355,2.5849626,6.0,0.0,0.75,0.0,0.0,0.875,0.0,0.0,0.0,6.0,4.0,2.0,0.0,0.0,2.5849626,0.0,8.947143,1.7971722,2.0
idoxa.ag,conficker,8.0,5.0,2.0,0.0,0.0,7.0,1.0,0.0,0.0,4.0,0.5714286,3.0,0.42857143,6.0,0.85714287,0.42857143,2.5216405,2.5849626,2.321928,1.0,0.0,0.14285715,0.0,0.16666667,0.81632656,0.0,0.0,0.0,5.0,3.5,1.5,0.0,0.0,2.321928,0.0,7.1633334,1.5135324,2.142857
ydogoegml.pe,conficker,12.0,9.0,2.0,0.0,0.0,11.0,1.0,0.0,0.0,4.0,0.36363637,7.0,0.6363636,8.0,0.72727275,0.27272728,2.9139771,3.321928,3.169925,4.0,0.0,0.36363637,0.0,0.375,0.8595041,0.0,0.0,0.0,9.0,5.5,3.5,0.0,0.0,2.7254806,0.0,8.787,1.1478498,1.7272727
hpqqr.com.tw,conficker,12.0,5.0,3.0,0.0,0.0,10.0,1.0,0.0,0.0,1.0,0.1,9.0,0.9,9.0,0.9,0.1,3.121928,3.169925,3.0,6.0,0.0,0.6,0.0,0.11111111,0.88,0.0,0.0,0.0,5.0,3.3333333,1.2472191,0.0,0.0,1.921928,0.0,8.461111,1.669984,1.8
xosrlu.vc,conficker,9.0,6.0,2.0,0.0,0.0,8.0,1.0,0.0,0.0,2.0,0.25,6.0,0.75,8.0,1.0,0.125,3.0,2.807355,2.5849626,3.0,0.0,0.375,0.0,0.0,0.875,0.0,0.0,0.0,6.0,4.0,2.0,0.0,0.0,2.5849626,0.0,10.0,1.3931112,2.0
bxlznjnvq.com.bs,conficker,16.0,9.0,3.0,0.0,0.0,14.0,1.0,0.0,0.0,1.0,0.071428575,13.0,0.9285714,12.0,0.85714287,0.21428572,3.5216405,3.7004397,3.5849626,10.0,0.0,0.71428573,0.0,0.16666667,0.90816325,0.0,0.0,0.0,9.0,4.6666665,3.091206,0.0,0.0,2.947703,0.0,8.934615,1.5651345,1.5714285
dbnki.vc,conficker,8.0,5.0,2.0,0.0,0.0,7.0,1.0,0.0,0.0,1.0,0.14285715,6.0,0.85714287,7.0,1.0,0.42857143,2.807355,2.5849626,2.321928,4.0,0.0,0.5714286,0.0,0.0,0.85714287,0.0,0.0,0.0,5.0,3.5,1.5,0.0,0.0,2.321928,0.0,9.0,1.6720917,2.142857
flifst.hn,conficker,9.0,6.0,2.0,0.0,0.0,8.0,1.0,0.0,0.0,1.0,0.125,7.0,0.875,7.0,0.875,0.25,2.75,2.807355,2.5849626,5.0,0.0,0.625,0.0,0.14285715,0.84375,0.0,0.0,0.0,6.0,4.0,2.0,0.0,0.0,2.251629,0.0,5.8442855,1.3286455,2.0
bdkhgoums.com.gt,conficker,16.0,9.0,3.0,0.0,0.0,14.0,1.0,0.0,0.0,3.0,0.21428572,11.0,0.78571427,11.0,0.78571427,0.21428572,3.3787835,3.7004397,3.5849626,5.0,0.0,0.35714287,0.0,0.27272728,0.8979592,0.0,0.0,0.0,9.0,4.6666665,3.091206,0.0,0.0,3.169925,0.0,8.348461,1.0323026,1.5714285
ghvq.ae,conficker,7.0,4.0,2.0,0.0,0.0,6.0,1.0,0.0,0.0,2.0,0.33333334,4.0,0.6666667,6.0,1.0,0.33333334,2.5849626,2.321928,2.0,4.0,0.0,0.6666667,0.0,0.0,0.8333333,0.0,0.0,0.0,4.0,3.0,1.0,0.0,0.0,2.0,0.0,10.0,1.9640095,2.3333333
hjqcb.to,conficker,8.0,5.0,2.0,0.0,0.0,7.0,1.0,0.0,0.0,1.0,0.14285715,6.0,0.85714287,7.0,1.0,0.2857143,2.807355,2.5849626,2.321928,6.0,0.0,0.85714287,0.0,0.0,0.85714287,0.0,0.0,0.0,5.0,3.5,1.5,0.0,0.0,2.321928,0.0,8.678333,2.014088,2.142857
yfgjckjdx.cd,conficker,12.0,9.0,2.0,0.0,0.0,11.0,1.0,0.0,0.0,0.0,0.0,11.0,1.0,8.0,0.72727275,0.45454547,2.9139771,3.321928,3.169925,11.0,0.0,1.0,0.0,0.375,0.8595041,0.0,0.0,0.0,9.0,5.5,3.5,0.0,0.0,2.947703,0.0,10.0,2.1290398,1.7272727
bkvobo.as,conficker,9.0,6.0,2.0,0.0,0.0,8.0,1.0,0.0,0.0,3.0,0.375,5.0,0.625,6.0,0.75,0.375,2.5,2.807355,2.5849626,3.0,0.0,0.375,0.0,0.33333334,0.8125,0.0,0.0,0.0,6.0,4.0,2.0,0.0,0.0,1.9182959,0.0,8.125714,1.7109253,2.0
yevqhxa.pl,conficker,10.0,7.0,2.0,0.0,0.0,9.0,1.0,0.0,0.0,2.0,0.22222222,7.0,0.7777778,9.0,1.0,0.22222222,3.169925,3.0,2.807355,4.0,0.0,0.44444445,0.0,0.0,0.8888889,0.0,0.0,0.0,7.0,4.5,2.5,1.0,0.0,2.807355,0.0,7.86625,1.6854603,1.8888888
ceqtit.bz,conficker,9.0,6.0,2.0,0.0,0.0,8.0,1.0,0.0,0.0,2.0,0.25,6.0,0.75,7.0,0.875,0.375,2.75,2.807355,2.5849626,3.0,0.0,0.375,0.0,0.14285715,0.84375,0.0,0.0,0.0,6.0,4.0,2.0,0.0,0.0,2.251629,0.0,6.765714,1.8408343,2.0
ejct.com.bs,conficker,11.0,4.0,3.0,0.0,0.0,9.0,1.0,0.0,0.0,2.0,0.22222222,7.0,0.7777778,8.0,0.8888889,0.44444445,2.947703,3.0,2.807355,4.0,0.0,0.44444445,0.0,0.125,0.86419755,0.0,0.0,0.0,4.0,3.0,0.8164966,0.0,0.0,2.0,0.0,7.61375,1.3033513,1.8888888
dbwftjp.tj,conficker,10.0,7.0,2.0,0.0,0.0,9.0,1.0,0.0,0.0,0.0,0.0,9.0,1.0,7.0,0.7777778,0.33333334,2.7254806,2.75,2.807355,9.0,0.0,1.0,0.0,0.2857143,0.83950615,0.0,0.0,0.0,7.0,4.5,2.5,0.0,0.0,2.807355,0.0,10.0,2.0417275,1.8888888
xwatq.ms,conficker,8.0,5.0,2.0,0.0,0.0,7.0,1.0,0.0,0.0,1.0,0.14285715,6.0,0.85714287,7.0,1.0,0.14285715,2.807355,2.5849626,2.321928,4.0,0.0,0.5714286,0.0,0.0,0.85714287,0.0,0.0,0.0,5.0,3.5,1.5,0.0,0.0,2.321928,0.0,8.66,1.8756753,2.142857
zzdxmby.hk,conficker,10.0,7.0,2.0,0.0,0.0,9.0,1.0,0.0,0.0,0.0,0.0,9.0,1.0,8.0,0.8888889,0.22222222,2.947703,3.0,2.807355,9.0,0.0,1.0,0.0,0.125,0.86419755,0.0,0.0,0.0,7.0,4.5,2.5,0.0,0.0,2.5216405,0.0,10.0,2.381454,1.8888888
dbpukh.com.ng,conficker,13.0,6.0,3.0,0.0,0.0,11.0,1.0,0.0,0.0,2.0,0.18181819,9.0,0.8181818,11.0,1.0,0.27272728,3.4594316,3.321928,3.169925,3.0,0.0,0.27272728,0.0,0.0,0.90909094,0.0,0.0,0.0,6.0,3.6666667,1.6996732,0.0,0.0,2.5849626,0.0,7.326,1.1121868,1.7272727
cyugt.tn,conficker,8.0,5.0,2.0,0.0,0.0,7.0,1.0,0.0,0.0,1.0,0.14285715,6.0,0.85714287,6.0,0.85714287,0.14285715,2.5216405,2.5849626,2.321928,4.0,0.0,0.5714286,0.0,0.16666667,0.81632656,0.0,0.0,0.0,5.0,3.5,1.5,0.0,0.0,2.321928,0.0,9.095,1.4949464,2.142857
zhhx.tw,conficker,7.0,4.0,2.0,0.0,0.0,6.0,1.0,0.0,0.0,0.0,0.0,6.0,1.0,5.0,0.8333333,0.0,2.251629,2.321928,2.0,6.0,0.0,1.0,0.0,0.2,0.7777778,0.0,0.0,0.0,4.0,3.0,1.0,0.0,0.0,1.5,0.0,10.0,2.6048484,2.3333333
fcktcf.com.ua,conficker,13.0,6.0,3.0,0.0,0.0,11.0,1.0,0.0,0.0,3.0,0.27272728,8.0,0.72727275,8.0,0.72727275,0.54545456,2.845351,3.121928,3.169925,7.0,0.0,0.6363636,0.0,0.25,0.8429752,0.0,0.0,0.0,6.0,3.6666667,1.6996732,0.0,0.0,1.9182959,0.0,8.615,1.4739488,1.7272727
bkybcszw.pe,conficker,11.0,8.0,2.0,0.0,0.0,10.0,1.0,0.0,0.0,1.0,0.1,9.0,0.9,9.0,0.9,0.4,3.121928,3.169925,3.0,9.0,0.0,0.9,0.0,0.11111111,0.88,0.0,0.0,0.0,8.0,5.0,3.0,0.0,0.0,2.75,0.0,9.296667,1.7120725,1.8
bhddxqnjp.com.co,conficker,16.0,9.0,3.0,0.0,0.0,14.0,1.0,0.0,0.0,2.0,0.14285715,12.0,0.85714287,11.0,0.78571427,0.35714287,3.3787835,3.5465937,3.5849626,10.0,0.0,0.71428573,0.0,0.27272728,0.8979592,0.0,0.0,0.0,9.0,4.6666665,3.091206,0.0,0.0,2.947703,0.0,8.3792305,1.4542744,1.5714285
cmas.tl,conficker,7.0,4.0,2.0,0.0,0.0,6.0,1.0,0.0,0.0,1.0,0.16666667,5.0,0.8333333,6.0,1.0,0.33333334,2.5849626,2.321928,2.0,3.0,0.0,0.5,0.0,0.0,0.8333333,0.0,0.0,0.0,4.0,3.0,1.0,0.0,0.0,2.0,0.0,5.584,1.1828165,2.3333333
hikz.ps,conficker,7.0,4.0,2.0,0.0,0.0,6.0,1.0,0.0,0.0,1.0,0.16666667,5.0,0.8333333,6.0,1.0,0.0,2.5849626,2.321928,2.0,4.0,0.0,0.6666667,0.0,0.0,0.8333333,0.0,0.0,0.0,4.0,3.0,1.0,0.0,0.0,2.0,0.0,7.554,2.0104926,2.3333333
drcigtu.com.uy,conficker,14.0,7.0,3.0,0.0,0.0,12.0,1.0,0.0,0.0,4.0,0.33333334,8.0,0.6666667,10.0,0.8333333,0.25,3.251629,3.4594316,3.321928,3.0,0.0,0.25,0.0,0.2,0.8888889,0.0,0.0,0.0,7.0,4.0,2.1602468,0.0,0.0,2.807355,0.0,8.239091,1.001881,1.6666666
epbzhjn.co.id,conficker,13.0,7.0,3.0,0.0,0.0,11.0,1.0,0.0,0.0,3.0,0.27272728,8.0,0.72727275,11.0,1.0,0.36363637,3.4594316,3.321928,3.169925,7.0,0.0,0.6363636,0.0,0.0,0.90909094,0.0,0.0,0.0,7.0,3.6666667,2.3570225,0.0,0.0,2.807355,0.0,8.187,1.2163018,1.7272727
dphprsf.com.tr,conficker,14.0,7.0,3.0,0.0,0.0,12.0,1.0,0.0,0.0,1.0,0.083333336,11.0,0.9166667,10.0,0.8333333,0.25,3.251629,3.4594316,3.321928,8.0,0.0,0.6666667,0.0,0.2,0.8888889,0.0,0.0,0.0,7.0,4.0,2.1602468,0.0,0.0,2.5216405,0.0,6.87,0.9973948,1.6666666
fxgojoril.com.hn,conficker,16.0,9.0,3.0,0.0,0.0,14.0,1.0,0.0,0.0,4.0,0.2857143,10.0,0.71428573,12.0,0.85714287,0.14285715,3.46772,3.7004397,3.5849626,3.0,0.0,0.21428572,0.0,0.083333336,0.8979592,0.0,0.0,0.0,9.0,4.6666665,3.091206,0.0,0.0,2.947703,0.0,7.243846,1.0385362,1.5714285
htij.com.mt,conficker,11.0,4.0,3.0,0.0,0.0,9.0,1.0,0.0,0.0,2.0,0.22222222,7.0,0.7777778,7.0,0.7777778,0.11111111,2.7254806,3.0,2.807355,3.0,0.0,0.33333334,0.0,0.2857143,0.83950615,0.0,0.0,0.0,4.0,3.0,0.8164966,0.0,0.0,2.0,0.0,7.2875,1.4370419,1.8888888
xdfq.gs,conficker,7.0,4.0,2.0,0.0,0.0,6.0,1.0,0.0,0.0,0.0,0.0,6.0,1.0,6.0,1.0,0.33333334,2.5849626,2.321928,2.0,6.0,0.0,1.0,0.0,0.0,0.8333333,0.0,0.0,0.0,4.0,3.0,1.0,0.0,0.0,2.0,0.0,10.0,2.4284132,2.3333333
bztmg.co.kr,conficker,11.0,5.0,3.0,0.0,0.0,9.0,1.0,0.0,0.0,1.0,0.11111111,8.0,0.8888889,9.0,1.0,0.22222222,3.169925,3.0,2.807355,6.0,0.0,0.6666667,0.0,0.0,0.8888889,0.0,0.0,0.0,5.0,3.0,1.4142135,0.0,0.0,2.321928,0.0,9.0975,1.4820929,1.8888888
hgsi.be,conficker,7.0,4.0,2.0,0.0,0.0,6.0,1.0,0.0,0.0,2.0,0.33333334,4.0,0.6666667,6.0,1.0,0.33333334,2.5849626,2.321928,2.0,3.0,0.0,0.5,0.0,0.0,0.8333333,0.0,0.0,0.0,4.0,3.0,1.0,0.0,0.0,2.0,0.0,7.402,1.410572,2.3333333
bounlpk.sg,conficker,10.0,7.0,2.0,0.0,0.0,9.0,1.0,0.0,0.0,2.0,0.22222222,7.0,0.7777778,9.0,1.0,0.11111111,3.169925,3.0,2.807355,6.0,0.0,0.6666667,0.0,0.0,0.8888889,0.0,0.0,0.0,7.0,4.5,2.5,0.0,0.0,2.807355,0.0,8.2475,1.1889035,1.8888888
bkhokmwu.fm,conficker,11.0,8.0,2.0,0.0,0.0,10.0,1.0,0.0,0.0,2.0,0.2,8.0,0.8,8.0,0.8,0.2,2.9219282,3.169925,3.0,3.0,0.0,0.3,0.0,0.25,0.86,0.0,0.0,0.0,8.0,5.0,3.0,0.0,0.0,2.75,0.0,9.315556,1.7359536,1.8
zmflxchr.no,conficker,11.0,8.0,2.0,0.0,0.0,10.0,1.0,0.0,0.0,1.0,0.1,9.0,0.9,10.0,1.0,0.2,3.321928,3.169925,3.0,9.0,0.0,0.9,0.0,0.0,0.9,0.0,0.0,0.0,8.0,5.0,3.0,0.0,0.0,3.0,0.0,8.741111,1.4066879,1.8
cepzqj.cx,conficker,9.0,6.0,2.0,0.0,0.0,8.0,1.0,0.0,0.0,1.0,0.125,7.0,0.875,7.0,0.875,0.375,2.75,2.807355,2.5849626,6.0,0.0,0.75,0.0,0.14285715,0.84375,0.0,0.0,0.0,6.0,4.0,2.0,0.0,0.0,2.5849626,0.0,8.265715,2.5266197,2.0
fcarn.fr,conficker,8.0,5.0,2.0,0.0,0.0,7.0,1.0,0.0,0.0,1.0,0.14285715,6.0,0.85714287,5.0,0.71428573,0.5714286,2.2359264,2.5849626,2.321928,4.0,0.0,0.5714286,0.0,0.4,0.7755102,0.0,0.0,0.0,5.0,3.5,1.5,1.0,0.0,2.321928,0.0,6.68,1.6959713,2.142857
dkaswqu.com.pt,conficker,14.0,7.0,3.0,0.0,0.0,12.0,1.0,0.0,0.0,3.0,0.25,9.0,0.75,12.0,1.0,0.25,3.5849626,3.4594316,3.321928,3.0,0.0,0.25,0.0,0.0,0.9166667,0.0,0.0,0.0,7.0,4.0,2.1602468,0.0,0.0,2.807355,0.0,7.569091,1.0327346,1.6666666
cgrgeley.com.gl,conficker,15.0,8.0,3.0,0.0,0.0,13.0,1.0,0.0,0.0,3.0,0.23076923,10.0,0.7692308,8.0,0.61538464,0.30769232,2.8731406,3.5849626,3.4594316,4.0,0.0,0.30769232,0.0,0.5,0.852071,0.0,0.0,0.0,8.0,4.3333335,2.6246693,0.0,0.0,2.5,0.0,6.1725,1.2166364,1.6153846
dtvgf.su,conficker,8.0,5.0,2.0,0.0,0.0,7.0,1.0,0.0,0.0,1.0,0.14285715,6.0,0.85714287,7.0,1.0,0.2857143,2.807355,2.5849626,2.321928,6.0,0.0,0.85714287,0.0,0.0,0.85714287,0.0,0.0,0.0,5.0,3.5,1.5,0.0,0.0,2.321928,0.0,10.0,1.5506269,2.142857
bxkw.in,conficker,7.0,4.0,2.0,0.0,0.0,6.0,1.0,0.0,0.0,1.0,0.16666667,5.0,0.8333333,6.0,1.0,0.16666667,2.5849626,2.321928,2.0,4.0,0.0,0.6666667,0.0,0.0,0.8333333,0.0,0.0,0.0,4.0,3.0,1.0,1.0,0.0,2.0,0.0,8.31,2.1264682,2.3333333
dyzbpsxpv.com.pt,conficker,16.0,9.0,3.0,0.0,0.0,14.0,1.0,0.0,0.0,1.0,0.071428575,13.0,0.9285714,12.0,0.85714287,0.21428572,3.46772,3.7004397,3.5849626,10.0,0.0,0.71428573,0.0,0.083333336,0.8979592,0.0,0.0,0.0,9.0,4.6666665,3.091206,0.0,0.0,2.947703,0.0,8.524615,1.4082212,1.5714285
gcdxi.com.ki,conficker,12.0,5.0,3.0,0.0,0.0,10.0,1.0,0.0,0.0,3.0,0.3,7.0,0.7,8.0,0.8,0.3,2.9219282,3.169925,3.0,4.0,0.0,0.4,0.0,0.25,0.86,0.0,0.0,0.0,5.0,3.3333333,1.2472191,0.0,0.0,2.321928,0.0,7.68,1.512221,1.8
yojf.cd,conficker,7.0,4.0,2.0,0.0,0.0,6.0,1.0,0.0,0.0,1.0,0.16666667,5.0,0.8333333,6.0,1.0,0.5,2.5849626,2.321928,2.0,4.0,0.0,0.6666667,0.0,0.0,0.8333333,0.0,0.0,0.0,4.0,3.0,1.0,0.0,0.0,2.0,0.0,10.0,2.002356,2.3333333
xlhl.lc,conficker,7.0,4.0,2.0,0.0,0.0,6.0,1.0,0.0,0.0,0.0,0.0,6.0,1.0,4.0,0.6666667,0.16666667,1.7924813,2.321928,2.0,6.0,0.0,1.0,0.0,0.25,0.6666667,0.0,0.0,0.0,4.0,3.0,1.0,0.0,0.0,1.5,0.0,10.0,2.3505714,2.3333333
gurtlbi.com.gl,conficker,14.0,7.0,3.0,0.0,0.0,12.0,1.0,0.0,0.0,3.0,0.25,9.0,0.75,10.0,0.8333333,0.16666667,3.251629,3.4594316,3.321928,4.0,0.0,0.33333334,0.0,0.2,0.8888889,0.0,0.0,0.0,7.0,4.0,2.1602468,0.0,0.0,2.807355,0.0,5.9445453,0.99724686,1.6666666
xbqhfacvs.com.tw,conficker,16.0,9.0,3.0,0.0,0.0,14.0,1.0,0.0,0.0,2.0,0.14285715,12.0,0.85714287,13.0,0.9285714,0.35714287,3.6644979,3.7004397,3.5849626,5.0,0.0,0.35714287,0.0,0.07692308,0.9183673,0.0,0.0,0.0,9.0,4.6666665,3.091206,0.0,0.0,3.169925,0.0,8.42077,1.2297786,1.5714285
cjli.co.ug,conficker,10.0,4.0,3.0,0.0,0.0,8.0,1.0,0.0,0.0,3.0,0.375,5.0,0.625,7.0,0.875,0.25,2.75,2.807355,2.5849626,3.0,0.0,0.375,0.0,0.14285715,0.84375,0.0,0.0,0.0,4.0,2.6666667,0.94280905,0.0,0.0,2.0,0.0,5.8585715,1.561334,2.0
bcoqlv.kz,conficker,9.0,6.0,2.0,0.0,0.0,8.0,1.0,0.0,0.0,1.0,0.125,7.0,0.875,8.0,1.0,0.25,3.0,2.807355,2.5849626,5.0,0.0,0.625,0.0,0.0,0.875,0.0,0.0,0.0,6.0,4.0,2.0,0.0,0.0,2.5849626,0.0,8.968572,2.1620595,2.0
dzcuo.gd,conficker,8.0,5.0,2.0,0.0,0.0,7.0,1.0,0.0,0.0,2.0,0.2857143,5.0,0.71428573,6.0,0.85714287,0.42857143,2.5216405,2.5849626,2.321928,3.0,0.0,0.42857143,0.0,0.16666667,0.81632656,0.0,0.0,0.0,5.0,3.5,1.5,0.0,0.0,2.321928,0.0,10.0,1.917459,2.142857
hzayx.tj,conficker,8.0,5.0,2.0,0.0,0.0,7.0,1.0,0.0,0.0,1.0,0.14285715,6.0,0.85714287,7.0,1.0,0.14285715,2.807355,2.5849626,2.321928,4.0,0.0,0.5714286,0.0,0.0,0.85714287,0.0,0.0,0.0,5.0,3.5,1.5,0.0,0.0,2.321928,0.0,10.0,2.2063496,2.142857
xbrfhvkr.com.gh,conficker,15.0,8.0,3.0,0.0,0.0,13.0,1.0,0.0,0.0,1.0,0.07692308,12.0,0.9230769,11.0,0.84615386,0.23076923,3.3927474,3.5849626,3.4594316,9.0,0.0,0.6923077,0.0,0.18181819,0.8994083,0.0,0.0,0.0,8.0,4.3333335,2.6246693,0.0,0.0,2.75,0.0,8.845834,1.3808348,1.6153846
fugpv.tn,conficker,8.0,5.0,2.0,0.0,0.0,7.0,1.0,0.0,0.0,1.0,0.14285715,6.0,0.85714287,7.0,1.0,0.14285715,2.807355,2.5849626,2.321928,5.0,0.0,0.71428573,0.0,0.0,0.85714287,0.0,0.0,0.0,5.0,3.5,1.5,0.0,0.0,2.321928,0.0,9.151667,1.633427,2.142857
dpbuwug.hk,conficker,10.0,7.0,2.0,0.0,0.0,9.0,1.0,0.0,0.0,2.0,0.22222222,7.0,0.7777778,8.0,0.8888889,0.22222222,2.947703,3.0,2.807355,3.0,0.0,0.33333334,0.0,0.125,0.86419755,0.0,0.0,0.0,7.0,4.5,2.5,0.0,0.0,2.5216405,0.0,9.23625,1.7049714,1.8888888
ydhp.com.pt,conficker,11.0,4.0,3.0,0.0,0.0,9.0,1.0,0.0,0.0,1.0,0.11111111,8.0,0.8888889,8.0,0.8888889,0.22222222,2.947703,3.0,2.807355,5.0,0.0,0.5555556,0.0,0.125,0.86419755,0.0,0.0,0.0,4.0,3.0,0.8164966,0.0,0.0,2.0,0.0,7.6025,1.3539462,1.8888888
ayteoth.lc,conficker,10.0,7.0,2.0,0.0,0.0,9.0,1.0,0.0,0.0,3.0,0.33333334,6.0,0.6666667,8.0,0.8888889,0.33333334,2.947703,3.0,2.807355,4.0,0.0,0.44444445,0.0,0.125,0.86419755,0.0,0.0,0.0,7.0,4.5,2.5,0.0,0.0,2.5216405,0.0,7.14,0.9310463,1.8888888
biyz.li,conficker,7.0,4.0,2.0,0.0,0.0,6.0,1.0,0.0,0.0,2.0,0.33333334,4.0,0.6666667,5.0,0.8333333,0.16666667,2.251629,2.321928,2.0,3.0,0.0,0.5,0.0,0.2,0.7777778,0.0,0.0,0.0,4.0,3.0,1.0,0.0,0.0,2.0,0.0,7.392,2.2013385,2.3333333
hodxecoxy.co.ug,conficker,15.0,9.0,3.0,0.0,0.0,13.0,1.0,0.0,0.0,5.0,0.3846154,8.0,0.61538464,9.0,0.6923077,0.30769232,3.0269868,3.4182959,3.4594316,3.0,0.0,0.23076923,0.0,0.33333334,0.8639053,0.0,0.0,0.0,9.0,4.3333335,3.2998316,0.0,0.0,2.7254806,0.0,7.110833,1.4233074,1.6153846
yzvpdbe.kn,conficker,10.0,7.0,2.0,0.0,0.0,9.0,1.0,0.0,0.0,1.0,0.11111111,8.0,0.8888889,9.0,1.0,0.33333334,3.169925,3.0,2.807355,6.0,0.0,0.6666667,0.0,0.0,0.8888889,0.0,0.0,0.0,7.0,4.5,2.5,0.0,0.0,2.807355,0.0,9.28125,1.678856,1.8888888
gxose.lu,conficker,8.0,5.0,2.0,0.0,0.0,7.0,1.0,0.0,0.0,3.0,0.42857143,4.0,0.5714286,7.0,1.0,0.14285715,2.807355,2.5849626,2.321928,2.0,0.0,0.2857143,0.0,0.0,0.85714287,0.0,0.0,0.0,5.0,3.5,1.5,0.0,0.0,2.321928,0.0,7.616667,1.3571769,2.142857
gzqczf.com.sv,conficker,13.0,6.0,3.0,0.0,0.0,11.0,1.0,0.0,0.0,1.0,0.09090909,10.0,0.90909094,9.0,0.8181818,0.27272728,3.0957952,3.321928,3.169925,7.0,0.0,0.6363636,0.0,0.22222222,0.87603307,0.0,0.0,0.0,6.0,3.6666667,1.6996732,0.0,0.0,2.251629,0.0,8.615,2.0133367,1.7272727
aofuu.gs,conficker,8.0,5.0,2.0,0.0,0.0,7.0,1.0,0.0,0.0,4.0,0.5714286,3.0,0.42857143,6.0,0.85714287,0.2857143,2.5216405,2.5849626,2.321928,2.0,0.0,0.2857143,0.0,0.16666667,0.81632656,0.0,0.0,0.0,5.0,3.5,1.5,0.0,0.0,1.921928,0.0,9.151667,1.4662995,2.142857
bznmw.com.pa,conficker,12.0,5.0,3.0,0.0,0.0,10.0,1.0,0.0,0.0,2.0,0.2,8.0,0.8,9.0,0.9,0.3,3.121928,3.169925,3.0,6.0,0.0,0.6,0.0,0.11111111,0.88,0.0,0.0,0.0,5.0,3.3333333,1.2472191,0.0,0.0,2.321928,0.0,7.173333,1.453127,1.8
dvhvykq.pk,conficker,10.0,7.0,2.0,0.0,0.0,9.0,1.0,0.0,0.0,0.0,0.0,9.0,1.0,7.0,0.7777778,0.11111111,2.7254806,3.0,2.807355,9.0,0.0,1.0,0.0,0.2857143,0.83950615,0.0,0.0,0.0,7.0,4.5,2.5,0.0,0.0,2.5216405,0.0,10.0,2.3414876,1.8888888
hktg.com.ai,conficker,11.0,4.0,3.0,0.0,0.0,9.0,1.0,0.0,0.0,3.0,0.33333334,6.0,0.6666667,9.0,1.0,0.22222222,3.169925,3.0,2.807355,5.0,0.0,0.5555556,0.0,0.0,0.8888889,0.0,0.0,0.0,4.0,3.0,0.8164966,0.0,0.0,2.0,0.0,7.42,1.0373734,1.8888888
fohasdi.com.gl,conficker,14.0,7.0,3.0,0.0,0.0,12.0,1.0,0.0,0.0,4.0,0.33333334,8.0,0.6666667,11.0,0.9166667,0.33333334,3.4182959,3.4594316,3.321928,3.0,0.0,0.25,0.0,0.09090909,0.9027778,0.0,0.0,0.0,7.0,4.0,2.1602468,0.0,0.0,2.807355,0.0,5.110909,0.79149294,1.6666666
idfh.com.pt,conficker,11.0,4.0,3.0,0.0,0.0,9.0,1.0,0.0,0.0,2.0,0.22222222,7.0,0.7777778,9.0,1.0,0.33333334,3.169925,3.0,2.807355,4.0,0.0,0.44444445,0.0,0.0,0.8888889,0.0,0.0,0.0,4.0,3.0,0.8164966,0.0,0.0,2.0,0.0,6.88125,1.1217573,1.8888888
ckgiuod.ht,conficker,10.0,7.0,2.0,0.0,0.0,9.0,1.0,0.0,0.0,3.0,0.33333334,6.0,0.6666667,9.0,1.0,0.22222222,3.169925,3.0,2.807355,3.0,0.0,0.33333334,0.0,0.0,0.8888889,0.0,0.0,0.0,7.0,4.5,2.5,0.0,0.0,2.807355,0.0,9.2125,1.1168833,1.8888888
dopkcmdmt.am,conficker,12.0,9.0,2.0,0.0,0.0,11.0,1.0,0.0,0.0,2.0,0.18181819,9.0,0.8181818,8.0,0.72727275,0.36363637,2.845351,3.321928,3.169925,7.0,0.0,0.6363636,0.0,0.25,0.8429752,0.0,0.0,0.0,9.0,5.5,3.5,0.0,0.0,2.7254806,0.0,7.606,1.3402873,1.7272727
guotaqinj.pe,conficker,12.0,9.0,2.0,0.0,0.0,11.0,1.0,0.0,0.0,5.0,0.45454547,6.0,0.54545456,11.0,1.0,0.18181819,3.4594316,3.321928,3.169925,3.0,0.0,0.27272728,0.0,0.0,0.90909094,0.0,0.0,0.0,9.0,5.5,3.5,0.0,0.0,3.169925,0.0,7.188,1.0309497,1.7272727
ciwnss.vc,conficker,9.0,6.0,2.0,0.0,0.0,8.0,1.0,0.0,0.0,1.0,0.125,7.0,0.875,6.0,0.75,0.25,2.5,2.807355,2.5849626,6.0,0.0,0.75,0.0,0.33333334,0.8125,0.0,0.0,0.0,6.0,4.0,2.0,0.0,0.0,2.251629,0.0,7.972857,1.5514644,2.0
ddeernj.com.ua,conficker,14.0,7.0,3.0,0.0,0.0,12.0,1.0,0.0,0.0,5.0,0.41666666,7.0,0.5833333,10.0,0.8333333,0.5,3.251629,3.4594316,3.321928,4.0,0.0,0.33333334,0.0,0.2,0.8888889,0.0,0.0,0.0,7.0,4.0,2.1602468,0.0,0.0,2.2359264,0.0,7.2936363,0.8629942,1.6666666
dhhqpxadl.com,conficker,13.0,9.0,2.0,0.0,0.0,12.0,1.0,0.0,0.0,2.0,0.16666667,10.0,0.8333333,10.0,0.8333333,0.33333334,3.251629,3.4594316,3.321928,6.0,0.0,0.5,0.0,0.2,0.8888889,0.0,0.0,0.0,9.0,6.0,3.0,1.0,0.0,2.7254806,0.0,8.120909,1.4089262,1.6666666
cwhef.cn,conficker,8.0,5.0,2.0,0.0,0.0,7.0,1.0,0.0,0.0,1.0,0.14285715,6.0,0.85714287,6.0,0.85714287,0.5714286,2.5216405,2.5849626,2.321928,3.0,0.0,0.42857143,0.0,0.16666667,0.81632656,0.0,0.0,0.0,5.0,3.5,1.5,1.0,0.0,2.321928,0.0,8.57,1.6569948,2.142857
ftwl.com.tw,conficker,11.0,4.0,3.0,0.0,0.0,9.0,1.0,0.0,0.0,1.0,0.11111111,8.0,0.8888889,7.0,0.7777778,0.22222222,2.7254806,2.75,2.807355,5.0,0.0,0.5555556,0.0,0.2857143,0.83950615,0.0,0.0,0.0,4.0,3.0,0.8164966,0.0,0.0,2.0,0.0,8.26875,1.4795698,1.8888888
bkjhihss.ro,conficker,11.0,8.0,2.0,0.0,0.0,10.0,1.0,0.0,0.0,2.0,0.2,8.0,0.8,8.0,0.8,0.1,2.9219282,3.169925,3.0,4.0,0.0,0.4,0.0,0.25,0.86,0.0,0.0,0.0,8.0,5.0,3.0,0.0,0.0,2.5,0.0,7.61,1.3916897,1.8
chijrbhr.co.il,conficker,14.0,8.0,3.0,0.0,0.0,12.0,1.0,0.0,0.0,3.0,0.25,9.0,0.75,8.0,0.6666667,0.25,2.9182959,3.4594316,3.321928,6.0,0.0,0.5,0.0,0.5,0.8611111,0.0,0.0,0.0,8.0,4.0,2.828427,0.0,0.0,2.5,0.0,7.557273,1.3238,1.6666666
ydax.hk,conficker,7.0,4.0,2.0,0.0,0.0,6.0,1.0,0.0,0.0,1.0,0.16666667,5.0,0.8333333,6.0,1.0,0.33333334,2.5849626,2.321928,2.0,3.0,0.0,0.5,0.0,0.0,0.8333333,0.0,0.0,0.0,4.0,3.0,1.0,0.0,0.0,2.0,0.0,10.0,2.0383952,2.3333333
zysbfn.nf,conficker,9.0,6.0,2.0,0.0,0.0,8.0,1.0,0.0,0.0,0.0,0.0,8.0,1.0,6.0,0.75,0.375,2.5,2.807355,2.5849626,8.0,0.0,1.0,0.0,0.33333334,0.8125,0.0,0.0,0.0,6.0,4.0,2.0,0.0,0.0,2.5849626,0.0,10.0,2.0891492,2.0
bbmepnc.com.pe,conficker,14.0,7.0,3.0,0.0,0.0,12.0,1.0,0.0,0.0,3.0,0.25,9.0,0.75,7.0,0.5833333,0.5,2.751629,3.4594316,3.321928,4.0,0.0,0.33333334,0.0,0.71428573,0.8472222,0.0,0.0,0.0,7.0,4.0,2.1602468,0.0,0.0,2.5216405,0.0,6.56,1.4190626,1.6666666
fpkyvnkf.my,conficker,11.0,8.0,2.0,0.0,0.0,10.0,1.0,0.0,0.0,0.0,0.0,10.0,1.0,7.0,0.7,0.2,2.7219281,3.169925,3.0,10.0,0.0,1.0,0.0,0.42857143,0.84,0.0,0.0,0.0,8.0,5.0,3.0,0.0,0.0,2.5,0.0,10.0,2.0561628,1.8
bjwbyb.ag,conficker,9.0,6.0,2.0,0.0,0.0,8.0,1.0,0.0,0.0,1.0,0.125,7.0,0.875,6.0,0.75,0.5,2.4056392,2.807355,2.5849626,6.0,0.0,0.75,0.0,0.16666667,0.78125,0.0,0.0,0.0,6.0,4.0,2.0,0.0,0.0,1.7924813,0.0,8.345715,2.3498523,2.0
hnprcxznm.cx,conficker,12.0,9.0,2.0,0.0,0.0,11.0,1.0,0.0,0.0,0.0,0.0,11.0,1.0,8.0,0.72727275,0.18181819,2.9139771,3.121928,3.169925,11.0,0.0,1.0,0.0,0.375,0.8595041,0.0,0.0,0.0,9.0,5.5,3.5,0.0,0.0,2.947703,0.0,9.33,1.856246,1.7272727
dabzymuwx.com.fj,conficker,16.0,9.0,3.0,0.0,0.0,14.0,1.0,0.0,0.0,3.0,0.21428572,11.0,0.78571427,13.0,0.9285714,0.35714287,3.6644979,3.7004397,3.5849626,4.0,0.0,0.2857143,0.0,0.07692308,0.9183673,0.0,0.0,0.0,9.0,4.6666665,3.091206,0.0,0.0,3.169925,0.0,8.469231,1.398105,1.5714285
zsnvcc.tl,conficker,9.0,6.0,2.0,0.0,0.0,8.0,1.0,0.0,0.0,0.0,0.0,8.0,1.0,7.0,0.875,0.25,2.75,2.807355,2.5849626,8.0,0.0,1.0,0.0,0.14285715,0.84375,0.0,0.0,0.0,6.0,4.0,2.0,0.0,0.0,2.251629,0.0,9.251429,1.6400756,2.0
ydwvb.sg,conficker,8.0,5.0,2.0,0.0,0.0,7.0,1.0,0.0,0.0,0.0,0.0,7.0,1.0,7.0,1.0,0.2857143,2.807355,2.5849626,2.321928,7.0,0.0,1.0,0.0,0.0,0.85714287,0.0,0.0,0.0,5.0,3.5,1.5,0.0,0.0,2.321928,0.0,10.0,1.8218323,2.142857
gbyl.lv,conficker,7.0,4.0,2.0,0.0,0.0,6.0,1.0,0.0,0.0,0.0,0.0,6.0,1.0,5.0,0.8333333,0.16666667,2.251629,2.321928,2.0,6.0,0.0,1.0,0.0,0.2,0.7777778,0.0,0.0,0.0,4.0,3.0,1.0,0.0,0.0,2.0,0.0,10.0,2.1861498,2.3333333
bsjvcxvkl.hn,conficker,12.0,9.0,2.0,0.0,0.0,11.0,1.0,0.0,0.0,0.0,0.0,11.0,1.0,10.0,0.90909094,0.18181819,3.2776134,3.321928,3.169925,11.0,0.0,1.0,0.0,0.1,0.892562,0.0,0.0,0.0,9.0,5.5,3.5,0.0,0.0,2.947703,0.0,10.0,1.6841819,1.7272727
xaxs.com.bs,conficker,11.0,4.0,3.0,0.0,0.0,9.0,1.0,0.0,0.0,2.0,0.22222222,7.0,0.7777778,7.0,0.7777778,0.33333334,2.7254806,3.0,2.807355,3.0,0.0,0.33333334,0.0,0.2857143,0.83950615,0.0,0.0,0.0,4.0,3.0,0.8164966,0.0,0.0,1.5,0.0,8.26875,1.7080076,1.8888888
eapdlk.ca,conficker,9.0,6.0,2.0,0.0,0.0,8.0,1.0,0.0,0.0,3.0,0.375,5.0,0.625,7.0,0.875,0.625,2.75,2.807355,2.5849626,5.0,0.0,0.625,0.0,0.14285715,0.84375,0.0,0.0,0.0,6.0,4.0,2.0,1.0,0.0,2.5849626,0.0,7.2014284,1.2475303,2.0
fqgb.lu,conficker,7.0,4.0,2.0,0.0,0.0,6.0,1.0,0.0,0.0,1.0,0.16666667,5.0,0.8333333,6.0,1.0,0.33333334,2.5849626,2.321928,2.0,5.0,0.0,0.8333333,0.0,0.0,0.8333333,0.0,0.0,0.0,4.0,3.0,1.0,0.0,0.0,2.0,0.0,8.922,2.3170185,2.3333333
xoxkvh.co.vi,conficker,12.0,6.0,3.0,0.0,0.0,10.0,1.0,0.0,0.0,3.0,0.3,7.0,0.7,7.0,0.7,0.1,2.7219281,3.169925,3.0,5.0,0.0,0.5,0.0,0.42857143,0.84,0.0,0.0,0.0,6.0,3.3333333,1.8856181,0.0,0.0,2.251629,0.0,8.568889,2.0142787,1.8
xjblfy.com.ar,conficker,13.0,6.0,3.0,0.0,0.0,11.0,1.0,0.0,0.0,2.0,0.18181819,9.0,0.8181818,11.0,1.0,0.36363637,3.4594316,3.321928,3.169925,7.0,0.0,0.6363636,0.0,0.0,0.90909094,0.0,0.0,0.0,6.0,3.6666667,1.6996732,0.0,0.0,2.5849626,0.0,6.638,1.3190448,1.7272727
xtxqihl.ch,conficker,10.0,7.0,2.0,0.0,0.0,9.0,1.0,0.0,0.0,1.0,0.11111111,8.0,0.8888889,7.0,0.7777778,0.11111111,2.7254806,3.0,2.807355,4.0,0.0,0.44444445,0.0,0.2857143,0.83950615,0.0,0.0,0.0,7.0,4.5,2.5,0.0,0.0,2.5216405,0.0,9.3,2.0934453,1.8888888
evpsxp.ae,conficker,9.0,6.0,2.0,0.0,0.0,8.0,1.0,0.0,0.0,3.0,0.375,5.0,0.625,6.0,0.75,0.375,2.5,2.807355,2.5849626,5.0,0.0,0.625,0.0,0.33333334,0.8125,0.0,0.0,0.0,6.0,4.0,2.0,0.0,0.0,2.251629,0.0,8.274285,1.660995,2.0
zppzg.com.ar,conficker,12.0,5.0,3.0,0.0,0.0,10.0,1.0,0.0,0.0,2.0,0.2,8.0,0.8,8.0,0.8,0.2,2.9219282,3.169925,3.0,6.0,0.0,0.6,0.0,0.25,0.86,0.0,0.0,0.0,5.0,3.3333333,1.2472191,0.0,0.0,1.5219281,0.0,6.2833333,1.7488377,1.8
cfcpmf.cd,conficker,9.0,6.0,2.0,0.0,0.0,8.0,1.0,0.0,0.0,0.0,0.0,8.0,1.0,5.0,0.625,0.75,2.1556392,2.5216405,2.5849626,8.0,0.0,1.0,0.0,0.4,0.75,0.0,0.0,0.0,6.0,4.0,2.0,0.0,0.0,1.9182959,0.0,10.0,2.194579,2.0
hzhzpqc.vc,conficker,10.0,7.0,2.0,0.0,0.0,9.0,1.0,0.0,0.0,0.0,0.0,9.0,1.0,6.0,0.6666667,0.22222222,2.5032582,2.75,2.807355,9.0,0.0,1.0,0.0,0.5,0.8148148,0.0,0.0,0.0,7.0,4.5,2.5,0.0,0.0,2.2359264,0.0,10.0,2.695341,1.8888888
ecspzmb.la,conficker,10.0,7.0,2.0,0.0,0.0,9.0,1.0,0.0,0.0,2.0,0.22222222,7.0,0.7777778,9.0,1.0,0.44444445,3.169925,3.0,2.807355,7.0,0.0,0.7777778,0.0,0.0,0.8888889,0.0,0.0,0.0,7.0,4.5,2.5,0.0,0.0,2.807355,0.0,6.8625,1.2779758,1.8888888
ggjk.com.tw,conficker,11.0,4.0,3.0,0.0,0.0,9.0,1.0,0.0,0.0,1.0,0.11111111,8.0,0.8888889,8.0,0.8888889,0.11111111,2.947703,3.0,2.807355,5.0,0.0,0.5555556,0.0,0.125,0.86419755,0.0,0.0,0.0,4.0,3.0,0.8164966,0.0,0.0,1.5,0.0,8.26875,1.6583313,1.8888888
xzyem.sk,conficker,8.0,5.0,2.0,0.0,0.0,7.0,1.0,0.0,0.0,1.0,0.14285715,6.0,0.85714287,7.0,1.0,0.14285715,2.807355,2.5849626,2.321928,3.0,0.0,0.42857143,0.0,0.0,0.85714287,0.0,0.0,0.0,5.0,3.5,1.5,0.0,0.0,2.321928,0.0,9.01,2.0367942,2.142857
ictkvfqew.gd,conficker,12.0,9.0,2.0,0.0,0.0,11.0,1.0,0.0,0.0,2.0,0.18181819,9.0,0.8181818,11.0,1.0,0.36363637,3.4594316,3.321928,3.169925,6.0,0.0,0.54545456,0.0,0.0,0.90909094,0.0,0.0,0.0,9.0,5.5,3.5,0.0,0.0,3.169925,0.0,8.773,1.361718,1.7272727
czzlwqn.co.il,conficker,13.0,7.0,3.0,0.0,0.0,11.0,1.0,0.0,0.0,2.0,0.18181819,9.0,0.8181818,8.0,0.72727275,0.18181819,2.9139771,3.321928,3.169925,8.0,0.0,0.72727275,0.0,0.375,0.8595041,0.0,0.0,0.0,7.0,3.6666667,2.3570225,0.0,0.0,2.5216405,0.0,8.58,1.8748342,1.7272727
hdyzy.co.vi,conficker,11.0,5.0,3.0,0.0,0.0,9.0,1.0,0.0,0.0,2.0,0.22222222,7.0,0.7777778,8.0,0.8888889,0.22222222,2.947703,3.0,2.807355,6.0,0.0,0.6666667,0.0,0.125,0.86419755,0.0,0.0,0.0,5.0,3.0,1.4142135,0.0,0.0,1.921928,0.0,8.39,1.7163554,1.8888888
yjvyegb.kz,conficker,10.0,7.0,2.0,0.0,0.0,9.0,1.0,0.0,0.0,1.0,0.11111111,8.0,0.8888889,8.0,0.8888889,0.22222222,2.947703,3.0,2.807355,4.0,0.0,0.44444445,0.0,0.125,0.86419755,0.0,0.0,0.0,7.0,4.5,2.5,0.0,0.0,2.5216405,0.0,10.0,2.172836,1.8888888
axhyguuyl.ir,conficker,12.0,9.0,2.0,0.0,0.0,11.0,1.0,0.0,0.0,4.0,0.36363637,7.0,0.6363636,9.0,0.8181818,0.09090909,3.0957952,3.321928,3.169925,4.0,0.0,0.36363637,0.0,0.22222222,0.87603307,0.0,0.0,0.0,9.0,5.5,3.5,0.0,0.0,2.7254806,0.0,9.288,1.3470914,1.7272727
gxoeislth.cl,conficker,12.0,9.0,2.0,0.0,0.0,11.0,1.0,0.0,0.0,3.0,0.27272728,8.0,0.72727275,10.0,0.90909094,0.18181819,3.2776134,3.321928,3.169925,6.0,0.0,0.54545456,0.0,0.1,0.892562,0.0,0.0,0.0,9.0,5.5,3.5,0.0,0.0,3.169925,0.0,7.248,0.93237287,1.7272727
bileq.com.jm,conficker,12.0,5.0,3.0,0.0,0.0,10.0,1.0,0.0,0.0,3.0,0.3,7.0,0.7,9.0,0.9,0.3,3.121928,3.169925,3.0,3.0,0.0,0.3,0.0,0.11111111,0.88,0.0,0.0,0.0,5.0,3.3333333,1.2472191,0.0,0.0,2.321928,0.0,6.1744447,1.4971074,1.8
dbtyjaem.ps,conficker,11.0,8.0,2.0,0.0,0.0,10.0,1.0,0.0,0.0,2.0,0.2,8.0,0.8,10.0,1.0,0.4,3.321928,3.169925,3.0,5.0,0.0,0.5,0.0,0.0,0.9,0.0,0.0,0.0,8.0,5.0,3.0,0.0,0.0,3.0,0.0,8.077778,1.1043794,1.8
fakvbryij.nf,conficker,12.0,9.0,2.0,0.0,0.0,11.0,1.0,0.0,0.0,2.0,0.18181819,9.0,0.8181818,10.0,0.90909094,0.36363637,3.2776134,3.321928,3.169925,5.0,0.0,0.45454547,0.0,0.1,0.892562,0.0,0.0,0.0,9.0,5.5,3.5,0.0,0.0,3.169925,0.0,9.404,1.4909364,1.7272727
ydfburpe.co.uk,conficker,14.0,8.0,3.0,0.0,0.0,12.0,1.0,0.0,0.0,4.0,0.33333334,8.0,0.6666667,11.0,0.9166667,0.41666666,3.4182959,3.4594316,3.321928,4.0,0.0,0.33333334,0.0,0.09090909,0.9027778,0.0,0.0,0.0,8.0,4.0,2.828427,0.0,0.0,3.0,0.0,6.453636,1.1076462,1.6666666
dxtluhef.ec,conficker,11.0,8.0,2.0,0.0,0.0,10.0,1.0,0.0,0.0,3.0,0.3,7.0,0.7,9.0,0.9,0.5,3.121928,3.169925,3.0,4.0,0.0,0.4,0.0,0.11111111,0.88,0.0,0.0,0.0,8.0,5.0,3.0,0.0,0.0,3.0,0.0,8.33,1.2058218,1.8
ygro.gd,conficker,7.0,4.0,2.0,0.0,0.0,6.0,1.0,0.0,0.0,1.0,0.16666667,5.0,0.8333333,5.0,0.8333333,0.16666667,2.251629,2.321928,2.0,3.0,0.0,0.5,0.0,0.2,0.7777778,0.0,0.0,0.0,4.0,3.0,1.0,0.0,0.0,2.0,0.0,7.374,1.788669,2.3333333
bmafrpwhu.co.ug,conficker,15.0,9.0,3.0,0.0,0.0,13.0,1.0,0.0,0.0,4.0,0.30769232,9.0,0.6923077,12.0,0.9230769,0.30769232,3.5465937,3.5849626,3.4594316,5.0,0.0,0.3846154,0.0,0.083333336,0.9112426,0.0,0.0,0.0,9.0,4.3333335,3.2998316,0.0,0.0,3.169925,0.0,7.724167,1.0170459,1.6153846
demv.ro,conficker,7.0,4.0,2.0,0.0,0.0,6.0,1.0,0.0,0.0,2.0,0.33333334,4.0,0.6666667,6.0,1.0,0.33333334,2.5849626,2.321928,2.0,3.0,0.0,0.5,0.0,0.0,0.8333333,0.0,0.0,0.0,4.0,3.0,1.0,0.0,0.0,2.0,0.0,5.876,1.3608152,2.3333333
yald.bz,conficker,7.0,4.0,2.0,0.0,0.0,6.0,1.0,0.0,0.0,1.0,0.16666667,5.0,0.8333333,6.0,1.0,0.5,2.5849626,2.321928,2.0,4.0,0.0,0.6666667,0.0,0.0,0.8333333,0.0,0.0,0.0,4.0,3.0,1.0,0.0,0.0,2.0,0.0,8.536,2.014673,2.3333333
hzkssauqu.ht,conficker,12.0,9.0,2.0,0.0,0.0,11.0,1.0,0.0,0.0,3.0,0.27272728,8.0,0.72727275,8.0,0.72727275,0.09090909,2.9139771,3.321928,3.169925,5.0,0.0,0.45454547,0.0,0.375,0.8595041,0.0,0.0,0.0,9.0,5.5,3.5,0.0,0.0,2.7254806,0.0,8.629,1.6525745,1.7272727
axwfytpzq.lu,conficker,12.0,9.0,2.0,0.0,0.0,11.0,1.0,0.0,0.0,2.0,0.18181819,9.0,0.8181818,11.0,1.0,0.18181819,3.4594316,3.321928,3.169925,9.0,0.0,0.8181818,0.0,0.0,0.90909094,0.0,0.0,0.0,9.0,5.5,3.5,0.0,0.0,3.169925,0.0,10.0,1.6771563,1.7272727
aypad.com.ai,conficker,12.0,5.0,3.0,0.0,0.0,10.0,1.0,0.0,0.0,5.0,0.5,5.0,0.5,8.0,0.8,0.5,2.8464394,3.169925,3.0,2.0,0.0,0.2,0.0,0.125,0.84,0.0,0.0,0.0,5.0,3.3333333,1.2472191,0.0,0.0,1.921928,0.0,6.2533336,1.1136051,1.8
dbmci.com.tw,conficker,12.0,5.0,3.0,0.0,0.0,10.0,1.0,0.0,0.0,2.0,0.2,8.0,0.8,8.0,0.8,0.4,2.9219282,3.169925,3.0,4.0,0.0,0.4,0.0,0.25,0.86,0.0,0.0,0.0,5.0,3.3333333,1.2472191,0.0,0.0,2.321928,0.0,7.68,1.334756,1.8
xomjyf.no,conficker,9.0,6.0,2.0,0.0,0.0,8.0,1.0,0.0,0.0,2.0,0.25,6.0,0.75,7.0,0.875,0.125,2.75,2.807355,2.5849626,5.0,0.0,0.625,0.0,0.14285715,0.84375,0.0,0.0,0.0,6.0,4.0,2.0,0.0,0.0,2.5849626,0.0,8.234285,1.8684787,2.0
aeoqli.com.hn,conficker,13.0,6.0,3.0,0.0,0.0,11.0,1.0,0.0,0.0,5.0,0.45454547,6.0,0.54545456,10.0,0.90909094,0.27272728,3.2776134,3.321928,3.169925,3.0,0.0,0.27272728,0.0,0.1,0.892562,0.0,0.0,0.0,6.0,3.6666667,1.6996732,0.0,0.0,2.5849626,0.0,7.2,0.91427046,1.7272727
ceyy.sh,conficker,7.0,4.0,2.0,0.0,0.0,6.0,1.0,0.0,0.0,1.0,0.16666667,5.0,0.8333333,5.0,0.8333333,0.33333334,2.251629,2.321928,2.0,4.0,0.0,0.6666667,0.0,0.2,0.7777778,0.0,0.0,0.0,4.0,3.0,1.0,0.0,0.0,1.5,0.0,8.6,1.7429146,2.3333333
gkfl.me,conficker,7.0,4.0,2.0,0.0,0.0,6.0,1.0,0.0,0.0,1.0,0.16666667,5.0,0.8333333,6.0,1.0,0.33333334,2.5849626,2.321928,2.0,5.0,0.0,0.8333333,0.0,0.0,0.8333333,0.0,0.0,0.0,4.0,3.0,1.0,1.0,0.0,2.0,0.0,8.562,1.7297516,2.3333333
hmbvyg.com.br,conficker,13.0,6.0,3.0,0.0,0.0,11.0,1.0,0.0,0.0,1.0,0.09090909,10.0,0.90909094,9.0,0.8181818,0.27272728,3.0957952,3.121928,3.169925,7.0,0.0,0.6363636,0.0,0.22222222,0.87603307,0.0,0.0,0.0,6.0,3.6666667,1.6996732,0.0,0.0,2.5849626,0.0,8.615,1.4869901,1.7272727
gfdzvr.com.br,conficker,13.0,6.0,3.0,0.0,0.0,11.0,1.0,0.0,0.0,1.0,0.09090909,10.0,0.90909094,10.0,0.90909094,0.36363637,3.2776134,3.321928,3.169925,7.0,0.0,0.6363636,0.0,0.1,0.892562,0.0,0.0,0.0,6.0,3.6666667,1.6996732,0.0,0.0,2.5849626,0.0,8.615,1.4451058,1.7272727
zutc.cx,conficker,7.0,4.0,2.0,0.0,0.0,6.0,1.0,0.0,0.0,1.0,0.16666667,5.0,0.8333333,5.0,0.8333333,0.33333334,2.251629,2.321928,2.0,4.0,0.0,0.6666667,0.0,0.2,0.7777778,0.0,0.0,0.0,4.0,3.0,1.0,0.0,0.0,2.0,0.0,10.0,2.4855123,2.3333333
bktnicg.tn,conficker,10.0,7.0,2.0,0.0,0.0,9.0,1.0,0.0,0.0,1.0,0.11111111,8.0,0.8888889,7.0,0.7777778,0.22222222,2.7254806,2.75,2.807355,4.0,0.0,0.44444445,0.0,0.2857143,0.83950615,0.0,0.0,0.0,7.0,4.5,2.5,0.0,0.0,2.807355,0.0,9.12125,1.380428,1.8888888
eaytvs.ms,conficker,9.0,6.0,2.0,0.0,0.0,8.0,1.0,0.0,0.0,2.0,0.25,6.0,0.75,7.0,0.875,0.25,2.75,2.807355,2.5849626,6.0,0.0,0.75,0.0,0.14285715,0.84375,0.0,0.0,0.0,6.0,4.0,2.0,0.0,0.0,2.5849626,0.0,8.875714,1.1746984,2.0
iepbca.co.za,conficker,12.0,6.0,3.0,0.0,0.0,10.0,1.0,0.0,0.0,5.0,0.5,5.0,0.5,8.0,0.8,0.6,2.9219282,3.169925,3.0,3.0,0.0,0.3,0.0,0.25,0.86,0.0,0.0,0.0,6.0,3.3333333,1.8856181,0.0,0.0,2.5849626,0.0,7.1455555,1.3209319,1.8
eotccdrku.com.pe,conficker,16.0,9.0,3.0,0.0,0.0,14.0,1.0,0.0,0.0,5.0,0.35714287,9.0,0.64285713,10.0,0.71428573,0.42857143,3.182006,3.7004397,3.5849626,6.0,0.0,0.42857143,0.0,0.3,0.877551,0.0,0.0,0.0,9.0,4.6666665,3.091206,0.0,0.0,2.947703,0.0,7.5092306,0.93545604,1.5714285
ajlfg.be,conficker,8.0,5.0,2.0,0.0,0.0,7.0,1.0,0.0,0.0,2.0,0.2857143,5.0,0.71428573,7.0,1.0,0.5714286,2.807355,2.5849626,2.321928,5.0,0.0,0.71428573,0.0,0.0,0.85714287,0.0,0.0,0.0,5.0,3.5,1.5,0.0,0.0,2.321928,0.0,9.041667,1.6643215,2.142857
ekphex.dk,conficker,9.0,6.0,2.0,0.0,0.0,8.0,1.0,0.0,0.0,2.0,0.25,6.0,0.75,6.0,0.75,0.375,2.5,2.807355,2.5849626,3.0,0.0,0.375,0.0,0.33333334,0.8125,0.0,0.0,0.0,6.0,4.0,2.0,0.0,0.0,2.251629,0.0,7.94,1.920263,2.0
fgbvgadc.md,conficker,11.0,8.0,2.0,0.0,0.0,10.0,1.0,0.0,0.0,1.0,0.1,9.0,0.9,8.0,0.8,0.6,2.9219282,3.169925,3.0,5.0,0.0,0.5,0.0,0.25,0.86,0.0,0.0,0.0,8.0,5.0,3.0,0.0,0.0,2.75,0.0,9.242222,1.6282848,1.8
xebyvxi.ms,conficker,10.0,7.0,2.0,0.0,0.0,9.0,1.0,0.0,0.0,2.0,0.22222222,7.0,0.7777778,8.0,0.8888889,0.22222222,2.947703,3.0,2.807355,4.0,0.0,0.44444445,0.0,0.125,0.86419755,0.0,0.0,0.0,7.0,4.5,2.5,0.0,0.0,2.5216405,0.0,9.33125,1.8056973,1.8888888
fuxz.com.tt,conficker,11.0,4.0,3.0,0.0,0.0,9.0,1.0,0.0,0.0,2.0,0.22222222,7.0,0.7777778,8.0,0.8888889,0.22222222,2.947703,3.0,2.807355,3.0,0.0,0.33333334,0.0,0.125,0.86419755,0.0,0.0,0.0,4.0,3.0,0.8164966,0.0,0.0,2.0,0.0,7.6325,1.7111923,1.8888888
btrewqs.com.gh,conficker,14.0,7.0,3.0,0.0,0.0,12.0,1.0,0.0,0.0,2.0,0.16666667,10.0,0.8333333,12.0,1.0,0.25,3.5849626,3.4594316,3.321928,4.0,0.0,0.33333334,0.0,0.0,0.9166667,0.0,0.0,0.0,7.0,4.0,2.1602468,0.0,0.0,2.807355,0.0,7.358182,0.97290224,1.6666666
zdmmkn.dj,conficker,9.0,6.0,2.0,0.0,0.0,8.0,1.0,0.0,0.0,0.0,0.0,8.0,1.0,6.0,0.75,0.25,2.5,2.807355,2.5849626,8.0,0.0,1.0,0.0,0.33333334,0.8125,0.0,0.0,0.0,6.0,4.0,2.0,0.0,0.0,2.251629,0.0,8.865714,2.2255108,2.0
xdrsrbhmm.com.tr,conficker,16.0,9.0,3.0,0.0,0.0,14.0,1.0,0.0,0.0,1.0,0.071428575,13.0,0.9285714,10.0,0.71428573,0.21428572,3.1280854,3.7004397,3.5849626,10.0,0.0,0.71428573,0.0,0.2,0.86734694,0.0,0.0,0.0,9.0,4.6666665,3.091206,0.0,0.0,2.7254806,0.0,7.866923,1.1611305,1.5714285
dxliy.lc,conficker,8.0,5.0,2.0,0.0,0.0,7.0,1.0,0.0,0.0,1.0,0.14285715,6.0,0.85714287,6.0,0.85714287,0.2857143,2.5216405,2.5849626,2.321928,3.0,0.0,0.42857143,0.0,0.16666667,0.81632656,0.0,0.0,0.0,5.0,3.5,1.5,0.0,0.0,2.321928,0.0,8.8133335,1.8247219,2.142857
agjr.com.pe,conficker,11.0,4.0,3.0,0.0,0.0,9.0,1.0,0.0,0.0,3.0,0.33333334,6.0,0.6666667,9.0,1.0,0.33333334,3.169925,3.0,2.807355,4.0,0.0,0.44444445,0.0,0.0,0.8888889,0.0,0.0,0.0,4.0,3.0,0.8164966,0.0,0.0,2.0,0.0,6.13,1.1201848,1.8888888
zolpu.fr,conficker,8.0,5.0,2.0,0.0,0.0,7.0,1.0,0.0,0.0,2.0,0.2857143,5.0,0.71428573,7.0,1.0,0.14285715,2.807355,2.5849626,2.321928,2.0,0.0,0.2857143,0.0,0.0,0.85714287,0.0,0.0,0.0,5.0,3.5,1.5,1.0,0.0,2.321928,0.0,7.19,1.7119796,2.142857
fkghcme.com.ar,conficker,14.0,7.0,3.0,0.0,0.0,12.0,1.0,0.0,0.0,3.0,0.25,9.0,0.75,10.0,0.8333333,0.41666666,3.251629,3.4594316,3.321928,6.0,0.0,0.5,0.0,0.2,0.8888889,0.0,0.0,0.0,7.0,4.0,2.1602468,0.0,0.0,2.807355,0.0,6.1936364,1.0731016,1.6666666
yrquegdh.com.pr,conficker,15.0,8.0,3.0,0.0,0.0,13.0,1.0,0.0,0.0,3.0,0.23076923,10.0,0.7692308,12.0,0.9230769,0.23076923,3.5465937,3.5849626,3.4594316,4.0,0.0,0.30769232,0.0,0.083333336,0.9112426,0.0,0.0,0.0,8.0,4.3333335,2.6246693,0.0,0.0,3.0,0.0,7.8433332,1.0084717,1.6153846
xiajbq.sh,conficker,9.0,6.0,2.0,0.0,0.0,8.0,1.0,0.0,0.0,2.0,0.25,6.0,0.75,8.0,1.0,0.25,3.0,2.807355,2.5849626,5.0,0.0,0.625,0.0,0.0,0.875,0.0,0.0,0.0,6.0,4.0,2.0,0.0,0.0,2.5849626,0.0,9.232857,1.9530379,2.0
brxuopab.gd,conficker,11.0,8.0,2.0,0.0,0.0,10.0,1.0,0.0,0.0,3.0,0.3,7.0,0.7,9.0,0.9,0.4,3.121928,3.169925,3.0,3.0,0.0,0.3,0.0,0.11111111,0.88,0.0,0.0,0.0,8.0,5.0,3.0,0.0,0.0,2.75,0.0,7.9555554,1.4309022,1.8
gvtrv.ac,conficker,8.0,5.0,2.0,0.0,0.0,7.0,1.0,0.0,0.0,1.0,0.14285715,6.0,0.85714287,6.0,0.85714287,0.2857143,2.5216405,2.5849626,2.321928,5.0,0.0,0.71428573,0.0,0.16666667,0.81632656,0.0,0.0,0.0,5.0,3.5,1.5,0.0,0.0,1.921928,0.0,7.7316666,1.6975032,2.142857
yctcy.com.ki,conficker,12.0,5.0,3.0,0.0,0.0,10.0,1.0,0.0,0.0,2.0,0.2,8.0,0.8,7.0,0.7,0.3,2.6464393,2.947703,3.0,6.0,0.0,0.6,0.0,0.2857143,0.82,0.0,0.0,0.0,5.0,3.3333333,1.2472191,0.0,0.0,1.5219281,0.0,7.2755556,1.5847245,1.8
bfcm.tc,conficker,7.0,4.0,2.0,0.0,0.0,6.0,1.0,0.0,0.0,0.0,0.0,6.0,1.0,5.0,0.8333333,0.6666667,2.251629,2.321928,2.0,6.0,0.0,1.0,0.0,0.2,0.7777778,0.0,0.0,0.0,4.0,3.0,1.0,0.0,0.0,2.0,0.0,10.0,2.0435474,2.3333333
eljsuhbc.com.br,conficker,15.0,8.0,3.0,0.0,0.0,13.0,1.0,0.0,0.0,3.0,0.23076923,10.0,0.7692308,11.0,0.84615386,0.3846154,3.3927474,3.5849626,3.4594316,4.0,0.0,0.30769232,0.0,0.18181819,0.8994083,0.0,0.0,0.0,8.0,4.3333335,2.6246693,0.0,0.0,3.0,0.0,8.275,1.0627546,1.6153846
gekmr.ms,conficker,8.0,5.0,2.0,0.0,0.0,7.0,1.0,0.0,0.0,1.0,0.14285715,6.0,0.85714287,6.0,0.85714287,0.14285715,2.5216405,2.5849626,2.321928,5.0,0.0,0.71428573,0.0,0.16666667,0.81632656,0.0,0.0,0.0,5.0,3.5,1.5,0.0,0.0,2.321928,0.0,8.913333,1.4987415,2.142857
chjxgderj.co.ug,conficker,15.0,9.0,3.0,0.0,0.0,13.0,1.0,0.0,0.0,3.0,0.23076923,10.0,0.7692308,10.0,0.7692308,0.30769232,3.2389011,3.5849626,3.4594316,6.0,0.0,0.46153846,0.0,0.3,0.88757396,0.0,0.0,0.0,9.0,4.3333335,3.2998316,0.0,0.0,2.947703,0.0,6.97,1.4604143,1.6153846
emheoq.cx,conficker,9.0,6.0,2.0,0.0,0.0,8.0,1.0,0.0,0.0,3.0,0.375,5.0,0.625,7.0,0.875,0.375,2.75,2.807355,2.5849626,3.0,0.0,0.375,0.0,0.14285715,0.84375,0.0,0.0,0.0,6.0,4.0,2.0,0.0,0.0,2.251629,0.0,7.9257145,1.7305955,2.0
zzdimnki.sk,conficker,11.0,8.0,2.0,0.0,0.0,10.0,1.0,0.0,0.0,2.0,0.2,8.0,0.8,7.0,0.7,0.1,2.7219281,3.169925,3.0,3.0,0.0,0.3,0.0,0.42857143,0.84,0.0,0.0,0.0,8.0,5.0,3.0,0.0,0.0,2.5,0.0,7.8255553,1.908706,1.8
dxxklo.hk,conficker,9.0,6.0,2.0,0.0,0.0,8.0,1.0,0.0,0.0,1.0,0.125,7.0,0.875,6.0,0.75,0.125,2.5,2.807355,2.5849626,5.0,0.0,0.625,0.0,0.33333334,0.8125,0.0,0.0,0.0,6.0,4.0,2.0,0.0,0.0,2.251629,0.0,9.038571,2.2532055,2.0
xilw.com.pa,conficker,11.0,4.0,3.0,0.0,0.0,9.0,1.0,0.0,0.0,3.0,0.33333334,6.0,0.6666667,9.0,1.0,0.22222222,3.169925,3.0,2.807355,3.0,0.0,0.33333334,0.0,0.0,0.8888889,0.0,0.0,0.0,4.0,3.0,0.8164966,0.0,0.0,2.0,0.0,5.9475,1.2597163,1.8888888
eotj.com.co,conficker,11.0,4.0,3.0,0.0,0.0,9.0,1.0,0.0,0.0,4.0,0.44444445,5.0,0.5555556,6.0,0.6666667,0.33333334,2.4193819,2.75,2.807355,3.0,0.0,0.33333334,0.0,0.33333334,0.79012346,0.0,0.0,0.0,4.0,3.0,0.8164966,0.0,0.0,2.0,0.0,6.5075,1.4824264,1.8888888
anlh.com.tt,conficker,11.0,4.0,3.0,0.0,0.0,9.0,1.0,0.0,0.0,2.0,0.22222222,7.0,0.7777778,8.0,0.8888889,0.22222222,2.947703,3.0,2.807355,4.0,0.0,0.44444445,0.0,0.125,0.86419755,0.0,0.0,0.0,4.0,3.0,0.8164966,0.0,0.0,2.0,0.0,7.22625,0.9309324,1.8888888
focyd.com.sv,conficker,12.0,5.0,3.0,0.0,0.0,10.0,1.0,0.0,0.0,2.0,0.2,8.0,0.8,8.0,0.8,0.4,2.9219282,3.169925,3.0,4.0,0.0,0.4,0.0,0.25,0.86,0.0,0.0,0.0,5.0,3.3333333,1.2472191,0.0,0.0,2.321928,0.0,6.576667,1.3975246,1.8
elzn.com.uy,conficker,11.0,4.0,3.0,0.0,0.0,9.0,1.0,0.0,0.0,3.0,0.33333334,6.0,0.6666667,9.0,1.0,0.22222222,3.169925,3.0,2.807355,4.0,0.0,0.44444445,0.0,0.0,0.8888889,0.0,0.0,0.0,4.0,3.0,0.8164966,0.0,0.0,2.0,0.0,7.4125,1.2262756,1.8888888
hhxdfvk.mw,conficker,10.0,7.0,2.0,0.0,0.0,9.0,1.0,0.0,0.0,0.0,0.0,9.0,1.0,8.0,0.8888889,0.22222222,2.947703,3.0,2.807355,9.0,0.0,1.0,0.0,0.125,0.86419755,0.0,0.0,0.0,7.0,4.5,2.5,0.0,0.0,2.5216405,0.0,10.0,1.9901986,1.8888888
bordtbce.es,conficker,11.0,8.0,2.0,0.0,0.0,10.0,1.0,0.0,0.0,3.0,0.3,7.0,0.7,8.0,0.8,0.6,2.9219282,3.169925,3.0,5.0,0.0,0.5,0.0,0.25,0.86,0.0,0.0,0.0,8.0,5.0,3.0,1.0,0.0,2.75,0.0,7.4522223,1.0285912,1.8
yndfnd.cd,conficker,9.0,6.0,2.0,0.0,0.0,8.0,1.0,0.0,0.0,0.0,0.0,8.0,1.0,5.0,0.625,0.625,2.1556392,2.5216405,2.5849626,8.0,0.0,1.0,0.0,0.4,0.75,0.0,0.0,0.0,6.0,4.0,2.0,0.0,0.0,1.9182959,0.0,7.7314286,1.892081,2.0
hcpgejk.ag,conficker,10.0,7.0,2.0,0.0,0.0,9.0,1.0,0.0,0.0,2.0,0.22222222,7.0,0.7777778,8.0,0.8888889,0.33333334,2.947703,3.0,2.807355,4.0,0.0,0.44444445,0.0,0.125,0.86419755,0.0,0.0,0.0,7.0,4.5,2.5,0.0,0.0,2.807355,0.0,8.50375,1.5789034,1.8888888
drlwomkm.ht,conficker,11.0,8.0,2.0,0.0,0.0,10.0,1.0,0.0,0.0,1.0,0.1,9.0,0.9,9.0,0.9,0.1,3.121928,3.169925,3.0,5.0,0.0,0.5,0.0,0.11111111,0.88,0.0,0.0,0.0,8.0,5.0,3.0,0.0,0.0,2.75,0.0,8.638889,1.1607184,1.8
zuzftd.com.br,conficker,13.0,6.0,3.0,0.0,0.0,11.0,1.0,0.0,0.0,2.0,0.18181819,9.0,0.8181818,10.0,0.90909094,0.36363637,3.2776134,3.321928,3.169925,5.0,0.0,0.45454547,0.0,0.1,0.892562,0.0,0.0,0.0,6.0,3.6666667,1.6996732,0.0,0.0,2.251629,0.0,8.615,1.5288078,1.7272727
dkhmho.in,conficker,9.0,6.0,2.0,0.0,0.0,8.0,1.0,0.0,0.0,2.0,0.25,6.0,0.75,7.0,0.875,0.125,2.75,2.807355,2.5849626,5.0,0.0,0.625,0.0,0.14285715,0.84375,0.0,0.0,0.0,6.0,4.0,2.0,1.0,0.0,2.251629,0.0,7.912857,1.3768446,2.0
ecjjtnd.co.uk,conficker,13.0,7.0,3.0,0.0,0.0,11.0,1.0,0.0,0.0,3.0,0.27272728,8.0,0.72727275,9.0,0.8181818,0.36363637,3.0957952,3.321928,3.169925,7.0,0.0,0.6363636,0.0,0.22222222,0.87603307,0.0,0.0,0.0,7.0,3.6666667,2.3570225,0.0,0.0,2.5216405,0.0,7.077,1.3748639,1.7272727
evyyerjb.co.ug,conficker,14.0,8.0,3.0,0.0,0.0,12.0,1.0,0.0,0.0,4.0,0.33333334,8.0,0.6666667,10.0,0.8333333,0.33333334,3.251629,3.4594316,3.321928,4.0,0.0,0.33333334,0.0,0.2,0.8888889,0.0,0.0,0.0,8.0,4.0,2.828427,0.0,0.0,2.5,0.0,7.359091,1.2766299,1.6666666
enhfu.sh,conficker,8.0,5.0,2.0,0.0,0.0,7.0,1.0,0.0,0.0,2.0,0.2857143,5.0,0.71428573,6.0,0.85714287,0.2857143,2.5216405,2.5849626,2.321928,3.0,0.0,0.42857143,0.0,0.16666667,0.81632656,0.0,0.0,0.0,5.0,3.5,1.5,0.0,0.0,2.321928,0.0,6.895,1.446288,2.142857
bvvdx.mw,conficker,8.0,5.0,2.0,0.0,0.0,7.0,1.0,0.0,0.0,0.0,0.0,7.0,1.0,6.0,0.85714287,0.2857143,2.5216405,2.5849626,2.321928,7.0,0.0,1.0,0.0,0.16666667,0.81632656,0.0,0.0,0.0,5.0,3.5,1.5,0.0,0.0,1.921928,0.0,10.0,2.45415,2.142857
hjyqrbuz.com.ag,conficker,15.0,8.0,3.0,0.0,0.0,13.0,1.0,0.0,0.0,3.0,0.23076923,10.0,0.7692308,13.0,1.0,0.23076923,3.7004397,3.5849626,3.4594316,6.0,0.0,0.46153846,0.0,0.0,0.9230769,0.0,0.0,0.0,8.0,4.3333335,2.6246693,0.0,0.0,3.0,0.0,7.3166666,1.3329712,1.6153846
alwh.as,conficker,7.0,4.0,2.0,0.0,0.0,6.0,1.0,0.0,0.0,2.0,0.33333334,4.0,0.6666667,5.0,0.8333333,0.33333334,2.251629,2.321928,2.0,3.0,0.0,0.5,0.0,0.2,0.7777778,0.0,0.0,0.0,4.0,3.0,1.0,0.0,0.0,2.0,0.0,5.55,1.4808073,2.3333333
cbdafy.com.ni,conficker,13.0,6.0,3.0,0.0,0.0,11.0,1.0,0.0,0.0,3.0,0.27272728,8.0,0.72727275,10.0,0.90909094,0.54545456,3.2776134,3.321928,3.169925,3.0,0.0,0.27272728,0.0,0.1,0.892562,0.0,0.0,0.0,6.0,3.6666667,1.6996732,0.0,0.0,2.5849626,0.0,8.615,1.0733902,1.7272727
emusqj.am,conficker,9.0,6.0,2.0,0.0,0.0,8.0,1.0,0.0,0.0,3.0,0.375,5.0,0.625,7.0,0.875,0.25,2.75,2.807355,2.5849626,3.0,0.0,0.375,0.0,0.14285715,0.84375,0.0,0.0,0.0,6.0,4.0,2.0,0.0,0.0,2.5849626,0.0,7.5814285,1.7195264,2.0
elhajdkw.com.tw,conficker,15.0,8.0,3.0,0.0,0.0,13.0,1.0,0.0,0.0,3.0,0.23076923,10.0,0.7692308,12.0,0.9230769,0.30769232,3.5465937,3.5849626,3.4594316,5.0,0.0,0.3846154,0.0,0.083333336,0.9112426,0.0,0.0,0.0,8.0,4.3333335,2.6246693,0.0,0.0,3.0,0.0,7.6608334,0.9680124,1.6153846
ebvzchdo.pe,conficker,11.0,8.0,2.0,0.0,0.0,10.0,1.0,0.0,0.0,3.0,0.3,7.0,0.7,9.0,0.9,0.5,3.121928,3.169925,3.0,6.0,0.0,0.6,0.0,0.11111111,0.88,0.0,0.0,0.0,8.0,5.0,3.0,0.0,0.0,3.0,0.0,7.3533335,1.4160136,1.8
cxpro.tl,conficker,8.0,5.0,2.0,0.0,0.0,7.0,1.0,0.0,0.0,1.0,0.14285715,6.0,0.85714287,7.0,1.0,0.14285715,2.807355,2.5849626,2.321928,4.0,0.0,0.5714286,0.0,0.0,0.85714287,0.0,0.0,0.0,5.0,3.5,1.5,0.0,0.0,2.321928,0.0,6.5466666,1.4466932,2.142857
zdjwf.com.gh,conficker,12.0,5.0,3.0,0.0,0.0,10.0,1.0,0.0,0.0,1.0,0.1,9.0,0.9,10.0,1.0,0.3,3.321928,3.169925,3.0,6.0,0.0,0.6,0.0,0.0,0.9,0.0,0.0,0.0,5.0,3.3333333,1.2472191,0.0,0.0,2.321928,0.0,8.461111,1.6420348,1.8
bdqwiusfg.lu,conficker,12.0,9.0,2.0,0.0,0.0,11.0,1.0,0.0,0.0,3.0,0.27272728,8.0,0.72727275,10.0,0.90909094,0.27272728,3.2776134,3.321928,3.169925,4.0,0.0,0.36363637,0.0,0.1,0.892562,0.0,0.0,0.0,9.0,5.5,3.5,0.0,0.0,3.169925,0.0,8.954,1.438,1.7272727
apua.ir,conficker,7.0,4.0,2.0,0.0,0.0,6.0,1.0,0.0,0.0,4.0,0.6666667,2.0,0.33333334,5.0,0.8333333,0.33333334,2.251629,2.321928,2.0,1.0,0.0,0.16666667,0.0,0.2,0.7777778,0.0,0.0,0.0,4.0,3.0,1.0,0.0,0.0,1.5,0.0,7.878,1.3892641,2.3333333
dxynbhe.md,conficker,10.0,7.0,2.0,0.0,0.0,9.0,1.0,0.0,0.0,1.0,0.11111111,8.0,0.8888889,8.0,0.8888889,0.44444445,2.947703,3.0,2.807355,6.0,0.0,0.6666667,0.0,0.125,0.86419755,0.0,0.0,0.0,7.0,4.5,2.5,0.0,0.0,2.807355,0.0,8.185,1.5412928,1.8888888
aueenbwj.com.gh,conficker,15.0,8.0,3.0,0.0,0.0,13.0,1.0,0.0,0.0,5.0,0.3846154,8.0,0.61538464,12.0,0.9230769,0.3846154,3.5465937,3.5849626,3.4594316,5.0,0.0,0.3846154,0.0,0.083333336,0.9112426,0.0,0.0,0.0,8.0,4.3333335,2.6246693,0.0,0.0,2.75,0.0,8.168333,0.8938349,1.6153846
xwpbhk.co.vi,conficker,12.0,6.0,3.0,0.0,0.0,10.0,1.0,0.0,0.0,2.0,0.2,8.0,0.8,10.0,1.0,0.2,3.321928,3.169925,3.0,7.0,0.0,0.7,0.0,0.0,0.9,0.0,0.0,0.0,6.0,3.3333333,1.8856181,0.0,0.0,2.5849626,0.0,8.568889,1.5575973,1.8
zyvp.co.cr,conficker,10.0,4.0,3.0,0.0,0.0,8.0,1.0,0.0,0.0,1.0,0.125,7.0,0.875,7.0,0.875,0.25,2.75,2.807355,2.5849626,5.0,0.0,0.625,0.0,0.14285715,0.84375,0.0,0.0,0.0,4.0,2.6666667,0.94280905,0.0,0.0,2.0,0.0,7.4457145,1.8827443,2.0
zbhiz.pe,conficker,8.0,5.0,2.0,0.0,0.0,7.0,1.0,0.0,0.0,2.0,0.2857143,5.0,0.71428573,6.0,0.85714287,0.2857143,2.5216405,2.5849626,2.321928,3.0,0.0,0.42857143,0.0,0.16666667,0.81632656,0.0,0.0,0.0,5.0,3.5,1.5,0.0,0.0,1.921928,0.0,7.766667,2.283945,2.142857
gcxxedsv.com.sv,conficker,15.0,8.0,3.0,0.0,0.0,13.0,1.0,0.0,0.0,2.0,0.15384616,11.0,0.84615386,9.0,0.6923077,0.30769232,3.085055,3.4182959,3.4594316,4.0,0.0,0.30769232,0.0,0.44444445,0.87573963,0.0,0.0,0.0,8.0,4.3333335,2.6246693,0.0,0.0,2.75,0.0,8.180833,1.5096402,1.6153846
ewmlojfut.co.ke,conficker,15.0,9.0,3.0,0.0,0.0,13.0,1.0,0.0,0.0,5.0,0.3846154,8.0,0.61538464,11.0,0.84615386,0.30769232,3.3927474,3.5849626,3.4594316,3.0,0.0,0.23076923,0.0,0.18181819,0.8994083,0.0,0.0,0.0,9.0,4.3333335,3.2998316,0.0,0.0,3.169925,0.0,8.413333,1.0086712,1.6153846
zcvfiv.sk,conficker,9.0,6.0,2.0,0.0,0.0,8.0,1.0,0.0,0.0,1.0,0.125,7.0,0.875,7.0,0.875,0.25,2.75,2.807355,2.5849626,4.0,0.0,0.5,0.0,0.14285715,0.84375,0.0,0.0,0.0,6.0,4.0,2.0,0.0,0.0,2.251629,0.0,8.252857,2.1153874,2.0
hxrternb.co.il,conficker,14.0,8.0,3.0,0.0,0.0,12.0,1.0,0.0,0.0,3.0,0.25,9.0,0.75,11.0,0.9166667,0.25,3.4182959,3.4594316,3.321928,4.0,0.0,0.33333334,0.0,0.09090909,0.9027778,0.0,0.0,0.0,8.0,4.0,2.828427,0.0,0.0,2.75,0.0,6.6054544,0.8234258,1.6666666
eyyekrh.hu,conficker,10.0,7.0,2.0,0.0,0.0,9.0,1.0,0.0,0.0,3.0,0.33333334,6.0,0.6666667,6.0,0.6666667,0.22222222,2.5032582,3.0,2.807355,4.0,0.0,0.44444445,0.0,0.5,0.8148148,0.0,0.0,0.0,7.0,4.5,2.5,0.0,0.0,2.2359264,0.0,10.0,1.5964928,1.8888888
qotituojsukfvst.net,cryptolocker,19.0,15.0,2.0,0.0,0.0,18.0,1.0,0.0,0.0,6.0,0.33333334,12.0,0.6666667,12.0,0.6666667,0.11111111,3.3921473,4.087463,4.0,6.0,0.0,0.33333334,0.0,0.33333334,0.8888889,0.0,0.0,0.0,15.0,9.0,6.0,1.0,0.0,3.189898,0.0,7.0864706,0.9826717,1.4444444
nqnnntwbtccv.ru,cryptolocker,15.0,12.0,2.0,0.0,0.0,14.0,1.0,0.0,0.0,1.0,0.071428575,13.0,0.9285714,9.0,0.64285713,0.21428572,2.950212,3.5465937,3.5849626,13.0,0.0,0.9285714,0.0,0.33333334,0.8469388,0.0,0.0,0.0,12.0,7.0,5.0,1.0,0.0,2.5849626,0.0,9.43,1.4008546,1.5714285
papafvgvjwnyu.ru,cryptolocker,16.0,13.0,2.0,0.0,0.0,15.0,1.0,0.0,0.0,4.0,0.26666668,11.0,0.73333335,11.0,0.73333335,0.2,3.3735573,3.6644979,3.7004397,8.0,0.0,0.53333336,0.0,0.36363637,0.8977778,0.0,0.0,0.0,13.0,7.5,5.5,1.0,0.0,3.2389011,0.0,8.366428,1.3246738,1.5333333
xriekdpgijauj.com,cryptolocker,17.0,13.0,2.0,0.0,0.0,16.0,1.0,0.0,0.0,6.0,0.375,10.0,0.625,14.0,0.875,0.25,3.75,3.9068906,3.807355,4.0,0.0,0.25,0.0,0.14285715,0.921875,0.0,0.0,0.0,13.0,8.0,5.0,1.0,0.0,3.3927474,0.0,8.183333,0.9644646,1.5
njhbbdbtnriyvto.net,cryptolocker,19.0,15.0,2.0,0.0,0.0,18.0,1.0,0.0,0.0,3.0,0.16666667,15.0,0.8333333,12.0,0.6666667,0.2777778,3.3774438,4.087463,4.0,10.0,0.0,0.5555556,0.0,0.25,0.8888889,0.0,0.0,0.0,15.0,9.0,6.0,1.0,0.0,3.3232315,0.0,7.824706,0.98526216,1.4444444
thqffktqijke.biz,cryptolocker,16.0,12.0,2.0,0.0,0.0,15.0,1.0,0.0,0.0,3.0,0.2,12.0,0.8,10.0,0.6666667,0.26666668,3.240224,3.807355,3.7004397,8.0,0.0,0.53333336,0.0,0.5,0.8888889,0.0,0.0,0.0,12.0,7.5,4.5,1.0,0.0,2.9182959,0.0,8.952857,1.8242915,1.5333333
ghtnugpgxdre.co.uk,cryptolocker,18.0,12.0,3.0,0.0,0.0,16.0,1.0,0.0,0.0,4.0,0.25,12.0,0.75,13.0,0.8125,0.1875,3.5778196,3.9068906,3.807355,6.0,0.0,0.375,0.0,0.15384616,0.90625,0.0,0.0,0.0,12.0,5.3333335,4.714045,0.0,0.0,3.188722,0.0,8.0286665,0.9535578,1.5
cpkuunanoditydy.net,cryptolocker,19.0,15.0,2.0,0.0,0.0,18.0,1.0,0.0,0.0,6.0,0.33333334,12.0,0.6666667,12.0,0.6666667,0.2777778,3.4613202,4.087463,4.0,5.0,0.0,0.2777778,0.0,0.41666666,0.90123457,0.0,0.0,0.0,15.0,9.0,6.0,1.0,0.0,3.3735573,0.0,6.389412,0.74773633,1.4444444
fjthhljinhyeml.com,cryptolocker,18.0,14.0,2.0,0.0,0.0,17.0,1.0,0.0,0.0,3.0,0.1764706,14.0,0.8235294,12.0,0.7058824,0.1764706,3.4548223,4.0,3.9068906,7.0,0.0,0.4117647,0.0,0.33333334,0.899654,0.0,0.0,0.0,14.0,8.5,5.5,1.0,0.0,3.182006,0.0,7.68875,1.0649322,1.4705882
iemygbxjoaamorr.net,cryptolocker,19.0,15.0,2.0,0.0,0.0,18.0,1.0,0.0,0.0,7.0,0.3888889,11.0,0.6111111,13.0,0.7222222,0.2777778,3.6143694,4.087463,4.0,6.0,0.0,0.33333334,0.0,0.3846154,0.91358024,0.0,0.0,0.0,15.0,9.0,6.0,1.0,0.0,3.3735573,0.0,7.682353,0.7180078,1.4444444
jkvptvvqcwwc.co.uk,cryptolocker,18.0,12.0,3.0,0.0,0.0,16.0,1.0,0.0,0.0,2.0,0.125,14.0,0.875,10.0,0.625,0.1875,3.1556392,3.9068906,3.807355,13.0,0.0,0.8125,0.0,0.4,0.875,0.0,0.0,0.0,12.0,5.3333335,4.714045,0.0,0.0,2.8553886,0.0,9.010667,1.8257407,1.5
lxxmyhunfptbled.info,cryptolocker,20.0,15.0,2.0,0.0,0.0,19.0,1.0,0.0,0.0,4.0,0.21052632,15.0,0.7894737,15.0,0.7894737,0.2631579,3.826875,4.058814,4.087463,6.0,0.0,0.31578946,0.0,0.26666668,0.92520773,0.0,0.0,0.0,15.0,9.5,5.5,1.0,0.0,3.640224,0.0,7.287778,0.86758655,1.4210526
pydmfitudppme.org,cryptolocker,17.0,13.0,2.0,0.0,0.0,16.0,1.0,0.0,0.0,4.0,0.25,12.0,0.75,12.0,0.75,0.25,3.4528196,3.9068906,3.807355,5.0,0.0,0.3125,0.0,0.25,0.8984375,0.0,0.0,0.0,13.0,8.0,5.0,1.0,0.0,3.0269868,0.0,7.3433332,0.9408155,1.5
cdnwplioxonsf.net,cryptolocker,17.0,13.0,2.0,0.0,0.0,16.0,1.0,0.0,0.0,4.0,0.25,12.0,0.75,13.0,0.8125,0.25,3.5778196,3.9068906,3.807355,6.0,0.0,0.375,0.0,0.15384616,0.90625,0.0,0.0,0.0,13.0,8.0,5.0,1.0,0.0,3.3927474,0.0,6.6766667,0.71531063,1.5
fycyybsdnlyi.com,cryptolocker,16.0,12.0,2.0,0.0,0.0,15.0,1.0,0.0,0.0,2.0,0.13333334,13.0,0.8666667,11.0,0.73333335,0.33333334,3.240224,3.807355,3.7004397,11.0,0.0,0.73333335,0.0,0.18181819,0.8711111,0.0,0.0,0.0,12.0,7.5,4.5,1.0,0.0,2.9182959,0.0,7.6242857,1.2065111,1.5333333
ybiyncwbabjp.ru,cryptolocker,15.0,12.0,2.0,0.0,0.0,14.0,1.0,0.0,0.0,3.0,0.21428572,11.0,0.78571427,11.0,0.78571427,0.35714287,3.324863,3.7004397,3.5849626,5.0,0.0,0.35714287,0.0,0.18181819,0.8877551,0.0,0.0,0.0,12.0,7.0,5.0,1.0,0.0,3.0220551,0.0,8.092308,1.356936,1.5714285
xcfyephjohfsw.info,cryptolocker,18.0,13.0,2.0,0.0,0.0,17.0,1.0,0.0,0.0,4.0,0.23529412,13.0,0.7647059,13.0,0.7647059,0.29411766,3.5724695,4.0,3.9068906,4.0,0.0,0.23529412,0.0,0.23076923,0.90657437,0.0,0.0,0.0,13.0,8.5,4.5,1.0,0.0,3.3927474,0.0,8.75375,1.125817,1.4705882
tkpsffcplxhr.net,cryptolocker,16.0,12.0,2.0,0.0,0.0,15.0,1.0,0.0,0.0,1.0,0.06666667,14.0,0.93333334,12.0,0.8,0.26666668,3.5068905,3.807355,3.7004397,13.0,0.0,0.8666667,0.0,0.25,0.9066667,0.0,0.0,0.0,12.0,7.5,4.5,1.0,0.0,3.251629,0.0,8.575,1.0089856,1.5333333
virklivtbucf.net,cryptolocker,16.0,12.0,2.0,0.0,0.0,15.0,1.0,0.0,0.0,4.0,0.26666668,11.0,0.73333335,12.0,0.8,0.26666668,3.5068905,3.807355,3.7004397,3.0,0.0,0.2,0.0,0.25,0.9066667,0.0,0.0,0.0,12.0,7.5,4.5,1.0,0.0,3.251629,0.0,7.2385716,0.92695564,1.5333333
jsupcuqbiulk.biz,cryptolocker,16.0,12.0,2.0,0.0,0.0,15.0,1.0,0.0,0.0,5.0,0.33333334,10.0,0.6666667,11.0,0.73333335,0.2,3.3232315,3.6644979,3.7004397,3.0,0.0,0.2,0.0,0.27272728,0.8888889,0.0,0.0,0.0,12.0,7.5,4.5,1.0,0.0,3.188722,0.0,8.775714,1.5931852,1.5333333
qwcoaielicxd.org,cryptolocker,16.0,12.0,2.0,0.0,0.0,15.0,1.0,0.0,0.0,6.0,0.4,9.0,0.6,12.0,0.8,0.33333334,3.5068905,3.807355,3.7004397,3.0,0.0,0.2,0.0,0.25,0.9066667,0.0,0.0,0.0,12.0,7.5,4.5,1.0,0.0,3.251629,0.0,7.0057144,0.95687705,1.5333333
ngtqayyeauvgcuf.info,cryptolocker,20.0,15.0,2.0,0.0,0.0,19.0,1.0,0.0,0.0,7.0,0.36842105,12.0,0.6315789,13.0,0.68421054,0.31578946,3.6163485,4.169925,4.087463,4.0,0.0,0.21052632,0.0,0.46153846,0.9141274,0.0,0.0,0.0,15.0,9.5,5.5,1.0,0.0,3.3735573,0.0,7.986111,0.93735033,1.4210526
clbptsnowjbae.info,cryptolocker,18.0,13.0,2.0,0.0,0.0,17.0,1.0,0.0,0.0,5.0,0.29411766,12.0,0.7058824,14.0,0.8235294,0.3529412,3.7345216,4.0,3.9068906,7.0,0.0,0.4117647,0.0,0.21428572,0.9204152,0.0,0.0,0.0,13.0,8.5,4.5,1.0,0.0,3.5465937,0.0,7.59875,0.69569284,1.4705882
hsefkworjbhpuwc.net,cryptolocker,19.0,15.0,2.0,0.0,0.0,18.0,1.0,0.0,0.0,4.0,0.22222222,14.0,0.7777778,15.0,0.8333333,0.2777778,3.8365917,4.087463,4.0,5.0,0.0,0.2777778,0.0,0.2,0.9259259,0.0,0.0,0.0,15.0,9.0,6.0,1.0,0.0,3.640224,0.0,7.630588,0.7735654,1.4444444
cqyewnfpgqmbc.biz,cryptolocker,17.0,13.0,2.0,0.0,0.0,16.0,1.0,0.0,0.0,2.0,0.125,14.0,0.875,13.0,0.8125,0.375,3.625,3.9068906,3.807355,10.0,0.0,0.625,0.0,0.23076923,0.9140625,0.0,0.0,0.0,13.0,8.0,5.0,1.0,0.0,3.3927474,0.0,9.605333,1.5056499,1.5
lirdfcvscqcyn.com,cryptolocker,17.0,13.0,2.0,0.0,0.0,16.0,1.0,0.0,0.0,2.0,0.125,14.0,0.875,13.0,0.8125,0.375,3.5,3.9068906,3.807355,12.0,0.0,0.75,0.0,0.07692308,0.890625,0.0,0.0,0.0,13.0,8.0,5.0,1.0,0.0,3.3346791,0.0,8.24,1.0699202,1.5
lmqocgxdkcygimf.info,cryptolocker,20.0,15.0,2.0,0.0,0.0,19.0,1.0,0.0,0.0,4.0,0.21052632,15.0,0.7894737,13.0,0.68421054,0.2631579,3.6163485,4.169925,4.087463,8.0,0.0,0.42105263,0.0,0.46153846,0.9141274,0.0,0.0,0.0,15.0,9.5,5.5,1.0,0.0,3.5068905,0.0,7.595,1.1458876,1.4210526
kiotahdradre.net,cryptolocker,16.0,12.0,2.0,0.0,0.0,15.0,1.0,0.0,0.0,6.0,0.4,9.0,0.6,10.0,0.6666667,0.4,3.240224,3.6644979,3.7004397,3.0,0.0,0.2,0.0,0.5,0.8888889,0.0,0.0,0.0,12.0,7.5,4.5,1.0,0.0,3.0849626,0.0,5.350714,0.62459546,1.5333333
fcrylibpixufg.com,cryptolocker,17.0,13.0,2.0,0.0,0.0,16.0,1.0,0.0,0.0,4.0,0.25,12.0,0.75,13.0,0.8125,0.3125,3.625,3.9068906,3.807355,5.0,0.0,0.3125,0.0,0.23076923,0.9140625,0.0,0.0,0.0,13.0,8.0,5.0,1.0,0.0,3.3927474,0.0,7.4346666,1.0729874,1.5
dymkmaelnwdyg.net,cryptolocker,17.0,13.0,2.0,0.0,0.0,16.0,1.0,0.0,0.0,3.0,0.1875,13.0,0.8125,11.0,0.6875,0.3125,3.375,3.7735572,3.807355,7.0,0.0,0.4375,0.0,0.45454547,0.8984375,0.0,0.0,0.0,13.0,8.0,5.0,1.0,0.0,3.2389011,0.0,8.172667,0.9053922,1.5
vxltqpiukkckdyy.biz,cryptolocker,19.0,15.0,2.0,0.0,0.0,18.0,1.0,0.0,0.0,3.0,0.16666667,15.0,0.8333333,14.0,0.7777778,0.16666667,3.6835423,4.087463,4.0,8.0,0.0,0.44444445,0.0,0.21428572,0.91358024,0.0,0.0,0.0,15.0,9.0,6.0,1.0,0.0,3.4565647,0.0,8.985294,1.4435725,1.4444444
tocbghfwkilmpi.info,cryptolocker,19.0,14.0,2.0,0.0,0.0,18.0,1.0,0.0,0.0,5.0,0.2777778,13.0,0.7222222,14.0,0.7777778,0.22222222,3.6835423,4.087463,4.0,7.0,0.0,0.3888889,0.0,0.21428572,0.91358024,0.0,0.0,0.0,14.0,9.0,5.0,1.0,0.0,3.6644979,0.0,7.2770586,0.8390032,1.4444444
fifeblevkspdu.ru,cryptolocker,16.0,13.0,2.0,0.0,0.0,15.0,1.0,0.0,0.0,5.0,0.33333334,10.0,0.6666667,12.0,0.8,0.4,3.5068905,3.807355,3.7004397,5.0,0.0,0.33333334,0.0,0.25,0.9066667,0.0,0.0,0.0,13.0,7.5,5.5,1.0,0.0,3.3927474,0.0,6.9721427,0.9798091,1.5333333
ygxbgnoasjvv.co.uk,cryptolocker,18.0,12.0,3.0,0.0,0.0,16.0,1.0,0.0,0.0,4.0,0.25,12.0,0.75,13.0,0.8125,0.1875,3.625,3.9068906,3.807355,6.0,0.0,0.375,0.0,0.23076923,0.9140625,0.0,0.0,0.0,12.0,5.3333335,4.714045,0.0,0.0,3.251629,0.0,8.124666,1.2037661,1.5
hhpvbowutwivk.com,cryptolocker,17.0,13.0,2.0,0.0,0.0,16.0,1.0,0.0,0.0,4.0,0.25,12.0,0.75,12.0,0.75,0.125,3.5,3.9068906,3.807355,5.0,0.0,0.3125,0.0,0.33333334,0.90625,0.0,0.0,0.0,13.0,8.0,5.0,1.0,0.0,3.2389011,0.0,8.284,1.1613115,1.5
epeipegpwtgdgq.biz,cryptolocker,18.0,14.0,2.0,0.0,0.0,17.0,1.0,0.0,0.0,5.0,0.29411766,12.0,0.7058824,10.0,0.5882353,0.29411766,3.130718,3.875,3.9068906,9.0,0.0,0.5294118,0.0,0.4,0.8719723,0.0,0.0,0.0,14.0,8.5,5.5,1.0,0.0,2.7884505,0.0,8.1925,1.4240952,1.4705882
nkyqfcqhkycd.ru,cryptolocker,15.0,12.0,2.0,0.0,0.0,14.0,1.0,0.0,0.0,1.0,0.071428575,13.0,0.9285714,10.0,0.71428573,0.2857143,3.2359264,3.5465937,3.5849626,13.0,0.0,0.9285714,0.0,0.4,0.8877551,0.0,0.0,0.0,12.0,7.0,5.0,1.0,0.0,2.9182959,0.0,10.0,1.7153847,1.5714285
clhlhcrhoogc.co.uk,cryptolocker,18.0,12.0,3.0,0.0,0.0,16.0,1.0,0.0,0.0,4.0,0.25,12.0,0.75,8.0,0.5,0.25,2.7806392,3.7735572,3.807355,8.0,0.0,0.5,0.0,0.5,0.8359375,0.0,0.0,0.0,12.0,5.3333335,4.714045,0.0,0.0,2.459148,0.0,7.8433332,1.3603458,1.5
fcftymouhjvq.org,cryptolocker,16.0,12.0,2.0,0.0,0.0,15.0,1.0,0.0,0.0,3.0,0.2,12.0,0.8,13.0,0.8666667,0.2,3.640224,3.807355,3.7004397,6.0,0.0,0.4,0.0,0.15384616,0.91555554,0.0,0.0,0.0,12.0,7.5,4.5,1.0,0.0,3.4182959,0.0,8.017143,1.2328103,1.5333333
pvpwrfkpkboo.info,cryptolocker,17.0,12.0,2.0,0.0,0.0,16.0,1.0,0.0,0.0,4.0,0.25,12.0,0.75,10.0,0.625,0.1875,3.1556392,3.9068906,3.807355,10.0,0.0,0.625,0.0,0.4,0.875,0.0,0.0,0.0,12.0,8.0,4.0,1.0,0.0,2.8553886,0.0,9.013333,1.3869073,1.5
axkwadhcvsiuupl.biz,cryptolocker,19.0,15.0,2.0,0.0,0.0,18.0,1.0,0.0,0.0,6.0,0.33333334,12.0,0.6666667,15.0,0.8333333,0.2777778,3.8365917,4.087463,4.0,5.0,0.0,0.2777778,0.0,0.2,0.9259259,0.0,0.0,0.0,15.0,9.0,6.0,1.0,0.0,3.640224,0.0,8.461177,0.97269607,1.4444444
bflmbijhxnqypfn.org,cryptolocker,19.0,15.0,2.0,0.0,0.0,18.0,1.0,0.0,0.0,2.0,0.11111111,16.0,0.8888889,15.0,0.8333333,0.22222222,3.8365917,4.087463,4.0,9.0,0.0,0.5,0.0,0.2,0.9259259,0.0,0.0,0.0,15.0,9.0,6.0,1.0,0.0,3.5068905,0.0,8.85,1.1557144,1.4444444
yharnktxvbia.info,cryptolocker,17.0,12.0,2.0,0.0,0.0,16.0,1.0,0.0,0.0,5.0,0.3125,11.0,0.6875,13.0,0.8125,0.25,3.625,3.9068906,3.807355,7.0,0.0,0.4375,0.0,0.23076923,0.9140625,0.0,0.0,0.0,12.0,8.0,4.0,1.0,0.0,3.4182959,0.0,7.2633333,0.8737349,1.5
acxjbukrwhtps.org,cryptolocker,17.0,13.0,2.0,0.0,0.0,16.0,1.0,0.0,0.0,3.0,0.1875,13.0,0.8125,15.0,0.9375,0.1875,3.875,3.9068906,3.807355,7.0,0.0,0.4375,0.0,0.06666667,0.9296875,0.0,0.0,0.0,13.0,8.0,5.0,1.0,0.0,3.7004397,0.0,8.202,0.8795298,1.5
pmsfyviipmrnf.ru,cryptolocker,16.0,13.0,2.0,0.0,0.0,15.0,1.0,0.0,0.0,3.0,0.2,12.0,0.8,10.0,0.6666667,0.13333334,3.240224,3.6644979,3.7004397,6.0,0.0,0.4,0.0,0.5,0.8888889,0.0,0.0,0.0,13.0,7.5,5.5,1.0,0.0,3.085055,0.0,8.818571,1.169336,1.5333333
jgfgmuauxlvxa.co.uk,cryptolocker,19.0,13.0,3.0,0.0,0.0,17.0,1.0,0.0,0.0,6.0,0.3529412,11.0,0.64705884,12.0,0.7058824,0.23529412,3.4548223,4.0,3.9068906,5.0,0.0,0.29411766,0.0,0.33333334,0.899654,0.0,0.0,0.0,13.0,5.6666665,5.1854496,0.0,0.0,3.085055,0.0,8.655,1.3890646,1.4705882
jeymvbpbqwlbqen.com,cryptolocker,19.0,15.0,2.0,0.0,0.0,18.0,1.0,0.0,0.0,3.0,0.16666667,15.0,0.8333333,13.0,0.7222222,0.33333334,3.5724313,3.9698157,4.0,11.0,0.0,0.6111111,0.0,0.30769232,0.9074074,0.0,0.0,0.0,15.0,9.0,6.0,1.0,0.0,3.3232315,0.0,8.707059,1.3887094,1.4444444
ijjvuhublamo.org,cryptolocker,16.0,12.0,2.0,0.0,0.0,15.0,1.0,0.0,0.0,6.0,0.4,9.0,0.6,12.0,0.8,0.13333334,3.5068905,3.807355,3.7004397,3.0,0.0,0.2,0.0,0.25,0.9066667,0.0,0.0,0.0,12.0,7.5,4.5,1.0,0.0,3.251629,0.0,7.725,1.0971751,1.5333333
vnbuxujkkbuyjxo.com,cryptolocker,19.0,15.0,2.0,0.0,0.0,18.0,1.0,0.0,0.0,5.0,0.2777778,13.0,0.7222222,11.0,0.6111111,0.16666667,3.350209,3.9698157,4.0,4.0,0.0,0.22222222,0.0,0.54545456,0.89506173,0.0,0.0,0.0,15.0,9.0,6.0,1.0,0.0,3.0565648,0.0,8.161765,1.6662319,1.4444444
rgicsljqqhtqejv.biz,cryptolocker,19.0,15.0,2.0,0.0,0.0,18.0,1.0,0.0,0.0,3.0,0.16666667,15.0,0.8333333,14.0,0.7777778,0.16666667,3.6835423,4.087463,4.0,9.0,0.0,0.5,0.0,0.21428572,0.91358024,0.0,0.0,0.0,15.0,9.0,6.0,1.0,0.0,3.4565647,0.0,8.867647,1.4814049,1.4444444
uasvrjaltljepg.com,cryptolocker,18.0,14.0,2.0,0.0,0.0,17.0,1.0,0.0,0.0,5.0,0.29411766,12.0,0.7058824,14.0,0.8235294,0.23529412,3.7345216,4.0,3.9068906,4.0,0.0,0.23529412,0.0,0.21428572,0.9204152,0.0,0.0,0.0,14.0,8.5,5.5,1.0,0.0,3.3787835,0.0,7.554375,0.75470525,1.4705882
hvenqarxamjf.org,cryptolocker,16.0,12.0,2.0,0.0,0.0,15.0,1.0,0.0,0.0,4.0,0.26666668,11.0,0.73333335,13.0,0.8666667,0.26666668,3.640224,3.807355,3.7004397,3.0,0.0,0.2,0.0,0.15384616,0.91555554,0.0,0.0,0.0,12.0,7.5,4.5,1.0,0.0,3.4182959,0.0,7.053571,1.0913584,1.5333333
llmacbkfrbyo.org,cryptolocker,16.0,12.0,2.0,0.0,0.0,15.0,1.0,0.0,0.0,3.0,0.2,12.0,0.8,11.0,0.73333335,0.33333334,3.3735573,3.807355,3.7004397,7.0,0.0,0.46666667,0.0,0.36363637,0.8977778,0.0,0.0,0.0,12.0,7.5,4.5,1.0,0.0,3.251629,0.0,8.067857,1.0591676,1.5333333
dsvrkgqtyckoay.biz,cryptolocker,18.0,14.0,2.0,0.0,0.0,17.0,1.0,0.0,0.0,3.0,0.1764706,14.0,0.8235294,15.0,0.88235295,0.23529412,3.8521688,4.0,3.9068906,11.0,0.0,0.64705884,0.0,0.13333334,0.9273356,0.0,0.0,0.0,14.0,8.5,5.5,1.0,0.0,3.5216405,0.0,9.253125,1.0637393,1.4705882
kleajrftbkyvgwc.org,cryptolocker,19.0,15.0,2.0,0.0,0.0,18.0,1.0,0.0,0.0,3.0,0.16666667,15.0,0.8333333,15.0,0.8333333,0.2777778,3.8365917,4.087463,4.0,11.0,0.0,0.6111111,0.0,0.2,0.9259259,0.0,0.0,0.0,15.0,9.0,6.0,1.0,0.0,3.7735572,0.0,8.195883,0.9163876,1.4444444
toosukrgcbkb.org,cryptolocker,16.0,12.0,2.0,0.0,0.0,15.0,1.0,0.0,0.0,4.0,0.26666668,11.0,0.73333335,9.0,0.6,0.2,3.0565648,3.6644979,3.7004397,7.0,0.0,0.46666667,0.0,0.5555556,0.8711111,0.0,0.0,0.0,12.0,7.5,4.5,1.0,0.0,3.0849626,0.0,8.869286,1.2192615,1.5333333
aeiisfxfjggxbi.info,cryptolocker,19.0,14.0,2.0,0.0,0.0,18.0,1.0,0.0,0.0,7.0,0.3888889,11.0,0.6111111,11.0,0.6111111,0.33333334,3.2390978,3.9698157,4.0,9.0,0.0,0.5,0.0,0.36363637,0.8765432,0.0,0.0,0.0,14.0,9.0,5.0,1.0,0.0,3.0391486,0.0,8.331177,1.3276342,1.4444444
lvtbwfcehtykup.org,cryptolocker,18.0,14.0,2.0,0.0,0.0,17.0,1.0,0.0,0.0,3.0,0.1764706,14.0,0.8235294,16.0,0.9411765,0.23529412,3.9698157,4.0,3.9068906,7.0,0.0,0.4117647,0.0,0.0625,0.9342561,0.0,0.0,0.0,14.0,8.5,5.5,1.0,0.0,3.6644979,0.0,8.283125,0.7322328,1.4705882
vqlkvlvpmyqyqt.org,cryptolocker,18.0,14.0,2.0,0.0,0.0,17.0,1.0,0.0,0.0,1.0,0.05882353,16.0,0.9411765,11.0,0.64705884,0.0,3.2927701,3.875,3.9068906,14.0,0.0,0.8235294,0.0,0.36363637,0.8858132,0.0,0.0,0.0,14.0,8.5,5.5,1.0,0.0,2.842371,0.0,9.010625,1.7583722,1.4705882
vemqmrvwylpqipw.biz,cryptolocker,19.0,15.0,2.0,0.0,0.0,18.0,1.0,0.0,0.0,3.0,0.16666667,15.0,0.8333333,12.0,0.6666667,0.11111111,3.5032582,4.087463,4.0,10.0,0.0,0.5555556,0.0,0.5,0.9074074,0.0,0.0,0.0,15.0,9.0,6.0,1.0,0.0,3.240224,0.0,8.661177,1.5251168,1.4444444
ifsmxeodinfuhce.org,cryptolocker,19.0,15.0,2.0,0.0,0.0,18.0,1.0,0.0,0.0,7.0,0.3888889,11.0,0.6111111,14.0,0.7777778,0.33333334,3.7254806,3.9698157,4.0,4.0,0.0,0.22222222,0.0,0.2857143,0.9197531,0.0,0.0,0.0,15.0,9.0,6.0,1.0,0.0,3.5068905,0.0,7.6170588,0.65654254,1.4444444
vjxaourerhqomyh.net,cryptolocker,19.0,15.0,2.0,0.0,0.0,18.0,1.0,0.0,0.0,6.0,0.33333334,12.0,0.6666667,14.0,0.7777778,0.16666667,3.7254806,4.087463,4.0,4.0,0.0,0.22222222,0.0,0.2857143,0.9197531,0.0,0.0,0.0,15.0,9.0,6.0,1.0,0.0,3.5068905,0.0,7.0605884,0.8716469,1.4444444
vukwlglpgablf.ru,cryptolocker,16.0,13.0,2.0,0.0,0.0,15.0,1.0,0.0,0.0,3.0,0.2,12.0,0.8,11.0,0.73333335,0.2,3.3232315,3.807355,3.7004397,7.0,0.0,0.46666667,0.0,0.27272728,0.8888889,0.0,0.0,0.0,13.0,7.5,5.5,1.0,0.0,3.180833,0.0,8.416429,1.2797289,1.5333333
gbejiqipucveq.ru,cryptolocker,16.0,13.0,2.0,0.0,0.0,15.0,1.0,0.0,0.0,6.0,0.4,9.0,0.6,11.0,0.73333335,0.26666668,3.3735573,3.807355,3.7004397,2.0,0.0,0.13333334,0.0,0.36363637,0.8977778,0.0,0.0,0.0,13.0,7.5,5.5,1.0,0.0,3.2389011,0.0,8.415,1.4347935,1.5333333
mwtjbrdnxikmlec.org,cryptolocker,19.0,15.0,2.0,0.0,0.0,18.0,1.0,0.0,0.0,3.0,0.16666667,15.0,0.8333333,16.0,0.8888889,0.22222222,3.947703,4.087463,4.0,9.0,0.0,0.5,0.0,0.125,0.93209875,0.0,0.0,0.0,15.0,9.0,6.0,1.0,0.0,3.7735572,0.0,7.9758825,0.7295061,1.4444444
yqtcplcnabfejq.com,cryptolocker,18.0,14.0,2.0,0.0,0.0,17.0,1.0,0.0,0.0,3.0,0.1764706,14.0,0.8235294,14.0,0.8235294,0.4117647,3.6901164,4.0,3.9068906,8.0,0.0,0.47058824,0.0,0.14285715,0.9134948,0.0,0.0,0.0,14.0,8.5,5.5,1.0,0.0,3.5216405,0.0,7.948125,1.1599061,1.4705882
giewrxexnlwklx.net,cryptolocker,18.0,14.0,2.0,0.0,0.0,17.0,1.0,0.0,0.0,4.0,0.23529412,13.0,0.7647059,10.0,0.5882353,0.1764706,3.1751232,3.875,3.9068906,8.0,0.0,0.47058824,0.0,0.5,0.8788927,0.0,0.0,0.0,14.0,8.5,5.5,1.0,0.0,3.0391486,0.0,8.380625,1.2741762,1.4705882
xkvpfviohydtuom.co.uk,cryptolocker,21.0,15.0,3.0,0.0,0.0,19.0,1.0,0.0,0.0,6.0,0.31578946,13.0,0.68421054,14.0,0.7368421,0.15789473,3.6818807,4.169925,4.087463,6.0,0.0,0.31578946,0.0,0.2857143,0.9141274,0.0,0.0,0.0,15.0,6.3333335,6.1282587,0.0,0.0,3.640224,0.0,7.758333,1.0650598,1.4210526
nqlinkltjeikxl.com,cryptolocker,18.0,14.0,2.0,0.0,0.0,17.0,1.0,0.0,0.0,4.0,0.23529412,13.0,0.7647059,12.0,0.7058824,0.11764706,3.4548223,4.0,3.9068906,5.0,0.0,0.29411766,0.0,0.33333334,0.899654,0.0,0.0,0.0,14.0,8.5,5.5,1.0,0.0,3.0391486,0.0,7.51,1.1319723,1.4705882
qcxsuxfyyxhl.ru,cryptolocker,15.0,12.0,2.0,0.0,0.0,14.0,1.0,0.0,0.0,2.0,0.14285715,12.0,0.85714287,10.0,0.71428573,0.14285715,3.182006,3.7004397,3.5849626,8.0,0.0,0.5714286,0.0,0.3,0.877551,0.0,0.0,0.0,12.0,7.0,5.0,1.0,0.0,3.0220551,0.0,10.0,1.8337895,1.5714285
grawfrkvpsii.co.uk,cryptolocker,18.0,12.0,3.0,0.0,0.0,16.0,1.0,0.0,0.0,5.0,0.3125,11.0,0.6875,13.0,0.8125,0.1875,3.625,3.9068906,3.807355,7.0,0.0,0.4375,0.0,0.23076923,0.9140625,0.0,0.0,0.0,12.0,5.3333335,4.714045,0.0,0.0,3.251629,0.0,6.812,0.89640117,1.5
oxespehxmvonb.biz,cryptolocker,17.0,13.0,2.0,0.0,0.0,16.0,1.0,0.0,0.0,5.0,0.3125,11.0,0.6875,12.0,0.75,0.25,3.5,3.9068906,3.807355,4.0,0.0,0.25,0.0,0.33333334,0.90625,0.0,0.0,0.0,13.0,8.0,5.0,1.0,0.0,3.2389011,0.0,7.67,1.2160492,1.5
yuuhdqtlwymbea.co.uk,cryptolocker,20.0,14.0,3.0,0.0,0.0,18.0,1.0,0.0,0.0,6.0,0.33333334,12.0,0.6666667,15.0,0.8333333,0.2777778,3.7946534,4.087463,4.0,9.0,0.0,0.5,0.0,0.13333334,0.9197531,0.0,0.0,0.0,14.0,6.0,5.656854,0.0,0.0,3.5216405,0.0,7.932941,0.9020816,1.4444444
exiepargaipmlk.org,cryptolocker,18.0,14.0,2.0,0.0,0.0,17.0,1.0,0.0,0.0,7.0,0.4117647,10.0,0.5882353,11.0,0.64705884,0.23529412,3.3815806,3.875,3.9068906,4.0,0.0,0.23529412,0.0,0.54545456,0.899654,0.0,0.0,0.0,14.0,8.5,5.5,1.0,0.0,3.2359264,0.0,7.629375,0.8647698,1.4705882
yvmqcnrenqvg.biz,cryptolocker,16.0,12.0,2.0,0.0,0.0,15.0,1.0,0.0,0.0,2.0,0.13333334,13.0,0.8666667,12.0,0.8,0.2,3.5068905,3.807355,3.7004397,7.0,0.0,0.46666667,0.0,0.25,0.9066667,0.0,0.0,0.0,12.0,7.5,4.5,1.0,0.0,3.0849626,0.0,8.405,1.4994941,1.5333333
wdofkmdwfhrca.biz,cryptolocker,17.0,13.0,2.0,0.0,0.0,16.0,1.0,0.0,0.0,3.0,0.1875,13.0,0.8125,13.0,0.8125,0.4375,3.625,3.9068906,3.807355,9.0,0.0,0.5625,0.0,0.23076923,0.9140625,0.0,0.0,0.0,13.0,8.0,5.0,1.0,0.0,3.2389011,0.0,8.372,1.1530323,1.5
ishgoqusgsmyta.ru,cryptolocker,17.0,14.0,2.0,0.0,0.0,16.0,1.0,0.0,0.0,5.0,0.3125,11.0,0.6875,12.0,0.75,0.0625,3.4528196,3.9068906,3.807355,6.0,0.0,0.375,0.0,0.25,0.8984375,0.0,0.0,0.0,14.0,8.0,6.0,1.0,0.0,3.324863,0.0,8.192,0.88407856,1.5
uhvvarlktxskki.co.uk,cryptolocker,20.0,14.0,3.0,0.0,0.0,18.0,1.0,0.0,0.0,5.0,0.2777778,13.0,0.7222222,13.0,0.7222222,0.11111111,3.5032582,4.087463,4.0,8.0,0.0,0.44444445,0.0,0.23076923,0.89506173,0.0,0.0,0.0,14.0,6.0,5.656854,0.0,0.0,3.324863,0.0,8.267058,1.1465896,1.4444444
irxqtibptdhbhms.ru,cryptolocker,18.0,15.0,2.0,0.0,0.0,17.0,1.0,0.0,0.0,3.0,0.1764706,14.0,0.8235294,12.0,0.7058824,0.1764706,3.4992275,4.0,3.9068906,10.0,0.0,0.5882353,0.0,0.41666666,0.90657437,0.0,0.0,0.0,15.0,8.5,6.5,1.0,0.0,3.3735573,0.0,9.509375,1.1006509,1.4705882
wdhjcnjsccqd.biz,cryptolocker,16.0,12.0,2.0,0.0,0.0,15.0,1.0,0.0,0.0,1.0,0.06666667,14.0,0.93333334,11.0,0.73333335,0.4,3.3232315,3.807355,3.7004397,13.0,0.0,0.8666667,0.0,0.27272728,0.8888889,0.0,0.0,0.0,12.0,7.5,4.5,1.0,0.0,2.8553886,0.0,9.577143,1.6466895,1.5333333
iupkxaasxmdnrtk.org,cryptolocker,19.0,15.0,2.0,0.0,0.0,18.0,1.0,0.0,0.0,5.0,0.2777778,13.0,0.7222222,14.0,0.7777778,0.16666667,3.7254806,4.087463,4.0,8.0,0.0,0.44444445,0.0,0.2857143,0.9197531,0.0,0.0,0.0,15.0,9.0,6.0,1.0,0.0,3.5068905,0.0,8.650588,0.8112354,1.4444444
rhmhofxonaemixd.com,cryptolocker,19.0,15.0,2.0,0.0,0.0,18.0,1.0,0.0,0.0,6.0,0.33333334,12.0,0.6666667,12.0,0.6666667,0.2777778,3.4193819,4.087463,4.0,4.0,0.0,0.22222222,0.0,0.33333334,0.89506173,0.0,0.0,0.0,15.0,9.0,6.0,1.0,0.0,3.3735573,0.0,7.22,0.9749122,1.4444444
neycoydhvregrn.info,cryptolocker,19.0,14.0,2.0,0.0,0.0,18.0,1.0,0.0,0.0,5.0,0.2777778,13.0,0.7222222,12.0,0.6666667,0.2777778,3.4613202,4.087463,4.0,5.0,0.0,0.2777778,0.0,0.41666666,0.90123457,0.0,0.0,0.0,14.0,9.0,5.0,1.0,0.0,3.2359264,0.0,7.4441175,0.76560843,1.4444444
mtydgacfdvlqe.info,cryptolocker,18.0,13.0,2.0,0.0,0.0,17.0,1.0,0.0,0.0,4.0,0.23529412,13.0,0.7647059,15.0,0.88235295,0.4117647,3.8521688,4.0,3.9068906,6.0,0.0,0.3529412,0.0,0.13333334,0.9273356,0.0,0.0,0.0,13.0,8.5,4.5,1.0,0.0,3.5465937,0.0,8.280625,0.79245347,1.4705882
chxbckiuodde.org,cryptolocker,16.0,12.0,2.0,0.0,0.0,15.0,1.0,0.0,0.0,5.0,0.33333334,10.0,0.6666667,12.0,0.8,0.4,3.5068905,3.807355,3.7004397,6.0,0.0,0.4,0.0,0.25,0.9066667,0.0,0.0,0.0,12.0,7.5,4.5,1.0,0.0,3.251629,0.0,8.497857,0.98427844,1.5333333
qoogityujyajs.co.uk,cryptolocker,19.0,13.0,3.0,0.0,0.0,17.0,1.0,0.0,0.0,7.0,0.4117647,10.0,0.5882353,12.0,0.7058824,0.11764706,3.4548223,4.0,3.9068906,3.0,0.0,0.1764706,0.0,0.33333334,0.899654,0.0,0.0,0.0,13.0,5.6666665,5.1854496,0.0,0.0,3.2389011,0.0,7.815,1.1920168,1.4705882
yekdousjlqlymr.net,cryptolocker,18.0,14.0,2.0,0.0,0.0,17.0,1.0,0.0,0.0,4.0,0.23529412,13.0,0.7647059,14.0,0.8235294,0.1764706,3.7345216,4.0,3.9068906,9.0,0.0,0.5294118,0.0,0.21428572,0.9204152,0.0,0.0,0.0,14.0,8.5,5.5,1.0,0.0,3.5216405,0.0,7.528125,0.8046805,1.4705882
bouypilgshut.co.uk,cryptolocker,18.0,12.0,3.0,0.0,0.0,16.0,1.0,0.0,0.0,6.0,0.375,10.0,0.625,13.0,0.8125,0.125,3.5778196,3.7735572,3.807355,4.0,0.0,0.25,0.0,0.15384616,0.90625,0.0,0.0,0.0,12.0,5.3333335,4.714045,0.0,0.0,3.4182959,0.0,7.6326666,0.8650781,1.5
febnyqwayxlhgm.biz,cryptolocker,18.0,14.0,2.0,0.0,0.0,17.0,1.0,0.0,0.0,3.0,0.1764706,14.0,0.8235294,15.0,0.88235295,0.29411766,3.8521688,4.0,3.9068906,7.0,0.0,0.4117647,0.0,0.13333334,0.9273356,0.0,0.0,0.0,14.0,8.5,5.5,1.0,0.0,3.6644979,0.0,9.63,1.209974,1.4705882
kpbranlclpuwv.ru,cryptolocker,16.0,13.0,2.0,0.0,0.0,15.0,1.0,0.0,0.0,3.0,0.2,12.0,0.8,11.0,0.73333335,0.2,3.3735573,3.807355,3.7004397,5.0,0.0,0.33333334,0.0,0.36363637,0.8977778,0.0,0.0,0.0,13.0,7.5,5.5,1.0,0.0,3.3927474,0.0,8.085714,1.1105614,1.5333333
ruacuuqbipkjj.com,cryptolocker,17.0,13.0,2.0,0.0,0.0,16.0,1.0,0.0,0.0,6.0,0.375,10.0,0.625,12.0,0.75,0.25,3.4528196,3.9068906,3.807355,5.0,0.0,0.3125,0.0,0.25,0.8984375,0.0,0.0,0.0,13.0,8.0,5.0,1.0,0.0,3.180833,0.0,7.89,1.3559213,1.5
htayshrqqsobyro.com,cryptolocker,19.0,15.0,2.0,0.0,0.0,18.0,1.0,0.0,0.0,4.0,0.22222222,14.0,0.7777778,11.0,0.6111111,0.16666667,3.350209,4.087463,4.0,7.0,0.0,0.3888889,0.0,0.54545456,0.89506173,0.0,0.0,0.0,15.0,9.0,6.0,1.0,0.0,3.1068907,0.0,7.3829412,1.1141287,1.4444444
lfkoylmhrqsjxu.com,cryptolocker,18.0,14.0,2.0,0.0,0.0,17.0,1.0,0.0,0.0,3.0,0.1764706,14.0,0.8235294,14.0,0.8235294,0.11764706,3.7345216,4.0,3.9068906,9.0,0.0,0.5294118,0.0,0.21428572,0.9204152,0.0,0.0,0.0,14.0,8.5,5.5,1.0,0.0,3.6644979,0.0,9.134375,1.1247334,1.4705882
ssmnrewgwjxpprd.com,cryptolocker,19.0,15.0,2.0,0.0,0.0,18.0,1.0,0.0,0.0,2.0,0.11111111,16.0,0.8888889,13.0,0.7222222,0.16666667,3.6143694,4.087463,4.0,10.0,0.0,0.5555556,0.0,0.3846154,0.91358024,0.0,0.0,0.0,15.0,9.0,6.0,1.0,0.0,3.3735573,0.0,7.5682354,0.94976187,1.4444444
sidfeoojojwnp.biz,cryptolocker,17.0,13.0,2.0,0.0,0.0,16.0,1.0,0.0,0.0,6.0,0.375,10.0,0.625,12.0,0.75,0.25,3.4528196,3.7735572,3.807355,5.0,0.0,0.3125,0.0,0.25,0.8984375,0.0,0.0,0.0,13.0,8.0,5.0,1.0,0.0,3.180833,0.0,8.738,1.1572601,1.5
ljxkhbpyrkgq.net,cryptolocker,16.0,12.0,2.0,0.0,0.0,15.0,1.0,0.0,0.0,1.0,0.06666667,14.0,0.93333334,14.0,0.93333334,0.13333334,3.7735572,3.807355,3.7004397,13.0,0.0,0.8666667,0.0,0.071428575,0.92444444,0.0,0.0,0.0,12.0,7.5,4.5,1.0,0.0,3.4182959,0.0,9.016429,1.2489731,1.5333333
mduwedqqayqhdxl.org,cryptolocker,19.0,15.0,2.0,0.0,0.0,18.0,1.0,0.0,0.0,4.0,0.22222222,14.0,0.7777778,14.0,0.7777778,0.2777778,3.6416042,4.087463,4.0,6.0,0.0,0.33333334,0.0,0.14285715,0.9074074,0.0,0.0,0.0,15.0,9.0,6.0,1.0,0.0,3.2729056,0.0,8.67,1.289737,1.4444444
pbyhnifuqblkli.biz,cryptolocker,18.0,14.0,2.0,0.0,0.0,17.0,1.0,0.0,0.0,4.0,0.23529412,13.0,0.7647059,12.0,0.7058824,0.23529412,3.4104173,4.0,3.9068906,5.0,0.0,0.29411766,0.0,0.25,0.8927336,0.0,0.0,0.0,14.0,8.5,5.5,1.0,0.0,3.3787835,0.0,8.18625,1.4496063,1.4705882
vdsgueeueuoiqxh.ru,cryptolocker,18.0,15.0,2.0,0.0,0.0,17.0,1.0,0.0,0.0,9.0,0.5294118,8.0,0.47058824,12.0,0.7058824,0.23529412,3.3371754,3.75,3.9068906,4.0,0.0,0.23529412,0.0,0.16666667,0.8788927,0.0,0.0,0.0,15.0,8.5,6.5,1.0,0.0,3.2729056,0.0,10.0,1.0802798,1.4705882
msahmebyexnlqn.net,cryptolocker,18.0,14.0,2.0,0.0,0.0,17.0,1.0,0.0,0.0,4.0,0.23529412,13.0,0.7647059,12.0,0.7058824,0.29411766,3.4104173,4.0,3.9068906,6.0,0.0,0.3529412,0.0,0.25,0.8927336,0.0,0.0,0.0,14.0,8.5,5.5,1.0,0.0,3.3787835,0.0,7.92375,0.93556607,1.4705882
aryypefiatwssk.net,cryptolocker,18.0,14.0,2.0,0.0,0.0,17.0,1.0,0.0,0.0,5.0,0.29411766,12.0,0.7058824,12.0,0.7058824,0.29411766,3.4992275,4.0,3.9068906,6.0,0.0,0.3529412,0.0,0.41666666,0.90657437,0.0,0.0,0.0,14.0,8.5,5.5,1.0,0.0,3.3787835,0.0,6.21375,0.677771,1.4705882
wghjtvyfgbcix.biz,cryptolocker,17.0,13.0,2.0,0.0,0.0,16.0,1.0,0.0,0.0,2.0,0.125,14.0,0.875,13.0,0.8125,0.25,3.625,3.9068906,3.807355,11.0,0.0,0.6875,0.0,0.23076923,0.9140625,0.0,0.0,0.0,13.0,8.0,5.0,1.0,0.0,3.5465937,0.0,9.605333,1.5069214,1.5
xbfgtexxofrgqv.net,cryptolocker,18.0,14.0,2.0,0.0,0.0,17.0,1.0,0.0,0.0,3.0,0.1764706,14.0,0.8235294,11.0,0.64705884,0.29411766,3.3371754,4.0,3.9068906,6.0,0.0,0.3529412,0.0,0.45454547,0.8927336,0.0,0.0,0.0,14.0,8.5,5.5,1.0,0.0,3.182006,0.0,7.965,1.5073025,1.4705882
qnpsfjghldgfgf.info,cryptolocker,19.0,14.0,2.0,0.0,0.0,18.0,1.0,0.0,0.0,2.0,0.11111111,16.0,0.8888889,12.0,0.6666667,0.2777778,3.350209,3.9698157,4.0,14.0,0.0,0.7777778,0.0,0.25,0.88271606,0.0,0.0,0.0,14.0,9.0,5.0,1.0,0.0,3.1280854,0.0,8.762941,1.373698,1.4444444
fixydjsprfijfof.info,cryptolocker,20.0,15.0,2.0,0.0,0.0,19.0,1.0,0.0,0.0,5.0,0.2631579,14.0,0.7368421,11.0,0.57894737,0.31578946,3.1761103,3.7946534,4.087463,8.0,0.0,0.42105263,0.0,0.36363637,0.8642659,0.0,0.0,0.0,15.0,9.5,5.5,1.0,0.0,3.1068907,0.0,7.053889,1.4633696,1.4210526
royltbrqxuxc.co.uk,cryptolocker,18.0,12.0,3.0,0.0,0.0,16.0,1.0,0.0,0.0,4.0,0.25,12.0,0.75,11.0,0.6875,0.1875,3.375,3.9068906,3.807355,7.0,0.0,0.4375,0.0,0.45454547,0.8984375,0.0,0.0,0.0,12.0,5.3333335,4.714045,0.0,0.0,3.251629,0.0,8.183333,1.3779125,1.5
ixrhlwnfqdbp.biz,cryptolocker,16.0,12.0,2.0,0.0,0.0,15.0,1.0,0.0,0.0,2.0,0.13333334,13.0,0.8666667,13.0,0.8666667,0.26666668,3.640224,3.807355,3.7004397,12.0,0.0,0.8,0.0,0.15384616,0.91555554,0.0,0.0,0.0,12.0,7.5,4.5,1.0,0.0,3.5849626,0.0,9.577143,1.3870903,1.5333333
vomwdsyyypuxver.biz,cryptolocker,19.0,15.0,2.0,0.0,0.0,18.0,1.0,0.0,0.0,4.0,0.22222222,14.0,0.7777778,15.0,0.8333333,0.16666667,3.7946534,3.9698157,4.0,8.0,0.0,0.44444445,0.0,0.13333334,0.9197531,0.0,0.0,0.0,15.0,9.0,6.0,1.0,0.0,3.4565647,0.0,8.107059,1.1062472,1.4444444
gitnbomeiekjbp.com,cryptolocker,18.0,14.0,2.0,0.0,0.0,17.0,1.0,0.0,0.0,6.0,0.3529412,11.0,0.64705884,12.0,0.7058824,0.29411766,3.4992275,3.875,3.9068906,5.0,0.0,0.29411766,0.0,0.41666666,0.90657437,0.0,0.0,0.0,14.0,8.5,5.5,1.0,0.0,3.3787835,0.0,7.39,0.91195494,1.4705882
ujdmuxltveoqkkk.co.uk,cryptolocker,21.0,15.0,3.0,0.0,0.0,19.0,1.0,0.0,0.0,6.0,0.31578946,13.0,0.68421054,13.0,0.68421054,0.15789473,3.4713545,4.058814,4.087463,5.0,0.0,0.2631579,0.0,0.23076923,0.89196676,0.0,0.0,0.0,15.0,6.3333335,6.1282587,0.0,0.0,3.4565647,0.0,8.566667,1.3823321,1.4210526
kfgvwgkgnuno.info,cryptolocker,17.0,12.0,2.0,0.0,0.0,16.0,1.0,0.0,0.0,4.0,0.25,12.0,0.75,9.0,0.5625,0.125,3.0306392,3.9068906,3.807355,9.0,0.0,0.5625,0.0,0.5555556,0.8671875,0.0,0.0,0.0,12.0,8.0,4.0,1.0,0.0,2.8553886,0.0,8.204667,1.4266037,1.5
dieemaslquodxgx.ru,cryptolocker,18.0,15.0,2.0,0.0,0.0,17.0,1.0,0.0,0.0,7.0,0.4117647,10.0,0.5882353,13.0,0.7647059,0.29411766,3.6168747,4.0,3.9068906,5.0,0.0,0.29411766,0.0,0.30769232,0.9134948,0.0,0.0,0.0,15.0,8.5,6.5,1.0,0.0,3.5068905,0.0,8.32125,0.9257266,1.4705882
pdtkrqmttopsu.org,cryptolocker,17.0,13.0,2.0,0.0,0.0,16.0,1.0,0.0,0.0,3.0,0.1875,13.0,0.8125,11.0,0.6875,0.0625,3.3278196,3.9068906,3.807355,9.0,0.0,0.5625,0.0,0.36363637,0.890625,0.0,0.0,0.0,13.0,8.0,5.0,1.0,0.0,3.180833,0.0,8.538667,1.0169741,1.5
pepmuqtsesvr.co.uk,cryptolocker,18.0,12.0,3.0,0.0,0.0,16.0,1.0,0.0,0.0,5.0,0.3125,11.0,0.6875,12.0,0.75,0.1875,3.5,3.9068906,3.807355,4.0,0.0,0.25,0.0,0.33333334,0.90625,0.0,0.0,0.0,12.0,5.3333335,4.714045,0.0,0.0,3.0849626,0.0,7.214,0.9478296,1.5
yfpjjiuakycatnq.com,cryptolocker,19.0,15.0,2.0,0.0,0.0,18.0,1.0,0.0,0.0,5.0,0.2777778,13.0,0.7222222,14.0,0.7777778,0.2777778,3.7254806,4.087463,4.0,5.0,0.0,0.2777778,0.0,0.2857143,0.9197531,0.0,0.0,0.0,15.0,9.0,6.0,1.0,0.0,3.5068905,0.0,8.321177,1.0983291,1.4444444
mnerjxdxjhbppb.net,cryptolocker,18.0,14.0,2.0,0.0,0.0,17.0,1.0,0.0,0.0,2.0,0.11764706,15.0,0.88235295,11.0,0.64705884,0.29411766,3.3815806,3.875,3.9068906,12.0,0.0,0.7058824,0.0,0.54545456,0.899654,0.0,0.0,0.0,14.0,8.5,5.5,1.0,0.0,3.2359264,0.0,7.840625,1.3676447,1.4705882
ublanupitbqxno.net,cryptolocker,18.0,14.0,2.0,0.0,0.0,17.0,1.0,0.0,0.0,6.0,0.3529412,11.0,0.64705884,12.0,0.7058824,0.23529412,3.4548223,4.0,3.9068906,5.0,0.0,0.29411766,0.0,0.33333334,0.899654,0.0,0.0,0.0,14.0,8.5,5.5,1.0,0.0,3.3787835,0.0,6.1225,0.97374964,1.4705882
wujxgnnkemjsgy.org,cryptolocker,18.0,14.0,2.0,0.0,0.0,17.0,1.0,0.0,0.0,3.0,0.1764706,14.0,0.8235294,13.0,0.7647059,0.05882353,3.5724695,4.0,3.9068906,6.0,0.0,0.3529412,0.0,0.23076923,0.90657437,0.0,0.0,0.0,14.0,8.5,5.5,1.0,0.0,3.3787835,0.0,9.135,1.171668,1.4705882
nvhltyalxunkbkn.info,cryptolocker,20.0,15.0,2.0,0.0,0.0,19.0,1.0,0.0,0.0,4.0,0.21052632,15.0,0.7894737,14.0,0.7368421,0.15789473,3.6163485,4.169925,4.087463,6.0,0.0,0.31578946,0.0,0.21428572,0.9030471,0.0,0.0,0.0,15.0,9.5,5.5,1.0,0.0,3.3232315,0.0,7.7883334,0.9378132,1.4210526
puuuwyjjawohh.co.uk,cryptolocker,19.0,13.0,3.0,0.0,0.0,17.0,1.0,0.0,0.0,7.0,0.4117647,10.0,0.5882353,10.0,0.5882353,0.11764706,3.1462865,3.875,3.9068906,4.0,0.0,0.23529412,0.0,0.5,0.8719723,0.0,0.0,0.0,13.0,5.6666665,5.1854496,0.0,0.0,2.8731406,0.0,8.375,1.4847463,1.4705882
qjkjomqsqybdp.co.uk,cryptolocker,19.0,13.0,3.0,0.0,0.0,17.0,1.0,0.0,0.0,3.0,0.1764706,14.0,0.8235294,12.0,0.7058824,0.1764706,3.4548223,4.0,3.9068906,9.0,0.0,0.5294118,0.0,0.33333334,0.899654,0.0,0.0,0.0,13.0,5.6666665,5.1854496,0.0,0.0,3.180833,0.0,8.658125,1.7483633,1.4705882
bwwmwsagvfah.ru,cryptolocker,15.0,12.0,2.0,0.0,0.0,14.0,1.0,0.0,0.0,3.0,0.21428572,11.0,0.78571427,11.0,0.78571427,0.2857143,3.324863,3.7004397,3.5849626,6.0,0.0,0.42857143,0.0,0.18181819,0.8877551,0.0,0.0,0.0,12.0,7.0,5.0,1.0,0.0,3.0220551,0.0,9.086923,1.239632,1.5714285
toomqygjlvmv.net,cryptolocker,16.0,12.0,2.0,0.0,0.0,15.0,1.0,0.0,0.0,3.0,0.2,12.0,0.8,11.0,0.73333335,0.06666667,3.3735573,3.807355,3.7004397,10.0,0.0,0.6666667,0.0,0.36363637,0.8977778,0.0,0.0,0.0,12.0,7.5,4.5,1.0,0.0,3.0849626,0.0,7.9764285,1.2248919,1.5333333
hqthnxngwgwyy.net,cryptolocker,17.0,13.0,2.0,0.0,0.0,16.0,1.0,0.0,0.0,1.0,0.0625,15.0,0.9375,9.0,0.5625,0.0625,3.0778196,3.7735572,3.807355,14.0,0.0,0.875,0.0,0.6666667,0.875,0.0,0.0,0.0,13.0,8.0,5.0,1.0,0.0,2.9312088,0.0,8.009334,1.4812974,1.5
aeampqqtilbd.com,cryptolocker,16.0,12.0,2.0,0.0,0.0,15.0,1.0,0.0,0.0,5.0,0.33333334,10.0,0.6666667,12.0,0.8,0.4,3.5068905,3.807355,3.7004397,5.0,0.0,0.33333334,0.0,0.25,0.9066667,0.0,0.0,0.0,12.0,7.5,4.5,1.0,0.0,3.251629,0.0,6.61,1.0473495,1.5333333
xnariukuuopwi.org,cryptolocker,17.0,13.0,2.0,0.0,0.0,16.0,1.0,0.0,0.0,8.0,0.5,8.0,0.5,11.0,0.6875,0.0625,3.3278196,3.9068906,3.807355,2.0,0.0,0.125,0.0,0.36363637,0.890625,0.0,0.0,0.0,13.0,8.0,5.0,1.0,0.0,3.180833,0.0,7.1246667,1.0030184,1.5
vmamthgulbnfuby.biz,cryptolocker,19.0,15.0,2.0,0.0,0.0,18.0,1.0,0.0,0.0,4.0,0.22222222,14.0,0.7777778,14.0,0.7777778,0.2777778,3.6835423,4.087463,4.0,4.0,0.0,0.22222222,0.0,0.21428572,0.91358024,0.0,0.0,0.0,15.0,9.0,6.0,1.0,0.0,3.5068905,0.0,7.7988234,1.11069,1.4444444
fxaobkufcccilk.co.uk,cryptolocker,20.0,14.0,3.0,0.0,0.0,18.0,1.0,0.0,0.0,6.0,0.33333334,12.0,0.6666667,10.0,0.5555556,0.44444445,3.127987,3.9698157,4.0,4.0,0.0,0.22222222,0.0,0.5,0.8703704,0.0,0.0,0.0,14.0,6.0,5.656854,0.0,0.0,3.182006,0.0,8.389412,1.4581455,1.4444444
qjflmafjvwdj.net,cryptolocker,16.0,12.0,2.0,0.0,0.0,15.0,1.0,0.0,0.0,2.0,0.13333334,13.0,0.8666667,12.0,0.8,0.33333334,3.4565647,3.807355,3.7004397,7.0,0.0,0.46666667,0.0,0.16666667,0.8977778,0.0,0.0,0.0,12.0,7.5,4.5,1.0,0.0,3.0220551,0.0,8.531428,1.5152185,1.5333333
mvqibhxlboqb.co.uk,cryptolocker,18.0,12.0,3.0,0.0,0.0,16.0,1.0,0.0,0.0,4.0,0.25,12.0,0.75,12.0,0.75,0.25,3.4528196,3.9068906,3.807355,5.0,0.0,0.3125,0.0,0.25,0.8984375,0.0,0.0,0.0,12.0,5.3333335,4.714045,0.0,0.0,3.0220551,0.0,9.010667,1.591543,1.5
hqjomfjmrjjrmj.org,cryptolocker,18.0,14.0,2.0,0.0,0.0,17.0,1.0,0.0,0.0,2.0,0.11764706,15.0,0.88235295,8.0,0.47058824,0.05882353,2.7274973,3.875,3.9068906,10.0,0.0,0.5882353,0.0,0.5,0.8235294,0.0,0.0,0.0,14.0,8.5,5.5,1.0,0.0,2.4956028,0.0,9.091875,2.0762074,1.4705882
ttxttwvrhlwx.co.uk,cryptolocker,18.0,12.0,3.0,0.0,0.0,16.0,1.0,0.0,0.0,2.0,0.125,14.0,0.875,11.0,0.6875,0.0625,3.25,3.7735572,3.807355,13.0,0.0,0.8125,0.0,0.27272728,0.875,0.0,0.0,0.0,12.0,5.3333335,4.714045,0.0,0.0,2.5849626,0.0,9.010667,1.3238679,1.5
mgincoblkpbpvf.com,cryptolocker,18.0,14.0,2.0,0.0,0.0,17.0,1.0,0.0,0.0,3.0,0.1764706,14.0,0.8235294,12.0,0.7058824,0.29411766,3.4992275,3.875,3.9068906,9.0,0.0,0.5294118,0.0,0.41666666,0.90657437,0.0,0.0,0.0,14.0,8.5,5.5,1.0,0.0,3.5216405,0.0,7.076875,1.1319147,1.4705882
vyugxxlkwtsgdi.com,cryptolocker,18.0,14.0,2.0,0.0,0.0,17.0,1.0,0.0,0.0,3.0,0.1764706,14.0,0.8235294,15.0,0.88235295,0.11764706,3.8521688,4.0,3.9068906,10.0,0.0,0.5882353,0.0,0.13333334,0.9273356,0.0,0.0,0.0,14.0,8.5,5.5,1.0,0.0,3.5216405,0.0,8.284375,1.0050662,1.4705882
wcatvlbwogtum.ru,cryptolocker,16.0,13.0,2.0,0.0,0.0,15.0,1.0,0.0,0.0,4.0,0.26666668,11.0,0.73333335,12.0,0.8,0.2,3.5068905,3.807355,3.7004397,5.0,0.0,0.33333334,0.0,0.25,0.9066667,0.0,0.0,0.0,13.0,7.5,5.5,1.0,0.0,3.3927474,0.0,8.155,0.941535,1.5333333
bkpqydsdiqpgxga.ru,cryptolocker,18.0,15.0,2.0,0.0,0.0,17.0,1.0,0.0,0.0,3.0,0.1764706,14.0,0.8235294,13.0,0.7647059,0.23529412,3.6168747,4.0,3.9068906,8.0,0.0,0.47058824,0.0,0.30769232,0.9134948,0.0,0.0,0.0,15.0,8.5,6.5,1.0,0.0,3.3735573,0.0,9.115,1.3510427,1.4705882
cypcdkrbejqeuq.co.uk,cryptolocker,20.0,14.0,3.0,0.0,0.0,18.0,1.0,0.0,0.0,5.0,0.2777778,13.0,0.7222222,12.0,0.6666667,0.3888889,3.4613202,4.087463,4.0,8.0,0.0,0.44444445,0.0,0.41666666,0.90123457,0.0,0.0,0.0,14.0,6.0,5.656854,0.0,0.0,3.3787835,0.0,8.469412,1.3932611,1.4444444
gfwnxofladwdkly.org,cryptolocker,19.0,15.0,2.0,0.0,0.0,18.0,1.0,0.0,0.0,3.0,0.16666667,15.0,0.8333333,12.0,0.6666667,0.2777778,3.5032582,4.087463,4.0,6.0,0.0,0.33333334,0.0,0.5,0.9074074,0.0,0.0,0.0,15.0,9.0,6.0,1.0,0.0,3.3735573,0.0,8.327059,1.1055048,1.4444444
wqdmfblnchnckd.ru,cryptolocker,17.0,14.0,2.0,0.0,0.0,16.0,1.0,0.0,0.0,1.0,0.0625,15.0,0.9375,13.0,0.8125,0.375,3.625,3.7735572,3.807355,15.0,0.0,0.9375,0.0,0.23076923,0.9140625,0.0,0.0,0.0,14.0,8.0,6.0,1.0,0.0,3.3787835,0.0,9.267333,1.1199245,1.5
joscxolaodcuuds.co.uk,cryptolocker,21.0,15.0,3.0,0.0,0.0,19.0,1.0,0.0,0.0,8.0,0.42105263,11.0,0.57894737,10.0,0.5263158,0.31578946,3.115834,4.058814,4.087463,3.0,0.0,0.15789473,0.0,0.5,0.8698061,0.0,0.0,0.0,15.0,6.3333335,6.1282587,0.0,0.0,3.0565648,0.0,8.486111,1.1751453,1.4210526
ccvdypnyihxx.info,cryptolocker,17.0,12.0,2.0,0.0,0.0,16.0,1.0,0.0,0.0,3.0,0.1875,13.0,0.8125,11.0,0.6875,0.25,3.375,3.9068906,3.807355,8.0,0.0,0.5,0.0,0.45454547,0.8984375,0.0,0.0,0.0,12.0,8.0,4.0,1.0,0.0,3.0849626,0.0,9.013333,1.3231512,1.5
teaqrvkusfwlhgc.info,cryptolocker,20.0,15.0,2.0,0.0,0.0,19.0,1.0,0.0,0.0,5.0,0.2631579,14.0,0.7368421,18.0,0.94736844,0.2631579,4.1426644,4.169925,4.087463,7.0,0.0,0.36842105,0.0,0.055555556,0.94182825,0.0,0.0,0.0,15.0,9.5,5.5,1.0,0.0,3.9068906,0.0,8.036111,0.5744971,1.4210526
oqlqltynxurxbtx.info,cryptolocker,20.0,15.0,2.0,0.0,0.0,19.0,1.0,0.0,0.0,4.0,0.21052632,15.0,0.7894737,12.0,0.6315789,0.10526316,3.4713545,4.058814,4.087463,8.0,0.0,0.42105263,0.0,0.5,0.9030471,0.0,0.0,0.0,15.0,9.5,5.5,1.0,0.0,3.189898,0.0,8.257222,1.366096,1.4210526
hlfuvqiqttbedwi.biz,cryptolocker,19.0,15.0,2.0,0.0,0.0,18.0,1.0,0.0,0.0,5.0,0.2777778,13.0,0.7222222,13.0,0.7222222,0.2777778,3.5724313,4.087463,4.0,4.0,0.0,0.22222222,0.0,0.30769232,0.9074074,0.0,0.0,0.0,15.0,9.0,6.0,1.0,0.0,3.5068905,0.0,8.544706,1.3169874,1.4444444
kwjhgehlbqbesr.biz,cryptolocker,18.0,14.0,2.0,0.0,0.0,17.0,1.0,0.0,0.0,3.0,0.1764706,14.0,0.8235294,13.0,0.7647059,0.29411766,3.5724695,4.0,3.9068906,5.0,0.0,0.29411766,0.0,0.23076923,0.90657437,0.0,0.0,0.0,14.0,8.5,5.5,1.0,0.0,3.3787835,0.0,8.36125,1.3275839,1.4705882
cvbybkvfbkrfr.biz,cryptolocker,17.0,13.0,2.0,0.0,0.0,16.0,1.0,0.0,0.0,1.0,0.0625,15.0,0.9375,9.0,0.5625,0.4375,3.0,3.7735572,3.807355,14.0,0.0,0.875,0.0,0.5555556,0.859375,0.0,0.0,0.0,13.0,8.0,5.0,1.0,0.0,2.7192945,0.0,9.226666,1.9496285,1.5
vqnkbjnfmuqjf.info,cryptolocker,18.0,13.0,2.0,0.0,0.0,17.0,1.0,0.0,0.0,3.0,0.1764706,14.0,0.8235294,11.0,0.64705884,0.23529412,3.2927701,3.875,3.9068906,9.0,0.0,0.5294118,0.0,0.36363637,0.8858132,0.0,0.0,0.0,13.0,8.5,4.5,1.0,0.0,3.085055,0.0,8.685625,1.7523053,1.4705882
fmawmyaucgbfy.info,cryptolocker,18.0,13.0,2.0,0.0,0.0,17.0,1.0,0.0,0.0,5.0,0.29411766,12.0,0.7058824,12.0,0.7058824,0.4117647,3.4548223,4.0,3.9068906,5.0,0.0,0.29411766,0.0,0.33333334,0.899654,0.0,0.0,0.0,13.0,8.5,4.5,1.0,0.0,3.085055,0.0,8.650625,1.1103297,1.4705882
sqixwlkjpbqql.co.uk,cryptolocker,19.0,13.0,3.0,0.0,0.0,17.0,1.0,0.0,0.0,3.0,0.1764706,14.0,0.8235294,13.0,0.7647059,0.11764706,3.5724695,4.0,3.9068906,11.0,0.0,0.64705884,0.0,0.23076923,0.90657437,0.0,0.0,0.0,13.0,5.6666665,5.1854496,0.0,0.0,3.180833,0.0,9.0725,1.6541568,1.4705882
enxbwweuptyhdce.org,cryptolocker,19.0,15.0,2.0,0.0,0.0,18.0,1.0,0.0,0.0,5.0,0.2777778,13.0,0.7222222,15.0,0.8333333,0.33333334,3.7946534,4.087463,4.0,6.0,0.0,0.33333334,0.0,0.13333334,0.9197531,0.0,0.0,0.0,15.0,9.0,6.0,1.0,0.0,3.4565647,0.0,8.290588,0.73644966,1.4444444
kfrlkwkgjdojkk.org,cryptolocker,18.0,14.0,2.0,0.0,0.0,17.0,1.0,0.0,0.0,2.0,0.11764706,15.0,0.88235295,9.0,0.5294118,0.11764706,2.9339545,4.0,3.9068906,10.0,0.0,0.5882353,0.0,0.5555556,0.8442907,0.0,0.0,0.0,14.0,8.5,5.5,1.0,0.0,2.8352377,0.0,8.78875,1.7759522,1.4705882
ihobohbdywsy.ru,cryptolocker,15.0,12.0,2.0,0.0,0.0,14.0,1.0,0.0,0.0,4.0,0.2857143,10.0,0.71428573,10.0,0.71428573,0.21428572,3.2359264,3.7004397,3.5849626,8.0,0.0,0.5714286,0.0,0.4,0.8877551,0.0,0.0,0.0,12.0,7.0,5.0,1.0,0.0,2.9182959,0.0,9.098461,1.148581,1.5714285
lfofsvrilmvjkti.com,cryptolocker,19.0,15.0,2.0,0.0,0.0,18.0,1.0,0.0,0.0,4.0,0.22222222,14.0,0.7777778,12.0,0.6666667,0.16666667,3.5032582,4.087463,4.0,6.0,0.0,0.33333334,0.0,0.5,0.9074074,0.0,0.0,0.0,15.0,9.0,6.0,1.0,0.0,3.3735573,0.0,7.1082354,1.0312821,1.4444444
gaafhpmixovlvd.biz,cryptolocker,18.0,14.0,2.0,0.0,0.0,17.0,1.0,0.0,0.0,5.0,0.29411766,12.0,0.7058824,14.0,0.8235294,0.29411766,3.7345216,4.0,3.9068906,5.0,0.0,0.29411766,0.0,0.21428572,0.9204152,0.0,0.0,0.0,14.0,8.5,5.5,1.0,0.0,3.5216405,0.0,9.23125,1.0962648,1.4705882
lvswcnemebvpgu.info,cryptolocker,19.0,14.0,2.0,0.0,0.0,18.0,1.0,0.0,0.0,5.0,0.2777778,13.0,0.7222222,15.0,0.8333333,0.2777778,3.8365917,4.087463,4.0,6.0,0.0,0.33333334,0.0,0.2,0.9259259,0.0,0.0,0.0,14.0,9.0,5.0,1.0,0.0,3.5216405,0.0,7.634706,0.7010524,1.4444444
knrxtyckqvpfu.com,cryptolocker,17.0,13.0,2.0,0.0,0.0,16.0,1.0,0.0,0.0,2.0,0.125,14.0,0.875,14.0,0.875,0.1875,3.75,3.9068906,3.807355,12.0,0.0,0.75,0.0,0.14285715,0.921875,0.0,0.0,0.0,13.0,8.0,5.0,1.0,0.0,3.5465937,0.0,8.335333,1.2172161,1.5
bpdrvetmacvg.net,cryptolocker,16.0,12.0,2.0,0.0,0.0,15.0,1.0,0.0,0.0,3.0,0.2,12.0,0.8,12.0,0.8,0.4,3.5068905,3.6644979,3.7004397,5.0,0.0,0.33333334,0.0,0.25,0.9066667,0.0,0.0,0.0,12.0,7.5,4.5,1.0,0.0,3.4182959,0.0,7.1757145,0.8336239,1.5333333
hvvdyoukkkiekh.com,cryptolocker,18.0,14.0,2.0,0.0,0.0,17.0,1.0,0.0,0.0,5.0,0.29411766,12.0,0.7058824,11.0,0.64705884,0.1764706,3.2639334,3.875,3.9068906,5.0,0.0,0.29411766,0.0,0.36363637,0.8788927,0.0,0.0,0.0,14.0,8.5,5.5,1.0,0.0,2.950212,0.0,8.658125,1.3304119,1.4705882
cptmvbkawngw.org,cryptolocker,16.0,12.0,2.0,0.0,0.0,15.0,1.0,0.0,0.0,2.0,0.13333334,13.0,0.8666667,13.0,0.8666667,0.2,3.640224,3.807355,3.7004397,7.0,0.0,0.46666667,0.0,0.15384616,0.91555554,0.0,0.0,0.0,12.0,7.5,4.5,1.0,0.0,3.4182959,0.0,8.509286,0.98573273,1.5333333
vpqsyhsbynvsewp.co.uk,cryptolocker,21.0,15.0,3.0,0.0,0.0,19.0,1.0,0.0,0.0,3.0,0.15789473,16.0,0.84210527,14.0,0.7368421,0.15789473,3.6818807,4.169925,4.087463,12.0,0.0,0.6315789,0.0,0.2857143,0.9141274,0.0,0.0,0.0,15.0,6.3333335,6.1282587,0.0,0.0,3.189898,0.0,8.761666,1.0726677,1.4210526
comlolglhljo.info,cryptolocker,17.0,12.0,2.0,0.0,0.0,16.0,1.0,0.0,0.0,5.0,0.3125,11.0,0.6875,10.0,0.625,0.125,3.0,3.9068906,3.807355,6.0,0.0,0.375,0.0,0.2,0.84375,0.0,0.0,0.0,12.0,8.0,4.0,1.0,0.0,2.5220551,0.0,6.9286666,1.1556474,1.5
sanrdmfmncbhyv.co.uk,cryptolocker,20.0,14.0,3.0,0.0,0.0,18.0,1.0,0.0,0.0,3.0,0.16666667,15.0,0.8333333,15.0,0.8333333,0.33333334,3.8365917,4.087463,4.0,13.0,0.0,0.7222222,0.0,0.2,0.9259259,0.0,0.0,0.0,14.0,6.0,5.656854,0.0,0.0,3.5216405,0.0,8.258823,0.74856687,1.4444444
qenlgfgdamcojvw.org,cryptolocker,19.0,15.0,2.0,0.0,0.0,18.0,1.0,0.0,0.0,4.0,0.22222222,14.0,0.7777778,15.0,0.8333333,0.2777778,3.7946534,4.087463,4.0,6.0,0.0,0.33333334,0.0,0.13333334,0.9197531,0.0,0.0,0.0,15.0,9.0,6.0,1.0,0.0,3.7735572,0.0,7.9735293,0.9263341,1.4444444
adwwyvnfrfwdt.com,cryptolocker,17.0,13.0,2.0,0.0,0.0,16.0,1.0,0.0,0.0,2.0,0.125,14.0,0.875,12.0,0.75,0.375,3.4528196,3.9068906,3.807355,13.0,0.0,0.8125,0.0,0.25,0.8984375,0.0,0.0,0.0,13.0,8.0,5.0,1.0,0.0,3.0269868,0.0,8.243333,1.099982,1.5
xesnbngkubwk.ru,cryptolocker,15.0,12.0,2.0,0.0,0.0,14.0,1.0,0.0,0.0,3.0,0.21428572,11.0,0.78571427,10.0,0.71428573,0.21428572,3.2359264,3.7004397,3.5849626,6.0,0.0,0.42857143,0.0,0.4,0.8877551,0.0,0.0,0.0,12.0,7.0,5.0,1.0,0.0,3.0849626,0.0,8.816923,1.3468757,1.5714285
xkxrndaobtsh.ru,cryptolocker,15.0,12.0,2.0,0.0,0.0,14.0,1.0,0.0,0.0,3.0,0.21428572,11.0,0.78571427,12.0,0.85714287,0.21428572,3.5216405,3.7004397,3.5849626,6.0,0.0,0.42857143,0.0,0.16666667,0.90816325,0.0,0.0,0.0,12.0,7.0,5.0,1.0,0.0,3.4182959,0.0,8.961538,1.005341,1.5714285
snjprahulmyr.biz,cryptolocker,16.0,12.0,2.0,0.0,0.0,15.0,1.0,0.0,0.0,3.0,0.2,12.0,0.8,14.0,0.93333334,0.13333334,3.7735572,3.807355,3.7004397,5.0,0.0,0.33333334,0.0,0.071428575,0.92444444,0.0,0.0,0.0,12.0,7.5,4.5,1.0,0.0,3.4182959,0.0,8.216429,0.8896364,1.5333333
pyyowbakbgrv.org,cryptolocker,16.0,12.0,2.0,0.0,0.0,15.0,1.0,0.0,0.0,3.0,0.2,12.0,0.8,10.0,0.6666667,0.2,3.240224,3.807355,3.7004397,5.0,0.0,0.33333334,0.0,0.5,0.8888889,0.0,0.0,0.0,12.0,7.5,4.5,1.0,0.0,3.251629,0.0,8.15,1.3291609,1.5333333
hgoksfvcwwiqaqq.org,cryptolocker,19.0,15.0,2.0,0.0,0.0,18.0,1.0,0.0,0.0,4.0,0.22222222,14.0,0.7777778,13.0,0.7222222,0.16666667,3.5724313,4.087463,4.0,7.0,0.0,0.3888889,0.0,0.30769232,0.9074074,0.0,0.0,0.0,15.0,9.0,6.0,1.0,0.0,3.4565647,0.0,9.535295,1.3808043,1.4444444
lsufewvbykpiydx.com,cryptolocker,19.0,15.0,2.0,0.0,0.0,18.0,1.0,0.0,0.0,4.0,0.22222222,14.0,0.7777778,17.0,0.9444444,0.2777778,4.058814,4.087463,4.0,6.0,0.0,0.33333334,0.0,0.05882353,0.9382716,0.0,0.0,0.0,15.0,9.0,6.0,1.0,0.0,3.7735572,0.0,8.828236,0.81798506,1.4444444
mcnmaqsrmcmwg.net,cryptolocker,17.0,13.0,2.0,0.0,0.0,16.0,1.0,0.0,0.0,2.0,0.125,14.0,0.875,11.0,0.6875,0.25,3.25,3.7735572,3.807355,9.0,0.0,0.5625,0.0,0.27272728,0.875,0.0,0.0,0.0,13.0,8.0,5.0,1.0,0.0,2.9312088,0.0,8.6293335,1.0663569,1.5
hjcuohypygjgr.biz,cryptolocker,17.0,13.0,2.0,0.0,0.0,16.0,1.0,0.0,0.0,3.0,0.1875,13.0,0.8125,12.0,0.75,0.125,3.5,3.9068906,3.807355,9.0,0.0,0.5625,0.0,0.33333334,0.90625,0.0,0.0,0.0,13.0,8.0,5.0,1.0,0.0,3.085055,0.0,9.206667,1.4270946,1.5
hjavqcojaqqy.co.uk,cryptolocker,18.0,12.0,3.0,0.0,0.0,16.0,1.0,0.0,0.0,5.0,0.3125,11.0,0.6875,10.0,0.625,0.25,3.2028196,3.640224,3.807355,4.0,0.0,0.25,0.0,0.5,0.8828125,0.0,0.0,0.0,12.0,5.3333335,4.714045,0.0,0.0,2.8553886,0.0,8.529333,1.8531284,1.5
susqrwwhywwogs.co.uk,cryptolocker,20.0,14.0,3.0,0.0,0.0,18.0,1.0,0.0,0.0,4.0,0.22222222,14.0,0.7777778,11.0,0.6111111,0.055555556,3.2390978,3.9698157,4.0,9.0,0.0,0.5,0.0,0.36363637,0.8765432,0.0,0.0,0.0,14.0,6.0,5.656854,0.0,0.0,2.8962915,0.0,8.478235,1.2994492,1.4444444
ftryilixttvcyd.co.uk,cryptolocker,20.0,14.0,3.0,0.0,0.0,18.0,1.0,0.0,0.0,4.0,0.22222222,14.0,0.7777778,13.0,0.7222222,0.22222222,3.5724313,4.087463,4.0,8.0,0.0,0.44444445,0.0,0.30769232,0.9074074,0.0,0.0,0.0,14.0,6.0,5.656854,0.0,0.0,3.182006,0.0,7.22,0.96672815,1.4444444
jqfqgkmgedqr.net,cryptolocker,16.0,12.0,2.0,0.0,0.0,15.0,1.0,0.0,0.0,2.0,0.13333334,13.0,0.8666667,11.0,0.73333335,0.26666668,3.3232315,3.807355,3.7004397,8.0,0.0,0.53333336,0.0,0.27272728,0.8888889,0.0,0.0,0.0,12.0,7.5,4.5,1.0,0.0,3.0220551,0.0,7.9807143,1.6176488,1.5333333
aevjpfntnbwar.co.uk,cryptolocker,19.0,13.0,3.0,0.0,0.0,17.0,1.0,0.0,0.0,5.0,0.29411766,12.0,0.7058824,15.0,0.88235295,0.3529412,3.8521688,4.0,3.9068906,9.0,0.0,0.5294118,0.0,0.13333334,0.9273356,0.0,0.0,0.0,13.0,5.6666665,5.1854496,0.0,0.0,3.3927474,0.0,7.77125,0.74060833,1.4705882
eindcgcqpidurw.org,cryptolocker,18.0,14.0,2.0,0.0,0.0,17.0,1.0,0.0,0.0,5.0,0.29411766,12.0,0.7058824,12.0,0.7058824,0.29411766,3.4992275,4.0,3.9068906,7.0,0.0,0.4117647,0.0,0.41666666,0.90657437,0.0,0.0,0.0,14.0,8.5,5.5,1.0,0.0,3.3787835,0.0,7.060625,0.92794824,1.4705882
fxoyyaufagekdf.com,cryptolocker,18.0,14.0,2.0,0.0,0.0,17.0,1.0,0.0,0.0,6.0,0.3529412,11.0,0.64705884,12.0,0.7058824,0.47058824,3.4548223,4.0,3.9068906,4.0,0.0,0.23529412,0.0,0.33333334,0.899654,0.0,0.0,0.0,14.0,8.5,5.5,1.0,0.0,3.182006,0.0,8.38625,1.146882,1.4705882
swlutcxsecty.info,cryptolocker,17.0,12.0,2.0,0.0,0.0,16.0,1.0,0.0,0.0,4.0,0.25,12.0,0.75,13.0,0.8125,0.25,3.625,3.9068906,3.807355,4.0,0.0,0.25,0.0,0.23076923,0.9140625,0.0,0.0,0.0,12.0,8.0,4.0,1.0,0.0,3.0849626,0.0,7.3353333,0.7433702,1.5
hwjjenhldospdjc.com,cryptolocker,19.0,15.0,2.0,0.0,0.0,18.0,1.0,0.0,0.0,3.0,0.16666667,15.0,0.8333333,12.0,0.6666667,0.2777778,3.4613202,4.087463,4.0,6.0,0.0,0.33333334,0.0,0.41666666,0.90123457,0.0,0.0,0.0,15.0,9.0,6.0,1.0,0.0,3.3232315,0.0,7.9841175,1.1271648,1.4444444
prjfbetmlqccwsc.net,cryptolocker,19.0,15.0,2.0,0.0,0.0,18.0,1.0,0.0,0.0,2.0,0.11111111,16.0,0.8888889,14.0,0.7777778,0.3888889,3.6835423,3.9698157,4.0,10.0,0.0,0.5555556,0.0,0.21428572,0.91358024,0.0,0.0,0.0,15.0,9.0,6.0,1.0,0.0,3.589898,0.0,8.069412,0.92481756,1.4444444
xbhikrpyasjv.biz,cryptolocker,16.0,12.0,2.0,0.0,0.0,15.0,1.0,0.0,0.0,3.0,0.2,12.0,0.8,13.0,0.8666667,0.2,3.640224,3.807355,3.7004397,4.0,0.0,0.26666668,0.0,0.15384616,0.91555554,0.0,0.0,0.0,12.0,7.5,4.5,1.0,0.0,3.5849626,0.0,8.163571,1.3648224,1.5333333
dpmqpasdbantc.net,cryptolocker,17.0,13.0,2.0,0.0,0.0,16.0,1.0,0.0,0.0,3.0,0.1875,13.0,0.8125,11.0,0.6875,0.4375,3.375,3.9068906,3.807355,5.0,0.0,0.3125,0.0,0.45454547,0.8984375,0.0,0.0,0.0,13.0,8.0,5.0,1.0,0.0,3.2389011,0.0,6.702,0.92191094,1.5
yokariggiusp.org,cryptolocker,16.0,12.0,2.0,0.0,0.0,15.0,1.0,0.0,0.0,6.0,0.4,9.0,0.6,10.0,0.6666667,0.06666667,3.189898,3.807355,3.7004397,2.0,0.0,0.13333334,0.0,0.4,0.88,0.0,0.0,0.0,12.0,7.5,4.5,1.0,0.0,3.251629,0.0,6.6192856,0.9912251,1.5333333
yyukvtspequux.ru,cryptolocker,16.0,13.0,2.0,0.0,0.0,15.0,1.0,0.0,0.0,5.0,0.33333334,10.0,0.6666667,11.0,0.73333335,0.06666667,3.240224,3.807355,3.7004397,5.0,0.0,0.33333334,0.0,0.18181819,0.8711111,0.0,0.0,0.0,13.0,7.5,5.5,1.0,0.0,3.180833,0.0,9.084286,1.4724503,1.5333333
pctjwpfdyyno.info,cryptolocker,17.0,12.0,2.0,0.0,0.0,16.0,1.0,0.0,0.0,3.0,0.1875,13.0,0.8125,11.0,0.6875,0.25,3.375,3.9068906,3.807355,11.0,0.0,0.6875,0.0,0.45454547,0.8984375,0.0,0.0,0.0,12.0,8.0,4.0,1.0,0.0,3.251629,0.0,8.282,1.1652886,1.5
ddhhdggvwxtuv.info,cryptolocker,18.0,13.0,2.0,0.0,0.0,17.0,1.0,0.0,0.0,3.0,0.1764706,14.0,0.8235294,12.0,0.7058824,0.23529412,3.4548223,4.0,3.9068906,11.0,0.0,0.64705884,0.0,0.33333334,0.899654,0.0,0.0,0.0,13.0,8.5,4.5,1.0,0.0,2.8731406,0.0,8.37625,1.210559,1.4705882
waojpkvttbave.com,cryptolocker,17.0,13.0,2.0,0.0,0.0,16.0,1.0,0.0,0.0,5.0,0.3125,11.0,0.6875,12.0,0.75,0.3125,3.5,3.9068906,3.807355,7.0,0.0,0.4375,0.0,0.33333334,0.90625,0.0,0.0,0.0,13.0,8.0,5.0,1.0,0.0,3.2389011,0.0,7.858,1.0322384,1.5
ymggefbnswqmjrc.org,cryptolocker,19.0,15.0,2.0,0.0,0.0,18.0,1.0,0.0,0.0,2.0,0.11111111,16.0,0.8888889,14.0,0.7777778,0.22222222,3.6835423,4.087463,4.0,10.0,0.0,0.5555556,0.0,0.21428572,0.91358024,0.0,0.0,0.0,15.0,9.0,6.0,1.0,0.0,3.640224,0.0,8.321177,1.0663838,1.4444444
dgbgfbikiayf.com,cryptolocker,16.0,12.0,2.0,0.0,0.0,15.0,1.0,0.0,0.0,4.0,0.26666668,11.0,0.73333335,11.0,0.73333335,0.46666667,3.3735573,3.807355,3.7004397,6.0,0.0,0.4,0.0,0.36363637,0.8977778,0.0,0.0,0.0,12.0,7.5,4.5,1.0,0.0,2.9182959,0.0,7.8357143,1.2353165,1.5333333
oqcjigxeeabp.ru,cryptolocker,15.0,12.0,2.0,0.0,0.0,14.0,1.0,0.0,0.0,6.0,0.42857143,8.0,0.5714286,13.0,0.9285714,0.35714287,3.6644979,3.7004397,3.5849626,3.0,0.0,0.21428572,0.0,0.07692308,0.9183673,0.0,0.0,0.0,12.0,7.0,5.0,1.0,0.0,3.4182959,0.0,8.413846,1.0647342,1.5714285
ifpxxeilhpuh.org,cryptolocker,16.0,12.0,2.0,0.0,0.0,15.0,1.0,0.0,0.0,5.0,0.33333334,10.0,0.6666667,11.0,0.73333335,0.13333334,3.3735573,3.807355,3.7004397,4.0,0.0,0.26666668,0.0,0.36363637,0.8977778,0.0,0.0,0.0,12.0,7.5,4.5,1.0,0.0,2.9182959,0.0,7.7085714,1.1963583,1.5333333
lnpkuhshfiydlur.org,cryptolocker,19.0,15.0,2.0,0.0,0.0,18.0,1.0,0.0,0.0,4.0,0.22222222,14.0,0.7777778,14.0,0.7777778,0.11111111,3.7254806,4.087463,4.0,4.0,0.0,0.22222222,0.0,0.2857143,0.9197531,0.0,0.0,0.0,15.0,9.0,6.0,1.0,0.0,3.5068905,0.0,8.437647,0.72318923,1.4444444
wldadwvajmkdifh.info,cryptolocker,20.0,15.0,2.0,0.0,0.0,19.0,1.0,0.0,0.0,5.0,0.2631579,14.0,0.7368421,13.0,0.68421054,0.36842105,3.5766177,4.169925,4.087463,4.0,0.0,0.21052632,0.0,0.3846154,0.9085873,0.0,0.0,0.0,15.0,9.5,5.5,1.0,0.0,3.3232315,0.0,7.7355556,1.0161376,1.4210526
jcatxypoxcdumx.co.uk,cryptolocker,20.0,14.0,3.0,0.0,0.0,18.0,1.0,0.0,0.0,5.0,0.2777778,13.0,0.7222222,12.0,0.6666667,0.2777778,3.4193819,3.9698157,4.0,4.0,0.0,0.22222222,0.0,0.33333334,0.89506173,0.0,0.0,0.0,14.0,6.0,5.656854,0.0,0.0,3.324863,0.0,7.8782353,1.3999486,1.4444444
bgddibttoelxgp.com,cryptolocker,18.0,14.0,2.0,0.0,0.0,17.0,1.0,0.0,0.0,4.0,0.23529412,13.0,0.7647059,12.0,0.7058824,0.3529412,3.4992275,4.0,3.9068906,5.0,0.0,0.29411766,0.0,0.41666666,0.90657437,0.0,0.0,0.0,14.0,8.5,5.5,1.0,0.0,3.2359264,0.0,7.8,0.9524517,1.4705882
latwyvcibyjdfi.info,cryptolocker,19.0,14.0,2.0,0.0,0.0,18.0,1.0,0.0,0.0,5.0,0.2777778,13.0,0.7222222,14.0,0.7777778,0.33333334,3.6835423,4.087463,4.0,5.0,0.0,0.2777778,0.0,0.21428572,0.91358024,0.0,0.0,0.0,14.0,9.0,5.0,1.0,0.0,3.5216405,0.0,7.8917646,0.9458273,1.4444444
fgjvfxmcljpmg.co.uk,cryptolocker,19.0,13.0,3.0,0.0,0.0,17.0,1.0,0.0,0.0,2.0,0.11764706,15.0,0.88235295,12.0,0.7058824,0.23529412,3.4992275,4.0,3.9068906,14.0,0.0,0.8235294,0.0,0.41666666,0.90657437,0.0,0.0,0.0,13.0,5.6666665,5.1854496,0.0,0.0,3.085055,0.0,8.705625,1.5342125,1.4705882
ekwrpcxiiggiuvg.ru,cryptolocker,18.0,15.0,2.0,0.0,0.0,17.0,1.0,0.0,0.0,6.0,0.3529412,11.0,0.64705884,11.0,0.64705884,0.11764706,3.2927701,4.0,3.9068906,6.0,0.0,0.3529412,0.0,0.36363637,0.8858132,0.0,0.0,0.0,15.0,8.5,6.5,1.0,0.0,3.2729056,0.0,9.2325,1.2270646,1.4705882
npnkyaobxgcyhp.com,dircrypt,18.0,14.0,2.0,0.0,0.0,17.0,1.0,0.0,0.0,3.0,0.1764706,14.0,0.8235294,12.0,0.7058824,0.23529412,3.4992275,4.0,3.9068906,8.0,0.0,0.47058824,0.0,0.41666666,0.90657437,0.0,0.0,0.0,14.0,8.5,5.5,1.0,0.0,3.3787835,0.0,8.4475,1.1207011,1.4705882
hvrwpcswv.com,dircrypt,13.0,9.0,2.0,0.0,0.0,12.0,1.0,0.0,0.0,1.0,0.083333336,11.0,0.9166667,9.0,0.75,0.16666667,3.0849626,3.4594316,3.321928,10.0,0.0,0.8333333,0.0,0.33333334,0.875,0.0,0.0,0.0,9.0,6.0,3.0,1.0,0.0,2.7254806,0.0,8.740909,1.425476,1.6666666
nofjtfae.com,dircrypt,12.0,8.0,2.0,0.0,0.0,11.0,1.0,0.0,0.0,4.0,0.36363637,7.0,0.6363636,9.0,0.8181818,0.45454547,3.0957952,3.321928,3.169925,4.0,0.0,0.36363637,0.0,0.22222222,0.87603307,0.0,0.0,0.0,8.0,5.5,2.5,1.0,0.0,2.75,0.0,7.397,1.1333903,1.7272727
qtmkqtbuadlacqjxwfj.com,dircrypt,23.0,19.0,2.0,0.0,0.0,22.0,1.0,0.0,0.0,4.0,0.18181819,18.0,0.8181818,15.0,0.6818182,0.3181818,3.788755,4.2970796,4.321928,8.0,0.0,0.36363637,0.0,0.4,0.9214876,0.0,0.0,0.0,19.0,11.0,8.0,1.0,0.0,3.6818807,0.0,8.084286,1.3413146,1.3636364
nlryatqonhzvpim.com,dircrypt,19.0,15.0,2.0,0.0,0.0,18.0,1.0,0.0,0.0,4.0,0.22222222,14.0,0.7777778,15.0,0.8333333,0.11111111,3.8365917,4.087463,4.0,5.0,0.0,0.2777778,0.0,0.2,0.9259259,0.0,0.0,0.0,15.0,9.0,6.0,1.0,0.0,3.7735572,0.0,7.2088237,0.808064,1.4444444
shzuiyrrzt.com,dircrypt,14.0,10.0,2.0,0.0,0.0,13.0,1.0,0.0,0.0,3.0,0.23076923,10.0,0.7692308,11.0,0.84615386,0.07692308,3.3927474,3.5849626,3.4594316,6.0,0.0,0.46153846,0.0,0.18181819,0.8994083,0.0,0.0,0.0,10.0,6.5,3.5,1.0,0.0,2.9219282,0.0,8.42,1.159933,1.6153846
rpjssgjbnidhtpujgv.com,dircrypt,22.0,18.0,2.0,0.0,0.0,21.0,1.0,0.0,0.0,3.0,0.14285715,18.0,0.85714287,16.0,0.7619048,0.14285715,3.88018,4.321928,4.2479277,9.0,0.0,0.42857143,0.0,0.25,0.92517006,0.0,0.0,0.0,18.0,10.5,7.5,1.0,0.0,3.5724313,0.0,8.3775,0.9001315,1.3809524
mmmhkkwvkeot.com,dircrypt,16.0,12.0,2.0,0.0,0.0,15.0,1.0,0.0,0.0,3.0,0.2,12.0,0.8,9.0,0.6,0.13333334,2.9232314,3.6644979,3.7004397,9.0,0.0,0.6,0.0,0.33333334,0.84444445,0.0,0.0,0.0,12.0,7.5,4.5,1.0,0.0,2.7924812,0.0,8.52,1.478506,1.5333333
vozwhxpexrjyqpjeg.com,dircrypt,21.0,17.0,2.0,0.0,0.0,20.0,1.0,0.0,0.0,4.0,0.2,16.0,0.8,15.0,0.75,0.15,3.821928,4.2479277,4.169925,7.0,0.0,0.35,0.0,0.33333334,0.925,0.0,0.0,0.0,17.0,10.0,7.0,1.0,0.0,3.6168747,0.0,8.630527,1.3410113,1.4
clfafwwmvztdqtvaqrkk.com,dircrypt,24.0,20.0,2.0,0.0,0.0,23.0,1.0,0.0,0.0,3.0,0.13043478,20.0,0.8695652,14.0,0.6086956,0.3043478,3.7409532,4.4594316,4.3923173,11.0,0.0,0.47826087,0.0,0.64285713,0.92249525,0.0,0.0,0.0,20.0,11.5,8.5,1.0,0.0,3.621928,0.0,9.103637,1.2302068,1.3478261
bxyiahasohwuqbzlss.com,dircrypt,22.0,18.0,2.0,0.0,0.0,21.0,1.0,0.0,0.0,6.0,0.2857143,15.0,0.71428573,15.0,0.71428573,0.23809524,3.784942,4.321928,4.2479277,7.0,0.0,0.33333334,0.0,0.33333334,0.9206349,0.0,0.0,0.0,18.0,10.5,7.5,1.0,0.0,3.5724313,0.0,7.614,0.94661534,1.3809524
ynofjjzbosxpim.com,dircrypt,18.0,14.0,2.0,0.0,0.0,17.0,1.0,0.0,0.0,4.0,0.23529412,13.0,0.7647059,13.0,0.7647059,0.1764706,3.5724695,4.0,3.9068906,5.0,0.0,0.29411766,0.0,0.23076923,0.90657437,0.0,0.0,0.0,14.0,8.5,5.5,1.0,0.0,3.5216405,0.0,8.0625,1.2995815,1.4705882
xdrbpimuzpormsxjtnvl.com,dircrypt,24.0,20.0,2.0,0.0,0.0,23.0,1.0,0.0,0.0,4.0,0.17391305,19.0,0.82608694,17.0,0.73913044,0.13043478,3.9690015,4.4594316,4.3923173,10.0,0.0,0.4347826,0.0,0.29411766,0.9300567,0.0,0.0,0.0,20.0,11.5,8.5,1.0,0.0,3.9219282,0.0,8.195,0.87114114,1.3478261
yctjwvlghhcbrqllxwpl.com,dircrypt,24.0,20.0,2.0,0.0,0.0,23.0,1.0,0.0,0.0,1.0,0.04347826,22.0,0.95652175,16.0,0.6956522,0.17391305,3.7950885,4.4594316,4.3923173,21.0,0.0,0.9130435,0.0,0.25,0.91493386,0.0,0.0,0.0,20.0,11.5,8.5,1.0,0.0,3.621928,0.0,8.851363,1.1120019,1.3478261
qobsbhmgrppxuybvj.com,dircrypt,21.0,17.0,2.0,0.0,0.0,20.0,1.0,0.0,0.0,3.0,0.15,17.0,0.85,15.0,0.75,0.2,3.7841837,4.2479277,4.169925,10.0,0.0,0.5,0.0,0.26666668,0.92,0.0,0.0,0.0,17.0,10.0,7.0,1.0,0.0,3.6901164,0.0,8.3889475,1.2247535,1.4
uvhzdvgpjfjou.com,dircrypt,17.0,13.0,2.0,0.0,0.0,16.0,1.0,0.0,0.0,4.0,0.25,12.0,0.75,12.0,0.75,0.1875,3.5,3.9068906,3.807355,10.0,0.0,0.625,0.0,0.33333334,0.90625,0.0,0.0,0.0,13.0,8.0,5.0,1.0,0.0,3.2389011,0.0,8.568666,1.4920733,1.5
ibawpnvroajkbiwsrk.com,dircrypt,22.0,18.0,2.0,0.0,0.0,21.0,1.0,0.0,0.0,6.0,0.2857143,15.0,0.71428573,14.0,0.6666667,0.23809524,3.7256508,4.321928,4.2479277,5.0,0.0,0.23809524,0.0,0.5,0.9206349,0.0,0.0,0.0,18.0,10.5,7.5,1.0,0.0,3.5032582,0.0,8.3475,0.8561644,1.3809524
rvvphrzolvnwfpd.com,dircrypt,19.0,15.0,2.0,0.0,0.0,18.0,1.0,0.0,0.0,2.0,0.11111111,16.0,0.8888889,13.0,0.7222222,0.16666667,3.5724313,4.087463,4.0,8.0,0.0,0.44444445,0.0,0.30769232,0.9074074,0.0,0.0,0.0,15.0,9.0,6.0,1.0,0.0,3.3232315,0.0,8.853529,1.1533781,1.4444444
icxdaantf.com,dircrypt,13.0,9.0,2.0,0.0,0.0,12.0,1.0,0.0,0.0,4.0,0.33333334,8.0,0.6666667,10.0,0.8333333,0.5,3.251629,3.4594316,3.321928,4.0,0.0,0.33333334,0.0,0.2,0.8888889,0.0,0.0,0.0,9.0,6.0,3.0,1.0,0.0,2.947703,0.0,6.67,1.0144641,1.6666666
xnvhbcrvvwnsbslbhdhe.com,dircrypt,24.0,20.0,2.0,0.0,0.0,23.0,1.0,0.0,0.0,2.0,0.08695652,21.0,0.9130435,14.0,0.6086956,0.3043478,3.6424897,4.4594316,4.3923173,19.0,0.0,0.82608694,0.0,0.42857143,0.91115314,0.0,0.0,0.0,20.0,11.5,8.5,1.0,0.0,3.408695,0.0,8.124545,1.0123236,1.3478261
bqemoqovnxdydms.com,dircrypt,19.0,15.0,2.0,0.0,0.0,18.0,1.0,0.0,0.0,4.0,0.22222222,14.0,0.7777778,12.0,0.6666667,0.2777778,3.4193819,4.087463,4.0,9.0,0.0,0.5,0.0,0.33333334,0.89506173,0.0,0.0,0.0,15.0,9.0,6.0,1.0,0.0,3.3735573,0.0,8.470589,1.2997156,1.4444444
shkjdvusfplos.com,dircrypt,17.0,13.0,2.0,0.0,0.0,16.0,1.0,0.0,0.0,3.0,0.1875,13.0,0.8125,13.0,0.8125,0.1875,3.5778196,3.9068906,3.807355,6.0,0.0,0.375,0.0,0.15384616,0.90625,0.0,0.0,0.0,13.0,8.0,5.0,1.0,0.0,3.3346791,0.0,7.8553333,0.97693515,1.5
wxzpqlbnzkspqhf.com,dircrypt,19.0,15.0,2.0,0.0,0.0,18.0,1.0,0.0,0.0,1.0,0.055555556,17.0,0.9444444,15.0,0.8333333,0.16666667,3.8365917,3.9698157,4.0,16.0,0.0,0.8888889,0.0,0.2,0.9259259,0.0,0.0,0.0,15.0,9.0,6.0,1.0,0.0,3.5068905,0.0,8.80353,1.5011176,1.4444444
vlzprwxgnpoomsu.com,dircrypt,19.0,15.0,2.0,0.0,0.0,18.0,1.0,0.0,0.0,4.0,0.22222222,14.0,0.7777778,14.0,0.7777778,0.055555556,3.6835423,3.9698157,4.0,10.0,0.0,0.5555556,0.0,0.21428572,0.91358024,0.0,0.0,0.0,15.0,9.0,6.0,1.0,0.0,3.640224,0.0,8.016471,0.99342185,1.4444444
cdspeaqehefc.com,dircrypt,16.0,12.0,2.0,0.0,0.0,15.0,1.0,0.0,0.0,5.0,0.33333334,10.0,0.6666667,11.0,0.73333335,0.6,3.2729056,3.807355,3.7004397,4.0,0.0,0.26666668,0.0,0.18181819,0.88,0.0,0.0,0.0,12.0,7.5,4.5,1.0,0.0,3.0220551,0.0,6.92,1.0261549,1.5333333
rpnjcksozujczmjmdhh.com,dircrypt,23.0,19.0,2.0,0.0,0.0,22.0,1.0,0.0,0.0,3.0,0.13636364,19.0,0.8636364,13.0,0.59090906,0.18181819,3.5383105,4.2970796,4.321928,10.0,0.0,0.45454547,0.0,0.46153846,0.90495867,0.0,0.0,0.0,19.0,11.0,8.0,1.0,0.0,3.5766177,0.0,9.041429,1.3344936,1.3636364
eufoomisyzuk.com,dircrypt,16.0,12.0,2.0,0.0,0.0,15.0,1.0,0.0,0.0,7.0,0.46666667,8.0,0.53333336,11.0,0.73333335,0.2,3.3232315,3.6644979,3.7004397,3.0,0.0,0.2,0.0,0.27272728,0.8888889,0.0,0.0,0.0,12.0,7.5,4.5,1.0,0.0,3.251629,0.0,7.0814285,1.0981599,1.5333333
kqqwqhellorygujphs.com,dircrypt,22.0,18.0,2.0,0.0,0.0,21.0,1.0,0.0,0.0,4.0,0.1904762,17.0,0.8095238,16.0,0.7619048,0.0952381,3.88018,4.321928,4.2479277,6.0,0.0,0.2857143,0.0,0.25,0.92517006,0.0,0.0,0.0,18.0,10.5,7.5,1.0,0.0,3.6835423,0.0,7.5065,1.0902904,1.3809524
bqkbrcbxfvdofqrtk.com,dircrypt,21.0,17.0,2.0,0.0,0.0,20.0,1.0,0.0,0.0,2.0,0.1,18.0,0.9,12.0,0.6,0.4,3.4841838,4.2479277,4.169925,11.0,0.0,0.55,0.0,0.5833333,0.905,0.0,0.0,0.0,17.0,10.0,7.0,1.0,0.0,3.3371754,0.0,8.572105,1.524594,1.4
hvpcufoefphjwuwkj.com,dircrypt,21.0,17.0,2.0,0.0,0.0,20.0,1.0,0.0,0.0,5.0,0.25,15.0,0.75,12.0,0.6,0.25,3.521928,4.2479277,4.169925,5.0,0.0,0.25,0.0,0.6666667,0.91,0.0,0.0,0.0,17.0,10.0,7.0,1.0,0.0,3.3815806,0.0,8.936842,1.3123698,1.4
aucyuhyhump.com,dircrypt,15.0,11.0,2.0,0.0,0.0,14.0,1.0,0.0,0.0,5.0,0.35714287,9.0,0.64285713,8.0,0.5714286,0.21428572,2.8962915,3.7004397,3.5849626,3.0,0.0,0.21428572,0.0,0.625,0.85714287,0.0,0.0,0.0,11.0,7.0,4.0,1.0,0.0,2.6635327,0.0,8.106923,1.4162809,1.5714285
czjhtgazpq.com,dircrypt,14.0,10.0,2.0,0.0,0.0,13.0,1.0,0.0,0.0,2.0,0.15384616,11.0,0.84615386,11.0,0.84615386,0.23076923,3.3927474,3.5849626,3.4594316,6.0,0.0,0.46153846,0.0,0.18181819,0.8994083,0.0,0.0,0.0,10.0,6.5,3.5,1.0,0.0,3.121928,0.0,8.845834,1.656694,1.6153846
vktqnycekzx.com,dircrypt,15.0,11.0,2.0,0.0,0.0,14.0,1.0,0.0,0.0,2.0,0.14285715,12.0,0.85714287,12.0,0.85714287,0.21428572,3.5216405,3.7004397,3.5849626,7.0,0.0,0.5,0.0,0.16666667,0.90816325,0.0,0.0,0.0,11.0,7.0,4.0,1.0,0.0,3.2776134,0.0,8.396153,1.4887863,1.5714285
oqhihyrxublwpc.com,dircrypt,18.0,14.0,2.0,0.0,0.0,17.0,1.0,0.0,0.0,4.0,0.23529412,13.0,0.7647059,14.0,0.8235294,0.1764706,3.7345216,4.0,3.9068906,6.0,0.0,0.3529412,0.0,0.21428572,0.9204152,0.0,0.0,0.0,14.0,8.5,5.5,1.0,0.0,3.6644979,0.0,8.355625,1.06165,1.4705882
icsnqeyjaxpvmydeaxte.com,dircrypt,24.0,20.0,2.0,0.0,0.0,23.0,1.0,0.0,0.0,7.0,0.3043478,16.0,0.6956522,16.0,0.6956522,0.3478261,3.882045,4.3685226,4.3923173,6.0,0.0,0.26086956,0.0,0.375,0.92627597,0.0,0.0,0.0,20.0,11.5,8.5,1.0,0.0,3.7841837,0.0,7.7272725,0.8189813,1.3478261
rhnjnyeihzjaepwwgte.com,dircrypt,23.0,19.0,2.0,0.0,0.0,22.0,1.0,0.0,0.0,6.0,0.27272728,16.0,0.72727275,16.0,0.72727275,0.22727273,3.879664,4.3923173,4.321928,6.0,0.0,0.27272728,0.0,0.3125,0.92561984,0.0,0.0,0.0,19.0,11.0,8.0,1.0,0.0,3.5766177,0.0,8.442381,0.74299294,1.3636364
qtvrysbegonlu.com,dircrypt,17.0,13.0,2.0,0.0,0.0,16.0,1.0,0.0,0.0,4.0,0.25,12.0,0.75,15.0,0.9375,0.1875,3.875,3.9068906,3.807355,7.0,0.0,0.4375,0.0,0.06666667,0.9296875,0.0,0.0,0.0,13.0,8.0,5.0,1.0,0.0,3.7004397,0.0,7.7506666,0.69592416,1.5
ezfauhkxlzk.com,dircrypt,15.0,11.0,2.0,0.0,0.0,14.0,1.0,0.0,0.0,4.0,0.2857143,10.0,0.71428573,12.0,0.85714287,0.2857143,3.5216405,3.7004397,3.5849626,7.0,0.0,0.5,0.0,0.16666667,0.90816325,0.0,0.0,0.0,11.0,7.0,4.0,1.0,0.0,3.0957952,0.0,8.934615,1.4308596,1.5714285
bcfknixhdnsxvpbuxh.com,dircrypt,22.0,18.0,2.0,0.0,0.0,21.0,1.0,0.0,0.0,3.0,0.14285715,18.0,0.85714287,15.0,0.71428573,0.2857143,3.784942,4.221928,4.2479277,9.0,0.0,0.42857143,0.0,0.33333334,0.9206349,0.0,0.0,0.0,18.0,10.5,7.5,1.0,0.0,3.5724313,0.0,8.657,1.1464661,1.3809524
csujxfhsvjzxvxxrczg.com,dircrypt,23.0,19.0,2.0,0.0,0.0,22.0,1.0,0.0,0.0,2.0,0.09090909,20.0,0.90909094,13.0,0.59090906,0.18181819,3.5160277,4.3923173,4.321928,17.0,0.0,0.77272725,0.0,0.46153846,0.90082645,0.0,0.0,0.0,19.0,11.0,8.0,1.0,0.0,3.300559,0.0,9.340476,1.7466499,1.3636364
vtluidadkotgveetq.com,dircrypt,21.0,17.0,2.0,0.0,0.0,20.0,1.0,0.0,0.0,7.0,0.35,13.0,0.65,14.0,0.7,0.3,3.6841838,4.2479277,4.169925,3.0,0.0,0.15,0.0,0.35714287,0.915,0.0,0.0,0.0,17.0,10.0,7.0,1.0,0.0,3.4548223,0.0,7.3305264,0.75363606,1.4
sngdwzcjebodh.com,dircrypt,17.0,13.0,2.0,0.0,0.0,16.0,1.0,0.0,0.0,3.0,0.1875,13.0,0.8125,13.0,0.8125,0.375,3.625,3.9068906,3.807355,8.0,0.0,0.5,0.0,0.23076923,0.9140625,0.0,0.0,0.0,13.0,8.0,5.0,1.0,0.0,3.5465937,0.0,8.586667,1.0198092,1.5
pxupskgtkopvlzo.com,dircrypt,19.0,15.0,2.0,0.0,0.0,18.0,1.0,0.0,0.0,4.0,0.22222222,14.0,0.7777778,13.0,0.7222222,0.055555556,3.530493,4.087463,4.0,6.0,0.0,0.33333334,0.0,0.23076923,0.90123457,0.0,0.0,0.0,15.0,9.0,6.0,1.0,0.0,3.3232315,0.0,8.522353,1.2122558,1.4444444
rkyhtyjy.com,dircrypt,12.0,8.0,2.0,0.0,0.0,11.0,1.0,0.0,0.0,1.0,0.09090909,10.0,0.90909094,9.0,0.8181818,0.09090909,3.0271692,3.321928,3.169925,9.0,0.0,0.8181818,0.0,0.11111111,0.8595041,0.0,0.0,0.0,8.0,5.5,2.5,1.0,0.0,2.4056392,0.0,8.012,1.5252488,1.7272727
xzfdaeismti.com,dircrypt,15.0,11.0,2.0,0.0,0.0,14.0,1.0,0.0,0.0,5.0,0.35714287,9.0,0.64285713,12.0,0.85714287,0.35714287,3.5216405,3.7004397,3.5849626,4.0,0.0,0.2857143,0.0,0.16666667,0.90816325,0.0,0.0,0.0,11.0,7.0,4.0,1.0,0.0,3.2776134,0.0,7.2015386,0.95079607,1.5714285
hlvkbhglinqbflkmkh.com,dircrypt,22.0,18.0,2.0,0.0,0.0,21.0,1.0,0.0,0.0,2.0,0.0952381,19.0,0.9047619,13.0,0.61904764,0.1904762,3.5225716,4.321928,4.2479277,10.0,0.0,0.47619048,0.0,0.3846154,0.9024943,0.0,0.0,0.0,18.0,10.5,7.5,1.0,0.0,3.2663326,0.0,8.2765,1.2781789,1.3809524
apqmunrsnubloy.com,dircrypt,18.0,14.0,2.0,0.0,0.0,17.0,1.0,0.0,0.0,5.0,0.29411766,12.0,0.7058824,13.0,0.7647059,0.1764706,3.6168747,4.0,3.9068906,4.0,0.0,0.23529412,0.0,0.30769232,0.9134948,0.0,0.0,0.0,14.0,8.5,5.5,1.0,0.0,3.5216405,0.0,7.225625,0.8348161,1.4705882
ldrrsmap.com,dircrypt,12.0,8.0,2.0,0.0,0.0,11.0,1.0,0.0,0.0,2.0,0.18181819,9.0,0.8181818,9.0,0.8181818,0.27272728,3.0957952,3.321928,3.169925,6.0,0.0,0.54545456,0.0,0.22222222,0.87603307,0.0,0.0,0.0,8.0,5.5,2.5,1.0,0.0,2.75,0.0,6.734,0.9301254,1.7272727
iwnvbanxk.com,dircrypt,13.0,9.0,2.0,0.0,0.0,12.0,1.0,0.0,0.0,3.0,0.25,9.0,0.75,11.0,0.9166667,0.25,3.4182959,3.4594316,3.321928,4.0,0.0,0.33333334,0.0,0.09090909,0.9027778,0.0,0.0,0.0,9.0,6.0,3.0,1.0,0.0,2.947703,0.0,7.4254546,1.1968684,1.6666666
prquoqhlvfwjaiagjzn.com,dircrypt,23.0,19.0,2.0,0.0,0.0,22.0,1.0,0.0,0.0,6.0,0.27272728,16.0,0.72727275,18.0,0.8181818,0.18181819,4.095795,4.3923173,4.321928,7.0,0.0,0.3181818,0.0,0.22222222,0.93801653,0.0,0.0,0.0,19.0,11.0,8.0,1.0,0.0,3.932138,0.0,8.50619,0.97342527,1.3636364
ediypuxbuarnuqf.com,dircrypt,19.0,15.0,2.0,0.0,0.0,18.0,1.0,0.0,0.0,7.0,0.3888889,11.0,0.6111111,16.0,0.8888889,0.33333334,3.9057646,4.087463,4.0,3.0,0.0,0.16666667,0.0,0.0625,0.9259259,0.0,0.0,0.0,15.0,9.0,6.0,1.0,0.0,3.589898,0.0,7.197647,0.8329054,1.4444444
hgkusoptyrdes.com,dircrypt,17.0,13.0,2.0,0.0,0.0,16.0,1.0,0.0,0.0,4.0,0.25,12.0,0.75,14.0,0.875,0.1875,3.75,3.9068906,3.807355,5.0,0.0,0.3125,0.0,0.14285715,0.921875,0.0,0.0,0.0,13.0,8.0,5.0,1.0,0.0,3.5465937,0.0,6.452,0.59855795,1.5
sswkoeubwd.com,dircrypt,14.0,10.0,2.0,0.0,0.0,13.0,1.0,0.0,0.0,4.0,0.30769232,9.0,0.6923077,10.0,0.7692308,0.30769232,3.2389011,3.5849626,3.4594316,4.0,0.0,0.30769232,0.0,0.3,0.88757396,0.0,0.0,0.0,10.0,6.5,3.5,1.0,0.0,2.9219282,0.0,8.238334,1.06741,1.6153846
shokbbavcjwdxxtyrbvv.com,dircrypt,24.0,20.0,2.0,0.0,0.0,23.0,1.0,0.0,0.0,3.0,0.13043478,20.0,0.8695652,16.0,0.6956522,0.3043478,3.8492239,4.3685226,4.3923173,14.0,0.0,0.6086956,0.0,0.3125,0.92249525,0.0,0.0,0.0,20.0,11.5,8.5,1.0,0.0,3.7464395,0.0,8.537727,1.1343945,1.3478261
djgfeaqzaa.com,dircrypt,14.0,10.0,2.0,0.0,0.0,13.0,1.0,0.0,0.0,5.0,0.3846154,8.0,0.61538464,11.0,0.84615386,0.53846157,3.3346791,3.5849626,3.4594316,4.0,0.0,0.30769232,0.0,0.09090909,0.88757396,0.0,0.0,0.0,10.0,6.5,3.5,1.0,0.0,2.8464394,0.0,7.633333,1.3558409,1.6153846
gklbmthdjoncgqmv.com,dircrypt,20.0,16.0,2.0,0.0,0.0,19.0,1.0,0.0,0.0,2.0,0.10526316,17.0,0.8947368,14.0,0.7368421,0.21052632,3.6818807,4.169925,4.087463,9.0,0.0,0.47368422,0.0,0.2857143,0.9141274,0.0,0.0,0.0,16.0,9.5,6.5,1.0,0.0,3.75,0.0,8.290556,1.1136354,1.4210526
qdzcclueu.com,dircrypt,13.0,9.0,2.0,0.0,0.0,12.0,1.0,0.0,0.0,4.0,0.33333334,8.0,0.6666667,9.0,0.75,0.41666666,3.0220551,3.4594316,3.321928,6.0,0.0,0.5,0.0,0.22222222,0.8611111,0.0,0.0,0.0,9.0,6.0,3.0,1.0,0.0,2.7254806,0.0,8.207273,1.5555595,1.6666666
fdursysukv.com,dircrypt,14.0,10.0,2.0,0.0,0.0,13.0,1.0,0.0,0.0,3.0,0.23076923,10.0,0.7692308,11.0,0.84615386,0.23076923,3.3927474,3.5849626,3.4594316,4.0,0.0,0.30769232,0.0,0.18181819,0.8994083,0.0,0.0,0.0,10.0,6.5,3.5,1.0,0.0,2.9219282,0.0,7.826667,1.081673,1.6153846
foogyhdridft.com,dircrypt,16.0,12.0,2.0,0.0,0.0,15.0,1.0,0.0,0.0,4.0,0.26666668,11.0,0.73333335,11.0,0.73333335,0.33333334,3.3232315,3.807355,3.7004397,5.0,0.0,0.33333334,0.0,0.27272728,0.8888889,0.0,0.0,0.0,12.0,7.5,4.5,1.0,0.0,3.0849626,0.0,7.637857,0.98104286,1.5333333
mfopnfthkyuatizd.com,dircrypt,20.0,16.0,2.0,0.0,0.0,19.0,1.0,0.0,0.0,5.0,0.2631579,14.0,0.7368421,15.0,0.7894737,0.2631579,3.826875,4.169925,4.087463,7.0,0.0,0.36842105,0.0,0.26666668,0.92520773,0.0,0.0,0.0,16.0,9.5,6.5,1.0,0.0,3.75,0.0,7.171111,0.7984995,1.4210526
mtgrnagbirxlazgydld.com,dircrypt,23.0,19.0,2.0,0.0,0.0,22.0,1.0,0.0,0.0,4.0,0.18181819,18.0,0.8181818,15.0,0.6818182,0.27272728,3.788755,4.3923173,4.321928,7.0,0.0,0.3181818,0.0,0.4,0.9214876,0.0,0.0,0.0,19.0,11.0,8.0,1.0,0.0,3.5766177,0.0,7.8704762,0.78913224,1.3636364
hkzavatqqykyjjwzskny.com,dircrypt,24.0,20.0,2.0,0.0,0.0,23.0,1.0,0.0,0.0,3.0,0.13043478,20.0,0.8695652,15.0,0.65217394,0.13043478,3.7622674,4.4594316,4.3923173,15.0,0.0,0.65217394,0.0,0.4,0.9187146,0.0,0.0,0.0,20.0,11.5,8.5,1.0,0.0,3.4464393,0.0,9.005,1.4534724,1.3478261
dwghgkdnlwwpel.com,dircrypt,18.0,14.0,2.0,0.0,0.0,17.0,1.0,0.0,0.0,2.0,0.11764706,15.0,0.88235295,12.0,0.7058824,0.23529412,3.4548223,4.0,3.9068906,12.0,0.0,0.7058824,0.0,0.33333334,0.899654,0.0,0.0,0.0,14.0,8.5,5.5,1.0,0.0,3.0391486,0.0,8.310625,1.0509222,1.4705882
efmjhtnrtoevmic.com,dircrypt,19.0,15.0,2.0,0.0,0.0,18.0,1.0,0.0,0.0,5.0,0.2777778,13.0,0.7222222,12.0,0.6666667,0.2777778,3.4613202,4.087463,4.0,8.0,0.0,0.44444445,0.0,0.41666666,0.90123457,0.0,0.0,0.0,15.0,9.0,6.0,1.0,0.0,3.5068905,0.0,7.147647,0.84056824,1.4444444
hgsoupgxeeutdxdlw.com,dircrypt,21.0,17.0,2.0,0.0,0.0,20.0,1.0,0.0,0.0,6.0,0.3,14.0,0.7,14.0,0.7,0.25,3.7219281,4.2479277,4.169925,7.0,0.0,0.35,0.0,0.42857143,0.92,0.0,0.0,0.0,17.0,10.0,7.0,1.0,0.0,3.4992275,0.0,8.539474,0.8299298,1.4
hzqzmydvpjy.com,dircrypt,15.0,11.0,2.0,0.0,0.0,14.0,1.0,0.0,0.0,1.0,0.071428575,13.0,0.9285714,11.0,0.78571427,0.14285715,3.3787835,3.7004397,3.5849626,12.0,0.0,0.85714287,0.0,0.27272728,0.8979592,0.0,0.0,0.0,11.0,7.0,4.0,1.0,0.0,3.0957952,0.0,8.934615,1.8593822,1.5714285
yxstxmpnt.com,dircrypt,13.0,9.0,2.0,0.0,0.0,12.0,1.0,0.0,0.0,1.0,0.083333336,11.0,0.9166667,9.0,0.75,0.083333336,3.0849626,3.4594316,3.321928,10.0,0.0,0.8333333,0.0,0.33333334,0.875,0.0,0.0,0.0,9.0,6.0,3.0,1.0,0.0,2.7254806,0.0,6.88,1.3894808,1.6666666
eejlappgwndkm.com,dircrypt,17.0,13.0,2.0,0.0,0.0,16.0,1.0,0.0,0.0,4.0,0.25,12.0,0.75,13.0,0.8125,0.3125,3.625,3.9068906,3.807355,9.0,0.0,0.5625,0.0,0.23076923,0.9140625,0.0,0.0,0.0,13.0,8.0,5.0,1.0,0.0,3.3927474,0.0,7.41,0.8699542,1.5
wxkxfcgbbzdn.com,dircrypt,16.0,12.0,2.0,0.0,0.0,15.0,1.0,0.0,0.0,1.0,0.06666667,14.0,0.93333334,12.0,0.8,0.4,3.5068905,3.807355,3.7004397,13.0,0.0,0.8666667,0.0,0.25,0.9066667,0.0,0.0,0.0,12.0,7.5,4.5,1.0,0.0,3.251629,0.0,9.010715,1.6050994,1.5333333
laehxuhirdmb.com,dircrypt,16.0,12.0,2.0,0.0,0.0,15.0,1.0,0.0,0.0,5.0,0.33333334,10.0,0.6666667,13.0,0.8666667,0.33333334,3.640224,3.807355,3.7004397,5.0,0.0,0.33333334,0.0,0.15384616,0.91555554,0.0,0.0,0.0,12.0,7.5,4.5,1.0,0.0,3.4182959,0.0,8.022142,0.7988538,1.5333333
ajvgtufmbnua.com,dircrypt,16.0,12.0,2.0,0.0,0.0,15.0,1.0,0.0,0.0,5.0,0.33333334,10.0,0.6666667,12.0,0.8,0.33333334,3.5068905,3.807355,3.7004397,4.0,0.0,0.26666668,0.0,0.25,0.9066667,0.0,0.0,0.0,12.0,7.5,4.5,1.0,0.0,3.251629,0.0,8.139286,1.0477653,1.5333333
cepocsajlmhnhql.com,dircrypt,19.0,15.0,2.0,0.0,0.0,18.0,1.0,0.0,0.0,4.0,0.22222222,14.0,0.7777778,12.0,0.6666667,0.2777778,3.4613202,4.087463,4.0,9.0,0.0,0.5,0.0,0.41666666,0.90123457,0.0,0.0,0.0,15.0,9.0,6.0,1.0,0.0,3.5068905,0.0,7.4041176,0.9853387,1.4444444
okgpkmqihjctlfihspt.com,dircrypt,23.0,19.0,2.0,0.0,0.0,22.0,1.0,0.0,0.0,4.0,0.18181819,18.0,0.8181818,14.0,0.6363636,0.13636364,3.732159,4.2970796,4.321928,6.0,0.0,0.27272728,0.0,0.5714286,0.9214876,0.0,0.0,0.0,19.0,11.0,8.0,1.0,0.0,3.7216117,0.0,8.485238,0.9640033,1.3636364
lsfhjsntavttf.com,dircrypt,17.0,13.0,2.0,0.0,0.0,16.0,1.0,0.0,0.0,2.0,0.125,14.0,0.875,12.0,0.75,0.25,3.4528196,3.9068906,3.807355,8.0,0.0,0.5,0.0,0.25,0.8984375,0.0,0.0,0.0,13.0,8.0,5.0,1.0,0.0,3.0269868,0.0,8.151334,0.9100112,1.5
vlknzpap.com,dircrypt,12.0,8.0,2.0,0.0,0.0,11.0,1.0,0.0,0.0,2.0,0.18181819,9.0,0.8181818,10.0,0.90909094,0.18181819,3.2776134,3.321928,3.169925,6.0,0.0,0.54545456,0.0,0.1,0.892562,0.0,0.0,0.0,8.0,5.5,2.5,1.0,0.0,2.75,0.0,7.482,1.363713,1.7272727
jjqctbsvdibvpxxyrdov.com,dircrypt,24.0,20.0,2.0,0.0,0.0,23.0,1.0,0.0,0.0,3.0,0.13043478,20.0,0.8695652,15.0,0.65217394,0.26086956,3.7950885,4.4594316,4.3923173,9.0,0.0,0.39130434,0.0,0.46666667,0.92249525,0.0,0.0,0.0,20.0,11.5,8.5,1.0,0.0,3.6841838,0.0,8.57,1.2780547,1.3478261
qjvdtzrvamsdp.com,dircrypt,17.0,13.0,2.0,0.0,0.0,16.0,1.0,0.0,0.0,2.0,0.125,14.0,0.875,13.0,0.8125,0.25,3.625,3.9068906,3.807355,8.0,0.0,0.5,0.0,0.23076923,0.9140625,0.0,0.0,0.0,13.0,8.0,5.0,1.0,0.0,3.3927474,0.0,8.704667,1.2351552,1.5
vwpndawlhbljsnmu.com,dircrypt,20.0,16.0,2.0,0.0,0.0,19.0,1.0,0.0,0.0,3.0,0.15789473,16.0,0.84210527,15.0,0.7894737,0.21052632,3.826875,4.169925,4.087463,9.0,0.0,0.47368422,0.0,0.26666668,0.92520773,0.0,0.0,0.0,16.0,9.5,6.5,1.0,0.0,3.625,0.0,8.49,0.80950105,1.4210526
xhxueoojuwyhbgz.com,dircrypt,19.0,15.0,2.0,0.0,0.0,18.0,1.0,0.0,0.0,6.0,0.33333334,12.0,0.6666667,13.0,0.7222222,0.16666667,3.5724313,4.087463,4.0,7.0,0.0,0.3888889,0.0,0.30769232,0.9074074,0.0,0.0,0.0,15.0,9.0,6.0,1.0,0.0,3.3735573,0.0,9.185294,1.3392991,1.4444444
ymzooswnwilelrnylon.com,dircrypt,23.0,19.0,2.0,0.0,0.0,22.0,1.0,0.0,0.0,6.0,0.27272728,16.0,0.72727275,12.0,0.54545456,0.09090909,3.3908055,4.3923173,4.321928,5.0,0.0,0.22727273,0.0,0.5,0.892562,0.0,0.0,0.0,19.0,11.0,8.0,1.0,0.0,3.2866294,0.0,7.6061907,0.8522527,1.3636364
umoodhyffosfenp.com,dircrypt,19.0,15.0,2.0,0.0,0.0,18.0,1.0,0.0,0.0,6.0,0.33333334,12.0,0.6666667,12.0,0.6666667,0.33333334,3.350209,4.087463,4.0,5.0,0.0,0.2777778,0.0,0.25,0.88271606,0.0,0.0,0.0,15.0,9.0,6.0,1.0,0.0,3.2729056,0.0,7.9682355,0.9641532,1.4444444
tepeuvjvorstg.com,dircrypt,17.0,13.0,2.0,0.0,0.0,16.0,1.0,0.0,0.0,5.0,0.3125,11.0,0.6875,12.0,0.75,0.1875,3.5,3.9068906,3.807355,5.0,0.0,0.3125,0.0,0.33333334,0.90625,0.0,0.0,0.0,13.0,8.0,5.0,1.0,0.0,3.2389011,0.0,6.322,0.8604293,1.5
fmlshilzfsewyyrvgelp.com,dircrypt,24.0,20.0,2.0,0.0,0.0,23.0,1.0,0.0,0.0,4.0,0.17391305,19.0,0.82608694,16.0,0.6956522,0.2173913,3.882045,4.4594316,4.3923173,6.0,0.0,0.26086956,0.0,0.375,0.92627597,0.0,0.0,0.0,20.0,11.5,8.5,1.0,0.0,3.6841838,0.0,7.7854548,0.7572785,1.3478261
pqjllbefzibjknslf.com,dircrypt,21.0,17.0,2.0,0.0,0.0,20.0,1.0,0.0,0.0,3.0,0.15,17.0,0.85,15.0,0.75,0.3,3.7841837,4.2479277,4.169925,8.0,0.0,0.4,0.0,0.26666668,0.92,0.0,0.0,0.0,17.0,10.0,7.0,1.0,0.0,3.4548223,0.0,8.605263,1.1962492,1.4
qoihjxsutjgxbdnq.com,dircrypt,20.0,16.0,2.0,0.0,0.0,19.0,1.0,0.0,0.0,4.0,0.21052632,15.0,0.7894737,15.0,0.7894737,0.15789473,3.826875,4.169925,4.087463,9.0,0.0,0.47368422,0.0,0.26666668,0.92520773,0.0,0.0,0.0,16.0,9.5,6.5,1.0,0.0,3.625,0.0,9.230556,1.2638371,1.4210526
wqlgwynqjhojvpajzh.com,dircrypt,22.0,18.0,2.0,0.0,0.0,21.0,1.0,0.0,0.0,3.0,0.14285715,18.0,0.85714287,15.0,0.71428573,0.0952381,3.784942,4.321928,4.2479277,10.0,0.0,0.47619048,0.0,0.33333334,0.9206349,0.0,0.0,0.0,18.0,10.5,7.5,1.0,0.0,3.5724313,0.0,8.6865,1.4203936,1.3809524
wxpwlvjspzk.com,dircrypt,15.0,11.0,2.0,0.0,0.0,14.0,1.0,0.0,0.0,1.0,0.071428575,13.0,0.9285714,12.0,0.85714287,0.071428575,3.5216405,3.7004397,3.5849626,12.0,0.0,0.85714287,0.0,0.16666667,0.90816325,0.0,0.0,0.0,11.0,7.0,4.0,1.0,0.0,3.0957952,0.0,8.435385,1.5640113,1.5714285
dvrgxgymnwxhbkqxj.com,dircrypt,21.0,17.0,2.0,0.0,0.0,20.0,1.0,0.0,0.0,1.0,0.05,19.0,0.95,16.0,0.8,0.15,3.8841836,4.2479277,4.169925,18.0,0.0,0.9,0.0,0.1875,0.925,0.0,0.0,0.0,17.0,10.0,7.0,1.0,0.0,3.6901164,0.0,9.271052,1.372376,1.4
tzucofmivnigxjqjcy.com,dircrypt,22.0,18.0,2.0,0.0,0.0,21.0,1.0,0.0,0.0,5.0,0.23809524,16.0,0.7619048,15.0,0.71428573,0.1904762,3.784942,4.221928,4.2479277,8.0,0.0,0.3809524,0.0,0.33333334,0.9206349,0.0,0.0,0.0,18.0,10.5,7.5,1.0,0.0,3.8365917,0.0,8.056,1.2339351,1.3809524
xjgntkyrarpw.com,dircrypt,16.0,12.0,2.0,0.0,0.0,15.0,1.0,0.0,0.0,2.0,0.13333334,13.0,0.8666667,14.0,0.93333334,0.13333334,3.7735572,3.807355,3.7004397,8.0,0.0,0.53333336,0.0,0.071428575,0.92444444,0.0,0.0,0.0,12.0,7.5,4.5,1.0,0.0,3.4182959,0.0,7.4357142,0.9470076,1.5333333
ryngdybqypkvx.com,dircrypt,17.0,13.0,2.0,0.0,0.0,16.0,1.0,0.0,0.0,1.0,0.0625,15.0,0.9375,14.0,0.875,0.1875,3.7028196,3.9068906,3.807355,14.0,0.0,0.875,0.0,0.071428575,0.9140625,0.0,0.0,0.0,13.0,8.0,5.0,1.0,0.0,3.3346791,0.0,8.189333,1.3159395,1.5
hhpyjvdflcjdbu.com,dircrypt,18.0,14.0,2.0,0.0,0.0,17.0,1.0,0.0,0.0,2.0,0.11764706,15.0,0.88235295,13.0,0.7647059,0.3529412,3.6168747,4.0,3.9068906,13.0,0.0,0.7647059,0.0,0.30769232,0.9134948,0.0,0.0,0.0,14.0,8.5,5.5,1.0,0.0,3.3787835,0.0,8.7525,1.2705878,1.4705882
xfaxeyiopiqqrpu.com,dircrypt,19.0,15.0,2.0,0.0,0.0,18.0,1.0,0.0,0.0,7.0,0.3888889,11.0,0.6111111,13.0,0.7222222,0.22222222,3.6143694,4.087463,4.0,4.0,0.0,0.22222222,0.0,0.3846154,0.91358024,0.0,0.0,0.0,15.0,9.0,6.0,1.0,0.0,3.3735573,0.0,7.6911764,1.2262695,1.4444444
wywhsivw.com,dircrypt,12.0,8.0,2.0,0.0,0.0,11.0,1.0,0.0,0.0,2.0,0.18181819,9.0,0.8181818,9.0,0.8181818,0.09090909,3.0271692,3.321928,3.169925,5.0,0.0,0.45454547,0.0,0.11111111,0.8595041,0.0,0.0,0.0,8.0,5.5,2.5,1.0,0.0,2.4056392,0.0,7.291,1.4505244,1.7272727
fatvvjhwxlqaryib.com,dircrypt,20.0,16.0,2.0,0.0,0.0,19.0,1.0,0.0,0.0,4.0,0.21052632,15.0,0.7894737,17.0,0.8947368,0.2631579,4.037401,4.169925,4.087463,9.0,0.0,0.47368422,0.0,0.11764706,0.9362881,0.0,0.0,0.0,16.0,9.5,6.5,1.0,0.0,3.75,0.0,8.031111,0.95619273,1.4210526
hjamqcmtbsnpuymv.com,dircrypt,20.0,16.0,2.0,0.0,0.0,19.0,1.0,0.0,0.0,3.0,0.15789473,16.0,0.84210527,15.0,0.7894737,0.21052632,3.7216117,4.169925,4.087463,9.0,0.0,0.47368422,0.0,0.13333334,0.9085873,0.0,0.0,0.0,16.0,9.5,6.5,1.0,0.0,3.7028196,0.0,8.612778,1.0320778,1.4210526
rntiiqrdllf.com,dircrypt,15.0,11.0,2.0,0.0,0.0,14.0,1.0,0.0,0.0,3.0,0.21428572,11.0,0.78571427,11.0,0.78571427,0.21428572,3.3787835,3.7004397,3.5849626,7.0,0.0,0.5,0.0,0.27272728,0.8979592,0.0,0.0,0.0,11.0,7.0,4.0,1.0,0.0,2.9139771,0.0,7.7607694,0.9219784,1.5714285
dggzxybiplpmetrorop.com,dircrypt,23.0,19.0,2.0,0.0,0.0,22.0,1.0,0.0,0.0,5.0,0.22727273,17.0,0.77272725,15.0,0.6818182,0.18181819,3.7544417,4.2970796,4.321928,7.0,0.0,0.3181818,0.0,0.33333334,0.91735536,0.0,0.0,0.0,19.0,11.0,8.0,1.0,0.0,3.6818807,0.0,6.182857,0.8556769,1.3636364
xjtmbfkrh.com,dircrypt,13.0,9.0,2.0,0.0,0.0,12.0,1.0,0.0,0.0,1.0,0.083333336,11.0,0.9166667,11.0,0.9166667,0.25,3.4182959,3.4594316,3.321928,10.0,0.0,0.8333333,0.0,0.09090909,0.9027778,0.0,0.0,0.0,9.0,6.0,3.0,1.0,0.0,3.169925,0.0,8.740909,1.4145883,1.6666666
exxyambmlxhv.com,dircrypt,16.0,12.0,2.0,0.0,0.0,15.0,1.0,0.0,0.0,3.0,0.2,12.0,0.8,11.0,0.73333335,0.26666668,3.2729056,3.807355,3.7004397,8.0,0.0,0.53333336,0.0,0.18181819,0.88,0.0,0.0,0.0,12.0,7.5,4.5,1.0,0.0,3.0220551,0.0,8.195,1.5161803,1.5333333
oachlwoy.com,dircrypt,12.0,8.0,2.0,0.0,0.0,11.0,1.0,0.0,0.0,4.0,0.36363637,7.0,0.6363636,8.0,0.72727275,0.27272728,2.845351,3.321928,3.169925,4.0,0.0,0.36363637,0.0,0.25,0.8429752,0.0,0.0,0.0,8.0,5.5,2.5,1.0,0.0,2.75,0.0,6.825,1.2364084,1.7272727
sibysdgcuzey.com,dircrypt,16.0,12.0,2.0,0.0,0.0,15.0,1.0,0.0,0.0,4.0,0.26666668,11.0,0.73333335,12.0,0.8,0.33333334,3.5068905,3.807355,3.7004397,6.0,0.0,0.4,0.0,0.25,0.9066667,0.0,0.0,0.0,12.0,7.5,4.5,1.0,0.0,3.251629,0.0,8.493571,1.0207117,1.5333333
npsrzobxfstrh.com,dircrypt,17.0,13.0,2.0,0.0,0.0,16.0,1.0,0.0,0.0,2.0,0.125,14.0,0.875,13.0,0.8125,0.1875,3.625,3.9068906,3.807355,8.0,0.0,0.5,0.0,0.23076923,0.9140625,0.0,0.0,0.0,13.0,8.0,5.0,1.0,0.0,3.3927474,0.0,7.728667,0.94665277,1.5
qhsdulnjtdmp.com,dircrypt,16.0,12.0,2.0,0.0,0.0,15.0,1.0,0.0,0.0,2.0,0.13333334,13.0,0.8666667,13.0,0.8666667,0.2,3.640224,3.807355,3.7004397,8.0,0.0,0.53333336,0.0,0.15384616,0.91555554,0.0,0.0,0.0,12.0,7.5,4.5,1.0,0.0,3.4182959,0.0,8.251429,0.98897445,1.5333333
riehooqztldcgxtp.com,dircrypt,20.0,16.0,2.0,0.0,0.0,19.0,1.0,0.0,0.0,5.0,0.2631579,14.0,0.7368421,15.0,0.7894737,0.21052632,3.787144,4.169925,4.087463,11.0,0.0,0.57894737,0.0,0.2,0.9196676,0.0,0.0,0.0,16.0,9.5,6.5,1.0,0.0,3.75,0.0,8.493889,0.85165745,1.4210526
gfmgthanlpdykbfrs.com,dircrypt,21.0,17.0,2.0,0.0,0.0,20.0,1.0,0.0,0.0,2.0,0.1,18.0,0.9,17.0,0.85,0.3,4.0219283,4.2479277,4.169925,11.0,0.0,0.55,0.0,0.1764706,0.935,0.0,0.0,0.0,17.0,10.0,7.0,1.0,0.0,3.8521688,0.0,7.3194737,0.63641906,1.4
tehsbuhrxdbgj.com,dircrypt,17.0,13.0,2.0,0.0,0.0,16.0,1.0,0.0,0.0,3.0,0.1875,13.0,0.8125,14.0,0.875,0.3125,3.75,3.9068906,3.807355,8.0,0.0,0.5,0.0,0.14285715,0.921875,0.0,0.0,0.0,13.0,8.0,5.0,1.0,0.0,3.3927474,0.0,8.184667,0.9336354,1.5
iakdtquxkcpchrx.com,dircrypt,19.0,15.0,2.0,0.0,0.0,18.0,1.0,0.0,0.0,4.0,0.22222222,14.0,0.7777778,14.0,0.7777778,0.2777778,3.6835423,4.087463,4.0,9.0,0.0,0.5,0.0,0.21428572,0.91358024,0.0,0.0,0.0,15.0,9.0,6.0,1.0,0.0,3.5068905,0.0,8.54,1.1512185,1.4444444
kvtqceaqsg.com,dircrypt,14.0,10.0,2.0,0.0,0.0,13.0,1.0,0.0,0.0,3.0,0.23076923,10.0,0.7692308,11.0,0.84615386,0.30769232,3.3927474,3.5849626,3.4594316,5.0,0.0,0.3846154,0.0,0.18181819,0.8994083,0.0,0.0,0.0,10.0,6.5,3.5,1.0,0.0,3.121928,0.0,7.6066666,1.3165935,1.6153846
pdjhsdhihqgownykx.com,dircrypt,21.0,17.0,2.0,0.0,0.0,20.0,1.0,0.0,0.0,3.0,0.15,17.0,0.85,16.0,0.8,0.15,3.8841836,4.2479277,4.169925,7.0,0.0,0.35,0.0,0.1875,0.925,0.0,0.0,0.0,17.0,10.0,7.0,1.0,0.0,3.6901164,0.0,8.588947,1.0033514,1.4
gujauytsetuzhxb.com,dircrypt,19.0,15.0,2.0,0.0,0.0,18.0,1.0,0.0,0.0,6.0,0.33333334,12.0,0.6666667,15.0,0.8333333,0.22222222,3.7946534,4.087463,4.0,5.0,0.0,0.2777778,0.0,0.13333334,0.9197531,0.0,0.0,0.0,15.0,9.0,6.0,1.0,0.0,3.4565647,0.0,8.034118,0.9492497,1.4444444
ktmtbtooevrs.com,dircrypt,16.0,12.0,2.0,0.0,0.0,15.0,1.0,0.0,0.0,4.0,0.26666668,11.0,0.73333335,10.0,0.6666667,0.2,3.1395721,3.807355,3.7004397,6.0,0.0,0.4,0.0,0.3,0.8711111,0.0,0.0,0.0,12.0,7.5,4.5,1.0,0.0,3.0220551,0.0,7.5321426,0.95715433,1.5333333
zqhjekvtxd.com,dircrypt,14.0,10.0,2.0,0.0,0.0,13.0,1.0,0.0,0.0,2.0,0.15384616,11.0,0.84615386,13.0,1.0,0.23076923,3.7004397,3.5849626,3.4594316,6.0,0.0,0.46153846,0.0,0.0,0.9230769,0.0,0.0,0.0,10.0,6.5,3.5,1.0,0.0,3.321928,0.0,8.845834,1.4791069,1.6153846
bijsqywtjwitxihtp.com,dircrypt,21.0,17.0,2.0,0.0,0.0,20.0,1.0,0.0,0.0,4.0,0.2,16.0,0.8,14.0,0.7,0.1,3.6464393,4.2479277,4.169925,8.0,0.0,0.4,0.0,0.2857143,0.91,0.0,0.0,0.0,17.0,10.0,7.0,1.0,0.0,3.2927701,0.0,8.549474,1.169619,1.4
eblgaosyeszzjkbhhdyh.com,dircrypt,24.0,20.0,2.0,0.0,0.0,23.0,1.0,0.0,0.0,5.0,0.2173913,18.0,0.7826087,15.0,0.65217394,0.3043478,3.7950885,4.4594316,4.3923173,12.0,0.0,0.5217391,0.0,0.46666667,0.92249525,0.0,0.0,0.0,20.0,11.5,8.5,1.0,0.0,3.5841837,0.0,8.760454,0.9640341,1.3478261
vowxzzrcspgrxg.com,dircrypt,18.0,14.0,2.0,0.0,0.0,17.0,1.0,0.0,0.0,2.0,0.11764706,15.0,0.88235295,11.0,0.64705884,0.11764706,3.3815806,4.0,3.9068906,13.0,0.0,0.7647059,0.0,0.54545456,0.899654,0.0,0.0,0.0,14.0,8.5,5.5,1.0,0.0,3.2359264,0.0,7.986875,1.5387443,1.4705882
nrjmxfotlhsxqfpb.com,dircrypt,20.0,16.0,2.0,0.0,0.0,19.0,1.0,0.0,0.0,2.0,0.10526316,17.0,0.8947368,15.0,0.7894737,0.21052632,3.826875,4.169925,4.087463,10.0,0.0,0.5263158,0.0,0.26666668,0.92520773,0.0,0.0,0.0,16.0,9.5,6.5,1.0,0.0,3.75,0.0,8.496111,1.1116674,1.4210526
fzfqphobttefkhbvkzs.com,dircrypt,23.0,19.0,2.0,0.0,0.0,22.0,1.0,0.0,0.0,3.0,0.13636364,19.0,0.8636364,14.0,0.6363636,0.3181818,3.697846,4.3923173,4.321928,9.0,0.0,0.4090909,0.0,0.5,0.91735536,0.0,0.0,0.0,19.0,11.0,8.0,1.0,0.0,3.4713545,0.0,8.436191,1.3069884,1.3636364
phqyvuvfiku.com,dircrypt,15.0,11.0,2.0,0.0,0.0,14.0,1.0,0.0,0.0,4.0,0.2857143,10.0,0.71428573,12.0,0.85714287,0.14285715,3.5216405,3.7004397,3.5849626,5.0,0.0,0.35714287,0.0,0.16666667,0.90816325,0.0,0.0,0.0,11.0,7.0,4.0,1.0,0.0,3.0957952,0.0,8.058461,1.4039314,1.5714285
urvnzxakdosfkilln.com,dircrypt,21.0,17.0,2.0,0.0,0.0,20.0,1.0,0.0,0.0,5.0,0.25,15.0,0.75,16.0,0.8,0.2,3.9219282,4.2479277,4.169925,5.0,0.0,0.25,0.0,0.25,0.93,0.0,0.0,0.0,17.0,10.0,7.0,1.0,0.0,3.7345216,0.0,8.320526,0.7636484,1.4
gxywuafa.com,dircrypt,12.0,8.0,2.0,0.0,0.0,11.0,1.0,0.0,0.0,4.0,0.36363637,7.0,0.6363636,10.0,0.90909094,0.36363637,3.2776134,3.321928,3.169925,4.0,0.0,0.36363637,0.0,0.1,0.892562,0.0,0.0,0.0,8.0,5.5,2.5,1.0,0.0,2.75,0.0,7.947,1.3044534,1.7272727
ihjfgzjpcisywek.com,dircrypt,19.0,15.0,2.0,0.0,0.0,18.0,1.0,0.0,0.0,4.0,0.22222222,14.0,0.7777778,15.0,0.8333333,0.22222222,3.8365917,4.087463,4.0,8.0,0.0,0.44444445,0.0,0.2,0.9259259,0.0,0.0,0.0,15.0,9.0,6.0,1.0,0.0,3.640224,0.0,8.735294,1.0808057,1.4444444
nqyxruacgyiehy.com,dircrypt,18.0,14.0,2.0,0.0,0.0,17.0,1.0,0.0,0.0,5.0,0.29411766,12.0,0.7058824,14.0,0.8235294,0.23529412,3.6901164,4.0,3.9068906,5.0,0.0,0.29411766,0.0,0.14285715,0.9134948,0.0,0.0,0.0,14.0,8.5,5.5,1.0,0.0,3.46772,0.0,8.716875,0.9727735,1.4705882
bpauaqdknkcbhg.com,dircrypt,18.0,14.0,2.0,0.0,0.0,17.0,1.0,0.0,0.0,4.0,0.23529412,13.0,0.7647059,13.0,0.7647059,0.4117647,3.6168747,4.0,3.9068906,10.0,0.0,0.5882353,0.0,0.30769232,0.9134948,0.0,0.0,0.0,14.0,8.5,5.5,1.0,0.0,3.3787835,0.0,8.743125,1.1184524,1.4705882
umwvgxtu.com,dircrypt,12.0,8.0,2.0,0.0,0.0,11.0,1.0,0.0,0.0,3.0,0.27272728,8.0,0.72727275,9.0,0.8181818,0.09090909,3.0957952,3.321928,3.169925,6.0,0.0,0.54545456,0.0,0.22222222,0.87603307,0.0,0.0,0.0,8.0,5.5,2.5,1.0,0.0,2.75,0.0,8.063,1.5092869,1.7272727
pdnlvpxyittwfnxocq.com,dircrypt,22.0,18.0,2.0,0.0,0.0,21.0,1.0,0.0,0.0,3.0,0.14285715,18.0,0.85714287,15.0,0.71428573,0.1904762,3.8208888,4.321928,4.2479277,8.0,0.0,0.3809524,0.0,0.4,0.92517006,0.0,0.0,0.0,18.0,10.5,7.5,1.0,0.0,3.7254806,0.0,8.659,1.0029984,1.3809524
jvyzlqhpzpldrn.com,dircrypt,18.0,14.0,2.0,0.0,0.0,17.0,1.0,0.0,0.0,1.0,0.05882353,16.0,0.9411765,14.0,0.8235294,0.11764706,3.7345216,4.0,3.9068906,15.0,0.0,0.88235295,0.0,0.21428572,0.9204152,0.0,0.0,0.0,14.0,8.5,5.5,1.0,0.0,3.3787835,0.0,8.748125,1.3387092,1.4705882
nstiztzdkjskbxclyq.com,dircrypt,22.0,18.0,2.0,0.0,0.0,21.0,1.0,0.0,0.0,2.0,0.0952381,19.0,0.9047619,16.0,0.7619048,0.1904762,3.916127,4.321928,4.2479277,15.0,0.0,0.71428573,0.0,0.3125,0.9297052,0.0,0.0,0.0,18.0,10.5,7.5,1.0,0.0,3.7254806,0.0,7.5425,1.1224748,1.3809524
tqycqvnm.com,dircrypt,12.0,8.0,2.0,0.0,0.0,11.0,1.0,0.0,0.0,1.0,0.09090909,10.0,0.90909094,8.0,0.72727275,0.18181819,2.9139771,3.321928,3.169925,9.0,0.0,0.8181818,0.0,0.375,0.8595041,0.0,0.0,0.0,8.0,5.5,2.5,1.0,0.0,2.75,0.0,8.615,1.8322922,1.7272727
edtirsnhpguvrsl.com,dircrypt,19.0,15.0,2.0,0.0,0.0,18.0,1.0,0.0,0.0,4.0,0.22222222,14.0,0.7777778,16.0,0.8888889,0.16666667,3.947703,3.9698157,4.0,6.0,0.0,0.33333334,0.0,0.125,0.93209875,0.0,0.0,0.0,15.0,9.0,6.0,1.0,0.0,3.640224,0.0,7.4364705,0.38164398,1.4444444
oiknjhwlxcyhzvj.com,dircrypt,19.0,15.0,2.0,0.0,0.0,18.0,1.0,0.0,0.0,3.0,0.16666667,15.0,0.8333333,14.0,0.7777778,0.11111111,3.7254806,4.087463,4.0,14.0,0.0,0.7777778,0.0,0.2857143,0.9197531,0.0,0.0,0.0,15.0,9.0,6.0,1.0,0.0,3.640224,0.0,8.562353,1.2864738,1.4444444
utwllovacnwp.com,dircrypt,16.0,12.0,2.0,0.0,0.0,15.0,1.0,0.0,0.0,4.0,0.26666668,11.0,0.73333335,11.0,0.73333335,0.2,3.3735573,3.807355,3.7004397,5.0,0.0,0.33333334,0.0,0.36363637,0.8977778,0.0,0.0,0.0,12.0,7.5,4.5,1.0,0.0,3.251629,0.0,8.052857,0.9554826,1.5333333
gidmxscnuuqejgtwmi.com,dircrypt,22.0,18.0,2.0,0.0,0.0,21.0,1.0,0.0,0.0,6.0,0.2857143,15.0,0.71428573,15.0,0.71428573,0.1904762,3.784942,4.321928,4.2479277,6.0,0.0,0.2857143,0.0,0.33333334,0.9206349,0.0,0.0,0.0,18.0,10.5,7.5,1.0,0.0,3.7254806,0.0,8.0335,0.91002387,1.3809524
cqzijpfd.com,dircrypt,12.0,8.0,2.0,0.0,0.0,11.0,1.0,0.0,0.0,2.0,0.18181819,9.0,0.8181818,10.0,0.90909094,0.36363637,3.2776134,3.321928,3.169925,5.0,0.0,0.45454547,0.0,0.1,0.892562,0.0,0.0,0.0,8.0,5.5,2.5,1.0,0.0,3.0,0.0,8.615,1.7420285,1.7272727
uupitbijmehgcfaud.com,dircrypt,21.0,17.0,2.0,0.0,0.0,20.0,1.0,0.0,0.0,8.0,0.4,12.0,0.6,15.0,0.75,0.35,3.7841837,4.2479277,4.169925,4.0,0.0,0.2,0.0,0.26666668,0.92,0.0,0.0,0.0,17.0,10.0,7.0,1.0,0.0,3.6901164,0.0,7.8515787,0.7671588,1.4
cggnanjq.com,dircrypt,12.0,8.0,2.0,0.0,0.0,11.0,1.0,0.0,0.0,2.0,0.18181819,9.0,0.8181818,8.0,0.72727275,0.27272728,2.9139771,3.321928,3.169925,4.0,0.0,0.36363637,0.0,0.375,0.8595041,0.0,0.0,0.0,8.0,5.5,2.5,1.0,0.0,2.5,0.0,7.106,1.5942863,1.7272727
ijixmkjym.com,dircrypt,13.0,9.0,2.0,0.0,0.0,12.0,1.0,0.0,0.0,3.0,0.25,9.0,0.75,8.0,0.6666667,0.083333336,2.8553886,3.4594316,3.321928,7.0,0.0,0.5833333,0.0,0.375,0.8472222,0.0,0.0,0.0,9.0,6.0,3.0,1.0,0.0,2.5032582,0.0,8.740909,1.8664336,1.6666666
qzjgrqnf.com,dircrypt,12.0,8.0,2.0,0.0,0.0,11.0,1.0,0.0,0.0,1.0,0.09090909,10.0,0.90909094,10.0,0.90909094,0.18181819,3.2776134,3.321928,3.169925,9.0,0.0,0.8181818,0.0,0.1,0.892562,0.0,0.0,0.0,8.0,5.5,2.5,1.0,0.0,2.75,0.0,8.017,1.9149817,1.7272727
heidsbyqaxft.com,dircrypt,16.0,12.0,2.0,0.0,0.0,15.0,1.0,0.0,0.0,4.0,0.26666668,11.0,0.73333335,15.0,1.0,0.4,3.9068906,3.807355,3.7004397,5.0,0.0,0.33333334,0.0,0.0,0.93333334,0.0,0.0,0.0,12.0,7.5,4.5,1.0,0.0,3.5849626,0.0,7.9857144,0.83190817,1.5333333
zurnlrryhnwzrap.com,dircrypt,19.0,15.0,2.0,0.0,0.0,18.0,1.0,0.0,0.0,3.0,0.16666667,15.0,0.8333333,13.0,0.7222222,0.11111111,3.5032582,4.087463,4.0,11.0,0.0,0.6111111,0.0,0.23076923,0.89506173,0.0,0.0,0.0,15.0,9.0,6.0,1.0,0.0,3.1068907,0.0,7.8111763,1.0126158,1.4444444
reebfqgsbpfkyffupuc.com,dircrypt,23.0,19.0,2.0,0.0,0.0,22.0,1.0,0.0,0.0,5.0,0.22727273,17.0,0.77272725,14.0,0.6363636,0.45454547,3.64125,4.3923173,4.321928,12.0,0.0,0.54545456,0.0,0.42857143,0.90909094,0.0,0.0,0.0,19.0,11.0,8.0,1.0,0.0,3.4058223,0.0,8.44,1.1477387,1.3636364
ighqfvkd.com,dircrypt,12.0,8.0,2.0,0.0,0.0,11.0,1.0,0.0,0.0,2.0,0.18181819,9.0,0.8181818,11.0,1.0,0.27272728,3.4594316,3.321928,3.169925,8.0,0.0,0.72727275,0.0,0.0,0.90909094,0.0,0.0,0.0,8.0,5.5,2.5,1.0,0.0,3.0,0.0,8.615,1.4132885,1.7272727
jrzmilsrx.com,dircrypt,13.0,9.0,2.0,0.0,0.0,12.0,1.0,0.0,0.0,2.0,0.16666667,10.0,0.8333333,10.0,0.8333333,0.083333336,3.251629,3.4594316,3.321928,5.0,0.0,0.41666666,0.0,0.2,0.8888889,0.0,0.0,0.0,9.0,6.0,3.0,1.0,0.0,2.947703,0.0,7.526364,1.3661686,1.6666666
ovddcahrwalmkzteqw.com,dircrypt,22.0,18.0,2.0,0.0,0.0,21.0,1.0,0.0,0.0,5.0,0.23809524,16.0,0.7619048,15.0,0.71428573,0.33333334,3.8208888,4.321928,4.2479277,5.0,0.0,0.23809524,0.0,0.4,0.92517006,0.0,0.0,0.0,18.0,10.5,7.5,1.0,0.0,3.8365917,0.0,8.2455,0.8631681,1.3809524
zvewyflodkj.com,dircrypt,15.0,11.0,2.0,0.0,0.0,14.0,1.0,0.0,0.0,3.0,0.21428572,11.0,0.78571427,13.0,0.9285714,0.2857143,3.6644979,3.7004397,3.5849626,4.0,0.0,0.2857143,0.0,0.07692308,0.9183673,0.0,0.0,0.0,11.0,7.0,4.0,1.0,0.0,3.4594316,0.0,7.9784617,1.2328045,1.5714285
cwtyywvyynufo.com,dircrypt,17.0,13.0,2.0,0.0,0.0,16.0,1.0,0.0,0.0,3.0,0.1875,13.0,0.8125,10.0,0.625,0.1875,3.125,3.7735572,3.807355,10.0,0.0,0.625,0.0,0.4,0.8671875,0.0,0.0,0.0,13.0,8.0,5.0,1.0,0.0,2.9312088,0.0,7.906,1.3978798,1.5
hyrcuozpwcocn.com,dircrypt,17.0,13.0,2.0,0.0,0.0,16.0,1.0,0.0,0.0,4.0,0.25,12.0,0.75,11.0,0.6875,0.25,3.2028196,3.7735572,3.807355,4.0,0.0,0.25,0.0,0.18181819,0.8671875,0.0,0.0,0.0,13.0,8.0,5.0,1.0,0.0,3.180833,0.0,8.25,1.230625,1.5
ltgbsoeftwiu.com,dircrypt,16.0,12.0,2.0,0.0,0.0,15.0,1.0,0.0,0.0,5.0,0.33333334,10.0,0.6666667,13.0,0.8666667,0.26666668,3.640224,3.807355,3.7004397,5.0,0.0,0.33333334,0.0,0.15384616,0.91555554,0.0,0.0,0.0,12.0,7.5,4.5,1.0,0.0,3.4182959,0.0,8.186429,0.67346287,1.5333333
nuwzukfapjyjhbw.com,dircrypt,19.0,15.0,2.0,0.0,0.0,18.0,1.0,0.0,0.0,4.0,0.22222222,14.0,0.7777778,15.0,0.8333333,0.22222222,3.8365917,4.087463,4.0,8.0,0.0,0.44444445,0.0,0.2,0.9259259,0.0,0.0,0.0,15.0,9.0,6.0,1.0,0.0,3.5068905,0.0,8.887059,1.2253531,1.4444444
lweicjeicnbotxtyslr.com,dircrypt,23.0,19.0,2.0,0.0,0.0,22.0,1.0,0.0,0.0,6.0,0.27272728,16.0,0.72727275,15.0,0.6818182,0.27272728,3.788755,4.2018414,4.221928,8.0,0.0,0.36363637,0.0,0.4,0.9214876,0.0,0.0,0.0,19.0,11.0,8.0,1.0,0.0,3.7216117,0.0,8.056666,0.63389915,1.2727273
ogjgwzamep.com,dircrypt,14.0,10.0,2.0,0.0,0.0,13.0,1.0,0.0,0.0,4.0,0.30769232,9.0,0.6923077,10.0,0.7692308,0.23076923,3.2389011,3.5849626,3.4594316,5.0,0.0,0.3846154,0.0,0.3,0.88757396,0.0,0.0,0.0,10.0,6.5,3.5,1.0,0.0,3.121928,0.0,7.3533335,1.353866,1.6153846
hpafkuqylqcapvd.com,dircrypt,19.0,15.0,2.0,0.0,0.0,18.0,1.0,0.0,0.0,4.0,0.22222222,14.0,0.7777778,14.0,0.7777778,0.33333334,3.7254806,4.087463,4.0,5.0,0.0,0.2777778,0.0,0.2857143,0.9197531,0.0,0.0,0.0,15.0,9.0,6.0,1.0,0.0,3.5068905,0.0,8.127647,1.1848238,1.4444444
evxtjdrbjpxqkrt.com,dircrypt,19.0,15.0,2.0,0.0,0.0,18.0,1.0,0.0,0.0,2.0,0.11111111,16.0,0.8888889,14.0,0.7777778,0.22222222,3.7254806,4.087463,4.0,15.0,0.0,0.8333333,0.0,0.2857143,0.9197531,0.0,0.0,0.0,15.0,9.0,6.0,1.0,0.0,3.3735573,0.0,8.402941,1.3096077,1.4444444
ikwwevkffwabnhww.com,dircrypt,20.0,16.0,2.0,0.0,0.0,19.0,1.0,0.0,0.0,4.0,0.21052632,15.0,0.7894737,13.0,0.68421054,0.31578946,3.4263675,4.058814,4.087463,6.0,0.0,0.31578946,0.0,0.23076923,0.88088644,0.0,0.0,0.0,16.0,9.5,6.5,1.0,0.0,3.0243974,0.0,8.284445,1.27886,1.4210526
hwscdyphjuwpoduv.com,dircrypt,20.0,16.0,2.0,0.0,0.0,19.0,1.0,0.0,0.0,4.0,0.21052632,15.0,0.7894737,12.0,0.6315789,0.21052632,3.5110855,4.169925,4.087463,9.0,0.0,0.47368422,0.0,0.5833333,0.9085873,0.0,0.0,0.0,16.0,9.5,6.5,1.0,0.0,3.375,0.0,8.867222,1.1443607,1.4210526
ingaerwjjqnkdbytcd.com,dircrypt,22.0,18.0,2.0,0.0,0.0,21.0,1.0,0.0,0.0,4.0,0.1904762,17.0,0.8095238,17.0,0.8095238,0.33333334,4.011365,4.321928,4.2479277,14.0,0.0,0.6666667,0.0,0.23529412,0.93424034,0.0,0.0,0.0,18.0,10.5,7.5,1.0,0.0,3.8365917,0.0,8.098,0.7847697,1.3809524
fjkwwoltksqcmhva.com,dircrypt,20.0,16.0,2.0,0.0,0.0,19.0,1.0,0.0,0.0,3.0,0.15789473,16.0,0.84210527,14.0,0.7368421,0.21052632,3.7216117,4.169925,4.087463,9.0,0.0,0.47368422,0.0,0.35714287,0.9196676,0.0,0.0,0.0,16.0,9.5,6.5,1.0,0.0,3.75,0.0,7.9416666,1.1112248,1.4210526
xowbxgzp.com,dircrypt,12.0,8.0,2.0,0.0,0.0,11.0,1.0,0.0,0.0,2.0,0.18181819,9.0,0.8181818,9.0,0.8181818,0.18181819,3.0957952,3.321928,3.169925,7.0,0.0,0.6363636,0.0,0.22222222,0.87603307,0.0,0.0,0.0,8.0,5.5,2.5,1.0,0.0,2.75,0.0,8.026,1.9068189,1.7272727
xdfdwnbwauswvgirlnno.com,dircrypt,24.0,20.0,2.0,0.0,0.0,23.0,1.0,0.0,0.0,5.0,0.2173913,18.0,0.7826087,17.0,0.73913044,0.26086956,3.9361804,4.4594316,4.3923173,8.0,0.0,0.3478261,0.0,0.23529412,0.92627597,0.0,0.0,0.0,20.0,11.5,8.5,1.0,0.0,3.7464395,0.0,8.342273,0.67845094,1.3478261
rjqyysmtdmgvrzvqozf.com,dircrypt,23.0,19.0,2.0,0.0,0.0,22.0,1.0,0.0,0.0,2.0,0.09090909,20.0,0.90909094,14.0,0.6363636,0.13636364,3.697846,4.3923173,4.321928,16.0,0.0,0.72727275,0.0,0.5,0.91735536,0.0,0.0,0.0,19.0,11.0,8.0,1.0,0.0,3.6163485,0.0,9.340476,1.3858459,1.3636364
ihnscumexdle.com,dircrypt,16.0,12.0,2.0,0.0,0.0,15.0,1.0,0.0,0.0,5.0,0.33333334,10.0,0.6666667,12.0,0.8,0.33333334,3.5068905,3.807355,3.7004397,4.0,0.0,0.26666668,0.0,0.25,0.9066667,0.0,0.0,0.0,12.0,7.5,4.5,1.0,0.0,3.4182959,0.0,6.577857,0.76846355,1.5333333
bxhctlxxpsprwlbsrlk.com,dircrypt,23.0,19.0,2.0,0.0,0.0,22.0,1.0,0.0,0.0,1.0,0.045454547,21.0,0.95454544,13.0,0.59090906,0.18181819,3.5726237,4.3923173,4.321928,20.0,0.0,0.90909094,0.0,0.53846157,0.90909094,0.0,0.0,0.0,19.0,11.0,8.0,1.0,0.0,3.3263605,0.0,8.462857,1.1491933,1.3636364
wbhjfaktpwgis.com,dircrypt,17.0,13.0,2.0,0.0,0.0,16.0,1.0,0.0,0.0,3.0,0.1875,13.0,0.8125,15.0,0.9375,0.25,3.875,3.9068906,3.807355,5.0,0.0,0.3125,0.0,0.06666667,0.9296875,0.0,0.0,0.0,13.0,8.0,5.0,1.0,0.0,3.5465937,0.0,8.146667,0.89380854,1.5
hcrwngdetwushhyixrr.com,dircrypt,23.0,19.0,2.0,0.0,0.0,22.0,1.0,0.0,0.0,4.0,0.18181819,18.0,0.8181818,16.0,0.72727275,0.18181819,3.845351,4.3923173,4.321928,7.0,0.0,0.3181818,0.0,0.25,0.9214876,0.0,0.0,0.0,19.0,11.0,8.0,1.0,0.0,3.64215,0.0,7.7990475,0.6497655,1.3636364
qwfegrbujibply.com,dircrypt,18.0,14.0,2.0,0.0,0.0,17.0,1.0,0.0,0.0,4.0,0.23529412,13.0,0.7647059,16.0,0.9411765,0.29411766,3.9698157,4.0,3.9068906,5.0,0.0,0.29411766,0.0,0.0625,0.9342561,0.0,0.0,0.0,14.0,8.5,5.5,1.0,0.0,3.6644979,0.0,7.558125,0.96872467,1.4705882
vvbgfykcsfunzeon.com,dircrypt,20.0,16.0,2.0,0.0,0.0,19.0,1.0,0.0,0.0,4.0,0.21052632,15.0,0.7894737,14.0,0.7368421,0.31578946,3.7216117,4.169925,4.087463,10.0,0.0,0.5263158,0.0,0.35714287,0.9196676,0.0,0.0,0.0,16.0,9.5,6.5,1.0,0.0,3.625,0.0,8.137777,1.0473326,1.4210526
dcfqkvgcarxzhxpjk.com,dircrypt,21.0,17.0,2.0,0.0,0.0,20.0,1.0,0.0,0.0,2.0,0.1,18.0,0.9,16.0,0.8,0.3,3.8841836,4.2479277,4.169925,9.0,0.0,0.45,0.0,0.1875,0.925,0.0,0.0,0.0,17.0,10.0,7.0,1.0,0.0,3.7345216,0.0,8.521579,1.3719426,1.4
odztpkisjtioplv.com,dircrypt,19.0,15.0,2.0,0.0,0.0,18.0,1.0,0.0,0.0,5.0,0.2777778,13.0,0.7222222,13.0,0.7222222,0.11111111,3.5724313,4.087463,4.0,5.0,0.0,0.2777778,0.0,0.30769232,0.9074074,0.0,0.0,0.0,15.0,9.0,6.0,1.0,0.0,3.3735573,0.0,7.0988235,0.9675702,1.4444444
zgsytfhpqtrum.com,dircrypt,17.0,13.0,2.0,0.0,0.0,16.0,1.0,0.0,0.0,2.0,0.125,14.0,0.875,14.0,0.875,0.125,3.75,3.9068906,3.807355,11.0,0.0,0.6875,0.0,0.14285715,0.921875,0.0,0.0,0.0,13.0,8.0,5.0,1.0,0.0,3.5465937,0.0,8.614667,1.040623,1.5
qqejklnalqyly.com,dircrypt,17.0,13.0,2.0,0.0,0.0,16.0,1.0,0.0,0.0,3.0,0.1875,13.0,0.8125,11.0,0.6875,0.1875,3.2806392,3.9068906,3.807355,6.0,0.0,0.375,0.0,0.27272728,0.8828125,0.0,0.0,0.0,13.0,8.0,5.0,1.0,0.0,2.8150723,0.0,7.6753335,1.5773494,1.5
qteogridlcdmsk.com,dircrypt,18.0,14.0,2.0,0.0,0.0,17.0,1.0,0.0,0.0,4.0,0.23529412,13.0,0.7647059,13.0,0.7647059,0.29411766,3.6168747,4.0,3.9068906,8.0,0.0,0.47058824,0.0,0.30769232,0.9134948,0.0,0.0,0.0,14.0,8.5,5.5,1.0,0.0,3.6644979,0.0,7.501875,0.7875072,1.4705882
oubweduotkewbkejhqn.com,dircrypt,23.0,19.0,2.0,0.0,0.0,22.0,1.0,0.0,0.0,8.0,0.36363637,14.0,0.6363636,14.0,0.6363636,0.3181818,3.6635327,4.2970796,4.321928,5.0,0.0,0.22727273,0.0,0.42857143,0.91322315,0.0,0.0,0.0,19.0,11.0,8.0,1.0,0.0,3.4713545,0.0,8.270476,0.96449107,1.3636364
bfpbjuxjxjdtssdftxny.com,dircrypt,24.0,20.0,2.0,0.0,0.0,23.0,1.0,0.0,0.0,2.0,0.08695652,21.0,0.9130435,14.0,0.6086956,0.3043478,3.6753109,4.3685226,4.3923173,15.0,0.0,0.65217394,0.0,0.5,0.91493386,0.0,0.0,0.0,20.0,11.5,8.5,1.0,0.0,3.3464394,0.0,9.039091,1.341123,1.3478261
jyssbnhflsawlssgagh.com,dircrypt,23.0,19.0,2.0,0.0,0.0,22.0,1.0,0.0,0.0,3.0,0.13636364,19.0,0.8636364,14.0,0.6363636,0.22727273,3.5680842,4.2018414,4.321928,10.0,0.0,0.45454547,0.0,0.35714287,0.89669424,0.0,0.0,0.0,19.0,11.0,8.0,1.0,0.0,3.215841,0.0,8.080953,0.83461607,1.3636364
naptkojijw.com,dircrypt,14.0,10.0,2.0,0.0,0.0,13.0,1.0,0.0,0.0,4.0,0.30769232,9.0,0.6923077,11.0,0.84615386,0.15384616,3.3927474,3.5849626,3.4594316,3.0,0.0,0.23076923,0.0,0.18181819,0.8994083,0.0,0.0,0.0,10.0,6.5,3.5,1.0,0.0,3.121928,0.0,7.860833,1.1406522,1.6153846
uevpxwtmqdcfexw.com,dircrypt,19.0,15.0,2.0,0.0,0.0,18.0,1.0,0.0,0.0,4.0,0.22222222,14.0,0.7777778,13.0,0.7222222,0.33333334,3.6143694,3.9698157,4.0,10.0,0.0,0.5555556,0.0,0.3846154,0.91358024,0.0,0.0,0.0,15.0,9.0,6.0,1.0,0.0,3.5068905,0.0,8.499412,1.2675799,1.4444444
ggmwmwhlnfoubzuyuu.com,dircrypt,22.0,18.0,2.0,0.0,0.0,21.0,1.0,0.0,0.0,6.0,0.2857143,15.0,0.71428573,13.0,0.61904764,0.14285715,3.4992275,4.221928,4.2479277,10.0,0.0,0.47619048,0.0,0.3846154,0.8979592,0.0,0.0,0.0,18.0,10.5,7.5,1.0,0.0,3.3921473,0.0,8.609,1.1864759,1.3809524
kxtwikidjojrtwvuhd.com,dircrypt,22.0,18.0,2.0,0.0,0.0,21.0,1.0,0.0,0.0,5.0,0.23809524,16.0,0.7619048,14.0,0.6666667,0.14285715,3.7256508,4.221928,4.2479277,5.0,0.0,0.23809524,0.0,0.5,0.9206349,0.0,0.0,0.0,18.0,10.5,7.5,1.0,0.0,3.5032582,0.0,8.387,1.0535653,1.3809524
lqouuqczzembazg.com,dircrypt,19.0,15.0,2.0,0.0,0.0,18.0,1.0,0.0,0.0,6.0,0.33333334,12.0,0.6666667,11.0,0.6111111,0.2777778,3.350209,4.087463,4.0,4.0,0.0,0.22222222,0.0,0.54545456,0.89506173,0.0,0.0,0.0,15.0,9.0,6.0,1.0,0.0,3.3232315,0.0,8.027059,1.6321695,1.4444444
bpxfuuosdvpyeb.com,dircrypt,18.0,14.0,2.0,0.0,0.0,17.0,1.0,0.0,0.0,5.0,0.29411766,12.0,0.7058824,13.0,0.7647059,0.3529412,3.6168747,4.0,3.9068906,5.0,0.0,0.29411766,0.0,0.30769232,0.9134948,0.0,0.0,0.0,14.0,8.5,5.5,1.0,0.0,3.3787835,0.0,8.81625,1.0958499,1.4705882
ihsxytkk.com,dircrypt,12.0,8.0,2.0,0.0,0.0,11.0,1.0,0.0,0.0,2.0,0.18181819,9.0,0.8181818,10.0,0.90909094,0.09090909,3.2776134,3.321928,3.169925,8.0,0.0,0.72727275,0.0,0.1,0.892562,0.0,0.0,0.0,8.0,5.5,2.5,1.0,0.0,2.75,0.0,8.615,1.2860192,1.7272727
elinjpjqkdyvd.com,dircrypt,17.0,13.0,2.0,0.0,0.0,16.0,1.0,0.0,0.0,3.0,0.1875,13.0,0.8125,14.0,0.875,0.25,3.75,3.9068906,3.807355,11.0,0.0,0.6875,0.0,0.14285715,0.921875,0.0,0.0,0.0,13.0,8.0,5.0,1.0,0.0,3.3927474,0.0,7.582,1.1469378,1.5
xnloppwhfamkcltuxkif.com,dircrypt,24.0,20.0,2.0,0.0,0.0,23.0,1.0,0.0,0.0,5.0,0.2173913,18.0,0.7826087,15.0,0.65217394,0.2173913,3.8279097,4.4594316,4.3923173,5.0,0.0,0.2173913,0.0,0.53333336,0.92627597,0.0,0.0,0.0,20.0,11.5,8.5,1.0,0.0,3.821928,0.0,7.29,0.9266862,1.3478261
pzkjptizn.com,dircrypt,13.0,9.0,2.0,0.0,0.0,12.0,1.0,0.0,0.0,2.0,0.16666667,10.0,0.8333333,10.0,0.8333333,0.083333336,3.251629,3.4594316,3.321928,6.0,0.0,0.5,0.0,0.2,0.8888889,0.0,0.0,0.0,9.0,6.0,3.0,1.0,0.0,2.7254806,0.0,8.027273,1.6170518,1.6666666
wjwpxcgtvipmqdmb.com,dircrypt,20.0,16.0,2.0,0.0,0.0,19.0,1.0,0.0,0.0,2.0,0.10526316,17.0,0.8947368,14.0,0.7368421,0.21052632,3.6818807,4.169925,4.087463,9.0,0.0,0.47368422,0.0,0.2857143,0.9141274,0.0,0.0,0.0,16.0,9.5,6.5,1.0,0.0,3.625,0.0,8.627222,1.3160852,1.4210526
anpgvuaejrziqbjf.com,dircrypt,20.0,16.0,2.0,0.0,0.0,19.0,1.0,0.0,0.0,6.0,0.31578946,13.0,0.68421054,17.0,0.8947368,0.31578946,4.037401,4.169925,4.087463,5.0,0.0,0.2631579,0.0,0.11764706,0.9362881,0.0,0.0,0.0,16.0,9.5,6.5,1.0,0.0,3.75,0.0,8.767222,0.9494671,1.4210526
xhdkdlhisxjatyb.com,dircrypt,19.0,15.0,2.0,0.0,0.0,18.0,1.0,0.0,0.0,3.0,0.16666667,15.0,0.8333333,15.0,0.8333333,0.2777778,3.8365917,4.087463,4.0,7.0,0.0,0.3888889,0.0,0.2,0.9259259,0.0,0.0,0.0,15.0,9.0,6.0,1.0,0.0,3.5068905,0.0,7.4917645,0.9720275,1.4444444
pxiabwxqsmylrfcjuq.com,dircrypt,22.0,18.0,2.0,0.0,0.0,21.0,1.0,0.0,0.0,4.0,0.1904762,17.0,0.8095238,17.0,0.8095238,0.23809524,4.011365,4.321928,4.2479277,12.0,0.0,0.5714286,0.0,0.23529412,0.93424034,0.0,0.0,0.0,18.0,10.5,7.5,1.0,0.0,3.947703,0.0,8.7365,1.1181388,1.3809524
egxmdptvngxbu.com,dircrypt,17.0,13.0,2.0,0.0,0.0,16.0,1.0,0.0,0.0,3.0,0.1875,13.0,0.8125,13.0,0.8125,0.25,3.625,3.7735572,3.807355,11.0,0.0,0.6875,0.0,0.23076923,0.9140625,0.0,0.0,0.0,13.0,8.0,5.0,1.0,0.0,3.3927474,0.0,8.179334,1.1302698,1.5
fxejwqzxixuq.com,dircrypt,16.0,12.0,2.0,0.0,0.0,15.0,1.0,0.0,0.0,4.0,0.26666668,11.0,0.73333335,12.0,0.8,0.2,3.4565647,3.807355,3.7004397,5.0,0.0,0.33333334,0.0,0.16666667,0.8977778,0.0,0.0,0.0,12.0,7.5,4.5,1.0,0.0,3.0220551,0.0,9.010715,1.9725573,1.5333333
nihxfewgtyssszmskpdu.com,dircrypt,24.0,20.0,2.0,0.0,0.0,23.0,1.0,0.0,0.0,4.0,0.17391305,19.0,0.82608694,19.0,0.82608694,0.17391305,4.0887794,4.3685226,4.3923173,13.0,0.0,0.5652174,0.0,0.10526316,0.9300567,0.0,0.0,0.0,20.0,11.5,8.5,1.0,0.0,3.9219282,0.0,8.433637,0.6260665,1.3478261
moycjyvekwmsdeo.com,dircrypt,19.0,15.0,2.0,0.0,0.0,18.0,1.0,0.0,0.0,5.0,0.2777778,13.0,0.7222222,11.0,0.6111111,0.2777778,3.308271,4.087463,4.0,5.0,0.0,0.2777778,0.0,0.45454547,0.8888889,0.0,0.0,0.0,15.0,9.0,6.0,1.0,0.0,3.3735573,0.0,7.7370586,1.1325127,1.4444444
tjyoapacfr.com,dircrypt,14.0,10.0,2.0,0.0,0.0,13.0,1.0,0.0,0.0,4.0,0.30769232,9.0,0.6923077,10.0,0.7692308,0.3846154,3.2389011,3.5849626,3.4594316,4.0,0.0,0.30769232,0.0,0.3,0.88757396,0.0,0.0,0.0,10.0,6.5,3.5,1.0,0.0,3.121928,0.0,6.8716664,1.0814164,1.6153846
yrscthsripcewyrhpsa.com,dircrypt,23.0,19.0,2.0,0.0,0.0,22.0,1.0,0.0,0.0,4.0,0.18181819,18.0,0.8181818,13.0,0.59090906,0.22727273,3.5383105,4.2970796,4.321928,8.0,0.0,0.36363637,0.0,0.46153846,0.90495867,0.0,0.0,0.0,19.0,11.0,8.0,1.0,0.0,3.3263605,0.0,6.8009524,0.70605457,1.3636364
xbshooriplo.com,dircrypt,15.0,11.0,2.0,0.0,0.0,14.0,1.0,0.0,0.0,5.0,0.35714287,9.0,0.64285713,11.0,0.78571427,0.14285715,3.2359264,3.7004397,3.5849626,4.0,0.0,0.2857143,0.0,0.09090909,0.86734694,0.0,0.0,0.0,11.0,7.0,4.0,1.0,0.0,3.0271692,0.0,5.5153847,1.0057021,1.5714285
gbyvfmtkzztbymtduz.com,dircrypt,22.0,18.0,2.0,0.0,0.0,21.0,1.0,0.0,0.0,2.0,0.0952381,19.0,0.9047619,13.0,0.61904764,0.23809524,3.5225716,4.121928,4.2479277,16.0,0.0,0.7619048,0.0,0.3846154,0.9024943,0.0,0.0,0.0,18.0,10.5,7.5,1.0,0.0,3.308271,0.0,9.3075,1.455765,1.3809524
qyokcagv.com,dircrypt,12.0,8.0,2.0,0.0,0.0,11.0,1.0,0.0,0.0,3.0,0.27272728,8.0,0.72727275,9.0,0.8181818,0.27272728,3.0957952,3.321928,3.169925,3.0,0.0,0.27272728,0.0,0.22222222,0.87603307,0.0,0.0,0.0,8.0,5.5,2.5,1.0,0.0,3.0,0.0,7.405,1.545221,1.7272727
lpyywqwrnl.com,dircrypt,14.0,10.0,2.0,0.0,0.0,13.0,1.0,0.0,0.0,1.0,0.07692308,12.0,0.9230769,10.0,0.7692308,0.07692308,3.2389011,3.5849626,3.4594316,11.0,0.0,0.84615386,0.0,0.3,0.88757396,0.0,0.0,0.0,10.0,6.5,3.5,1.0,0.0,2.7219281,0.0,8.845834,1.362617,1.6153846
kifkcskrbaodz.com,dircrypt,17.0,13.0,2.0,0.0,0.0,16.0,1.0,0.0,0.0,4.0,0.25,12.0,0.75,12.0,0.75,0.375,3.4528196,3.9068906,3.807355,7.0,0.0,0.4375,0.0,0.25,0.8984375,0.0,0.0,0.0,13.0,8.0,5.0,1.0,0.0,3.3346791,0.0,8.301333,1.1575657,1.5
ysbhxzmmonyzeq.com,dircrypt,18.0,14.0,2.0,0.0,0.0,17.0,1.0,0.0,0.0,3.0,0.1764706,14.0,0.8235294,12.0,0.7058824,0.1764706,3.4548223,4.0,3.9068906,8.0,0.0,0.47058824,0.0,0.33333334,0.899654,0.0,0.0,0.0,14.0,8.5,5.5,1.0,0.0,3.3787835,0.0,8.235,1.4563746,1.4705882
bfnegxjhnuvesugx.eu,emotet,19.0,16.0,2.0,0.0,0.0,18.0,1.0,0.0,0.0,6.0,0.33333334,12.0,0.6666667,11.0,0.6111111,0.2777778,3.308271,3.9698157,4.0,5.0,0.0,0.2777778,0.0,0.45454547,0.8888889,0.0,0.0,0.0,16.0,9.0,7.0,1.0,0.0,3.375,0.0,8.770588,1.328719,1.4444444
davmihnvjdywrmic.eu,emotet,19.0,16.0,2.0,0.0,0.0,18.0,1.0,0.0,0.0,5.0,0.2777778,13.0,0.7222222,14.0,0.7777778,0.2777778,3.7254806,3.9698157,4.0,9.0,0.0,0.5,0.0,0.2857143,0.9197531,0.0,0.0,0.0,16.0,9.0,7.0,1.0,0.0,3.5,0.0,8.424118,0.86111873,1.4444444
dwerqjsmoffsievb.eu,emotet,19.0,16.0,2.0,0.0,0.0,18.0,1.0,0.0,0.0,6.0,0.33333334,12.0,0.6666667,14.0,0.7777778,0.3888889,3.6835423,4.087463,4.0,5.0,0.0,0.2777778,0.0,0.21428572,0.91358024,0.0,0.0,0.0,16.0,9.0,7.0,1.0,0.0,3.625,0.0,8.034706,0.9407875,1.4444444
kalifuqxifgapmyc.eu,emotet,19.0,16.0,2.0,0.0,0.0,18.0,1.0,0.0,0.0,7.0,0.3888889,11.0,0.6111111,14.0,0.7777778,0.33333334,3.7254806,3.9698157,4.0,4.0,0.0,0.22222222,0.0,0.2857143,0.9197531,0.0,0.0,0.0,16.0,9.0,7.0,1.0,0.0,3.625,0.0,7.4941177,1.0453112,1.4444444
wlncjuwntdixnfve.eu,emotet,19.0,16.0,2.0,0.0,0.0,18.0,1.0,0.0,0.0,5.0,0.2777778,13.0,0.7222222,13.0,0.7222222,0.2777778,3.5724313,4.087463,4.0,5.0,0.0,0.2777778,0.0,0.30769232,0.9074074,0.0,0.0,0.0,16.0,9.0,7.0,1.0,0.0,3.5778196,0.0,8.842353,0.98763204,1.4444444
dpvowujdxyyykije.eu,emotet,19.0,16.0,2.0,0.0,0.0,18.0,1.0,0.0,0.0,6.0,0.33333334,12.0,0.6666667,12.0,0.6666667,0.22222222,3.4613202,3.9698157,4.0,7.0,0.0,0.3888889,0.0,0.41666666,0.90123457,0.0,0.0,0.0,16.0,9.0,7.0,1.0,0.0,3.4528196,0.0,9.653529,1.3558699,1.4444444
lamfoaltxfmdmdht.eu,emotet,19.0,16.0,2.0,0.0,0.0,18.0,1.0,0.0,0.0,5.0,0.2777778,13.0,0.7222222,11.0,0.6111111,0.3888889,3.350209,3.9698157,4.0,10.0,0.0,0.5555556,0.0,0.54545456,0.89506173,0.0,0.0,0.0,16.0,9.0,7.0,1.0,0.0,3.0778196,0.0,7.7323527,0.96930695,1.4444444
qbtqagisxatlmjum.eu,emotet,19.0,16.0,2.0,0.0,0.0,18.0,1.0,0.0,0.0,6.0,0.33333334,12.0,0.6666667,13.0,0.7222222,0.22222222,3.6143694,4.087463,4.0,4.0,0.0,0.22222222,0.0,0.3846154,0.91358024,0.0,0.0,0.0,16.0,9.0,7.0,1.0,0.0,3.5,0.0,7.962941,1.1323938,1.4444444
ouofwvsqlmbckbvf.eu,emotet,19.0,16.0,2.0,0.0,0.0,18.0,1.0,0.0,0.0,5.0,0.2777778,13.0,0.7222222,13.0,0.7222222,0.33333334,3.6143694,4.087463,4.0,13.0,0.0,0.7222222,0.0,0.3846154,0.91358024,0.0,0.0,0.0,16.0,9.0,7.0,1.0,0.0,3.5,0.0,9.5517645,1.2247677,1.4444444
nuctbcvnuehnyfse.eu,emotet,19.0,16.0,2.0,0.0,0.0,18.0,1.0,0.0,0.0,6.0,0.33333334,12.0,0.6666667,11.0,0.6111111,0.3888889,3.2663326,3.9698157,4.0,6.0,0.0,0.33333334,0.0,0.36363637,0.88271606,0.0,0.0,0.0,16.0,9.0,7.0,1.0,0.0,3.3278196,0.0,9.25353,0.9601576,1.4444444
iwmcewllgycksppp.eu,emotet,19.0,16.0,2.0,0.0,0.0,18.0,1.0,0.0,0.0,4.0,0.22222222,14.0,0.7777778,12.0,0.6666667,0.22222222,3.4613202,3.9698157,4.0,11.0,0.0,0.6111111,0.0,0.41666666,0.90123457,0.0,0.0,0.0,16.0,9.0,7.0,1.0,0.0,3.3278196,0.0,8.22,1.0102539,1.4444444
uaqmgllevyhtbbor.eu,emotet,19.0,16.0,2.0,0.0,0.0,18.0,1.0,0.0,0.0,6.0,0.33333334,12.0,0.6666667,14.0,0.7777778,0.2777778,3.7254806,4.087463,4.0,6.0,0.0,0.33333334,0.0,0.2857143,0.9197531,0.0,0.0,0.0,16.0,9.0,7.0,1.0,0.0,3.75,0.0,7.957059,0.8428871,1.4444444
mfdlfvnkumalkydk.eu,emotet,19.0,16.0,2.0,0.0,0.0,18.0,1.0,0.0,0.0,4.0,0.22222222,14.0,0.7777778,11.0,0.6111111,0.33333334,3.350209,4.087463,4.0,8.0,0.0,0.44444445,0.0,0.54545456,0.89506173,0.0,0.0,0.0,16.0,9.0,7.0,1.0,0.0,3.2028196,0.0,9.17,1.223649,1.4444444
xpxlggauhnpmycpi.eu,emotet,19.0,16.0,2.0,0.0,0.0,18.0,1.0,0.0,0.0,5.0,0.2777778,13.0,0.7222222,13.0,0.7222222,0.16666667,3.5724313,4.087463,4.0,7.0,0.0,0.3888889,0.0,0.30769232,0.9074074,0.0,0.0,0.0,16.0,9.0,7.0,1.0,0.0,3.4528196,0.0,9.642941,1.0921649,1.4444444
pdpknjcjgdrqhhph.eu,emotet,19.0,16.0,2.0,0.0,0.0,18.0,1.0,0.0,0.0,2.0,0.11111111,16.0,0.8888889,12.0,0.6666667,0.22222222,3.4193819,4.087463,4.0,16.0,0.0,0.8888889,0.0,0.33333334,0.89506173,0.0,0.0,0.0,16.0,9.0,7.0,1.0,0.0,3.1556392,0.0,9.495295,1.3885025,1.4444444
wplpvrlkuffontai.eu,emotet,19.0,16.0,2.0,0.0,0.0,18.0,1.0,0.0,0.0,6.0,0.33333334,12.0,0.6666667,14.0,0.7777778,0.22222222,3.7254806,4.087463,4.0,8.0,0.0,0.44444445,0.0,0.2857143,0.9197531,0.0,0.0,0.0,16.0,9.0,7.0,1.0,0.0,3.625,0.0,7.965294,0.75516844,1.4444444
ylmrlwsojafpomah.eu,emotet,19.0,16.0,2.0,0.0,0.0,18.0,1.0,0.0,0.0,6.0,0.33333334,12.0,0.6666667,14.0,0.7777778,0.22222222,3.7254806,4.087463,4.0,7.0,0.0,0.3888889,0.0,0.2857143,0.9197531,0.0,0.0,0.0,16.0,9.0,7.0,1.0,0.0,3.5,0.0,7.9517646,0.6987186,1.4444444
gxlyknfgwunjlqxt.eu,emotet,19.0,16.0,2.0,0.0,0.0,18.0,1.0,0.0,0.0,3.0,0.16666667,15.0,0.8333333,13.0,0.7222222,0.11111111,3.6143694,4.087463,4.0,9.0,0.0,0.5,0.0,0.3846154,0.91358024,0.0,0.0,0.0,16.0,9.0,7.0,1.0,0.0,3.5,0.0,8.787059,1.3502629,1.4444444
mhmmfytmbhvrdext.eu,emotet,19.0,16.0,2.0,0.0,0.0,18.0,1.0,0.0,0.0,3.0,0.16666667,15.0,0.8333333,12.0,0.6666667,0.2777778,3.3921473,4.087463,4.0,13.0,0.0,0.7222222,0.0,0.33333334,0.8888889,0.0,0.0,0.0,16.0,9.0,7.0,1.0,0.0,3.25,0.0,8.785882,1.1334938,1.4444444
xbmhpkdyteltqtay.eu,emotet,19.0,16.0,2.0,0.0,0.0,18.0,1.0,0.0,0.0,4.0,0.22222222,14.0,0.7777778,14.0,0.7777778,0.2777778,3.6835423,4.087463,4.0,9.0,0.0,0.5,0.0,0.21428572,0.91358024,0.0,0.0,0.0,16.0,9.0,7.0,1.0,0.0,3.5778196,0.0,8.479412,0.97558403,1.4444444
yuxmaijetgbrqypq.eu,emotet,19.0,16.0,2.0,0.0,0.0,18.0,1.0,0.0,0.0,6.0,0.33333334,12.0,0.6666667,14.0,0.7777778,0.22222222,3.7254806,4.087463,4.0,8.0,0.0,0.44444445,0.0,0.2857143,0.9197531,0.0,0.0,0.0,16.0,9.0,7.0,1.0,0.0,3.75,0.0,9.212353,1.1858672,1.4444444
wrstkpayqbmnrawt.eu,emotet,19.0,16.0,2.0,0.0,0.0,18.0,1.0,0.0,0.0,4.0,0.22222222,14.0,0.7777778,14.0,0.7777778,0.22222222,3.7254806,4.087463,4.0,6.0,0.0,0.33333334,0.0,0.2857143,0.9197531,0.0,0.0,0.0,16.0,9.0,7.0,1.0,0.0,3.5,0.0,7.9258823,0.79500645,1.4444444
kbgifkyngoxgwgra.eu,emotet,19.0,16.0,2.0,0.0,0.0,18.0,1.0,0.0,0.0,5.0,0.2777778,13.0,0.7222222,14.0,0.7777778,0.22222222,3.6143694,4.087463,4.0,5.0,0.0,0.2777778,0.0,0.14285715,0.90123457,0.0,0.0,0.0,16.0,9.0,7.0,1.0,0.0,3.375,0.0,8.107059,1.0799996,1.4444444
utnkbmrmkfavcwsd.eu,emotet,19.0,16.0,2.0,0.0,0.0,18.0,1.0,0.0,0.0,4.0,0.22222222,14.0,0.7777778,15.0,0.8333333,0.33333334,3.8365917,4.087463,4.0,9.0,0.0,0.5,0.0,0.2,0.9259259,0.0,0.0,0.0,16.0,9.0,7.0,1.0,0.0,3.75,0.0,9.557059,0.773444,1.4444444
unfcigswatxdetyt.eu,emotet,19.0,16.0,2.0,0.0,0.0,18.0,1.0,0.0,0.0,6.0,0.33333334,12.0,0.6666667,14.0,0.7777778,0.33333334,3.6835423,4.087463,4.0,3.0,0.0,0.16666667,0.0,0.21428572,0.91358024,0.0,0.0,0.0,16.0,9.0,7.0,1.0,0.0,3.7028196,0.0,7.537059,0.6849477,1.4444444
bicnbvmcqnwlteji.eu,emotet,19.0,16.0,2.0,0.0,0.0,18.0,1.0,0.0,0.0,5.0,0.2777778,13.0,0.7222222,13.0,0.7222222,0.33333334,3.6143694,4.087463,4.0,11.0,0.0,0.6111111,0.0,0.3846154,0.91358024,0.0,0.0,0.0,16.0,9.0,7.0,1.0,0.0,3.5,0.0,8.501177,1.0181715,1.4444444
cnvvkxpqohptpssu.eu,emotet,19.0,16.0,2.0,0.0,0.0,18.0,1.0,0.0,0.0,4.0,0.22222222,14.0,0.7777778,13.0,0.7222222,0.11111111,3.5724313,4.087463,4.0,8.0,0.0,0.44444445,0.0,0.30769232,0.9074074,0.0,0.0,0.0,16.0,9.0,7.0,1.0,0.0,3.4528196,0.0,9.571177,1.1541,1.4444444
aopktbpmxasamuyn.eu,emotet,19.0,16.0,2.0,0.0,0.0,18.0,1.0,0.0,0.0,7.0,0.3888889,11.0,0.6111111,13.0,0.7222222,0.2777778,3.5724313,4.087463,4.0,7.0,0.0,0.3888889,0.0,0.30769232,0.9074074,0.0,0.0,0.0,16.0,9.0,7.0,1.0,0.0,3.4528196,0.0,8.069412,0.8382715,1.4444444
xihihhbibuyppwar.eu,emotet,19.0,16.0,2.0,0.0,0.0,18.0,1.0,0.0,0.0,7.0,0.3888889,11.0,0.6111111,11.0,0.6111111,0.22222222,3.308271,3.9698157,4.0,4.0,0.0,0.22222222,0.0,0.45454547,0.8888889,0.0,0.0,0.0,16.0,9.0,7.0,1.0,0.0,3.1556392,0.0,7.6358824,1.1868217,1.4444444
gaidjwuohpsgevse.eu,emotet,19.0,16.0,2.0,0.0,0.0,18.0,1.0,0.0,0.0,8.0,0.44444445,10.0,0.5555556,13.0,0.7222222,0.2777778,3.5724313,4.087463,4.0,4.0,0.0,0.22222222,0.0,0.30769232,0.9074074,0.0,0.0,0.0,16.0,9.0,7.0,1.0,0.0,3.625,0.0,8.49647,0.7819901,1.4444444
dqqnapmxwduhbcat.eu,emotet,19.0,16.0,2.0,0.0,0.0,18.0,1.0,0.0,0.0,5.0,0.2777778,13.0,0.7222222,14.0,0.7777778,0.3888889,3.7254806,4.087463,4.0,5.0,0.0,0.2777778,0.0,0.2857143,0.9197531,0.0,0.0,0.0,16.0,9.0,7.0,1.0,0.0,3.625,0.0,8.012941,1.0897233,1.4444444
lvixesplnijasueg.eu,emotet,19.0,16.0,2.0,0.0,0.0,18.0,1.0,0.0,0.0,8.0,0.44444445,10.0,0.5555556,12.0,0.6666667,0.22222222,3.4613202,4.087463,4.0,4.0,0.0,0.22222222,0.0,0.41666666,0.90123457,0.0,0.0,0.0,16.0,9.0,7.0,1.0,0.0,3.5,0.0,7.6211762,0.847829,1.4444444
ariykxlespkaepyl.eu,emotet,19.0,16.0,2.0,0.0,0.0,18.0,1.0,0.0,0.0,7.0,0.3888889,11.0,0.6111111,11.0,0.6111111,0.2777778,3.350209,3.9698157,4.0,4.0,0.0,0.22222222,0.0,0.54545456,0.89506173,0.0,0.0,0.0,16.0,9.0,7.0,1.0,0.0,3.25,0.0,7.0758824,0.9552284,1.4444444
wrvdiohbjixrlcwj.eu,emotet,19.0,16.0,2.0,0.0,0.0,18.0,1.0,0.0,0.0,5.0,0.2777778,13.0,0.7222222,14.0,0.7777778,0.22222222,3.7254806,4.087463,4.0,6.0,0.0,0.33333334,0.0,0.2857143,0.9197531,0.0,0.0,0.0,16.0,9.0,7.0,1.0,0.0,3.5,0.0,9.160588,1.0464908,1.4444444
iebpdjdujfhfosds.eu,emotet,19.0,16.0,2.0,0.0,0.0,18.0,1.0,0.0,0.0,6.0,0.33333334,12.0,0.6666667,11.0,0.6111111,0.44444445,3.350209,4.087463,4.0,5.0,0.0,0.2777778,0.0,0.54545456,0.89506173,0.0,0.0,0.0,16.0,9.0,7.0,1.0,0.0,3.3278196,0.0,9.188235,1.1420573,1.4444444
gwiqhkhbwjjqjuay.eu,emotet,19.0,16.0,2.0,0.0,0.0,18.0,1.0,0.0,0.0,5.0,0.2777778,13.0,0.7222222,12.0,0.6666667,0.16666667,3.4613202,4.087463,4.0,10.0,0.0,0.5555556,0.0,0.41666666,0.90123457,0.0,0.0,0.0,16.0,9.0,7.0,1.0,0.0,3.3278196,0.0,10.0,1.6744173,1.4444444
anbjtneapccnbwkc.eu,emotet,19.0,16.0,2.0,0.0,0.0,18.0,1.0,0.0,0.0,5.0,0.2777778,13.0,0.7222222,11.0,0.6111111,0.5,3.308271,3.9698157,4.0,8.0,0.0,0.44444445,0.0,0.45454547,0.8888889,0.0,0.0,0.0,16.0,9.0,7.0,1.0,0.0,3.1556392,0.0,7.9147058,1.0514094,1.4444444
pppcdkpealibtfok.eu,emotet,19.0,16.0,2.0,0.0,0.0,18.0,1.0,0.0,0.0,6.0,0.33333334,12.0,0.6666667,13.0,0.7222222,0.3888889,3.5032582,3.9698157,4.0,7.0,0.0,0.3888889,0.0,0.23076923,0.89506173,0.0,0.0,0.0,16.0,9.0,7.0,1.0,0.0,3.375,0.0,7.327647,0.9365822,1.4444444
vstkxcvwkvqcidci.eu,emotet,19.0,16.0,2.0,0.0,0.0,18.0,1.0,0.0,0.0,4.0,0.22222222,14.0,0.7777778,12.0,0.6666667,0.2777778,3.4193819,3.9698157,4.0,12.0,0.0,0.6666667,0.0,0.33333334,0.89506173,0.0,0.0,0.0,16.0,9.0,7.0,1.0,0.0,3.1556392,0.0,9.205882,1.3960257,1.4444444
uuvggvbfxoidqkqx.eu,emotet,19.0,16.0,2.0,0.0,0.0,18.0,1.0,0.0,0.0,6.0,0.33333334,12.0,0.6666667,12.0,0.6666667,0.22222222,3.4613202,4.087463,4.0,7.0,0.0,0.3888889,0.0,0.41666666,0.90123457,0.0,0.0,0.0,16.0,9.0,7.0,1.0,0.0,3.375,0.0,9.660588,1.665207,1.4444444
taaihrxtsoguydff.eu,emotet,19.0,16.0,2.0,0.0,0.0,18.0,1.0,0.0,0.0,7.0,0.3888889,11.0,0.6111111,14.0,0.7777778,0.33333334,3.7254806,4.087463,4.0,5.0,0.0,0.2777778,0.0,0.2857143,0.9197531,0.0,0.0,0.0,16.0,9.0,7.0,1.0,0.0,3.625,0.0,9.25,0.6741952,1.4444444
lnwnugmrkfjtcjwu.eu,emotet,19.0,16.0,2.0,0.0,0.0,18.0,1.0,0.0,0.0,4.0,0.22222222,14.0,0.7777778,13.0,0.7222222,0.16666667,3.5724313,4.087463,4.0,10.0,0.0,0.5555556,0.0,0.30769232,0.9074074,0.0,0.0,0.0,16.0,9.0,7.0,1.0,0.0,3.5,0.0,10.0,1.0930879,1.4444444
wcrddfenxajexmov.eu,emotet,19.0,16.0,2.0,0.0,0.0,18.0,1.0,0.0,0.0,6.0,0.33333334,12.0,0.6666667,14.0,0.7777778,0.44444445,3.6835423,4.087463,4.0,6.0,0.0,0.33333334,0.0,0.21428572,0.91358024,0.0,0.0,0.0,16.0,9.0,7.0,1.0,0.0,3.625,0.0,8.155294,0.96102583,1.4444444
omsjrfffpfpckjla.eu,emotet,19.0,16.0,2.0,0.0,0.0,18.0,1.0,0.0,0.0,4.0,0.22222222,14.0,0.7777778,13.0,0.7222222,0.3888889,3.5032582,3.8521688,4.0,14.0,0.0,0.7777778,0.0,0.23076923,0.89506173,0.0,0.0,0.0,16.0,9.0,7.0,1.0,0.0,3.25,0.0,9.211764,1.2047827,1.4444444
bfebfplrmebwxptj.eu,emotet,19.0,16.0,2.0,0.0,0.0,18.0,1.0,0.0,0.0,4.0,0.22222222,14.0,0.7777778,12.0,0.6666667,0.44444445,3.4193819,3.8521688,4.0,6.0,0.0,0.33333334,0.0,0.33333334,0.89506173,0.0,0.0,0.0,16.0,9.0,7.0,1.0,0.0,3.3278196,0.0,9.21353,1.2771305,1.4444444
nedsikgpxlqahdpy.eu,emotet,19.0,16.0,2.0,0.0,0.0,18.0,1.0,0.0,0.0,5.0,0.2777778,13.0,0.7222222,15.0,0.8333333,0.2777778,3.8365917,4.087463,4.0,6.0,0.0,0.33333334,0.0,0.2,0.9259259,0.0,0.0,0.0,16.0,9.0,7.0,1.0,0.0,3.75,0.0,8.379412,0.82840335,1.4444444
kjjsjedmugkcxbyl.eu,emotet,19.0,16.0,2.0,0.0,0.0,18.0,1.0,0.0,0.0,4.0,0.22222222,14.0,0.7777778,13.0,0.7222222,0.2777778,3.5724313,4.087463,4.0,7.0,0.0,0.3888889,0.0,0.30769232,0.9074074,0.0,0.0,0.0,16.0,9.0,7.0,1.0,0.0,3.5778196,0.0,9.078823,1.3521537,1.4444444
smrncafegdxlamqe.eu,emotet,19.0,16.0,2.0,0.0,0.0,18.0,1.0,0.0,0.0,6.0,0.33333334,12.0,0.6666667,14.0,0.7777778,0.44444445,3.6835423,4.087463,4.0,5.0,0.0,0.2777778,0.0,0.21428572,0.91358024,0.0,0.0,0.0,16.0,9.0,7.0,1.0,0.0,3.625,0.0,8.882353,0.76063925,1.4444444
hxhwrbpbrjtymmbc.eu,emotet,19.0,16.0,2.0,0.0,0.0,18.0,1.0,0.0,0.0,2.0,0.11111111,16.0,0.8888889,13.0,0.7222222,0.2777778,3.5724313,4.087463,4.0,16.0,0.0,0.8888889,0.0,0.30769232,0.9074074,0.0,0.0,0.0,16.0,9.0,7.0,1.0,0.0,3.3278196,0.0,9.233529,1.2171099,1.4444444
ausuqnxjjipvbydx.eu,emotet,19.0,16.0,2.0,0.0,0.0,18.0,1.0,0.0,0.0,6.0,0.33333334,12.0,0.6666667,14.0,0.7777778,0.22222222,3.6835423,4.087463,4.0,6.0,0.0,0.33333334,0.0,0.21428572,0.91358024,0.0,0.0,0.0,16.0,9.0,7.0,1.0,0.0,3.625,0.0,9.375882,1.3394682,1.4444444
pxljvlqfvhenwinc.eu,emotet,19.0,16.0,2.0,0.0,0.0,18.0,1.0,0.0,0.0,4.0,0.22222222,14.0,0.7777778,14.0,0.7777778,0.22222222,3.7254806,4.087463,4.0,10.0,0.0,0.5555556,0.0,0.2857143,0.9197531,0.0,0.0,0.0,16.0,9.0,7.0,1.0,0.0,3.625,0.0,8.108235,1.1376685,1.4444444
iixylwuqdbtoejjb.eu,emotet,19.0,16.0,2.0,0.0,0.0,18.0,1.0,0.0,0.0,7.0,0.3888889,11.0,0.6111111,13.0,0.7222222,0.2777778,3.6143694,4.087463,4.0,4.0,0.0,0.22222222,0.0,0.3846154,0.91358024,0.0,0.0,0.0,16.0,9.0,7.0,1.0,0.0,3.625,0.0,9.195294,1.2074887,1.4444444
bijpbwhswuhfigye.eu,emotet,19.0,16.0,2.0,0.0,0.0,18.0,1.0,0.0,0.0,6.0,0.33333334,12.0,0.6666667,12.0,0.6666667,0.2777778,3.5032582,4.087463,4.0,7.0,0.0,0.3888889,0.0,0.5,0.9074074,0.0,0.0,0.0,16.0,9.0,7.0,1.0,0.0,3.5,0.0,9.285295,1.1314974,1.4444444
ifjjrnaqmtjbqkwk.eu,emotet,19.0,16.0,2.0,0.0,0.0,18.0,1.0,0.0,0.0,4.0,0.22222222,14.0,0.7777778,14.0,0.7777778,0.22222222,3.6835423,4.087463,4.0,9.0,0.0,0.5,0.0,0.21428572,0.91358024,0.0,0.0,0.0,16.0,9.0,7.0,1.0,0.0,3.4528196,0.0,9.279411,1.4118259,1.4444444
lsmyfdtdmmiohxpa.eu,emotet,19.0,16.0,2.0,0.0,0.0,18.0,1.0,0.0,0.0,5.0,0.2777778,13.0,0.7222222,15.0,0.8333333,0.2777778,3.7946534,4.087463,4.0,10.0,0.0,0.5555556,0.0,0.13333334,0.9197531,0.0,0.0,0.0,16.0,9.0,7.0,1.0,0.0,3.5778196,0.0,8.80353,0.696984,1.4444444
wonyntvdhyoxtybf.eu,emotet,19.0,16.0,2.0,0.0,0.0,18.0,1.0,0.0,0.0,4.0,0.22222222,14.0,0.7777778,13.0,0.7222222,0.22222222,3.5724313,4.087463,4.0,8.0,0.0,0.44444445,0.0,0.30769232,0.9074074,0.0,0.0,0.0,16.0,9.0,7.0,1.0,0.0,3.3278196,0.0,8.397647,1.0116267,1.4444444
wrwtinfonrhrquug.eu,emotet,19.0,16.0,2.0,0.0,0.0,18.0,1.0,0.0,0.0,6.0,0.33333334,12.0,0.6666667,12.0,0.6666667,0.11111111,3.4193819,4.087463,4.0,5.0,0.0,0.2777778,0.0,0.33333334,0.89506173,0.0,0.0,0.0,16.0,9.0,7.0,1.0,0.0,3.3278196,0.0,7.8029413,0.95767105,1.4444444
cepjmgwbhlnjnifa.eu,emotet,19.0,16.0,2.0,0.0,0.0,18.0,1.0,0.0,0.0,5.0,0.2777778,13.0,0.7222222,15.0,0.8333333,0.33333334,3.8365917,4.087463,4.0,11.0,0.0,0.6111111,0.0,0.2,0.9259259,0.0,0.0,0.0,16.0,9.0,7.0,1.0,0.0,3.75,0.0,8.962353,0.82762146,1.4444444
owwvgexakmditsua.eu,emotet,19.0,16.0,2.0,0.0,0.0,18.0,1.0,0.0,0.0,8.0,0.44444445,10.0,0.5555556,14.0,0.7777778,0.2777778,3.7254806,4.087463,4.0,4.0,0.0,0.22222222,0.0,0.2857143,0.9197531,0.0,0.0,0.0,16.0,9.0,7.0,1.0,0.0,3.75,0.0,8.081765,0.74537927,1.4444444
cihdfwvkwtmcuowg.eu,emotet,19.0,16.0,2.0,0.0,0.0,18.0,1.0,0.0,0.0,5.0,0.2777778,13.0,0.7222222,14.0,0.7777778,0.2777778,3.6835423,4.087463,4.0,10.0,0.0,0.5555556,0.0,0.21428572,0.91358024,0.0,0.0,0.0,16.0,9.0,7.0,1.0,0.0,3.5778196,0.0,9.27,0.96573526,1.4444444
qjjoefjahawepwtr.eu,emotet,19.0,16.0,2.0,0.0,0.0,18.0,1.0,0.0,0.0,7.0,0.3888889,11.0,0.6111111,12.0,0.6666667,0.33333334,3.4193819,4.087463,4.0,4.0,0.0,0.22222222,0.0,0.33333334,0.89506173,0.0,0.0,0.0,16.0,9.0,7.0,1.0,0.0,3.3278196,0.0,8.369411,1.2166481,1.4444444
kjedvbskusdfgbeu.eu,emotet,19.0,16.0,2.0,0.0,0.0,18.0,1.0,0.0,0.0,6.0,0.33333334,12.0,0.6666667,10.0,0.5555556,0.44444445,3.1971598,3.9698157,4.0,5.0,0.0,0.2777778,0.0,0.6,0.88271606,0.0,0.0,0.0,16.0,9.0,7.0,1.0,0.0,3.25,0.0,8.874118,1.3233184,1.4444444
slbudesjiixjvhsk.eu,emotet,19.0,16.0,2.0,0.0,0.0,18.0,1.0,0.0,0.0,6.0,0.33333334,12.0,0.6666667,12.0,0.6666667,0.22222222,3.4613202,4.087463,4.0,6.0,0.0,0.33333334,0.0,0.41666666,0.90123457,0.0,0.0,0.0,16.0,9.0,7.0,1.0,0.0,3.4528196,0.0,8.725294,1.1302757,1.4444444
aedkkjpnuvjyfqmc.eu,emotet,19.0,16.0,2.0,0.0,0.0,18.0,1.0,0.0,0.0,5.0,0.2777778,13.0,0.7222222,14.0,0.7777778,0.33333334,3.7254806,4.087463,4.0,7.0,0.0,0.3888889,0.0,0.2857143,0.9197531,0.0,0.0,0.0,16.0,9.0,7.0,1.0,0.0,3.75,0.0,9.118824,1.2151506,1.4444444
qlublsibvhilckko.eu,emotet,19.0,16.0,2.0,0.0,0.0,18.0,1.0,0.0,0.0,6.0,0.33333334,12.0,0.6666667,12.0,0.6666667,0.22222222,3.4613202,4.087463,4.0,4.0,0.0,0.22222222,0.0,0.41666666,0.90123457,0.0,0.0,0.0,16.0,9.0,7.0,1.0,0.0,3.3278196,0.0,8.430588,1.1313639,1.4444444
npjlacnchhdneatn.eu,emotet,19.0,16.0,2.0,0.0,0.0,18.0,1.0,0.0,0.0,5.0,0.2777778,13.0,0.7222222,11.0,0.6111111,0.3888889,3.2810361,3.9698157,4.0,7.0,0.0,0.3888889,0.0,0.45454547,0.88271606,0.0,0.0,0.0,16.0,9.0,7.0,1.0,0.0,3.125,0.0,7.1,0.8394653,1.4444444
jamnshpeorlbtkmt.eu,emotet,19.0,16.0,2.0,0.0,0.0,18.0,1.0,0.0,0.0,5.0,0.2777778,13.0,0.7222222,15.0,0.8333333,0.22222222,3.8365917,4.087463,4.0,7.0,0.0,0.3888889,0.0,0.2,0.9259259,0.0,0.0,0.0,16.0,9.0,7.0,1.0,0.0,3.75,0.0,8.001177,0.5445797,1.4444444
mptgdanmytxjqxah.eu,emotet,19.0,16.0,2.0,0.0,0.0,18.0,1.0,0.0,0.0,4.0,0.22222222,14.0,0.7777778,14.0,0.7777778,0.22222222,3.7254806,4.087463,4.0,8.0,0.0,0.44444445,0.0,0.2857143,0.9197531,0.0,0.0,0.0,16.0,9.0,7.0,1.0,0.0,3.5,0.0,8.691176,1.0900427,1.4444444
baskoktjttcxvyxf.eu,emotet,19.0,16.0,2.0,0.0,0.0,18.0,1.0,0.0,0.0,4.0,0.22222222,14.0,0.7777778,14.0,0.7777778,0.2777778,3.6835423,4.087463,4.0,11.0,0.0,0.6111111,0.0,0.21428572,0.91358024,0.0,0.0,0.0,16.0,9.0,7.0,1.0,0.0,3.4528196,0.0,9.194706,1.1393416,1.4444444
rbykkgoyqngdwduq.eu,emotet,19.0,16.0,2.0,0.0,0.0,18.0,1.0,0.0,0.0,4.0,0.22222222,14.0,0.7777778,12.0,0.6666667,0.22222222,3.5032582,4.087463,4.0,7.0,0.0,0.3888889,0.0,0.5,0.9074074,0.0,0.0,0.0,16.0,9.0,7.0,1.0,0.0,3.375,0.0,9.567647,1.3528463,1.4444444
mmalyppejjinkwfq.eu,emotet,19.0,16.0,2.0,0.0,0.0,18.0,1.0,0.0,0.0,5.0,0.2777778,13.0,0.7222222,14.0,0.7777778,0.22222222,3.7254806,4.087463,4.0,5.0,0.0,0.2777778,0.0,0.2857143,0.9197531,0.0,0.0,0.0,16.0,9.0,7.0,1.0,0.0,3.625,0.0,7.584706,1.1129452,1.4444444
bqjnqhbxujfftwyd.eu,emotet,19.0,16.0,2.0,0.0,0.0,18.0,1.0,0.0,0.0,3.0,0.16666667,15.0,0.8333333,13.0,0.7222222,0.33333334,3.6143694,4.087463,4.0,8.0,0.0,0.44444445,0.0,0.3846154,0.91358024,0.0,0.0,0.0,16.0,9.0,7.0,1.0,0.0,3.5,0.0,9.557059,1.6100365,1.4444444
sxtkuxgymiwtknic.eu,emotet,19.0,16.0,2.0,0.0,0.0,18.0,1.0,0.0,0.0,5.0,0.2777778,13.0,0.7222222,13.0,0.7222222,0.11111111,3.6143694,3.9698157,4.0,4.0,0.0,0.22222222,0.0,0.3846154,0.91358024,0.0,0.0,0.0,16.0,9.0,7.0,1.0,0.0,3.5,0.0,8.799412,1.024034,1.4444444
urjwpcwkeviqijlg.eu,emotet,19.0,16.0,2.0,0.0,0.0,18.0,1.0,0.0,0.0,6.0,0.33333334,12.0,0.6666667,13.0,0.7222222,0.16666667,3.6143694,4.087463,4.0,7.0,0.0,0.3888889,0.0,0.3846154,0.91358024,0.0,0.0,0.0,16.0,9.0,7.0,1.0,0.0,3.625,0.0,8.630589,1.2179663,1.4444444
uoofvpoeurvmonxu.eu,emotet,19.0,16.0,2.0,0.0,0.0,18.0,1.0,0.0,0.0,10.0,0.5555556,8.0,0.44444445,10.0,0.5555556,0.16666667,3.0588138,3.9698157,4.0,3.0,0.0,0.16666667,0.0,0.4,0.8580247,0.0,0.0,0.0,16.0,9.0,7.0,1.0,0.0,3.0778196,0.0,8.458236,1.2068504,1.4444444
vvnfuljigoqtbnnn.eu,emotet,19.0,16.0,2.0,0.0,0.0,18.0,1.0,0.0,0.0,5.0,0.2777778,13.0,0.7222222,13.0,0.7222222,0.16666667,3.5032582,3.9698157,4.0,6.0,0.0,0.33333334,0.0,0.23076923,0.89506173,0.0,0.0,0.0,16.0,9.0,7.0,1.0,0.0,3.375,0.0,8.967059,1.1012752,1.4444444
bppqjdhyhrtgqrir.eu,emotet,19.0,16.0,2.0,0.0,0.0,18.0,1.0,0.0,0.0,3.0,0.16666667,15.0,0.8333333,13.0,0.7222222,0.16666667,3.5724313,4.087463,4.0,14.0,0.0,0.7777778,0.0,0.30769232,0.9074074,0.0,0.0,0.0,16.0,9.0,7.0,1.0,0.0,3.3278196,0.0,8.348235,1.2148411,1.4444444
hxmlmgguiofrretv.eu,emotet,19.0,16.0,2.0,0.0,0.0,18.0,1.0,0.0,0.0,6.0,0.33333334,12.0,0.6666667,13.0,0.7222222,0.16666667,3.6143694,4.087463,4.0,7.0,0.0,0.3888889,0.0,0.3846154,0.91358024,0.0,0.0,0.0,16.0,9.0,7.0,1.0,0.0,3.625,0.0,7.7017646,0.83453083,1.4444444
cprxkmsyridbcxom.eu,emotet,19.0,16.0,2.0,0.0,0.0,18.0,1.0,0.0,0.0,4.0,0.22222222,14.0,0.7777778,14.0,0.7777778,0.2777778,3.7254806,4.087463,4.0,9.0,0.0,0.5,0.0,0.2857143,0.9197531,0.0,0.0,0.0,16.0,9.0,7.0,1.0,0.0,3.5,0.0,8.035882,0.9472691,1.4444444
uyvokuwmyfbejjbv.eu,emotet,19.0,16.0,2.0,0.0,0.0,18.0,1.0,0.0,0.0,6.0,0.33333334,12.0,0.6666667,11.0,0.6111111,0.2777778,3.350209,4.087463,4.0,5.0,0.0,0.2777778,0.0,0.54545456,0.89506173,0.0,0.0,0.0,16.0,9.0,7.0,1.0,0.0,3.375,0.0,9.32647,1.5187591,1.4444444
rrssharenayujljw.eu,emotet,19.0,16.0,2.0,0.0,0.0,18.0,1.0,0.0,0.0,6.0,0.33333334,12.0,0.6666667,11.0,0.6111111,0.22222222,3.350209,4.087463,4.0,5.0,0.0,0.2777778,0.0,0.54545456,0.89506173,0.0,0.0,0.0,16.0,9.0,7.0,1.0,0.0,3.3278196,0.0,6.92,0.8800431,1.4444444
lxuyedcehixbgacy.eu,emotet,19.0,16.0,2.0,0.0,0.0,18.0,1.0,0.0,0.0,7.0,0.3888889,11.0,0.6111111,12.0,0.6666667,0.44444445,3.4613202,3.9698157,4.0,3.0,0.0,0.16666667,0.0,0.41666666,0.90123457,0.0,0.0,0.0,16.0,9.0,7.0,1.0,0.0,3.5,0.0,7.990588,1.0730784,1.4444444
vltkebbnjhdsnfws.eu,emotet,19.0,16.0,2.0,0.0,0.0,18.0,1.0,0.0,0.0,3.0,0.16666667,15.0,0.8333333,14.0,0.7777778,0.33333334,3.7254806,4.087463,4.0,11.0,0.0,0.6111111,0.0,0.2857143,0.9197531,0.0,0.0,0.0,16.0,9.0,7.0,1.0,0.0,3.625,0.0,9.252353,0.86492914,1.4444444
ingdnscssudrqvxf.eu,emotet,19.0,16.0,2.0,0.0,0.0,18.0,1.0,0.0,0.0,4.0,0.22222222,14.0,0.7777778,13.0,0.7222222,0.2777778,3.5724313,4.087463,4.0,8.0,0.0,0.44444445,0.0,0.30769232,0.9074074,0.0,0.0,0.0,16.0,9.0,7.0,1.0,0.0,3.4528196,0.0,8.235883,0.96662086,1.4444444
nnrucgolpuiemtxg.eu,emotet,19.0,16.0,2.0,0.0,0.0,18.0,1.0,0.0,0.0,7.0,0.3888889,11.0,0.6111111,13.0,0.7222222,0.16666667,3.5724313,4.087463,4.0,4.0,0.0,0.22222222,0.0,0.30769232,0.9074074,0.0,0.0,0.0,16.0,9.0,7.0,1.0,0.0,3.625,0.0,8.308824,0.7351068,1.4444444
hhfhdlrarvhkofaj.eu,emotet,19.0,16.0,2.0,0.0,0.0,18.0,1.0,0.0,0.0,5.0,0.2777778,13.0,0.7222222,12.0,0.6666667,0.33333334,3.3921473,4.087463,4.0,7.0,0.0,0.3888889,0.0,0.33333334,0.8888889,0.0,0.0,0.0,16.0,9.0,7.0,1.0,0.0,3.125,0.0,9.1388235,1.0763087,1.4444444
hrufqyjthrsjhgin.eu,emotet,19.0,16.0,2.0,0.0,0.0,18.0,1.0,0.0,0.0,4.0,0.22222222,14.0,0.7777778,13.0,0.7222222,0.11111111,3.5724313,3.9698157,4.0,11.0,0.0,0.6111111,0.0,0.30769232,0.9074074,0.0,0.0,0.0,16.0,9.0,7.0,1.0,0.0,3.4528196,0.0,7.7876472,1.098141,1.4444444
bmlttspgksfcldre.eu,emotet,19.0,16.0,2.0,0.0,0.0,18.0,1.0,0.0,0.0,3.0,0.16666667,15.0,0.8333333,14.0,0.7777778,0.33333334,3.7254806,4.087463,4.0,15.0,0.0,0.8333333,0.0,0.2857143,0.9197531,0.0,0.0,0.0,16.0,9.0,7.0,1.0,0.0,3.625,0.0,8.476471,0.64417225,1.4444444
vajemegamvphnqbh.eu,emotet,19.0,16.0,2.0,0.0,0.0,18.0,1.0,0.0,0.0,6.0,0.33333334,12.0,0.6666667,12.0,0.6666667,0.33333334,3.4613202,4.087463,4.0,8.0,0.0,0.44444445,0.0,0.41666666,0.90123457,0.0,0.0,0.0,16.0,9.0,7.0,1.0,0.0,3.375,0.0,8.394706,1.1543294,1.4444444
rsmrfjxmxmdfymel.eu,emotet,19.0,16.0,2.0,0.0,0.0,18.0,1.0,0.0,0.0,3.0,0.16666667,15.0,0.8333333,11.0,0.6111111,0.2777778,3.2810361,3.9698157,4.0,14.0,0.0,0.7777778,0.0,0.45454547,0.88271606,0.0,0.0,0.0,16.0,9.0,7.0,1.0,0.0,3.125,0.0,8.313529,1.3301146,1.4444444
gpvklnpkxdfcrpvf.eu,emotet,19.0,16.0,2.0,0.0,0.0,18.0,1.0,0.0,0.0,2.0,0.11111111,16.0,0.8888889,13.0,0.7222222,0.2777778,3.5724313,3.9698157,4.0,16.0,0.0,0.8888889,0.0,0.30769232,0.9074074,0.0,0.0,0.0,16.0,9.0,7.0,1.0,0.0,3.3278196,0.0,9.677647,1.2755158,1.4444444
gjuydllxtopydgtv.eu,emotet,19.0,16.0,2.0,0.0,0.0,18.0,1.0,0.0,0.0,4.0,0.22222222,14.0,0.7777778,12.0,0.6666667,0.16666667,3.5032582,3.9698157,4.0,6.0,0.0,0.33333334,0.0,0.5,0.9074074,0.0,0.0,0.0,16.0,9.0,7.0,1.0,0.0,3.375,0.0,8.84,1.1271292,1.4444444
rsffjmtdnphmcgmx.eu,emotet,19.0,16.0,2.0,0.0,0.0,18.0,1.0,0.0,0.0,2.0,0.11111111,16.0,0.8888889,15.0,0.8333333,0.2777778,3.7946534,4.087463,4.0,16.0,0.0,0.8888889,0.0,0.13333334,0.9197531,0.0,0.0,0.0,16.0,9.0,7.0,1.0,0.0,3.5778196,0.0,9.591176,0.9205553,1.4444444
scapuaslcufxwsew.eu,emotet,19.0,16.0,2.0,0.0,0.0,18.0,1.0,0.0,0.0,7.0,0.3888889,11.0,0.6111111,10.0,0.5555556,0.3888889,3.1971598,4.087463,4.0,4.0,0.0,0.22222222,0.0,0.6,0.88271606,0.0,0.0,0.0,16.0,9.0,7.0,1.0,0.0,3.2028196,0.0,8.101765,1.0737243,1.4444444
loxgkbglximkhrpu.eu,emotet,19.0,16.0,2.0,0.0,0.0,18.0,1.0,0.0,0.0,5.0,0.2777778,13.0,0.7222222,13.0,0.7222222,0.11111111,3.6143694,4.087463,4.0,7.0,0.0,0.3888889,0.0,0.3846154,0.91358024,0.0,0.0,0.0,16.0,9.0,7.0,1.0,0.0,3.5,0.0,8.666471,1.119537,1.4444444
xslhxuxgymiwtkni.eu,emotet,19.0,16.0,2.0,0.0,0.0,18.0,1.0,0.0,0.0,5.0,0.2777778,13.0,0.7222222,14.0,0.7777778,0.055555556,3.6835423,4.087463,4.0,5.0,0.0,0.2777778,0.0,0.21428572,0.91358024,0.0,0.0,0.0,16.0,9.0,7.0,1.0,0.0,3.5778196,0.0,9.624706,1.0589052,1.4444444
njypawtnvvtgvevb.eu,emotet,19.0,16.0,2.0,0.0,0.0,18.0,1.0,0.0,0.0,4.0,0.22222222,14.0,0.7777778,12.0,0.6666667,0.22222222,3.3921473,4.087463,4.0,8.0,0.0,0.44444445,0.0,0.33333334,0.8888889,0.0,0.0,0.0,16.0,9.0,7.0,1.0,0.0,3.25,0.0,8.615882,1.2143434,1.4444444
bprscyayugqdgshm.eu,emotet,19.0,16.0,2.0,0.0,0.0,18.0,1.0,0.0,0.0,4.0,0.22222222,14.0,0.7777778,14.0,0.7777778,0.2777778,3.7254806,4.087463,4.0,7.0,0.0,0.3888889,0.0,0.2857143,0.9197531,0.0,0.0,0.0,16.0,9.0,7.0,1.0,0.0,3.625,0.0,8.454706,0.90671164,1.4444444
hltdwlfglowkkedj.eu,emotet,19.0,16.0,2.0,0.0,0.0,18.0,1.0,0.0,0.0,4.0,0.22222222,14.0,0.7777778,12.0,0.6666667,0.2777778,3.4613202,4.087463,4.0,9.0,0.0,0.5,0.0,0.41666666,0.90123457,0.0,0.0,0.0,16.0,9.0,7.0,1.0,0.0,3.3278196,0.0,8.181765,1.070453,1.4444444
drudyswreqocmeyu.eu,emotet,19.0,16.0,2.0,0.0,0.0,18.0,1.0,0.0,0.0,7.0,0.3888889,11.0,0.6111111,11.0,0.6111111,0.33333334,3.308271,4.087463,4.0,5.0,0.0,0.2777778,0.0,0.45454547,0.8888889,0.0,0.0,0.0,16.0,9.0,7.0,1.0,0.0,3.375,0.0,8.785295,1.0037601,1.4444444
ilaljfntelwlaebw.eu,emotet,19.0,16.0,2.0,0.0,0.0,18.0,1.0,0.0,0.0,7.0,0.3888889,11.0,0.6111111,11.0,0.6111111,0.3888889,3.2390978,3.9698157,4.0,5.0,0.0,0.2777778,0.0,0.36363637,0.8765432,0.0,0.0,0.0,16.0,9.0,7.0,1.0,0.0,3.125,0.0,7.0958824,0.9473383,1.4444444
vsxkvabaumyghxau.eu,emotet,19.0,16.0,2.0,0.0,0.0,18.0,1.0,0.0,0.0,7.0,0.3888889,11.0,0.6111111,12.0,0.6666667,0.2777778,3.4193819,3.9698157,4.0,5.0,0.0,0.2777778,0.0,0.33333334,0.89506173,0.0,0.0,0.0,16.0,9.0,7.0,1.0,0.0,3.3278196,0.0,9.283529,1.2745175,1.4444444
qmmsyneiaxhdyrih.eu,emotet,19.0,16.0,2.0,0.0,0.0,18.0,1.0,0.0,0.0,6.0,0.33333334,12.0,0.6666667,13.0,0.7222222,0.22222222,3.6143694,4.087463,4.0,6.0,0.0,0.33333334,0.0,0.3846154,0.91358024,0.0,0.0,0.0,16.0,9.0,7.0,1.0,0.0,3.5,0.0,8.34,0.8720058,1.4444444
ygqcrnfdlfqridvi.eu,emotet,19.0,16.0,2.0,0.0,0.0,18.0,1.0,0.0,0.0,4.0,0.22222222,14.0,0.7777778,13.0,0.7222222,0.33333334,3.6143694,4.087463,4.0,12.0,0.0,0.6666667,0.0,0.3846154,0.91358024,0.0,0.0,0.0,16.0,9.0,7.0,1.0,0.0,3.375,0.0,8.587647,1.1207024,1.4444444
xdsywudkxkstyqkg.eu,emotet,19.0,16.0,2.0,0.0,0.0,18.0,1.0,0.0,0.0,3.0,0.16666667,15.0,0.8333333,11.0,0.6111111,0.16666667,3.350209,4.087463,4.0,10.0,0.0,0.5555556,0.0,0.54545456,0.89506173,0.0,0.0,0.0,16.0,9.0,7.0,1.0,0.0,3.2028196,0.0,8.807059,1.5139967,1.4444444
awkmccbicjhxcxby.eu,emotet,19.0,16.0,2.0,0.0,0.0,18.0,1.0,0.0,0.0,4.0,0.22222222,14.0,0.7777778,13.0,0.7222222,0.44444445,3.5032582,4.087463,4.0,8.0,0.0,0.44444445,0.0,0.23076923,0.89506173,0.0,0.0,0.0,16.0,9.0,7.0,1.0,0.0,3.25,0.0,9.238235,1.38903,1.4444444
pmsuerembptnxqvf.eu,emotet,19.0,16.0,2.0,0.0,0.0,18.0,1.0,0.0,0.0,5.0,0.2777778,13.0,0.7222222,13.0,0.7222222,0.2777778,3.5724313,4.087463,4.0,9.0,0.0,0.5,0.0,0.30769232,0.9074074,0.0,0.0,0.0,16.0,9.0,7.0,1.0,0.0,3.625,0.0,8.67,1.0447484,1.4444444
xntlpwocijomssej.eu,emotet,19.0,16.0,2.0,0.0,0.0,18.0,1.0,0.0,0.0,6.0,0.33333334,12.0,0.6666667,14.0,0.7777778,0.16666667,3.7254806,4.087463,4.0,6.0,0.0,0.33333334,0.0,0.2857143,0.9197531,0.0,0.0,0.0,16.0,9.0,7.0,1.0,0.0,3.625,0.0,7.671765,0.76815987,1.4444444
kneyqqmcbslqhlkr.eu,emotet,19.0,16.0,2.0,0.0,0.0,18.0,1.0,0.0,0.0,3.0,0.16666667,15.0,0.8333333,13.0,0.7222222,0.22222222,3.5724313,4.087463,4.0,13.0,0.0,0.7222222,0.0,0.30769232,0.9074074,0.0,0.0,0.0,16.0,9.0,7.0,1.0,0.0,3.4528196,0.0,9.091176,1.2732794,1.4444444
qlrojjxhfetpmgqc.eu,emotet,19.0,16.0,2.0,0.0,0.0,18.0,1.0,0.0,0.0,4.0,0.22222222,14.0,0.7777778,15.0,0.8333333,0.22222222,3.8365917,4.087463,4.0,6.0,0.0,0.33333334,0.0,0.2,0.9259259,0.0,0.0,0.0,16.0,9.0,7.0,1.0,0.0,3.75,0.0,8.779411,1.1815829,1.4444444
drtmcexepqsjydnj.eu,emotet,19.0,16.0,2.0,0.0,0.0,18.0,1.0,0.0,0.0,4.0,0.22222222,14.0,0.7777778,14.0,0.7777778,0.33333334,3.6835423,4.087463,4.0,8.0,0.0,0.44444445,0.0,0.21428572,0.91358024,0.0,0.0,0.0,16.0,9.0,7.0,1.0,0.0,3.625,0.0,8.502353,1.0156847,1.4444444
qqevjdcqaobhcxkr.eu,emotet,19.0,16.0,2.0,0.0,0.0,18.0,1.0,0.0,0.0,5.0,0.2777778,13.0,0.7222222,14.0,0.7777778,0.3888889,3.6835423,4.087463,4.0,6.0,0.0,0.33333334,0.0,0.21428572,0.91358024,0.0,0.0,0.0,16.0,9.0,7.0,1.0,0.0,3.5778196,0.0,8.84353,1.4050087,1.4444444
fredmttyapqqrrkg.eu,emotet,19.0,16.0,2.0,0.0,0.0,18.0,1.0,0.0,0.0,4.0,0.22222222,14.0,0.7777778,13.0,0.7222222,0.2777778,3.5724313,4.087463,4.0,7.0,0.0,0.3888889,0.0,0.30769232,0.9074074,0.0,0.0,0.0,16.0,9.0,7.0,1.0,0.0,3.4528196,0.0,7.672941,1.019973,1.4444444
qbcfnrufufutlwte.eu,emotet,19.0,16.0,2.0,0.0,0.0,18.0,1.0,0.0,0.0,6.0,0.33333334,12.0,0.6666667,11.0,0.6111111,0.3888889,3.2390978,3.8521688,3.875,6.0,0.0,0.33333334,0.0,0.36363637,0.8765432,0.0,0.0,0.0,16.0,9.0,7.0,1.0,0.0,3.2806392,0.0,8.97353,1.2315279,1.3333334
rccytwkovflxlsmu.eu,emotet,19.0,16.0,2.0,0.0,0.0,18.0,1.0,0.0,0.0,4.0,0.22222222,14.0,0.7777778,15.0,0.8333333,0.22222222,3.8365917,4.087463,4.0,7.0,0.0,0.3888889,0.0,0.2,0.9259259,0.0,0.0,0.0,16.0,9.0,7.0,1.0,0.0,3.75,0.0,9.680588,0.8249059,1.4444444
uujirdbsfiagkxpq.eu,emotet,19.0,16.0,2.0,0.0,0.0,18.0,1.0,0.0,0.0,7.0,0.3888889,11.0,0.6111111,15.0,0.8333333,0.2777778,3.7946534,4.087463,4.0,5.0,0.0,0.2777778,0.0,0.13333334,0.9197531,0.0,0.0,0.0,16.0,9.0,7.0,1.0,0.0,3.75,0.0,8.997059,1.0435866,1.4444444
nrvmjcbuxwdhaaeu.eu,emotet,19.0,16.0,2.0,0.0,0.0,18.0,1.0,0.0,0.0,7.0,0.3888889,11.0,0.6111111,14.0,0.7777778,0.3888889,3.6835423,3.9698157,4.0,7.0,0.0,0.3888889,0.0,0.21428572,0.91358024,0.0,0.0,0.0,16.0,9.0,7.0,1.0,0.0,3.75,0.0,9.207059,0.9171285,1.4444444
unqsdtkievodaxlm.eu,emotet,19.0,16.0,2.0,0.0,0.0,18.0,1.0,0.0,0.0,7.0,0.3888889,11.0,0.6111111,15.0,0.8333333,0.2777778,3.8365917,4.087463,4.0,6.0,0.0,0.33333334,0.0,0.2,0.9259259,0.0,0.0,0.0,16.0,9.0,7.0,1.0,0.0,3.875,0.0,8.858235,0.7103022,1.4444444
qamslxmdukgulpbu.eu,emotet,19.0,16.0,2.0,0.0,0.0,18.0,1.0,0.0,0.0,6.0,0.33333334,12.0,0.6666667,13.0,0.7222222,0.22222222,3.5032582,4.087463,4.0,6.0,0.0,0.33333334,0.0,0.23076923,0.89506173,0.0,0.0,0.0,16.0,9.0,7.0,1.0,0.0,3.4528196,0.0,9.000588,1.1751114,1.4444444
sisjsnqgdbfpakbc.eu,emotet,19.0,16.0,2.0,0.0,0.0,18.0,1.0,0.0,0.0,4.0,0.22222222,14.0,0.7777778,15.0,0.8333333,0.3888889,3.7946534,4.087463,4.0,10.0,0.0,0.5555556,0.0,0.13333334,0.9197531,0.0,0.0,0.0,16.0,9.0,7.0,1.0,0.0,3.5778196,0.0,8.344118,0.9329913,1.4444444
fdphfpenxpjvdjje.eu,emotet,19.0,16.0,2.0,0.0,0.0,18.0,1.0,0.0,0.0,4.0,0.22222222,14.0,0.7777778,10.0,0.5555556,0.3888889,3.1552215,4.087463,4.0,8.0,0.0,0.44444445,0.0,0.5,0.8765432,0.0,0.0,0.0,16.0,9.0,7.0,1.0,0.0,3.0306392,0.0,9.149412,1.6162555,1.4444444
ibafpijvpjhjluse.eu,emotet,19.0,16.0,2.0,0.0,0.0,18.0,1.0,0.0,0.0,7.0,0.3888889,11.0,0.6111111,12.0,0.6666667,0.2777778,3.4613202,4.087463,4.0,7.0,0.0,0.3888889,0.0,0.41666666,0.90123457,0.0,0.0,0.0,16.0,9.0,7.0,1.0,0.0,3.4528196,0.0,8.525883,1.1969873,1.4444444
yxtnjlochvihppjm.eu,emotet,19.0,16.0,2.0,0.0,0.0,18.0,1.0,0.0,0.0,4.0,0.22222222,14.0,0.7777778,15.0,0.8333333,0.11111111,3.8365917,4.087463,4.0,6.0,0.0,0.33333334,0.0,0.2,0.9259259,0.0,0.0,0.0,16.0,9.0,7.0,1.0,0.0,3.625,0.0,7.9070587,0.9700966,1.4444444
mkeqsnolbchrllpd.eu,emotet,19.0,16.0,2.0,0.0,0.0,18.0,1.0,0.0,0.0,4.0,0.22222222,14.0,0.7777778,15.0,0.8333333,0.2777778,3.7946534,4.087463,4.0,9.0,0.0,0.5,0.0,0.13333334,0.9197531,0.0,0.0,0.0,16.0,9.0,7.0,1.0,0.0,3.7028196,0.0,8.558824,0.7022835,1.4444444
iotyixaarmxbfwpn.eu,emotet,19.0,16.0,2.0,0.0,0.0,18.0,1.0,0.0,0.0,7.0,0.3888889,11.0,0.6111111,15.0,0.8333333,0.2777778,3.8365917,4.087463,4.0,8.0,0.0,0.44444445,0.0,0.2,0.9259259,0.0,0.0,0.0,16.0,9.0,7.0,1.0,0.0,3.625,0.0,7.92,0.7601162,1.4444444
fidasmckymtygonq.eu,emotet,19.0,16.0,2.0,0.0,0.0,18.0,1.0,0.0,0.0,5.0,0.2777778,13.0,0.7222222,16.0,0.8888889,0.2777778,3.947703,4.087463,4.0,9.0,0.0,0.5,0.0,0.125,0.93209875,0.0,0.0,0.0,16.0,9.0,7.0,1.0,0.0,3.75,0.0,8.01353,0.6840497,1.4444444
rpbhwtwprljjfqso.eu,emotet,19.0,16.0,2.0,0.0,0.0,18.0,1.0,0.0,0.0,3.0,0.16666667,15.0,0.8333333,14.0,0.7777778,0.16666667,3.7254806,4.087463,4.0,15.0,0.0,0.8333333,0.0,0.2857143,0.9197531,0.0,0.0,0.0,16.0,9.0,7.0,1.0,0.0,3.5,0.0,9.23647,1.0950571,1.4444444
jqwtcrxlabuhyant.eu,emotet,19.0,16.0,2.0,0.0,0.0,18.0,1.0,0.0,0.0,5.0,0.2777778,13.0,0.7222222,15.0,0.8333333,0.2777778,3.8365917,4.087463,4.0,8.0,0.0,0.44444445,0.0,0.2,0.9259259,0.0,0.0,0.0,16.0,9.0,7.0,1.0,0.0,3.75,0.0,7.21,0.88813454,1.4444444
bmygoidkueqgshmh.eu,emotet,19.0,16.0,2.0,0.0,0.0,18.0,1.0,0.0,0.0,6.0,0.33333334,12.0,0.6666667,13.0,0.7222222,0.22222222,3.6143694,4.087463,4.0,6.0,0.0,0.33333334,0.0,0.3846154,0.91358024,0.0,0.0,0.0,16.0,9.0,7.0,1.0,0.0,3.625,0.0,9.155882,0.9779185,1.4444444
sojvbuyqvcgbvoer.eu,emotet,19.0,16.0,2.0,0.0,0.0,18.0,1.0,0.0,0.0,6.0,0.33333334,12.0,0.6666667,12.0,0.6666667,0.2777778,3.4613202,4.087463,4.0,7.0,0.0,0.3888889,0.0,0.41666666,0.90123457,0.0,0.0,0.0,16.0,9.0,7.0,1.0,0.0,3.4528196,0.0,8.290588,1.2786825,1.4444444
pdtlipmtblvgxpdp.eu,emotet,19.0,16.0,2.0,0.0,0.0,18.0,1.0,0.0,0.0,3.0,0.16666667,15.0,0.8333333,12.0,0.6666667,0.22222222,3.3921473,3.9698157,4.0,11.0,0.0,0.6111111,0.0,0.33333334,0.8888889,0.0,0.0,0.0,16.0,9.0,7.0,1.0,0.0,3.125,0.0,8.585882,1.1484836,1.4444444
udsubxrsoxdnjxpt.eu,emotet,19.0,16.0,2.0,0.0,0.0,18.0,1.0,0.0,0.0,5.0,0.2777778,13.0,0.7222222,12.0,0.6666667,0.22222222,3.4193819,4.087463,4.0,7.0,0.0,0.3888889,0.0,0.33333334,0.89506173,0.0,0.0,0.0,16.0,9.0,7.0,1.0,0.0,3.3278196,0.0,8.794118,1.2175478,1.4444444
yuitvwctqmhnahbm.eu,emotet,19.0,16.0,2.0,0.0,0.0,18.0,1.0,0.0,0.0,5.0,0.2777778,13.0,0.7222222,14.0,0.7777778,0.22222222,3.7254806,4.087463,4.0,9.0,0.0,0.5,0.0,0.2857143,0.9197531,0.0,0.0,0.0,16.0,9.0,7.0,1.0,0.0,3.625,0.0,8.112941,0.9001485,1.4444444
rqxypfdkyjnwsuqf.eu,emotet,19.0,16.0,2.0,0.0,0.0,18.0,1.0,0.0,0.0,3.0,0.16666667,15.0,0.8333333,14.0,0.7777778,0.22222222,3.7254806,4.087463,4.0,13.0,0.0,0.7222222,0.0,0.2857143,0.9197531,0.0,0.0,0.0,16.0,9.0,7.0,1.0,0.0,3.625,0.0,10.0,1.3952779,1.4444444
yptptnuwvtkheyva.eu,emotet,19.0,16.0,2.0,0.0,0.0,18.0,1.0,0.0,0.0,5.0,0.2777778,13.0,0.7222222,11.0,0.6111111,0.16666667,3.350209,3.9698157,4.0,6.0,0.0,0.33333334,0.0,0.54545456,0.89506173,0.0,0.0,0.0,16.0,9.0,7.0,1.0,0.0,3.3278196,0.0,9.495295,1.0631591,1.4444444
jcvtsgaggjbvqhud.eu,emotet,19.0,16.0,2.0,0.0,0.0,18.0,1.0,0.0,0.0,4.0,0.22222222,14.0,0.7777778,13.0,0.7222222,0.2777778,3.5724313,4.087463,4.0,7.0,0.0,0.3888889,0.0,0.30769232,0.9074074,0.0,0.0,0.0,16.0,9.0,7.0,1.0,0.0,3.4528196,0.0,9.23647,1.3045228,1.4444444
mwerannffffatvlw.eu,emotet,19.0,16.0,2.0,0.0,0.0,18.0,1.0,0.0,0.0,5.0,0.2777778,13.0,0.7222222,11.0,0.6111111,0.44444445,3.2810361,3.6901164,3.875,6.0,0.0,0.33333334,0.0,0.45454547,0.88271606,0.0,0.0,0.0,16.0,9.0,7.0,1.0,0.0,3.125,0.0,8.128235,1.0576566,1.3333334
dvpsxeftukwornhr.eu,emotet,19.0,16.0,2.0,0.0,0.0,18.0,1.0,0.0,0.0,5.0,0.2777778,13.0,0.7222222,15.0,0.8333333,0.22222222,3.8365917,4.087463,4.0,5.0,0.0,0.2777778,0.0,0.2,0.9259259,0.0,0.0,0.0,16.0,9.0,7.0,1.0,0.0,3.875,0.0,8.392941,0.7089483,1.4444444
wrgjqxjvfahiyefx.eu,emotet,19.0,16.0,2.0,0.0,0.0,18.0,1.0,0.0,0.0,5.0,0.2777778,13.0,0.7222222,14.0,0.7777778,0.2777778,3.7254806,4.087463,4.0,9.0,0.0,0.5,0.0,0.2857143,0.9197531,0.0,0.0,0.0,16.0,9.0,7.0,1.0,0.0,3.625,0.0,9.584118,1.3858154,1.4444444
eowaiwwfmadgnjdb.eu,emotet,19.0,16.0,2.0,0.0,0.0,18.0,1.0,0.0,0.0,7.0,0.3888889,11.0,0.6111111,13.0,0.7222222,0.44444445,3.5724313,4.087463,4.0,6.0,0.0,0.33333334,0.0,0.30769232,0.9074074,0.0,0.0,0.0,16.0,9.0,7.0,1.0,0.0,3.4528196,0.0,8.514706,0.9006534,1.4444444
qeatadvmvjwhthns.eu,emotet,19.0,16.0,2.0,0.0,0.0,18.0,1.0,0.0,0.0,5.0,0.2777778,13.0,0.7222222,13.0,0.7222222,0.2777778,3.6143694,4.087463,4.0,11.0,0.0,0.6111111,0.0,0.3846154,0.91358024,0.0,0.0,0.0,16.0,9.0,7.0,1.0,0.0,3.5,0.0,6.9241176,0.9268185,1.4444444
rvjcimmvurujppda.eu,emotet,19.0,16.0,2.0,0.0,0.0,18.0,1.0,0.0,0.0,6.0,0.33333334,12.0,0.6666667,11.0,0.6111111,0.22222222,3.350209,4.087463,4.0,4.0,0.0,0.22222222,0.0,0.54545456,0.89506173,0.0,0.0,0.0,16.0,9.0,7.0,1.0,0.0,3.25,0.0,9.067647,1.2300427,1.4444444
ofnvfnailvjjloga.eu,emotet,19.0,16.0,2.0,0.0,0.0,18.0,1.0,0.0,0.0,7.0,0.3888889,11.0,0.6111111,11.0,0.6111111,0.2777778,3.3921473,3.9698157,4.0,5.0,0.0,0.2777778,0.0,0.6363636,0.90123457,0.0,0.0,0.0,16.0,9.0,7.0,1.0,0.0,3.125,0.0,8.796471,1.0821085,1.4444444
jlbfxpsxsfydwncs.eu,emotet,19.0,16.0,2.0,0.0,0.0,18.0,1.0,0.0,0.0,2.0,0.11111111,16.0,0.8888889,14.0,0.7777778,0.33333334,3.6835423,4.087463,4.0,16.0,0.0,0.8888889,0.0,0.21428572,0.91358024,0.0,0.0,0.0,16.0,9.0,7.0,1.0,0.0,3.4528196,0.0,9.561765,1.1498058,1.4444444
irjhlahsuwryhxys.eu,emotet,19.0,16.0,2.0,0.0,0.0,18.0,1.0,0.0,0.0,5.0,0.2777778,13.0,0.7222222,12.0,0.6666667,0.11111111,3.4613202,4.087463,4.0,7.0,0.0,0.3888889,0.0,0.41666666,0.90123457,0.0,0.0,0.0,16.0,9.0,7.0,1.0,0.0,3.3278196,0.0,8.812942,1.0057001,1.4444444
ldprncbgnwhhirds.eu,emotet,19.0,16.0,2.0,0.0,0.0,18.0,1.0,0.0,0.0,3.0,0.16666667,15.0,0.8333333,14.0,0.7777778,0.2777778,3.7254806,4.087463,4.0,12.0,0.0,0.6666667,0.0,0.2857143,0.9197531,0.0,0.0,0.0,16.0,9.0,7.0,1.0,0.0,3.5,0.0,8.751764,0.6466101,1.4444444
dimqoihwqviarxgq.eu,emotet,19.0,16.0,2.0,0.0,0.0,18.0,1.0,0.0,0.0,7.0,0.3888889,11.0,0.6111111,14.0,0.7777778,0.16666667,3.6416042,4.087463,4.0,4.0,0.0,0.22222222,0.0,0.14285715,0.9074074,0.0,0.0,0.0,16.0,9.0,7.0,1.0,0.0,3.4056392,0.0,8.203529,1.244066,1.4444444
maiwqpasykmeonwg.eu,emotet,19.0,16.0,2.0,0.0,0.0,18.0,1.0,0.0,0.0,7.0,0.3888889,11.0,0.6111111,14.0,0.7777778,0.22222222,3.7254806,4.087463,4.0,4.0,0.0,0.22222222,0.0,0.2857143,0.9197531,0.0,0.0,0.0,16.0,9.0,7.0,1.0,0.0,3.625,0.0,7.5,0.7829338,1.4444444
vpfbbkkeqqwbdwsa.eu,emotet,19.0,16.0,2.0,0.0,0.0,18.0,1.0,0.0,0.0,4.0,0.22222222,14.0,0.7777778,12.0,0.6666667,0.44444445,3.4613202,4.087463,4.0,7.0,0.0,0.3888889,0.0,0.41666666,0.90123457,0.0,0.0,0.0,16.0,9.0,7.0,1.0,0.0,3.3278196,0.0,9.622353,1.5063632,1.4444444
psopbwfvqqemumof.eu,emotet,19.0,16.0,2.0,0.0,0.0,18.0,1.0,0.0,0.0,6.0,0.33333334,12.0,0.6666667,11.0,0.6111111,0.2777778,3.3921473,4.087463,4.0,7.0,0.0,0.3888889,0.0,0.6363636,0.90123457,0.0,0.0,0.0,16.0,9.0,7.0,1.0,0.0,3.375,0.0,8.557647,1.366993,1.4444444
bvafqgbdiklkijef.eu,emotet,19.0,16.0,2.0,0.0,0.0,18.0,1.0,0.0,0.0,6.0,0.33333334,12.0,0.6666667,13.0,0.7222222,0.44444445,3.6143694,4.087463,4.0,5.0,0.0,0.2777778,0.0,0.3846154,0.91358024,0.0,0.0,0.0,16.0,9.0,7.0,1.0,0.0,3.5,0.0,9.31,1.2369463,1.4444444
erfnqmirtiqafamj.eu,emotet,19.0,16.0,2.0,0.0,0.0,18.0,1.0,0.0,0.0,7.0,0.3888889,11.0,0.6111111,11.0,0.6111111,0.33333334,3.3921473,4.087463,4.0,5.0,0.0,0.2777778,0.0,0.6363636,0.90123457,0.0,0.0,0.0,16.0,9.0,7.0,1.0,0.0,3.25,0.0,7.9011765,1.100542,1.4444444
qmjpuvunovxqidyo.eu,emotet,19.0,16.0,2.0,0.0,0.0,18.0,1.0,0.0,0.0,7.0,0.3888889,11.0,0.6111111,13.0,0.7222222,0.11111111,3.5724313,4.087463,4.0,4.0,0.0,0.22222222,0.0,0.30769232,0.9074074,0.0,0.0,0.0,16.0,9.0,7.0,1.0,0.0,3.5,0.0,8.621177,1.3695413,1.4444444
wktveyopbweplxul.eu,emotet,19.0,16.0,2.0,0.0,0.0,18.0,1.0,0.0,0.0,6.0,0.33333334,12.0,0.6666667,12.0,0.6666667,0.22222222,3.4613202,4.087463,4.0,4.0,0.0,0.22222222,0.0,0.41666666,0.90123457,0.0,0.0,0.0,16.0,9.0,7.0,1.0,0.0,3.5,0.0,7.877059,1.1037663,1.4444444
qbixdvuxcnhrdhej.eu,emotet,19.0,16.0,2.0,0.0,0.0,18.0,1.0,0.0,0.0,5.0,0.2777778,13.0,0.7222222,13.0,0.7222222,0.33333334,3.6143694,4.087463,4.0,7.0,0.0,0.3888889,0.0,0.3846154,0.91358024,0.0,0.0,0.0,16.0,9.0,7.0,1.0,0.0,3.625,0.0,9.1470585,1.2466129,1.4444444
eeuifhvuwnmlghme.eu,emotet,19.0,16.0,2.0,0.0,0.0,18.0,1.0,0.0,0.0,8.0,0.44444445,10.0,0.5555556,11.0,0.6111111,0.2777778,3.2390978,3.8521688,3.875,7.0,0.0,0.3888889,0.0,0.36363637,0.8765432,0.0,0.0,0.0,16.0,9.0,7.0,1.0,0.0,3.3278196,0.0,8.952941,1.0042489,1.4444444
nfbjhshjbcixfpbn.eu,emotet,19.0,16.0,2.0,0.0,0.0,18.0,1.0,0.0,0.0,3.0,0.16666667,15.0,0.8333333,12.0,0.6666667,0.3888889,3.4613202,4.087463,4.0,10.0,0.0,0.5555556,0.0,0.41666666,0.90123457,0.0,0.0,0.0,16.0,9.0,7.0,1.0,0.0,3.2028196,0.0,9.578236,1.3722936,1.4444444
wjgjdbtufkoirhny.eu,emotet,19.0,16.0,2.0,0.0,0.0,18.0,1.0,0.0,0.0,5.0,0.2777778,13.0,0.7222222,16.0,0.8888889,0.22222222,3.947703,4.087463,4.0,7.0,0.0,0.3888889,0.0,0.125,0.93209875,0.0,0.0,0.0,16.0,9.0,7.0,1.0,0.0,3.875,0.0,9.675294,0.8412969,1.4444444
hngaopycbuiexpux.eu,emotet,19.0,16.0,2.0,0.0,0.0,18.0,1.0,0.0,0.0,8.0,0.44444445,10.0,0.5555556,13.0,0.7222222,0.2777778,3.5724313,4.087463,4.0,4.0,0.0,0.22222222,0.0,0.30769232,0.9074074,0.0,0.0,0.0,16.0,9.0,7.0,1.0,0.0,3.625,0.0,7.88,1.0067537,1.4444444
hoswimdfoswpyvgx.eu,emotet,19.0,16.0,2.0,0.0,0.0,18.0,1.0,0.0,0.0,5.0,0.2777778,13.0,0.7222222,15.0,0.8333333,0.16666667,3.8365917,3.8521688,3.875,7.0,0.0,0.3888889,0.0,0.2,0.9259259,0.0,0.0,0.0,16.0,9.0,7.0,1.0,0.0,3.625,0.0,8.949411,0.83468235,1.3333334
nmuicitondfslvtl.eu,emotet,19.0,16.0,2.0,0.0,0.0,18.0,1.0,0.0,0.0,6.0,0.33333334,12.0,0.6666667,13.0,0.7222222,0.22222222,3.6143694,4.087463,4.0,8.0,0.0,0.44444445,0.0,0.3846154,0.91358024,0.0,0.0,0.0,16.0,9.0,7.0,1.0,0.0,3.5,0.0,6.9611764,0.59578466,1.4444444
bsgvsxjmjeawcmte.eu,emotet,19.0,16.0,2.0,0.0,0.0,18.0,1.0,0.0,0.0,5.0,0.2777778,13.0,0.7222222,13.0,0.7222222,0.33333334,3.5724313,4.087463,4.0,9.0,0.0,0.5,0.0,0.30769232,0.9074074,0.0,0.0,0.0,16.0,9.0,7.0,1.0,0.0,3.5,0.0,9.109412,1.0532532,1.4444444
wxpinnfyjrghtfkp.eu,emotet,19.0,16.0,2.0,0.0,0.0,18.0,1.0,0.0,0.0,3.0,0.16666667,15.0,0.8333333,15.0,0.8333333,0.16666667,3.8365917,4.087463,4.0,12.0,0.0,0.6666667,0.0,0.2,0.9259259,0.0,0.0,0.0,16.0,9.0,7.0,1.0,0.0,3.625,0.0,8.773529,0.9848213,1.4444444
hfnhuxekuuhrkwhi.eu,emotet,19.0,16.0,2.0,0.0,0.0,18.0,1.0,0.0,0.0,7.0,0.3888889,11.0,0.6111111,10.0,0.5555556,0.16666667,3.0588138,4.087463,4.0,5.0,0.0,0.2777778,0.0,0.4,0.8580247,0.0,0.0,0.0,16.0,9.0,7.0,1.0,0.0,3.0778196,0.0,9.584118,1.3717148,1.4444444
vdlkjedsdtqbaulw.eu,emotet,19.0,16.0,2.0,0.0,0.0,18.0,1.0,0.0,0.0,5.0,0.2777778,13.0,0.7222222,13.0,0.7222222,0.3888889,3.5724313,4.087463,4.0,6.0,0.0,0.33333334,0.0,0.30769232,0.9074074,0.0,0.0,0.0,16.0,9.0,7.0,1.0,0.0,3.5778196,0.0,8.858235,1.0508599,1.4444444
ensrmipbxwhckiwr.eu,emotet,19.0,16.0,2.0,0.0,0.0,18.0,1.0,0.0,0.0,5.0,0.2777778,13.0,0.7222222,14.0,0.7777778,0.22222222,3.7254806,4.087463,4.0,7.0,0.0,0.3888889,0.0,0.2857143,0.9197531,0.0,0.0,0.0,16.0,9.0,7.0,1.0,0.0,3.625,0.0,7.947647,0.7926432,1.4444444
xrxemtjtwwqmbpmv.eu,emotet,19.0,16.0,2.0,0.0,0.0,18.0,1.0,0.0,0.0,3.0,0.16666667,15.0,0.8333333,12.0,0.6666667,0.16666667,3.4613202,4.087463,4.0,12.0,0.0,0.6666667,0.0,0.41666666,0.90123457,0.0,0.0,0.0,16.0,9.0,7.0,1.0,0.0,3.3278196,0.0,9.315294,1.4435117,1.4444444
vhfgpwtdqlpsauyk.eu,emotet,19.0,16.0,2.0,0.0,0.0,18.0,1.0,0.0,0.0,4.0,0.22222222,14.0,0.7777778,16.0,0.8888889,0.22222222,3.947703,4.087463,4.0,12.0,0.0,0.6666667,0.0,0.125,0.93209875,0.0,0.0,0.0,16.0,9.0,7.0,1.0,0.0,3.875,0.0,9.622353,0.878657,1.4444444
bjxefbepkcbdpdwp.eu,emotet,19.0,16.0,2.0,0.0,0.0,18.0,1.0,0.0,0.0,4.0,0.22222222,14.0,0.7777778,11.0,0.6111111,0.5555556,3.2663326,4.087463,4.0,9.0,0.0,0.5,0.0,0.36363637,0.88271606,0.0,0.0,0.0,16.0,9.0,7.0,1.0,0.0,3.1556392,0.0,8.987059,1.492806,1.4444444
cowbcubbsvolpfpl.eu,emotet,19.0,16.0,2.0,0.0,0.0,18.0,1.0,0.0,0.0,5.0,0.2777778,13.0,0.7222222,11.0,0.6111111,0.3888889,3.350209,4.087463,4.0,5.0,0.0,0.2777778,0.0,0.54545456,0.89506173,0.0,0.0,0.0,16.0,9.0,7.0,1.0,0.0,3.2028196,0.0,8.081765,1.1761814,1.4444444
caucbexqkboupaeo.eu,emotet,19.0,16.0,2.0,0.0,0.0,18.0,1.0,0.0,0.0,10.0,0.5555556,8.0,0.44444445,10.0,0.5555556,0.5,3.1971598,4.087463,4.0,4.0,0.0,0.22222222,0.0,0.6,0.88271606,0.0,0.0,0.0,16.0,9.0,7.0,1.0,0.0,3.25,0.0,8.110588,1.2393827,1.4444444
vkidajcwysamreuk.eu,emotet,19.0,16.0,2.0,0.0,0.0,18.0,1.0,0.0,0.0,7.0,0.3888889,11.0,0.6111111,14.0,0.7777778,0.33333334,3.7254806,3.9698157,4.0,5.0,0.0,0.2777778,0.0,0.2857143,0.9197531,0.0,0.0,0.0,16.0,9.0,7.0,1.0,0.0,3.75,0.0,8.467647,0.81280464,1.4444444
xrlgxbjhrqipuplo.eu,emotet,19.0,16.0,2.0,0.0,0.0,18.0,1.0,0.0,0.0,5.0,0.2777778,13.0,0.7222222,13.0,0.7222222,0.11111111,3.6143694,4.087463,4.0,10.0,0.0,0.5555556,0.0,0.3846154,0.91358024,0.0,0.0,0.0,16.0,9.0,7.0,1.0,0.0,3.5,0.0,8.608824,1.2235667,1.4444444
xbdliotlbupwvugo.eu,emotet,19.0,16.0,2.0,0.0,0.0,18.0,1.0,0.0,0.0,7.0,0.3888889,11.0,0.6111111,13.0,0.7222222,0.22222222,3.5724313,4.087463,4.0,4.0,0.0,0.22222222,0.0,0.30769232,0.9074074,0.0,0.0,0.0,16.0,9.0,7.0,1.0,0.0,3.5,0.0,8.364706,0.9927765,1.4444444
nsbjqmlgkalnqoub.eu,emotet,19.0,16.0,2.0,0.0,0.0,18.0,1.0,0.0,0.0,5.0,0.2777778,13.0,0.7222222,13.0,0.7222222,0.22222222,3.6143694,4.087463,4.0,9.0,0.0,0.5,0.0,0.3846154,0.91358024,0.0,0.0,0.0,16.0,9.0,7.0,1.0,0.0,3.5,0.0,8.377059,1.1396096,1.4444444
nirlokcejrqdmfyn.eu,emotet,19.0,16.0,2.0,0.0,0.0,18.0,1.0,0.0,0.0,5.0,0.2777778,13.0,0.7222222,15.0,0.8333333,0.2777778,3.8365917,4.087463,4.0,8.0,0.0,0.44444445,0.0,0.2,0.9259259,0.0,0.0,0.0,16.0,9.0,7.0,1.0,0.0,3.75,0.0,8.770588,0.75086737,1.4444444
jhmvhmqrojkkstyq.eu,emotet,19.0,16.0,2.0,0.0,0.0,18.0,1.0,0.0,0.0,3.0,0.16666667,15.0,0.8333333,13.0,0.7222222,0.055555556,3.6143694,3.9698157,4.0,8.0,0.0,0.44444445,0.0,0.3846154,0.91358024,0.0,0.0,0.0,16.0,9.0,7.0,1.0,0.0,3.375,0.0,8.77,1.3721392,1.4444444
okfpebhpwkyjwhlg.eu,emotet,19.0,16.0,2.0,0.0,0.0,18.0,1.0,0.0,0.0,4.0,0.22222222,14.0,0.7777778,13.0,0.7222222,0.22222222,3.6143694,4.087463,4.0,11.0,0.0,0.6111111,0.0,0.3846154,0.91358024,0.0,0.0,0.0,16.0,9.0,7.0,1.0,0.0,3.5,0.0,9.244118,1.177459,1.4444444
mebaywjtsrtvnouk.eu,emotet,19.0,16.0,2.0,0.0,0.0,18.0,1.0,0.0,0.0,6.0,0.33333334,12.0,0.6666667,15.0,0.8333333,0.22222222,3.8365917,4.087463,4.0,9.0,0.0,0.5,0.0,0.2,0.9259259,0.0,0.0,0.0,16.0,9.0,7.0,1.0,0.0,3.875,0.0,7.9911766,0.6563482,1.4444444
idlrjviweegqxuvn.eu,emotet,19.0,16.0,2.0,0.0,0.0,18.0,1.0,0.0,0.0,7.0,0.3888889,11.0,0.6111111,13.0,0.7222222,0.22222222,3.5724313,4.087463,4.0,5.0,0.0,0.2777778,0.0,0.30769232,0.9074074,0.0,0.0,0.0,16.0,9.0,7.0,1.0,0.0,3.625,0.0,8.905882,1.1034285,1.4444444
pkhydwcyjpdeetvn.eu,emotet,19.0,16.0,2.0,0.0,0.0,18.0,1.0,0.0,0.0,4.0,0.22222222,14.0,0.7777778,13.0,0.7222222,0.33333334,3.5724313,4.087463,4.0,11.0,0.0,0.6111111,0.0,0.30769232,0.9074074,0.0,0.0,0.0,16.0,9.0,7.0,1.0,0.0,3.5,0.0,8.427647,1.013424,1.4444444
mnibdypnfgyneedc.eu,emotet,19.0,16.0,2.0,0.0,0.0,18.0,1.0,0.0,0.0,5.0,0.2777778,13.0,0.7222222,12.0,0.6666667,0.44444445,3.4193819,4.087463,4.0,9.0,0.0,0.5,0.0,0.33333334,0.89506173,0.0,0.0,0.0,16.0,9.0,7.0,1.0,0.0,3.3278196,0.0,8.697059,0.89592195,1.4444444
uqkogbfcvjwyfqmc.eu,emotet,19.0,16.0,2.0,0.0,0.0,18.0,1.0,0.0,0.0,4.0,0.22222222,14.0,0.7777778,14.0,0.7777778,0.33333334,3.7254806,4.087463,4.0,12.0,0.0,0.6666667,0.0,0.2857143,0.9197531,0.0,0.0,0.0,16.0,9.0,7.0,1.0,0.0,3.625,0.0,9.588235,1.4480402,1.4444444
raxfgwdcnmhlwqxa.eu,emotet,19.0,16.0,2.0,0.0,0.0,18.0,1.0,0.0,0.0,4.0,0.22222222,14.0,0.7777778,15.0,0.8333333,0.33333334,3.8365917,4.087463,4.0,13.0,0.0,0.7222222,0.0,0.2,0.9259259,0.0,0.0,0.0,16.0,9.0,7.0,1.0,0.0,3.625,0.0,9.585294,1.0041015,1.4444444
nvmcxpqgrnqpgobr.eu,emotet,19.0,16.0,2.0,0.0,0.0,18.0,1.0,0.0,0.0,3.0,0.16666667,15.0,0.8333333,13.0,0.7222222,0.16666667,3.6143694,4.087463,4.0,13.0,0.0,0.7222222,0.0,0.3846154,0.91358024,0.0,0.0,0.0,16.0,9.0,7.0,1.0,0.0,3.375,0.0,8.834118,1.2398182,1.4444444
atmevkxiuwtcxnxh.eu,emotet,19.0,16.0,2.0,0.0,0.0,18.0,1.0,0.0,0.0,6.0,0.33333334,12.0,0.6666667,13.0,0.7222222,0.22222222,3.5724313,4.087463,4.0,7.0,0.0,0.3888889,0.0,0.30769232,0.9074074,0.0,0.0,0.0,16.0,9.0,7.0,1.0,0.0,3.5778196,0.0,8.257059,1.0975052,1.4444444
rhmxlrvmnejxdunf.eu,emotet,19.0,16.0,2.0,0.0,0.0,18.0,1.0,0.0,0.0,4.0,0.22222222,14.0,0.7777778,12.0,0.6666667,0.22222222,3.5032582,4.087463,4.0,9.0,0.0,0.5,0.0,0.5,0.9074074,0.0,0.0,0.0,16.0,9.0,7.0,1.0,0.0,3.5,0.0,9.201765,1.1261171,1.4444444
royrewsxkcwxmnhh.eu,emotet,19.0,16.0,2.0,0.0,0.0,18.0,1.0,0.0,0.0,4.0,0.22222222,14.0,0.7777778,13.0,0.7222222,0.16666667,3.6143694,4.087463,4.0,11.0,0.0,0.6111111,0.0,0.3846154,0.91358024,0.0,0.0,0.0,16.0,9.0,7.0,1.0,0.0,3.5,0.0,8.587647,0.9754154,1.4444444
xymsswcgdoxmutpr.eu,emotet,19.0,16.0,2.0,0.0,0.0,18.0,1.0,0.0,0.0,4.0,0.22222222,14.0,0.7777778,14.0,0.7777778,0.16666667,3.7254806,4.087463,4.0,9.0,0.0,0.5,0.0,0.2857143,0.9197531,0.0,0.0,0.0,16.0,9.0,7.0,1.0,0.0,3.625,0.0,8.348824,0.8891497,1.4444444
vwhthxkwkxfougvb.eu,emotet,19.0,16.0,2.0,0.0,0.0,18.0,1.0,0.0,0.0,4.0,0.22222222,14.0,0.7777778,12.0,0.6666667,0.16666667,3.5032582,4.087463,4.0,11.0,0.0,0.6111111,0.0,0.5,0.9074074,0.0,0.0,0.0,16.0,9.0,7.0,1.0,0.0,3.375,0.0,8.325882,1.464928,1.4444444
iqsnrdxbdkcsdpfo.eu,emotet,19.0,16.0,2.0,0.0,0.0,18.0,1.0,0.0,0.0,4.0,0.22222222,14.0,0.7777778,15.0,0.8333333,0.3888889,3.7946534,4.087463,4.0,14.0,0.0,0.7777778,0.0,0.13333334,0.9197531,0.0,0.0,0.0,16.0,9.0,7.0,1.0,0.0,3.5778196,0.0,9.626471,0.8803276,1.4444444
bvnvvplmciwsskhy.eu,emotet,19.0,16.0,2.0,0.0,0.0,18.0,1.0,0.0,0.0,3.0,0.16666667,15.0,0.8333333,15.0,0.8333333,0.16666667,3.7946534,4.087463,4.0,9.0,0.0,0.5,0.0,0.13333334,0.9197531,0.0,0.0,0.0,16.0,9.0,7.0,1.0,0.0,3.5778196,0.0,9.207647,0.9099097,1.4444444
djonmckpucajjyqb.eu,emotet,19.0,16.0,2.0,0.0,0.0,18.0,1.0,0.0,0.0,5.0,0.2777778,13.0,0.7222222,14.0,0.7777778,0.33333334,3.6835423,4.087463,4.0,5.0,0.0,0.2777778,0.0,0.21428572,0.91358024,0.0,0.0,0.0,16.0,9.0,7.0,1.0,0.0,3.5778196,0.0,8.46353,1.2559001,1.4444444
dxxakivqbvglcqws.eu,emotet,19.0,16.0,2.0,0.0,0.0,18.0,1.0,0.0,0.0,4.0,0.22222222,14.0,0.7777778,15.0,0.8333333,0.2777778,3.8365917,4.087463,4.0,10.0,0.0,0.5555556,0.0,0.2,0.9259259,0.0,0.0,0.0,16.0,9.0,7.0,1.0,0.0,3.625,0.0,8.911765,1.3132933,1.4444444
ulhlgmulbmdklabu.eu,emotet,19.0,16.0,2.0,0.0,0.0,18.0,1.0,0.0,0.0,6.0,0.33333334,12.0,0.6666667,10.0,0.5555556,0.2777778,3.0588138,3.9698157,4.0,6.0,0.0,0.33333334,0.0,0.4,0.8580247,0.0,0.0,0.0,16.0,9.0,7.0,1.0,0.0,2.9528196,0.0,8.262941,1.263873,1.4444444
apeykyylvuwtcxnx.eu,emotet,19.0,16.0,2.0,0.0,0.0,18.0,1.0,0.0,0.0,5.0,0.2777778,13.0,0.7222222,13.0,0.7222222,0.22222222,3.5724313,4.087463,4.0,6.0,0.0,0.33333334,0.0,0.30769232,0.9074074,0.0,0.0,0.0,16.0,9.0,7.0,1.0,0.0,3.5778196,0.0,9.3294115,1.1393609,1.4444444
uxqrmtbeihenwinc.eu,emotet,19.0,16.0,2.0,0.0,0.0,18.0,1.0,0.0,0.0,7.0,0.3888889,11.0,0.6111111,13.0,0.7222222,0.2777778,3.5724313,4.087463,4.0,6.0,0.0,0.33333334,0.0,0.30769232,0.9074074,0.0,0.0,0.0,16.0,9.0,7.0,1.0,0.0,3.625,0.0,7.77,0.8774341,1.4444444
cbbmeddydepjdgav.eu,emotet,19.0,16.0,2.0,0.0,0.0,18.0,1.0,0.0,0.0,5.0,0.2777778,13.0,0.7222222,12.0,0.6666667,0.6111111,3.350209,4.087463,4.0,4.0,0.0,0.22222222,0.0,0.25,0.88271606,0.0,0.0,0.0,16.0,9.0,7.0,1.0,0.0,3.25,0.0,8.027059,1.1568574,1.4444444
fdodkpjdmbwexmov.eu,emotet,19.0,16.0,2.0,0.0,0.0,18.0,1.0,0.0,0.0,5.0,0.2777778,13.0,0.7222222,13.0,0.7222222,0.3888889,3.5724313,4.087463,4.0,8.0,0.0,0.44444445,0.0,0.30769232,0.9074074,0.0,0.0,0.0,16.0,9.0,7.0,1.0,0.0,3.4528196,0.0,8.614706,1.176862,1.4444444
ejncclccsbrijiao.eu,emotet,19.0,16.0,2.0,0.0,0.0,18.0,1.0,0.0,0.0,7.0,0.3888889,11.0,0.6111111,12.0,0.6666667,0.44444445,3.3921473,3.9698157,4.0,10.0,0.0,0.5555556,0.0,0.33333334,0.8888889,0.0,0.0,0.0,16.0,9.0,7.0,1.0,0.0,3.25,0.0,8.921177,0.8943704,1.4444444
evonihilqueabrogativiol.com,gozi,27.0,23.0,2.0,0.0,0.0,26.0,1.0,0.0,0.0,13.0,0.5,13.0,0.5,16.0,0.61538464,0.23076923,3.7773628,4.643856,4.5849624,2.0,0.0,0.07692308,0.0,0.375,0.9142012,0.0,0.0,0.0,23.0,13.0,10.0,1.0,0.0,3.6211755,0.0,5.8456,0.54145575,1.3076923
anniversariadeicon.com,gozi,22.0,18.0,2.0,0.0,0.0,21.0,1.0,0.0,0.0,10.0,0.47619048,11.0,0.52380955,11.0,0.52380955,0.3809524,3.3320954,4.221928,4.2479277,2.0,0.0,0.0952381,0.0,0.6363636,0.89342403,0.0,0.0,0.0,18.0,10.5,7.5,1.0,0.0,3.1552215,0.0,4.3755,0.55911285,1.3809524
quredeintellpiscamagi.com,gozi,25.0,21.0,2.0,0.0,0.0,24.0,1.0,0.0,0.0,10.0,0.41666666,14.0,0.5833333,16.0,0.6666667,0.33333334,3.8553886,4.523562,4.4594316,3.0,0.0,0.125,0.0,0.375,0.9236111,0.0,0.0,0.0,21.0,12.0,9.0,1.0,0.0,3.7489948,0.0,4.5904346,0.40756845,1.3333334
redvalquamcruxmaautem.com,gozi,25.0,21.0,2.0,0.0,0.0,24.0,1.0,0.0,0.0,10.0,0.41666666,14.0,0.5833333,13.0,0.5416667,0.375,3.4701755,4.4366055,4.4594316,3.0,0.0,0.125,0.0,0.46153846,0.8958333,0.0,0.0,0.0,21.0,12.0,9.0,1.0,0.0,3.3680425,0.0,7.022174,0.8758276,1.3333334
nonlibidinemchristianus.com,gozi,27.0,23.0,2.0,0.0,0.0,26.0,1.0,0.0,0.0,10.0,0.3846154,16.0,0.61538464,15.0,0.5769231,0.23076923,3.6385305,4.643856,4.5849624,4.0,0.0,0.15384616,0.0,0.4,0.9023669,0.0,0.0,0.0,23.0,13.0,10.0,1.0,0.0,3.5840123,0.0,4.81,0.44028953,1.3076923
possethicsmith.com,gozi,18.0,14.0,2.0,0.0,0.0,17.0,1.0,0.0,0.0,5.0,0.29411766,12.0,0.7058824,9.0,0.5294118,0.1764706,3.1018813,3.875,3.9068906,3.0,0.0,0.1764706,0.0,0.7777778,0.8788927,0.0,0.0,0.0,14.0,8.5,5.5,1.0,0.0,3.0391486,0.0,4.5325,0.8544789,1.4705882
euangeliciceliteras.com,gozi,23.0,19.0,2.0,0.0,0.0,22.0,1.0,0.0,0.0,11.0,0.5,11.0,0.5,13.0,0.59090906,0.4090909,3.4817145,4.106603,4.221928,2.0,0.0,0.09090909,0.0,0.3846154,0.89669424,0.0,0.0,0.0,19.0,11.0,8.0,1.0,0.0,3.2608283,0.0,4.1371427,0.45695484,1.2727273
prochristianussed.com,gozi,21.0,17.0,2.0,0.0,0.0,20.0,1.0,0.0,0.0,7.0,0.35,13.0,0.65,14.0,0.7,0.25,3.6841838,4.2479277,4.169925,3.0,0.0,0.15,0.0,0.35714287,0.915,0.0,0.0,0.0,17.0,10.0,7.0,1.0,0.0,3.5724695,0.0,4.176316,0.3885942,1.4
cnobisparticipationes.com,gozi,25.0,21.0,2.0,0.0,0.0,24.0,1.0,0.0,0.0,10.0,0.41666666,14.0,0.5833333,12.0,0.5,0.29166666,3.438722,4.349649,4.4594316,2.0,0.0,0.083333336,0.0,0.6666667,0.8993056,0.0,0.0,0.0,21.0,12.0,9.0,1.0,0.0,3.3446984,0.0,3.92,0.56634253,1.3333334
strucququilibet.com,gozi,19.0,15.0,2.0,0.0,0.0,18.0,1.0,0.0,0.0,7.0,0.3888889,11.0,0.6111111,12.0,0.6666667,0.22222222,3.4613202,3.9698157,4.0,3.0,0.0,0.16666667,0.0,0.41666666,0.90123457,0.0,0.0,0.0,15.0,9.0,6.0,1.0,0.0,3.189898,0.0,6.4664707,0.9966071,1.4444444
apostolicecla.com,gozi,17.0,13.0,2.0,0.0,0.0,16.0,1.0,0.0,0.0,7.0,0.4375,9.0,0.5625,10.0,0.625,0.375,3.1556392,3.9068906,3.807355,2.0,0.0,0.125,0.0,0.4,0.875,0.0,0.0,0.0,13.0,8.0,5.0,1.0,0.0,3.085055,0.0,3.7546666,0.74979085,1.5
solaquibusdisput.com,gozi,20.0,16.0,2.0,0.0,0.0,19.0,1.0,0.0,0.0,8.0,0.42105263,11.0,0.57894737,13.0,0.68421054,0.21052632,3.5368867,4.169925,4.087463,2.0,0.0,0.10526316,0.0,0.30769232,0.9030471,0.0,0.0,0.0,16.0,9.5,6.5,1.0,0.0,3.2806392,0.0,5.81,0.7764038,1.4210526
incutepecuniasitasedsunt.com,gozi,28.0,24.0,2.0,0.0,0.0,27.0,1.0,0.0,0.0,12.0,0.44444445,15.0,0.5555556,12.0,0.44444445,0.33333334,3.4480648,4.4696703,4.643856,3.0,0.0,0.11111111,0.0,0.6666667,0.9026063,0.0,0.0,0.0,24.0,13.5,10.5,1.0,0.0,3.229574,0.0,5.187692,0.5082775,1.2962962
crcontritionis.com,gozi,18.0,14.0,2.0,0.0,0.0,17.0,1.0,0.0,0.0,6.0,0.3529412,11.0,0.64705884,8.0,0.47058824,0.1764706,2.895424,3.75,3.9068906,3.0,0.0,0.1764706,0.0,0.75,0.85813147,0.0,0.0,0.0,14.0,8.5,5.5,1.0,0.0,2.7534344,0.0,4.04125,0.8793652,1.4705882
posquodomniumhabet.com,gozi,22.0,18.0,2.0,0.0,0.0,21.0,1.0,0.0,0.0,9.0,0.42857143,12.0,0.5714286,15.0,0.71428573,0.23809524,3.6897037,4.221928,4.2479277,2.0,0.0,0.0952381,0.0,0.2,0.90702945,0.0,0.0,0.0,18.0,10.5,7.5,1.0,0.0,3.6835423,0.0,7.0705,0.6610238,1.3809524
charitatemusiveeliciunt.com,gozi,27.0,23.0,2.0,0.0,0.0,26.0,1.0,0.0,0.0,12.0,0.46153846,14.0,0.53846157,14.0,0.53846157,0.30769232,3.6133373,4.643856,4.5849624,3.0,0.0,0.115384616,0.0,0.5,0.908284,0.0,0.0,0.0,23.0,13.0,10.0,1.0,0.0,3.5013978,0.0,4.5528,0.45966506,1.3076923
omhabetchariluther.com,gozi,22.0,18.0,2.0,0.0,0.0,21.0,1.0,0.0,0.0,8.0,0.3809524,13.0,0.61904764,12.0,0.5714286,0.33333334,3.4992275,4.121928,4.2479277,3.0,0.0,0.14285715,0.0,0.6666667,0.90702945,0.0,0.0,0.0,18.0,10.5,7.5,1.0,0.0,3.4613202,0.0,4.67,0.6058223,1.3809524
questumsacrosanctumnon.com,gozi,26.0,22.0,2.0,0.0,0.0,25.0,1.0,0.0,0.0,9.0,0.36,16.0,0.64,11.0,0.44,0.24,3.342683,4.2516294,4.4366055,3.0,0.0,0.12,0.0,0.72727275,0.896,0.0,0.0,0.0,22.0,12.5,9.5,1.0,0.0,3.3564925,0.0,5.82125,0.74178135,1.24
suspenditgratuitavitadeo.com,gozi,28.0,24.0,2.0,0.0,0.0,27.0,1.0,0.0,0.0,12.0,0.44444445,15.0,0.5555556,15.0,0.5555556,0.2962963,3.736007,4.440636,4.563856,3.0,0.0,0.11111111,0.0,0.53333336,0.9163237,0.0,0.0,0.0,24.0,13.5,10.5,1.0,0.0,3.5220551,0.0,4.310769,0.3551796,1.2222222
sesivevelquetantummodo.com,gozi,26.0,22.0,2.0,0.0,0.0,25.0,1.0,0.0,0.0,11.0,0.44,14.0,0.56,14.0,0.56,0.28,3.6234653,4.5016294,4.523562,2.0,0.0,0.08,0.0,0.5,0.9088,0.0,0.0,0.0,22.0,12.5,9.5,1.0,0.0,3.5503407,0.0,5.07625,0.5953892,1.32
dicamivideteuangelici.com,gozi,25.0,21.0,2.0,0.0,0.0,24.0,1.0,0.0,0.0,12.0,0.5,12.0,0.5,13.0,0.5416667,0.41666666,3.4549868,4.316828,4.4594316,2.0,0.0,0.083333336,0.0,0.46153846,0.8923611,0.0,0.0,0.0,21.0,12.0,9.0,1.0,0.0,3.32734,0.0,4.1247826,0.62729335,1.3333334
facilecharitaseiusdemque.com,gozi,28.0,24.0,2.0,0.0,0.0,27.0,1.0,0.0,0.0,13.0,0.4814815,14.0,0.5185185,15.0,0.5555556,0.44444445,3.708048,4.6235166,4.643856,2.0,0.0,0.074074075,0.0,0.46666667,0.91358024,0.0,0.0,0.0,24.0,13.5,10.5,1.0,0.0,3.6053886,0.0,5.2346153,0.49189135,1.2962962
hominempecuniis.com,gozi,19.0,15.0,2.0,0.0,0.0,18.0,1.0,0.0,0.0,8.0,0.44444445,10.0,0.5555556,10.0,0.5555556,0.22222222,3.1971598,3.9698157,4.0,2.0,0.0,0.11111111,0.0,0.6,0.88271606,0.0,0.0,0.0,15.0,9.0,6.0,1.0,0.0,3.189898,0.0,4.897647,0.80469126,1.4444444
maledictuspenadocendi.com,gozi,25.0,21.0,2.0,0.0,0.0,24.0,1.0,0.0,0.0,10.0,0.41666666,14.0,0.5833333,13.0,0.5416667,0.45833334,3.5739348,4.2626925,4.3685226,2.0,0.0,0.083333336,0.0,0.61538464,0.9097222,0.0,0.0,0.0,21.0,12.0,9.0,1.0,0.0,3.5585186,0.0,3.2365217,0.48313662,1.25
pmertanasciipossuntsuo.com,gozi,26.0,22.0,2.0,0.0,0.0,25.0,1.0,0.0,0.0,10.0,0.4,15.0,0.6,12.0,0.48,0.2,3.4936607,4.5016294,4.523562,3.0,0.0,0.12,0.0,0.8333333,0.9056,0.0,0.0,0.0,22.0,12.5,9.5,1.0,0.0,3.4594316,0.0,5.664583,0.5012991,1.32
ctsfwdicuntp.com,gozi,16.0,12.0,2.0,0.0,0.0,15.0,1.0,0.0,0.0,3.0,0.2,12.0,0.8,12.0,0.8,0.33333334,3.4565647,3.807355,3.7004397,6.0,0.0,0.4,0.0,0.16666667,0.8977778,0.0,0.0,0.0,12.0,7.5,4.5,1.0,0.0,3.251629,0.0,6.678571,0.8599253,1.5333333
gratiepecuniamcrnonest.com,gozi,26.0,22.0,2.0,0.0,0.0,25.0,1.0,0.0,0.0,10.0,0.4,15.0,0.6,13.0,0.52,0.32,3.5932696,4.5849624,4.523562,4.0,0.0,0.16,0.0,0.6923077,0.912,0.0,0.0,0.0,22.0,12.5,9.5,1.0,0.0,3.5726237,0.0,4.985,0.42023683,1.32
ipsiuspredicatorumdeiq.com,gozi,26.0,22.0,2.0,0.0,0.0,25.0,1.0,0.0,0.0,11.0,0.44,14.0,0.56,13.0,0.52,0.28,3.603856,4.5849624,4.523562,3.0,0.0,0.12,0.0,0.7692308,0.912,0.0,0.0,0.0,22.0,12.5,9.5,1.0,0.0,3.5503407,0.0,5.3,0.6120116,1.32
verecavmagislismith.com,gozi,23.0,19.0,2.0,0.0,0.0,22.0,1.0,0.0,0.0,8.0,0.36363637,14.0,0.6363636,13.0,0.59090906,0.27272728,3.5726237,4.2970796,4.321928,3.0,0.0,0.13636364,0.0,0.53846157,0.90909094,0.0,0.0,0.0,19.0,11.0,8.0,1.0,0.0,3.4713545,0.0,4.61,0.6111242,1.3636364
curnocentissimebene.com,gozi,23.0,19.0,2.0,0.0,0.0,22.0,1.0,0.0,0.0,9.0,0.4090909,13.0,0.59090906,11.0,0.5,0.36363637,3.2998965,4.2970796,4.321928,2.0,0.0,0.09090909,0.0,0.6363636,0.88842976,0.0,0.0,0.0,19.0,11.0,8.0,1.0,0.0,3.2608283,0.0,4.159524,0.62040293,1.3636364
docharitatembandlongius.com,gozi,27.0,23.0,2.0,0.0,0.0,26.0,1.0,0.0,0.0,10.0,0.3846154,16.0,0.61538464,16.0,0.61538464,0.34615386,3.8731406,4.643856,4.5849624,3.0,0.0,0.115384616,0.0,0.5,0.9260355,0.0,0.0,0.0,23.0,13.0,10.0,1.0,0.0,3.882045,0.0,4.2248,0.31210032,1.3076923
eiusdemquesilereindulge.com,gozi,27.0,23.0,2.0,0.0,0.0,26.0,1.0,0.0,0.0,13.0,0.5,13.0,0.5,13.0,0.5,0.34615386,3.430457,4.563856,4.5849624,2.0,0.0,0.07692308,0.0,0.53846157,0.88757396,0.0,0.0,0.0,23.0,13.0,10.0,1.0,0.0,3.1748857,0.0,5.4404,0.64554155,1.3076923
crassioresimperfecta.com,gozi,24.0,20.0,2.0,0.0,0.0,23.0,1.0,0.0,0.0,9.0,0.39130434,14.0,0.6086956,11.0,0.47826087,0.39130434,3.348799,4.3685226,4.3923173,2.0,0.0,0.08695652,0.0,0.72727275,0.89603025,0.0,0.0,0.0,20.0,11.5,8.5,1.0,0.0,3.308695,0.0,3.7336364,0.5893639,1.3478261
indignationemiam.com,gozi,20.0,16.0,2.0,0.0,0.0,19.0,1.0,0.0,0.0,9.0,0.47368422,10.0,0.5263158,10.0,0.5263158,0.2631579,3.115834,4.169925,4.087463,2.0,0.0,0.10526316,0.0,0.5,0.8698061,0.0,0.0,0.0,16.0,9.5,6.5,1.0,0.0,2.9528196,0.0,4.123889,0.76299065,1.4210526
sermoneachristianachr.com,gozi,25.0,21.0,2.0,0.0,0.0,24.0,1.0,0.0,0.0,9.0,0.375,15.0,0.625,11.0,0.45833334,0.33333334,3.4072683,4.2626925,4.2776136,4.0,0.0,0.16666667,0.0,0.90909094,0.9027778,0.0,0.0,0.0,21.0,12.0,9.0,1.0,0.0,3.3680425,0.0,4.153478,0.51531076,1.2083334
itadepecuniiscuromnia.com,gozi,25.0,21.0,2.0,0.0,0.0,24.0,1.0,0.0,0.0,12.0,0.5,12.0,0.5,13.0,0.5416667,0.33333334,3.5535088,4.2626925,4.4594316,2.0,0.0,0.083333336,0.0,0.61538464,0.90625,0.0,0.0,0.0,21.0,12.0,9.0,1.0,0.0,3.5351746,0.0,5.4113045,0.48594514,1.3333334
diluerepestudeantmulto.com,gozi,26.0,22.0,2.0,0.0,0.0,25.0,1.0,0.0,0.0,11.0,0.44,14.0,0.56,14.0,0.56,0.32,3.6234653,4.5849624,4.523562,3.0,0.0,0.12,0.0,0.5,0.9088,0.0,0.0,0.0,22.0,12.5,9.5,1.0,0.0,3.4817145,0.0,4.515,0.40887862,1.32
gratievenivelopilaicorum.com,gozi,28.0,24.0,2.0,0.0,0.0,27.0,1.0,0.0,0.0,13.0,0.4814815,14.0,0.5185185,14.0,0.5185185,0.25925925,3.661933,4.5465937,4.643856,2.0,0.0,0.074074075,0.0,0.64285713,0.91358024,0.0,0.0,0.0,24.0,13.5,10.5,1.0,0.0,3.6368423,0.0,4.7784615,0.4849172,1.2962962
malletniestq.com,gozi,16.0,12.0,2.0,0.0,0.0,15.0,1.0,0.0,0.0,5.0,0.33333334,10.0,0.6666667,11.0,0.73333335,0.26666668,3.3735573,3.807355,3.7004397,4.0,0.0,0.26666668,0.0,0.36363637,0.8977778,0.0,0.0,0.0,12.0,7.5,4.5,1.0,0.0,3.0849626,0.0,5.857143,0.713703,1.5333333
sintvelletvenias.com,gozi,20.0,16.0,2.0,0.0,0.0,19.0,1.0,0.0,0.0,7.0,0.36842105,12.0,0.6315789,11.0,0.57894737,0.2631579,3.3660913,3.947703,3.9698157,3.0,0.0,0.15789473,0.0,0.6363636,0.89750695,0.0,0.0,0.0,16.0,9.5,6.5,1.0,0.0,2.9528196,0.0,4.97,0.5976232,1.3157895
omniumamenqumermaximas.com,gozi,26.0,22.0,2.0,0.0,0.0,25.0,1.0,0.0,0.0,11.0,0.44,14.0,0.56,12.0,0.48,0.24,3.2676013,4.1368423,4.523562,2.0,0.0,0.08,0.0,0.5833333,0.8672,0.0,0.0,0.0,22.0,12.5,9.5,1.0,0.0,3.1746743,0.0,6.24,0.92816454,1.32
benedictusfertiesus.com,gozi,23.0,19.0,2.0,0.0,0.0,22.0,1.0,0.0,0.0,9.0,0.4090909,13.0,0.59090906,13.0,0.59090906,0.4090909,3.5160277,4.2970796,4.321928,2.0,0.0,0.09090909,0.0,0.46153846,0.90082645,0.0,0.0,0.0,19.0,11.0,8.0,1.0,0.0,3.2608283,0.0,4.770952,0.5247525,1.3636364
autmaximaseaslegvarias.com,gozi,26.0,22.0,2.0,0.0,0.0,25.0,1.0,0.0,0.0,12.0,0.48,13.0,0.52,14.0,0.56,0.36,3.4830742,4.3035088,4.523562,2.0,0.0,0.08,0.0,0.35714287,0.8864,0.0,0.0,0.0,22.0,12.5,9.5,1.0,0.0,3.2655833,0.0,5.895,0.59004706,1.32
verequodcomparate.com,gozi,21.0,17.0,2.0,0.0,0.0,20.0,1.0,0.0,0.0,9.0,0.45,11.0,0.55,12.0,0.6,0.4,3.4464393,4.037401,4.058814,2.0,0.0,0.1,0.0,0.5,0.9,0.0,0.0,0.0,17.0,10.0,7.0,1.0,0.0,3.4548223,0.0,4.8389473,0.7500207,1.3
narraturdocpecunias.com,gozi,23.0,19.0,2.0,0.0,0.0,22.0,1.0,0.0,0.0,9.0,0.4090909,13.0,0.59090906,13.0,0.59090906,0.36363637,3.5383105,4.3923173,4.321928,2.0,0.0,0.09090909,0.0,0.46153846,0.90495867,0.0,0.0,0.0,19.0,11.0,8.0,1.0,0.0,3.4316235,0.0,5.372857,0.48748824,1.3636364
donarehomoclintonsicut.com,gozi,26.0,22.0,2.0,0.0,0.0,25.0,1.0,0.0,0.0,10.0,0.4,15.0,0.6,14.0,0.56,0.24,3.5590796,4.418296,4.523562,2.0,0.0,0.08,0.0,0.42857143,0.8992,0.0,0.0,0.0,22.0,12.5,9.5,1.0,0.0,3.6069367,0.0,4.135,0.45456353,1.32
ceteriscruprosic.com,gozi,20.0,16.0,2.0,0.0,0.0,19.0,1.0,0.0,0.0,7.0,0.36842105,12.0,0.6315789,10.0,0.5263158,0.31578946,3.155565,4.169925,4.087463,3.0,0.0,0.15789473,0.0,0.6,0.87534624,0.0,0.0,0.0,16.0,9.5,6.5,1.0,0.0,3.0306392,0.0,4.918889,0.7690484,1.4210526
docchristianuslargitatem.com,gozi,28.0,24.0,2.0,0.0,0.0,27.0,1.0,0.0,0.0,10.0,0.37037036,17.0,0.6296296,15.0,0.5555556,0.2962963,3.7541635,4.70044,4.643856,4.0,0.0,0.14814815,0.0,0.53333336,0.9190672,0.0,0.0,0.0,24.0,13.5,10.5,1.0,0.0,3.7406015,0.0,4.7673078,0.33748475,1.2962962
quaverbistantummodoqpape.com,gozi,28.0,24.0,2.0,0.0,0.0,27.0,1.0,0.0,0.0,11.0,0.4074074,16.0,0.5925926,16.0,0.5925926,0.2962963,3.8561964,4.70044,4.643856,2.0,0.0,0.074074075,0.0,0.5,0.92455417,0.0,0.0,0.0,24.0,13.5,10.5,1.0,0.0,3.8035088,0.0,5.65,0.60317296,1.2962962
exactionesgeneraliter.com,gozi,25.0,21.0,2.0,0.0,0.0,24.0,1.0,0.0,0.0,11.0,0.45833334,13.0,0.5416667,13.0,0.5416667,0.375,3.517894,4.349649,4.4594316,2.0,0.0,0.083333336,0.0,0.61538464,0.8993056,0.0,0.0,0.0,21.0,12.0,9.0,1.0,0.0,3.363287,0.0,3.6656523,0.43370712,1.3333334
cistamdonarescripturis.com,gozi,26.0,22.0,2.0,0.0,0.0,25.0,1.0,0.0,0.0,9.0,0.36,16.0,0.64,13.0,0.52,0.28,3.563074,4.3349624,4.523562,3.0,0.0,0.12,0.0,0.61538464,0.9088,0.0,0.0,0.0,22.0,12.5,9.5,1.0,0.0,3.5383105,0.0,4.615,0.45109698,1.32
pretercarnischristiani.com,gozi,26.0,22.0,2.0,0.0,0.0,25.0,1.0,0.0,0.0,9.0,0.36,16.0,0.64,12.0,0.48,0.28,3.4136608,4.418296,4.523562,4.0,0.0,0.16,0.0,0.6666667,0.896,0.0,0.0,0.0,22.0,12.5,9.5,1.0,0.0,3.1867044,0.0,4.5979166,0.5021061,1.32
autdonatascur.com,gozi,17.0,13.0,2.0,0.0,0.0,16.0,1.0,0.0,0.0,7.0,0.4375,9.0,0.5625,10.0,0.625,0.375,3.2028196,3.9068906,3.807355,2.0,0.0,0.125,0.0,0.5,0.8828125,0.0,0.0,0.0,13.0,8.0,5.0,1.0,0.0,3.0269868,0.0,5.871333,0.7030848,1.5
mortisquiconcesdivichris.com,gozi,28.0,24.0,2.0,0.0,0.0,27.0,1.0,0.0,0.0,10.0,0.37037036,17.0,0.6296296,14.0,0.5185185,0.22222222,3.5282426,4.4696703,4.643856,3.0,0.0,0.11111111,0.0,0.42857143,0.89711934,0.0,0.0,0.0,24.0,13.5,10.5,1.0,0.0,3.5383203,0.0,4.649231,0.68060166,1.2962962
redthissimulabroquod.com,gozi,24.0,20.0,2.0,0.0,0.0,23.0,1.0,0.0,0.0,9.0,0.39130434,14.0,0.6086956,15.0,0.65217394,0.26086956,3.7950885,4.4594316,4.3923173,3.0,0.0,0.13043478,0.0,0.46666667,0.92249525,0.0,0.0,0.0,20.0,11.5,8.5,1.0,0.0,3.7219281,0.0,5.5127273,0.5112846,1.3478261
nisisibifacitbasita.com,gozi,23.0,19.0,2.0,0.0,0.0,22.0,1.0,0.0,0.0,10.0,0.45454547,12.0,0.54545456,10.0,0.45454547,0.36363637,3.049452,3.88018,4.221928,2.0,0.0,0.09090909,0.0,0.6,0.8553719,0.0,0.0,0.0,19.0,11.0,8.0,1.0,0.0,2.7205827,0.0,4.6957145,0.88257396,1.2727273
merquilibethec.com,gozi,18.0,14.0,2.0,0.0,0.0,17.0,1.0,0.0,0.0,7.0,0.4117647,10.0,0.5882353,12.0,0.7058824,0.3529412,3.4548223,4.0,3.9068906,2.0,0.0,0.11764706,0.0,0.33333334,0.899654,0.0,0.0,0.0,14.0,8.5,5.5,1.0,0.0,3.324863,0.0,4.7025,0.81941426,1.4705882
questionibussedsan.com,gozi,22.0,18.0,2.0,0.0,0.0,21.0,1.0,0.0,0.0,9.0,0.42857143,12.0,0.5714286,13.0,0.61904764,0.2857143,3.5351746,4.321928,4.2479277,2.0,0.0,0.0952381,0.0,0.46153846,0.9024943,0.0,0.0,0.0,18.0,10.5,7.5,1.0,0.0,3.2810361,0.0,4.883,0.5900922,1.3809524
solqunoniusti.com,gozi,17.0,13.0,2.0,0.0,0.0,16.0,1.0,0.0,0.0,7.0,0.4375,9.0,0.5625,10.0,0.625,0.0625,3.2028196,3.9068906,3.807355,2.0,0.0,0.125,0.0,0.5,0.8828125,0.0,0.0,0.0,13.0,8.0,5.0,1.0,0.0,2.9312088,0.0,5.06,0.87841946,1.5
penituscumarte.com,gozi,18.0,14.0,2.0,0.0,0.0,17.0,1.0,0.0,0.0,7.0,0.4117647,10.0,0.5882353,12.0,0.7058824,0.29411766,3.4992275,4.0,3.9068906,2.0,0.0,0.11764706,0.0,0.41666666,0.90657437,0.0,0.0,0.0,14.0,8.5,5.5,1.0,0.0,3.3787835,0.0,4.836875,0.545522,1.4705882
ulsuntliteristamencarnis.com,gozi,28.0,24.0,2.0,0.0,0.0,27.0,1.0,0.0,0.0,10.0,0.37037036,17.0,0.6296296,12.0,0.44444445,0.22222222,3.5319412,4.6235166,4.643856,3.0,0.0,0.11111111,0.0,0.9166667,0.91083676,0.0,0.0,0.0,24.0,13.5,10.5,1.0,0.0,3.3758147,0.0,4.7973075,0.4066567,1.2962962
virtpaestparticipationis.com,gozi,28.0,24.0,2.0,0.0,0.0,27.0,1.0,0.0,0.0,11.0,0.4074074,16.0,0.5925926,12.0,0.44444445,0.22222222,3.3800943,4.2867904,4.563856,3.0,0.0,0.11111111,0.0,0.6666667,0.8916324,0.0,0.0,0.0,24.0,13.5,10.5,1.0,0.0,3.2049868,0.0,4.7653847,0.59705716,1.2222222
secudispudocendicanonum.com,gozi,27.0,23.0,2.0,0.0,0.0,26.0,1.0,0.0,0.0,11.0,0.42307693,15.0,0.5769231,11.0,0.42307693,0.3846154,3.353534,4.483856,4.5849624,2.0,0.0,0.07692308,0.0,0.8181818,0.8964497,0.0,0.0,0.0,23.0,13.0,10.0,1.0,0.0,3.348799,0.0,4.778,0.70486784,1.3076923
domveniarumlapotestate.com,gozi,26.0,22.0,2.0,0.0,0.0,25.0,1.0,0.0,0.0,11.0,0.44,14.0,0.56,15.0,0.6,0.32,3.6928787,4.418296,4.523562,2.0,0.0,0.08,0.0,0.33333334,0.912,0.0,0.0,0.0,22.0,12.5,9.5,1.0,0.0,3.6292198,0.0,4.6008334,0.36457697,1.32
quoiveniisplenarie.com,gozi,22.0,18.0,2.0,0.0,0.0,21.0,1.0,0.0,0.0,11.0,0.52380955,10.0,0.47619048,14.0,0.6666667,0.23809524,3.5944657,4.221928,4.2479277,3.0,0.0,0.14285715,0.0,0.2857143,0.9024943,0.0,0.0,0.0,18.0,10.5,7.5,1.0,0.0,3.350209,0.0,5.115,0.5664899,1.3809524
quodeithesaurumpeiuoper.com,gozi,27.0,23.0,2.0,0.0,0.0,26.0,1.0,0.0,0.0,14.0,0.53846157,12.0,0.46153846,14.0,0.53846157,0.26923078,3.5944824,4.4038563,4.5849624,2.0,0.0,0.07692308,0.0,0.5,0.9053255,0.0,0.0,0.0,23.0,13.0,10.0,1.0,0.0,3.4800837,0.0,6.0524,0.59637314,1.3076923
compeprojectdocendi.com,gozi,23.0,19.0,2.0,0.0,0.0,22.0,1.0,0.0,0.0,8.0,0.36363637,14.0,0.6363636,11.0,0.5,0.4090909,3.2433004,4.2018414,4.221928,3.0,0.0,0.13636364,0.0,0.54545456,0.8801653,0.0,0.0,0.0,19.0,11.0,8.0,1.0,0.0,3.2866294,0.0,4.3957143,0.86754435,1.3636364
facitecclesiemeliorc.com,gozi,24.0,20.0,2.0,0.0,0.0,23.0,1.0,0.0,0.0,10.0,0.4347826,13.0,0.5652174,11.0,0.47826087,0.47826087,3.203365,4.3685226,4.3923173,3.0,0.0,0.13043478,0.0,0.54545456,0.8733459,0.0,0.0,0.0,20.0,11.5,8.5,1.0,0.0,3.1841838,0.0,4.838182,0.7380133,1.3478261
pecuniisautneque.com,gozi,20.0,16.0,2.0,0.0,0.0,19.0,1.0,0.0,0.0,10.0,0.5263158,9.0,0.47368422,12.0,0.6315789,0.31578946,3.4316235,4.058814,4.087463,2.0,0.0,0.10526316,0.0,0.41666666,0.89750695,0.0,0.0,0.0,16.0,9.5,6.5,1.0,0.0,3.1556392,0.0,6.6266665,0.7152618,1.4210526
satisilitemmaximas.com,gozi,22.0,18.0,2.0,0.0,0.0,21.0,1.0,0.0,0.0,9.0,0.42857143,12.0,0.5714286,10.0,0.47619048,0.23809524,3.082328,4.221928,4.2479277,2.0,0.0,0.0952381,0.0,0.5,0.86621314,0.0,0.0,0.0,18.0,10.5,7.5,1.0,0.0,2.8218882,0.0,4.368,0.847156,1.3809524
crucemsunttrib.com,gozi,18.0,14.0,2.0,0.0,0.0,17.0,1.0,0.0,0.0,5.0,0.29411766,12.0,0.7058824,11.0,0.64705884,0.29411766,3.3371754,4.0,3.9068906,4.0,0.0,0.23529412,0.0,0.45454547,0.8927336,0.0,0.0,0.0,14.0,8.5,5.5,1.0,0.0,3.2359264,0.0,6.243125,0.7698756,1.4705882
unullamqulaicorm.com,gozi,20.0,16.0,2.0,0.0,0.0,19.0,1.0,0.0,0.0,8.0,0.42105263,11.0,0.57894737,10.0,0.5263158,0.21052632,3.1813664,3.8365917,4.087463,3.0,0.0,0.15789473,0.0,0.6,0.88088644,0.0,0.0,0.0,16.0,9.5,6.5,1.0,0.0,3.1556392,0.0,5.9933333,1.0175868,1.4210526
timtthesaurisalpetrum.com,gozi,25.0,21.0,2.0,0.0,0.0,24.0,1.0,0.0,0.0,9.0,0.375,15.0,0.625,13.0,0.5416667,0.20833333,3.5535088,4.4366055,4.4594316,4.0,0.0,0.16666667,0.0,0.61538464,0.90625,0.0,0.0,0.0,21.0,12.0,9.0,1.0,0.0,3.3446984,0.0,5.1108694,0.4688317,1.3333334
mentemulsuntdeoqui.com,gozi,22.0,18.0,2.0,0.0,0.0,21.0,1.0,0.0,0.0,9.0,0.42857143,12.0,0.5714286,12.0,0.5714286,0.23809524,3.4273336,4.221928,4.2479277,3.0,0.0,0.14285715,0.0,0.5,0.8979592,0.0,0.0,0.0,18.0,10.5,7.5,1.0,0.0,3.308271,0.0,5.5715,0.71310985,1.3809524
secustudioredimit.com,gozi,21.0,17.0,2.0,0.0,0.0,20.0,1.0,0.0,0.0,9.0,0.45,11.0,0.55,10.0,0.5,0.3,3.2841837,4.1426644,4.169925,2.0,0.0,0.1,0.0,0.9,0.895,0.0,0.0,0.0,17.0,10.0,7.0,1.0,0.0,3.2195282,0.0,4.161579,0.66719127,1.4
versusomestsunttheologis.com,gozi,28.0,24.0,2.0,0.0,0.0,27.0,1.0,0.0,0.0,10.0,0.37037036,17.0,0.6296296,14.0,0.5185185,0.14814815,3.5282426,4.5465937,4.643856,4.0,0.0,0.14814815,0.0,0.42857143,0.89711934,0.0,0.0,0.0,24.0,13.5,10.5,1.0,0.0,3.4235332,0.0,4.861154,0.47352895,1.2962962
equivalerenoninfernosque.com,gozi,28.0,24.0,2.0,0.0,0.0,27.0,1.0,0.0,0.0,13.0,0.4814815,14.0,0.5185185,14.0,0.5185185,0.2962963,3.5562012,4.4696703,4.643856,2.0,0.0,0.074074075,0.0,0.5,0.8998628,0.0,0.0,0.0,24.0,13.5,10.5,1.0,0.0,3.3512275,0.0,5.858077,0.6450808,1.2962962
venialesvensacerdotesqu.com,gozi,27.0,23.0,2.0,0.0,0.0,26.0,1.0,0.0,0.0,11.0,0.42307693,15.0,0.5769231,15.0,0.5769231,0.3846154,3.6864195,4.4038563,4.5016294,2.0,0.0,0.07692308,0.0,0.46666667,0.908284,0.0,0.0,0.0,23.0,13.0,10.0,1.0,0.0,3.551191,0.0,4.6692,0.46208188,1.3076923
parteindifferentemconc.com,gozi,26.0,22.0,2.0,0.0,0.0,25.0,1.0,0.0,0.0,9.0,0.36,16.0,0.64,12.0,0.48,0.44,3.4634652,4.418296,4.523562,3.0,0.0,0.12,0.0,0.75,0.9024,0.0,0.0,0.0,22.0,12.5,9.5,1.0,0.0,3.4251184,0.0,4.51125,0.5822565,1.32
ipsaeuangelium.com,gozi,18.0,14.0,2.0,0.0,0.0,17.0,1.0,0.0,0.0,9.0,0.5294118,8.0,0.47058824,12.0,0.7058824,0.29411766,3.4992275,4.0,3.9068906,2.0,0.0,0.11764706,0.0,0.41666666,0.90657437,0.0,0.0,0.0,14.0,8.5,5.5,1.0,0.0,3.2359264,0.0,6.146875,0.5718847,1.4705882
odifaquiafraudem.com,gozi,20.0,16.0,2.0,0.0,0.0,19.0,1.0,0.0,0.0,10.0,0.5263158,9.0,0.47368422,11.0,0.57894737,0.47368422,3.3660913,4.169925,4.087463,2.0,0.0,0.10526316,0.0,0.6363636,0.89750695,0.0,0.0,0.0,16.0,9.5,6.5,1.0,0.0,3.2028196,0.0,6.522222,0.9104975,1.4210526
reservantamitpetrisolve.com,gozi,27.0,23.0,2.0,0.0,0.0,26.0,1.0,0.0,0.0,10.0,0.3846154,16.0,0.61538464,13.0,0.5,0.26923078,3.5654483,4.643856,4.5849624,2.0,0.0,0.07692308,0.0,0.6923077,0.908284,0.0,0.0,0.0,23.0,13.0,10.0,1.0,0.0,3.4144413,0.0,4.134,0.43262923,1.3076923
docrespiciuntdicunt.com,gozi,23.0,19.0,2.0,0.0,0.0,22.0,1.0,0.0,0.0,8.0,0.36363637,14.0,0.6363636,12.0,0.54545456,0.3181818,3.4251184,4.106603,4.221928,3.0,0.0,0.13636364,0.0,0.5833333,0.89669424,0.0,0.0,0.0,19.0,11.0,8.0,1.0,0.0,3.3263605,0.0,4.884286,0.65764505,1.2727273
legveniomnesquod.com,gozi,20.0,16.0,2.0,0.0,0.0,19.0,1.0,0.0,0.0,8.0,0.42105263,11.0,0.57894737,13.0,0.68421054,0.2631579,3.5368867,4.058814,4.087463,2.0,0.0,0.10526316,0.0,0.30769232,0.9030471,0.0,0.0,0.0,16.0,9.5,6.5,1.0,0.0,3.4528196,0.0,6.395,0.70691013,1.4210526
nequveniisliterasredi.com,gozi,25.0,21.0,2.0,0.0,0.0,24.0,1.0,0.0,0.0,11.0,0.45833334,13.0,0.5416667,15.0,0.625,0.29166666,3.6682959,4.523562,4.4594316,2.0,0.0,0.083333336,0.0,0.33333334,0.90625,0.0,0.0,0.0,21.0,12.0,9.0,1.0,0.0,3.3446984,0.0,4.889565,0.43833974,1.3333334
pottantummodoquia.com,gozi,21.0,17.0,2.0,0.0,0.0,20.0,1.0,0.0,0.0,9.0,0.45,11.0,0.55,11.0,0.55,0.2,3.2464395,4.2479277,4.169925,2.0,0.0,0.1,0.0,0.45454547,0.88,0.0,0.0,0.0,17.0,10.0,7.0,1.0,0.0,3.1751232,0.0,5.57,0.88854206,1.4
minimumulitahodiedebet.com,gozi,26.0,22.0,2.0,0.0,0.0,25.0,1.0,0.0,0.0,12.0,0.48,13.0,0.52,13.0,0.52,0.32,3.4936607,4.5016294,4.523562,2.0,0.0,0.08,0.0,0.53846157,0.8992,0.0,0.0,0.0,22.0,12.5,9.5,1.0,0.0,3.3908055,0.0,5.7791667,0.5972787,1.32
pepotestatemsecum.com,gozi,21.0,17.0,2.0,0.0,0.0,20.0,1.0,0.0,0.0,8.0,0.4,12.0,0.6,9.0,0.45,0.35,3.0464394,4.1426644,4.169925,2.0,0.0,0.1,0.0,0.7777778,0.87,0.0,0.0,0.0,17.0,10.0,7.0,1.0,0.0,2.984234,0.0,4.5589476,0.8188545,1.4
thespecuniamhostibus.com,gozi,24.0,20.0,2.0,0.0,0.0,23.0,1.0,0.0,0.0,9.0,0.39130434,14.0,0.6086956,13.0,0.5652174,0.26086956,3.6211755,4.4594316,4.3923173,2.0,0.0,0.08695652,0.0,0.6923077,0.91493386,0.0,0.0,0.0,20.0,11.5,8.5,1.0,0.0,3.5841837,0.0,5.041818,0.5185004,1.3478261
proclarumpaucissimis.com,gozi,24.0,20.0,2.0,0.0,0.0,23.0,1.0,0.0,0.0,9.0,0.39130434,14.0,0.6086956,10.0,0.4347826,0.2173913,3.2618425,4.3685226,4.3923173,2.0,0.0,0.08695652,0.0,0.9,0.8922495,0.0,0.0,0.0,20.0,11.5,8.5,1.0,0.0,3.2464395,0.0,5.17,0.792594,1.3478261
thisremissio.com,gozi,16.0,12.0,2.0,0.0,0.0,15.0,1.0,0.0,0.0,6.0,0.4,9.0,0.6,9.0,0.6,0.13333334,3.006239,3.6644979,3.7004397,2.0,0.0,0.13333334,0.0,0.44444445,0.8622222,0.0,0.0,0.0,12.0,7.5,4.5,1.0,0.0,2.7924812,0.0,3.3592858,0.7917384,1.5333333
easnisitemeritatepecca.com,gozi,26.0,22.0,2.0,0.0,0.0,25.0,1.0,0.0,0.0,12.0,0.48,13.0,0.52,11.0,0.44,0.44,3.2586887,4.418296,4.523562,2.0,0.0,0.08,0.0,0.6363636,0.8832,0.0,0.0,0.0,22.0,12.5,9.5,1.0,0.0,3.1015089,0.0,3.8054166,0.5404084,1.32
itaquequammaximastambasi.com,gozi,28.0,24.0,2.0,0.0,0.0,27.0,1.0,0.0,0.0,13.0,0.4814815,14.0,0.5185185,12.0,0.44444445,0.33333334,3.2780614,4.3158245,4.643856,2.0,0.0,0.074074075,0.0,0.5833333,0.8751715,0.0,0.0,0.0,24.0,13.5,10.5,1.0,0.0,3.0739348,0.0,5.849231,0.9947955,1.2962962
homineredibasipstudeant.com,gozi,27.0,23.0,2.0,0.0,0.0,26.0,1.0,0.0,0.0,11.0,0.42307693,15.0,0.5769231,15.0,0.5769231,0.34615386,3.7962177,4.563856,4.5849624,3.0,0.0,0.115384616,0.0,0.6,0.9230769,0.0,0.0,0.0,23.0,13.0,10.0,1.0,0.0,3.6753109,0.0,3.9844,0.30395767,1.3076923
compeeosdeipasc.com,gozi,19.0,15.0,2.0,0.0,0.0,18.0,1.0,0.0,0.0,8.0,0.44444445,10.0,0.5555556,9.0,0.5,0.44444445,3.0441105,3.8521688,3.875,3.0,0.0,0.16666667,0.0,0.6666667,0.8703704,0.0,0.0,0.0,15.0,9.0,6.0,1.0,0.0,3.0565648,0.0,6.122941,0.8632872,1.4444444
moriturirespi.com,gozi,17.0,13.0,2.0,0.0,0.0,16.0,1.0,0.0,0.0,7.0,0.4375,9.0,0.5625,10.0,0.625,0.125,3.1556392,3.7735572,3.807355,2.0,0.0,0.125,0.0,0.4,0.875,0.0,0.0,0.0,13.0,8.0,5.0,1.0,0.0,2.9689186,0.0,3.5566666,0.7519855,1.5
crucemperfit.com,gozi,16.0,12.0,2.0,0.0,0.0,15.0,1.0,0.0,0.0,5.0,0.33333334,10.0,0.6666667,10.0,0.6666667,0.4,3.189898,3.807355,3.7004397,2.0,0.0,0.13333334,0.0,0.4,0.88,0.0,0.0,0.0,12.0,7.5,4.5,1.0,0.0,3.0849626,0.0,5.2614284,0.92372614,1.5333333
quiresepenarum.com,gozi,18.0,14.0,2.0,0.0,0.0,17.0,1.0,0.0,0.0,8.0,0.47058824,9.0,0.5294118,12.0,0.7058824,0.29411766,3.4548223,4.0,3.9068906,2.0,0.0,0.11764706,0.0,0.33333334,0.899654,0.0,0.0,0.0,14.0,8.5,5.5,1.0,0.0,3.182006,0.0,5.20875,0.70478606,1.4705882
nisipopillepecuniam.com,gozi,23.0,19.0,2.0,0.0,0.0,22.0,1.0,0.0,0.0,10.0,0.45454547,12.0,0.54545456,11.0,0.5,0.22727273,3.3342094,4.2970796,4.321928,2.0,0.0,0.09090909,0.0,0.72727275,0.892562,0.0,0.0,0.0,19.0,11.0,8.0,1.0,0.0,3.2608283,0.0,5.115714,0.70131516,1.3636364
gratuitahodieredimere.com,gozi,25.0,21.0,2.0,0.0,0.0,24.0,1.0,0.0,0.0,12.0,0.5,12.0,0.5,12.0,0.5,0.375,3.438722,4.2626925,4.3685226,2.0,0.0,0.083333336,0.0,0.6666667,0.8993056,0.0,0.0,0.0,21.0,12.0,9.0,1.0,0.0,3.2728043,0.0,3.9382608,0.4964036,1.25
tinnsitnulhabetopusaliis.com,gozi,28.0,24.0,2.0,0.0,0.0,27.0,1.0,0.0,0.0,11.0,0.4074074,16.0,0.5925926,14.0,0.5185185,0.18518518,3.633974,4.70044,4.643856,3.0,0.0,0.11111111,0.0,0.5714286,0.91083676,0.0,0.0,0.0,24.0,13.5,10.5,1.0,0.0,3.4072683,0.0,4.745,0.4135631,1.2962962
chrismorivirtdare.com,gozi,21.0,17.0,2.0,0.0,0.0,20.0,1.0,0.0,0.0,7.0,0.35,13.0,0.65,12.0,0.6,0.25,3.3841836,4.1426644,4.169925,3.0,0.0,0.15,0.0,0.41666666,0.89,0.0,0.0,0.0,17.0,10.0,7.0,1.0,0.0,3.3371754,0.0,4.901579,0.64963514,1.4
permittitquodunamtalem.com,gozi,26.0,22.0,2.0,0.0,0.0,25.0,1.0,0.0,0.0,10.0,0.4,15.0,0.6,14.0,0.56,0.24,3.603856,4.5016294,4.523562,2.0,0.0,0.08,0.0,0.5,0.9056,0.0,0.0,0.0,22.0,12.5,9.5,1.0,0.0,3.5160277,0.0,5.645,0.5802088,1.32
remianimamddocendinueccl.com,gozi,28.0,24.0,2.0,0.0,0.0,27.0,1.0,0.0,0.0,11.0,0.4074074,16.0,0.5925926,11.0,0.4074074,0.44444445,3.309719,4.70044,4.643856,4.0,0.0,0.14814815,0.0,0.72727275,0.8916324,0.0,0.0,0.0,24.0,13.5,10.5,1.0,0.0,3.3129072,0.0,5.105,0.6949981,1.2962962
forisilnonindsotheologi.com,gozi,27.0,23.0,2.0,0.0,0.0,26.0,1.0,0.0,0.0,11.0,0.42307693,15.0,0.5769231,14.0,0.53846157,0.15384616,3.4594913,4.643856,4.5849624,3.0,0.0,0.115384616,0.0,0.35714287,0.88461536,0.0,0.0,0.0,23.0,13.0,10.0,1.0,0.0,3.2903216,0.0,4.2584,0.5167011,1.3076923
cuilegentifunestissimam.com,gozi,27.0,23.0,2.0,0.0,0.0,26.0,1.0,0.0,0.0,11.0,0.42307693,15.0,0.5769231,13.0,0.5,0.26923078,3.5364141,4.563856,4.5849624,2.0,0.0,0.07692308,0.0,0.61538464,0.9053255,0.0,0.0,0.0,23.0,13.0,10.0,1.0,0.0,3.4144413,0.0,3.952,0.51531637,1.3076923
quodtextvinecessario.com,gozi,24.0,20.0,2.0,0.0,0.0,23.0,1.0,0.0,0.0,10.0,0.4347826,13.0,0.5652174,15.0,0.65217394,0.3043478,3.7622674,4.4594316,4.3923173,3.0,0.0,0.13043478,0.0,0.4,0.9187146,0.0,0.0,0.0,20.0,11.5,8.5,1.0,0.0,3.6841838,0.0,4.9545455,0.5185567,1.3478261
docendierrgrainfernus.com,gozi,25.0,21.0,2.0,0.0,0.0,24.0,1.0,0.0,0.0,9.0,0.375,15.0,0.625,13.0,0.5416667,0.375,3.5220551,4.4366055,4.4594316,4.0,0.0,0.16666667,0.0,0.53846157,0.9027778,0.0,0.0,0.0,21.0,12.0,9.0,1.0,0.0,3.3680425,0.0,5.7330437,0.49663958,1.3333334
mailperoperipsiusquicam.com,gozi,27.0,23.0,2.0,0.0,0.0,26.0,1.0,0.0,0.0,12.0,0.46153846,14.0,0.53846157,12.0,0.46153846,0.23076923,3.4885254,4.483856,4.5016294,2.0,0.0,0.07692308,0.0,0.8333333,0.9053255,0.0,0.0,0.0,23.0,13.0,10.0,1.0,0.0,3.4472625,0.0,5.2152,0.7069992,1.2307693
opuscruceremoniisper.com,gozi,24.0,20.0,2.0,0.0,0.0,23.0,1.0,0.0,0.0,10.0,0.4347826,13.0,0.5652174,10.0,0.4347826,0.26086956,3.2618425,4.3685226,4.3923173,3.0,0.0,0.13043478,0.0,0.9,0.8922495,0.0,0.0,0.0,20.0,11.5,8.5,1.0,0.0,3.2464395,0.0,5.035,0.7082812,1.3478261
posdonectamenforis.com,gozi,22.0,18.0,2.0,0.0,0.0,21.0,1.0,0.0,0.0,8.0,0.3809524,13.0,0.61904764,13.0,0.61904764,0.33333334,3.5351746,4.321928,4.2479277,2.0,0.0,0.0952381,0.0,0.46153846,0.9024943,0.0,0.0,0.0,18.0,10.5,7.5,1.0,0.0,3.5724313,0.0,4.52,0.48870724,1.3809524
charitatemmagistro.com,gozi,22.0,18.0,2.0,0.0,0.0,21.0,1.0,0.0,0.0,8.0,0.3809524,13.0,0.61904764,11.0,0.52380955,0.2857143,3.3320954,4.321928,4.2479277,3.0,0.0,0.14285715,0.0,0.6363636,0.89342403,0.0,0.0,0.0,18.0,10.5,7.5,1.0,0.0,3.308271,0.0,3.49,0.6172689,1.3809524
remissioquamcharitasrat.com,gozi,27.0,23.0,2.0,0.0,0.0,26.0,1.0,0.0,0.0,11.0,0.42307693,15.0,0.5769231,12.0,0.46153846,0.26923078,3.430457,4.643856,4.5849624,3.0,0.0,0.115384616,0.0,0.6666667,0.8994083,0.0,0.0,0.0,23.0,13.0,10.0,1.0,0.0,3.3816202,0.0,4.6208,0.6108853,1.3076923
cavendipapaimmo.com,gozi,19.0,15.0,2.0,0.0,0.0,18.0,1.0,0.0,0.0,8.0,0.44444445,10.0,0.5555556,10.0,0.5555556,0.3888889,3.1971598,3.9698157,4.0,2.0,0.0,0.11111111,0.0,0.6,0.88271606,0.0,0.0,0.0,15.0,9.0,6.0,1.0,0.0,3.189898,0.0,4.8017645,0.8978307,1.4444444
egetestproinimicoclavis.com,gozi,27.0,23.0,2.0,0.0,0.0,26.0,1.0,0.0,0.0,11.0,0.42307693,15.0,0.5769231,14.0,0.53846157,0.26923078,3.6133373,4.563856,4.5849624,4.0,0.0,0.15384616,0.0,0.5,0.908284,0.0,0.0,0.0,23.0,13.0,10.0,1.0,0.0,3.6211755,0.0,4.8236,0.4531101,1.3076923
papaperpetripiscabantur.com,gozi,27.0,23.0,2.0,0.0,0.0,26.0,1.0,0.0,0.0,10.0,0.3846154,16.0,0.61538464,13.0,0.5,0.34615386,3.45565,4.4038563,4.5016294,2.0,0.0,0.07692308,0.0,0.53846157,0.89349115,0.0,0.0,0.0,23.0,13.0,10.0,1.0,0.0,3.203365,0.0,4.3004,0.63290155,1.3076923
indoctenulli.com,gozi,16.0,12.0,2.0,0.0,0.0,15.0,1.0,0.0,0.0,6.0,0.4,9.0,0.6,10.0,0.6666667,0.26666668,3.240224,3.807355,3.7004397,2.0,0.0,0.13333334,0.0,0.5,0.8888889,0.0,0.0,0.0,12.0,7.5,4.5,1.0,0.0,3.0849626,0.0,4.192143,0.7197198,1.5333333
qudicredditveniillequam.com,gozi,27.0,23.0,2.0,0.0,0.0,26.0,1.0,0.0,0.0,11.0,0.42307693,15.0,0.5769231,14.0,0.53846157,0.34615386,3.6423714,4.483856,4.5849624,2.0,0.0,0.07692308,0.0,0.5714286,0.9112426,0.0,0.0,0.0,23.0,13.0,10.0,1.0,0.0,3.5013978,0.0,6.0952,0.72566587,1.3076923
bonispropapaani.com,gozi,19.0,15.0,2.0,0.0,0.0,18.0,1.0,0.0,0.0,8.0,0.44444445,10.0,0.5555556,10.0,0.5555556,0.2777778,3.1552215,3.8521688,4.0,3.0,0.0,0.16666667,0.0,0.5,0.8765432,0.0,0.0,0.0,15.0,9.0,6.0,1.0,0.0,2.8729055,0.0,4.760588,0.8260273,1.4444444
nequaquamabroremispapam.com,gozi,27.0,23.0,2.0,0.0,0.0,26.0,1.0,0.0,0.0,12.0,0.46153846,14.0,0.53846157,13.0,0.5,0.34615386,3.4846842,4.3238564,4.5016294,2.0,0.0,0.07692308,0.0,0.61538464,0.8964497,0.0,0.0,0.0,23.0,13.0,10.0,1.0,0.0,3.377278,0.0,5.504,0.81385034,1.2307693
tribueretsicutthesauri.com,gozi,26.0,22.0,2.0,0.0,0.0,25.0,1.0,0.0,0.0,11.0,0.44,14.0,0.56,12.0,0.48,0.28,3.4030743,4.418296,4.523562,3.0,0.0,0.12,0.0,0.5833333,0.896,0.0,0.0,0.0,22.0,12.5,9.5,1.0,0.0,3.140361,0.0,4.8870835,0.5618818,1.32
illaoperiusteitaecclesie.com,gozi,28.0,24.0,2.0,0.0,0.0,27.0,1.0,0.0,0.0,14.0,0.5185185,13.0,0.4814815,12.0,0.44444445,0.37037036,3.3800943,4.6235166,4.643856,3.0,0.0,0.11111111,0.0,0.6666667,0.8916324,0.0,0.0,0.0,24.0,13.5,10.5,1.0,0.0,3.2364404,0.0,4.9269233,0.48861334,1.2962962
cimposvuhsedmeliorchris.com,gozi,27.0,23.0,2.0,0.0,0.0,26.0,1.0,0.0,0.0,9.0,0.34615386,17.0,0.65384614,13.0,0.5,0.23076923,3.555269,4.643856,4.5849624,4.0,0.0,0.15384616,0.0,0.61538464,0.908284,0.0,0.0,0.0,23.0,13.0,10.0,1.0,0.0,3.5883543,0.0,5.8556,0.6156247,1.3076923
equiasinetenentur.com,gozi,21.0,17.0,2.0,0.0,0.0,20.0,1.0,0.0,0.0,10.0,0.5,10.0,0.5,12.0,0.6,0.3,3.3841836,4.037401,4.169925,2.0,0.0,0.1,0.0,0.41666666,0.89,0.0,0.0,0.0,17.0,10.0,7.0,1.0,0.0,2.984234,0.0,4.196842,0.5853465,1.4
neospdonumtinnientesunt.com,gozi,27.0,23.0,2.0,0.0,0.0,26.0,1.0,0.0,0.0,10.0,0.3846154,16.0,0.61538464,11.0,0.42307693,0.1923077,3.2475767,4.563856,4.5849624,3.0,0.0,0.115384616,0.0,0.72727275,0.8786982,0.0,0.0,0.0,23.0,13.0,10.0,1.0,0.0,3.0879292,0.0,5.9024,0.61007047,1.3076923
chariveanimminorvdocendi.com,gozi,28.0,24.0,2.0,0.0,0.0,27.0,1.0,0.0,0.0,11.0,0.4074074,16.0,0.5925926,11.0,0.4074074,0.33333334,3.383793,4.70044,4.643856,3.0,0.0,0.11111111,0.0,0.90909094,0.8998628,0.0,0.0,0.0,24.0,13.5,10.5,1.0,0.0,3.3868423,0.0,4.1969233,0.7005958,1.2962962
papapapacaugratiasvques.com,gozi,27.0,23.0,2.0,0.0,0.0,26.0,1.0,0.0,0.0,12.0,0.46153846,14.0,0.53846157,14.0,0.53846157,0.3846154,3.4061518,4.133661,4.1887217,3.0,0.0,0.115384616,0.0,0.35714287,0.87278104,0.0,0.0,0.0,23.0,13.0,10.0,1.0,0.0,3.1474104,0.0,5.3076,0.80976665,1.1538461
chrisipdifficpen.com,gozi,20.0,16.0,2.0,0.0,0.0,19.0,1.0,0.0,0.0,6.0,0.31578946,13.0,0.68421054,12.0,0.6315789,0.36842105,3.3660913,4.169925,4.087463,3.0,0.0,0.15789473,0.0,0.33333334,0.88642657,0.0,0.0,0.0,16.0,9.5,6.5,1.0,0.0,3.125,0.0,5.1983333,0.87341076,1.4210526
theologicaltamentaceam.com,gozi,26.0,22.0,2.0,0.0,0.0,25.0,1.0,0.0,0.0,11.0,0.44,14.0,0.56,11.0,0.44,0.4,3.2928786,4.418296,4.523562,2.0,0.0,0.08,0.0,0.6363636,0.8896,0.0,0.0,0.0,22.0,12.5,9.5,1.0,0.0,3.2998965,0.0,3.98,0.6206403,1.32
simpliciterveritatemsic.com,gozi,27.0,23.0,2.0,0.0,0.0,26.0,1.0,0.0,0.0,10.0,0.3846154,16.0,0.61538464,12.0,0.46153846,0.26923078,3.3685477,4.243856,4.5849624,3.0,0.0,0.115384616,0.0,0.5833333,0.89053255,0.0,0.0,0.0,23.0,13.0,10.0,1.0,0.0,3.2575004,0.0,4.1392,0.62383986,1.3076923
maximasigiturnulla.com,gozi,22.0,18.0,2.0,0.0,0.0,21.0,1.0,0.0,0.0,9.0,0.42857143,12.0,0.5714286,13.0,0.61904764,0.1904762,3.5225716,4.221928,4.2479277,2.0,0.0,0.0952381,0.0,0.3846154,0.9024943,0.0,0.0,0.0,18.0,10.5,7.5,1.0,0.0,3.308271,0.0,5.439,0.6648672,1.3809524
veniisanimassine.com,gozi,20.0,16.0,2.0,0.0,0.0,19.0,1.0,0.0,0.0,9.0,0.47368422,10.0,0.5263158,9.0,0.47368422,0.2631579,3.010571,4.058814,4.087463,2.0,0.0,0.10526316,0.0,0.6666667,0.8642659,0.0,0.0,0.0,16.0,9.5,6.5,1.0,0.0,2.6556392,0.0,4.0894446,0.77445453,1.4210526
walsuumcelsolameffuinsa.com,gozi,27.0,23.0,2.0,0.0,0.0,26.0,1.0,0.0,0.0,11.0,0.42307693,15.0,0.5769231,12.0,0.46153846,0.34615386,3.4783459,4.563856,4.5849624,2.0,0.0,0.07692308,0.0,0.75,0.9053255,0.0,0.0,0.0,23.0,13.0,10.0,1.0,0.0,3.4357555,0.0,5.7948,0.6657696,1.3076923
phonetantummodonullusad.com,gozi,27.0,23.0,2.0,0.0,0.0,26.0,1.0,0.0,0.0,10.0,0.3846154,16.0,0.61538464,13.0,0.5,0.23076923,3.5364141,4.563856,4.5849624,2.0,0.0,0.07692308,0.0,0.61538464,0.9053255,0.0,0.0,0.0,23.0,13.0,10.0,1.0,0.0,3.4685767,0.0,5.4464,0.5517919,1.3076923
facitquequiperfuerit.com,gozi,24.0,20.0,2.0,0.0,0.0,23.0,1.0,0.0,0.0,11.0,0.47826087,12.0,0.5217391,12.0,0.5217391,0.3478261,3.4685767,4.095795,4.3923173,2.0,0.0,0.08695652,0.0,0.6666667,0.9035917,0.0,0.0,0.0,20.0,11.5,8.5,1.0,0.0,3.208695,0.0,6.2854548,0.9039341,1.3478261
novissimissmarbi.com,gozi,20.0,16.0,2.0,0.0,0.0,19.0,1.0,0.0,0.0,7.0,0.36842105,12.0,0.6315789,10.0,0.5263158,0.15789473,3.0503018,3.947703,3.9698157,3.0,0.0,0.15789473,0.0,0.4,0.8587258,0.0,0.0,0.0,16.0,9.5,6.5,1.0,0.0,2.875,0.0,4.365556,0.90995497,1.3157895
redepiscopiblasphemiave.com,gozi,27.0,23.0,2.0,0.0,0.0,26.0,1.0,0.0,0.0,11.0,0.42307693,15.0,0.5769231,14.0,0.53846157,0.3846154,3.6423714,4.483856,4.5849624,3.0,0.0,0.115384616,0.0,0.5714286,0.9112426,0.0,0.0,0.0,23.0,13.0,10.0,1.0,0.0,3.5883543,0.0,4.3796,0.5363141,1.3076923
egenumminimumadmittere.com,gozi,26.0,22.0,2.0,0.0,0.0,25.0,1.0,0.0,0.0,11.0,0.44,14.0,0.56,12.0,0.48,0.28,3.2732697,4.418296,4.523562,2.0,0.0,0.08,0.0,0.5,0.8736,0.0,0.0,0.0,22.0,12.5,9.5,1.0,0.0,3.0792258,0.0,5.547917,0.71250963,1.32
benedculpamdoc.com,gozi,18.0,14.0,2.0,0.0,0.0,17.0,1.0,0.0,0.0,6.0,0.3529412,11.0,0.64705884,11.0,0.64705884,0.5294118,3.3371754,4.0,3.9068906,2.0,0.0,0.11764706,0.0,0.45454547,0.8927336,0.0,0.0,0.0,14.0,8.5,5.5,1.0,0.0,3.3787835,0.0,5.5625,0.83718425,1.4705882
cautetamenpurgatorio.com,gozi,24.0,20.0,2.0,0.0,0.0,23.0,1.0,0.0,0.0,11.0,0.47826087,12.0,0.5217391,12.0,0.5217391,0.3043478,3.4685767,4.4594316,4.3923173,2.0,0.0,0.08695652,0.0,0.6666667,0.9035917,0.0,0.0,0.0,20.0,11.5,8.5,1.0,0.0,3.4464393,0.0,4.7086363,0.5198643,1.3478261
theologisoremissionem.com,gozi,25.0,21.0,2.0,0.0,0.0,24.0,1.0,0.0,0.0,11.0,0.45833334,13.0,0.5416667,12.0,0.5,0.16666667,3.3087463,4.349649,4.4594316,2.0,0.0,0.083333336,0.0,0.41666666,0.8819444,0.0,0.0,0.0,21.0,12.0,9.0,1.0,0.0,3.2368574,0.0,3.7634783,0.5626027,1.3333334
estviventibuspopulo.com,gozi,23.0,19.0,2.0,0.0,0.0,22.0,1.0,0.0,0.0,9.0,0.4090909,13.0,0.59090906,13.0,0.59090906,0.18181819,3.6069367,4.3923173,4.321928,3.0,0.0,0.13636364,0.0,0.61538464,0.91322315,0.0,0.0,0.0,19.0,11.0,8.0,1.0,0.0,3.4058223,0.0,4.107143,0.628823,1.3636364
suautemexhortandiergo.com,gozi,25.0,21.0,2.0,0.0,0.0,24.0,1.0,0.0,0.0,11.0,0.45833334,13.0,0.5416667,15.0,0.625,0.29166666,3.7720551,4.523562,4.4594316,2.0,0.0,0.083333336,0.0,0.46666667,0.9201389,0.0,0.0,0.0,21.0,12.0,9.0,1.0,0.0,3.6897037,0.0,5.455652,0.38432103,1.3333334
veniispapadifferrefert.com,gozi,26.0,22.0,2.0,0.0,0.0,25.0,1.0,0.0,0.0,10.0,0.4,15.0,0.6,14.0,0.56,0.44,3.5932696,4.3349624,4.4366055,3.0,0.0,0.12,0.0,0.42857143,0.9056,0.0,0.0,0.0,22.0,12.5,9.5,1.0,0.0,3.2655833,0.0,5.3816667,0.5677373,1.24
animfitipquodinfernus.com,gozi,25.0,21.0,2.0,0.0,0.0,24.0,1.0,0.0,0.0,10.0,0.41666666,14.0,0.5833333,15.0,0.625,0.25,3.7201755,4.523562,4.4594316,2.0,0.0,0.083333336,0.0,0.4,0.9131944,0.0,0.0,0.0,21.0,12.0,9.0,1.0,0.0,3.5944657,0.0,6.3726087,0.5964153,1.3333334
gratiecaudocendi.com,gozi,20.0,16.0,2.0,0.0,0.0,19.0,1.0,0.0,0.0,9.0,0.47368422,10.0,0.5263158,12.0,0.6315789,0.47368422,3.4713545,4.169925,4.087463,2.0,0.0,0.10526316,0.0,0.5,0.9030471,0.0,0.0,0.0,16.0,9.5,6.5,1.0,0.0,3.375,0.0,4.248889,0.554617,1.4210526
morsuntthissacram.com,gozi,21.0,17.0,2.0,0.0,0.0,20.0,1.0,0.0,0.0,6.0,0.3,14.0,0.7,11.0,0.55,0.2,3.3464394,4.2479277,4.169925,4.0,0.0,0.2,0.0,0.6363636,0.895,0.0,0.0,0.0,17.0,10.0,7.0,1.0,0.0,3.3371754,0.0,4.174737,0.6232739,1.4
dopurgatoriummagisterqui.com,gozi,28.0,24.0,2.0,0.0,0.0,27.0,1.0,0.0,0.0,12.0,0.44444445,15.0,0.5555556,14.0,0.5185185,0.18518518,3.6521306,4.70044,4.643856,2.0,0.0,0.074074075,0.0,0.5714286,0.91358024,0.0,0.0,0.0,24.0,13.5,10.5,1.0,0.0,3.5739348,0.0,5.0288463,0.59429073,1.2962962
hahaliterasexponere.com,gozi,23.0,19.0,2.0,0.0,0.0,22.0,1.0,0.0,0.0,10.0,0.45454547,12.0,0.54545456,14.0,0.6363636,0.36363637,3.6069367,4.2018414,4.321928,2.0,0.0,0.09090909,0.0,0.35714287,0.90495867,0.0,0.0,0.0,19.0,11.0,8.0,1.0,0.0,3.3660913,0.0,3.362381,0.43158755,1.3636364
sineapudsaltempetrumquod.com,gozi,28.0,24.0,2.0,0.0,0.0,27.0,1.0,0.0,0.0,11.0,0.4074074,16.0,0.5925926,15.0,0.5555556,0.2962963,3.7821221,4.70044,4.643856,2.0,0.0,0.074074075,0.0,0.6,0.9218107,0.0,0.0,0.0,24.0,13.5,10.5,1.0,0.0,3.688722,0.0,5.6696153,0.46583462,1.2962962
faxspirquodhasmaiorem.com,gozi,25.0,21.0,2.0,0.0,0.0,24.0,1.0,0.0,0.0,10.0,0.41666666,14.0,0.5833333,15.0,0.625,0.29166666,3.7406015,4.523562,4.4594316,3.0,0.0,0.125,0.0,0.4,0.9166667,0.0,0.0,0.0,21.0,12.0,9.0,1.0,0.0,3.6897037,0.0,6.6108694,0.63589686,1.3333334
prorsusanathema.com,gozi,19.0,15.0,2.0,0.0,0.0,18.0,1.0,0.0,0.0,7.0,0.3888889,11.0,0.6111111,12.0,0.6666667,0.2777778,3.4613202,4.087463,4.0,2.0,0.0,0.11111111,0.0,0.41666666,0.90123457,0.0,0.0,0.0,15.0,9.0,6.0,1.0,0.0,3.3232315,0.0,3.28,0.5097334,1.4444444
purgatoriomagis.com,gozi,19.0,15.0,2.0,0.0,0.0,18.0,1.0,0.0,0.0,8.0,0.44444445,10.0,0.5555556,11.0,0.6111111,0.16666667,3.350209,3.9698157,4.0,2.0,0.0,0.11111111,0.0,0.54545456,0.89506173,0.0,0.0,0.0,15.0,9.0,6.0,1.0,0.0,3.240224,0.0,4.343529,0.69397235,1.4444444
nosterweisempersuisforis.com,gozi,28.0,24.0,2.0,0.0,0.0,27.0,1.0,0.0,0.0,11.0,0.4074074,16.0,0.5925926,13.0,0.4814815,0.22222222,3.4262097,4.440636,4.643856,2.0,0.0,0.074074075,0.0,0.46153846,0.8916324,0.0,0.0,0.0,24.0,13.5,10.5,1.0,0.0,3.2883203,0.0,4.8934617,0.5169598,1.2962962
charitatisha.com,gozi,16.0,12.0,2.0,0.0,0.0,15.0,1.0,0.0,0.0,6.0,0.4,9.0,0.6,9.0,0.6,0.33333334,3.0565648,3.6644979,3.7004397,2.0,0.0,0.13333334,0.0,0.5555556,0.8711111,0.0,0.0,0.0,12.0,7.5,4.5,1.0,0.0,2.688722,0.0,3.3314285,0.8093286,1.5333333
quicontemnenda.com,gozi,18.0,14.0,2.0,0.0,0.0,17.0,1.0,0.0,0.0,7.0,0.4117647,10.0,0.5882353,11.0,0.64705884,0.3529412,3.3371754,3.875,3.9068906,2.0,0.0,0.11764706,0.0,0.45454547,0.8927336,0.0,0.0,0.0,14.0,8.5,5.5,1.0,0.0,3.324863,0.0,4.254375,0.7840478,1.4705882
videntureuangelium.com,gozi,22.0,18.0,2.0,0.0,0.0,21.0,1.0,0.0,0.0,10.0,0.47619048,11.0,0.52380955,14.0,0.6666667,0.2857143,3.6537566,4.321928,4.2479277,2.0,0.0,0.0952381,0.0,0.35714287,0.91156465,0.0,0.0,0.0,18.0,10.5,7.5,1.0,0.0,3.4193819,0.0,4.8195,0.50166076,1.3809524
donumpiamnoster.com,gozi,19.0,15.0,2.0,0.0,0.0,18.0,1.0,0.0,0.0,7.0,0.3888889,11.0,0.6111111,13.0,0.7222222,0.22222222,3.530493,4.087463,4.0,2.0,0.0,0.11111111,0.0,0.23076923,0.90123457,0.0,0.0,0.0,15.0,9.0,6.0,1.0,0.0,3.5068905,0.0,5.3352942,0.51728404,1.4444444
omsuntmagisdamnabuntur.com,gozi,26.0,22.0,2.0,0.0,0.0,25.0,1.0,0.0,0.0,9.0,0.36,16.0,0.64,13.0,0.52,0.24,3.5132697,4.3349624,4.4366055,3.0,0.0,0.12,0.0,0.53846157,0.9024,0.0,0.0,0.0,22.0,12.5,9.5,1.0,0.0,3.4130883,0.0,5.4341664,0.60605955,1.24
vivencprofundunt.com,gozi,20.0,16.0,2.0,0.0,0.0,19.0,1.0,0.0,0.0,6.0,0.31578946,13.0,0.68421054,13.0,0.68421054,0.2631579,3.5766177,4.058814,4.087463,4.0,0.0,0.21052632,0.0,0.3846154,0.9085873,0.0,0.0,0.0,16.0,9.5,6.5,1.0,0.0,3.4528196,0.0,5.1983333,0.75545233,1.4210526
viventibushominem.com,gozi,21.0,17.0,2.0,0.0,0.0,20.0,1.0,0.0,0.0,8.0,0.4,12.0,0.6,12.0,0.6,0.2,3.4464393,4.1426644,4.169925,2.0,0.0,0.1,0.0,0.5,0.9,0.0,0.0,0.0,17.0,10.0,7.0,1.0,0.0,3.3371754,0.0,4.3763156,0.7593435,1.4
facereveniarumechari.com,gozi,24.0,20.0,2.0,0.0,0.0,23.0,1.0,0.0,0.0,11.0,0.47826087,12.0,0.5217391,12.0,0.5217391,0.47826087,3.3816202,4.3685226,4.3923173,2.0,0.0,0.08695652,0.0,0.5,0.8922495,0.0,0.0,0.0,20.0,11.5,8.5,1.0,0.0,3.2464395,0.0,4.311818,0.65328497,1.3478261
noneinestimabile.com,gozi,20.0,16.0,2.0,0.0,0.0,19.0,1.0,0.0,0.0,9.0,0.47368422,10.0,0.5263158,11.0,0.57894737,0.31578946,3.2866294,4.058814,4.087463,2.0,0.0,0.10526316,0.0,0.45454547,0.88642657,0.0,0.0,0.0,16.0,9.5,6.5,1.0,0.0,3.1084585,0.0,3.3677778,0.5757643,1.4210526
maeremisremiperinte.com,gozi,23.0,19.0,2.0,0.0,0.0,22.0,1.0,0.0,0.0,10.0,0.45454547,12.0,0.54545456,11.0,0.5,0.3181818,3.1358218,4.011365,4.121928,2.0,0.0,0.09090909,0.0,0.36363637,0.8636364,0.0,0.0,0.0,19.0,11.0,8.0,1.0,0.0,2.886122,0.0,3.5961905,0.66653913,1.2272727
chrupenamoriprophete.com,gozi,24.0,20.0,2.0,0.0,0.0,23.0,1.0,0.0,0.0,9.0,0.39130434,14.0,0.6086956,12.0,0.5217391,0.26086956,3.4357555,4.4594316,4.3923173,3.0,0.0,0.13043478,0.0,0.5833333,0.89981097,0.0,0.0,0.0,20.0,11.5,8.5,1.0,0.0,3.408695,0.0,4.4777274,0.6350064,1.3478261
estmartinilillasgenit.com,gozi,25.0,21.0,2.0,0.0,0.0,24.0,1.0,0.0,0.0,9.0,0.375,15.0,0.625,12.0,0.5,0.20833333,3.438722,4.349649,4.4594316,3.0,0.0,0.125,0.0,0.6666667,0.8993056,0.0,0.0,0.0,21.0,12.0,9.0,1.0,0.0,3.1775663,0.0,4.538261,0.45942473,1.3333334
cenpecutantummodo.com,gozi,21.0,17.0,2.0,0.0,0.0,20.0,1.0,0.0,0.0,8.0,0.4,12.0,0.6,10.0,0.5,0.35,3.208695,4.2479277,4.169925,2.0,0.0,0.1,0.0,0.7,0.885,0.0,0.0,0.0,17.0,10.0,7.0,1.0,0.0,3.2639334,0.0,5.4373684,0.80422926,1.4
veniasceterispro.com,gozi,20.0,16.0,2.0,0.0,0.0,19.0,1.0,0.0,0.0,8.0,0.42105263,11.0,0.57894737,12.0,0.6315789,0.31578946,3.4713545,4.169925,4.087463,3.0,0.0,0.15789473,0.0,0.5,0.9030471,0.0,0.0,0.0,16.0,9.5,6.5,1.0,0.0,3.3278196,0.0,3.8811111,0.49147132,1.4210526
tantasmortuicandictandoc.com,gozi,28.0,24.0,2.0,0.0,0.0,27.0,1.0,0.0,0.0,10.0,0.37037036,17.0,0.6296296,11.0,0.4074074,0.37037036,3.2915626,4.180833,4.483856,2.0,0.0,0.074074075,0.0,0.72727275,0.8888889,0.0,0.0,0.0,24.0,13.5,10.5,1.0,0.0,3.2720551,0.0,3.6596153,0.6319739,1.2222222
solveniasremissionempapa.com,gozi,28.0,24.0,2.0,0.0,0.0,27.0,1.0,0.0,0.0,12.0,0.44444445,15.0,0.5555556,12.0,0.44444445,0.25925925,3.4299083,4.5465937,4.643856,2.0,0.0,0.074074075,0.0,0.6666667,0.8998628,0.0,0.0,0.0,24.0,13.5,10.5,1.0,0.0,3.3239348,0.0,4.080769,0.5223953,1.2962962
qcuilibetdivineseseven.com,gozi,26.0,22.0,2.0,0.0,0.0,25.0,1.0,0.0,0.0,11.0,0.44,14.0,0.56,14.0,0.56,0.36,3.5394707,4.418296,4.4366055,2.0,0.0,0.08,0.0,0.42857143,0.896,0.0,0.0,0.0,22.0,12.5,9.5,1.0,0.0,3.295357,0.0,4.58875,0.66748077,1.24
veraestautemsacrosanctum.com,gozi,28.0,24.0,2.0,0.0,0.0,27.0,1.0,0.0,0.0,11.0,0.4074074,16.0,0.5925926,11.0,0.4074074,0.37037036,3.3558342,4.6235166,4.643856,3.0,0.0,0.11111111,0.0,0.8181818,0.89711934,0.0,0.0,0.0,24.0,13.5,10.5,1.0,0.0,3.3239348,0.0,5.32,0.5817184,1.2962962
talesseinteriorisxiisua.com,gozi,27.0,23.0,2.0,0.0,0.0,26.0,1.0,0.0,0.0,13.0,0.5,13.0,0.5,13.0,0.5,0.23076923,3.45565,4.483856,4.5849624,2.0,0.0,0.07692308,0.0,0.53846157,0.89349115,0.0,0.0,0.0,23.0,13.0,10.0,1.0,0.0,3.203365,0.0,4.3444,0.4487039,1.3076923
efficacespotestatem.com,gozi,23.0,19.0,2.0,0.0,0.0,22.0,1.0,0.0,0.0,9.0,0.4090909,13.0,0.59090906,10.0,0.45454547,0.5,3.2089872,4.2018414,4.321928,2.0,0.0,0.09090909,0.0,0.8,0.88429755,0.0,0.0,0.0,19.0,11.0,8.0,1.0,0.0,3.155565,0.0,3.9942858,0.73852104,1.3636364
scilicetgratie.com,gozi,18.0,14.0,2.0,0.0,0.0,17.0,1.0,0.0,0.0,7.0,0.4117647,10.0,0.5882353,11.0,0.64705884,0.3529412,3.2927701,4.0,3.9068906,3.0,0.0,0.1764706,0.0,0.36363637,0.8858132,0.0,0.0,0.0,14.0,8.5,5.5,1.0,0.0,3.0391486,0.0,4.753125,0.6315335,1.4705882
effundereindulgentiarum.com,gozi,27.0,23.0,2.0,0.0,0.0,26.0,1.0,0.0,0.0,11.0,0.42307693,15.0,0.5769231,14.0,0.53846157,0.3846154,3.6423714,4.563856,4.5849624,2.0,0.0,0.07692308,0.0,0.5714286,0.9112426,0.0,0.0,0.0,23.0,13.0,10.0,1.0,0.0,3.4144413,0.0,5.1184,0.5075971,1.3076923
promovendumillis.com,gozi,20.0,16.0,2.0,0.0,0.0,19.0,1.0,0.0,0.0,7.0,0.36842105,12.0,0.6315789,13.0,0.68421054,0.15789473,3.5368867,4.058814,4.087463,2.0,0.0,0.10526316,0.0,0.30769232,0.9030471,0.0,0.0,0.0,16.0,9.5,6.5,1.0,0.0,3.5,0.0,4.9755554,0.64071846,1.4210526
illaconcionatoruminde.com,gozi,25.0,21.0,2.0,0.0,0.0,24.0,1.0,0.0,0.0,11.0,0.45833334,13.0,0.5416667,12.0,0.5,0.29166666,3.4072683,4.349649,4.4594316,2.0,0.0,0.083333336,0.0,0.5833333,0.8958333,0.0,0.0,0.0,21.0,12.0,9.0,1.0,0.0,3.4273336,0.0,4.2204347,0.55184156,1.3333334
docimperfectasuntpronum.com,gozi,27.0,23.0,2.0,0.0,0.0,26.0,1.0,0.0,0.0,9.0,0.34615386,17.0,0.65384614,14.0,0.53846157,0.30769232,3.6902604,4.643856,4.5849624,4.0,0.0,0.15384616,0.0,0.64285713,0.91715974,0.0,0.0,0.0,23.0,13.0,10.0,1.0,0.0,3.7409532,0.0,5.5284,0.4993956,1.3076923
maximasquisoen.com,gozi,18.0,14.0,2.0,0.0,0.0,17.0,1.0,0.0,0.0,8.0,0.47058824,9.0,0.5294118,11.0,0.64705884,0.23529412,3.3371754,3.875,3.9068906,2.0,0.0,0.11764706,0.0,0.45454547,0.8927336,0.0,0.0,0.0,14.0,8.5,5.5,1.0,0.0,3.2359264,0.0,5.780625,0.9099573,1.4705882
litbonorumsolo.com,gozi,18.0,14.0,2.0,0.0,0.0,17.0,1.0,0.0,0.0,7.0,0.4117647,10.0,0.5882353,11.0,0.64705884,0.11764706,3.1692486,4.0,3.9068906,2.0,0.0,0.11764706,0.0,0.27272728,0.85813147,0.0,0.0,0.0,14.0,8.5,5.5,1.0,0.0,3.0930693,0.0,5.35,0.7881149,1.4705882
coramtinncanones.com,gozi,20.0,16.0,2.0,0.0,0.0,19.0,1.0,0.0,0.0,7.0,0.36842105,12.0,0.6315789,10.0,0.5263158,0.31578946,3.115834,4.058814,4.087463,3.0,0.0,0.15789473,0.0,0.5,0.8698061,0.0,0.0,0.0,16.0,9.5,6.5,1.0,0.0,3.125,0.0,4.3333335,0.7018332,1.4210526
declarandopapaetiam.com,gozi,23.0,19.0,2.0,0.0,0.0,22.0,1.0,0.0,0.0,10.0,0.45454547,12.0,0.54545456,12.0,0.54545456,0.5,3.3862662,4.2970796,4.321928,2.0,0.0,0.09090909,0.0,0.5833333,0.88842976,0.0,0.0,0.0,19.0,11.0,8.0,1.0,0.0,3.3211043,0.0,3.9871428,0.58144903,1.3636364
bomortesbasilicam.com,gozi,21.0,17.0,2.0,0.0,0.0,20.0,1.0,0.0,0.0,8.0,0.4,12.0,0.6,11.0,0.55,0.35,3.3464394,4.1426644,4.169925,2.0,0.0,0.1,0.0,0.6363636,0.895,0.0,0.0,0.0,17.0,10.0,7.0,1.0,0.0,3.3815806,0.0,4.123158,0.69503295,1.4
redimiquamlargiquamcompe.com,gozi,28.0,24.0,2.0,0.0,0.0,27.0,1.0,0.0,0.0,12.0,0.44444445,15.0,0.5555556,13.0,0.4814815,0.2962963,3.5282426,4.238901,4.3238564,2.0,0.0,0.074074075,0.0,0.6923077,0.9026063,0.0,0.0,0.0,24.0,13.5,10.5,1.0,0.0,3.5220551,0.0,5.685,0.82129914,1.1111112
intelinestimabile.com,gozi,21.0,17.0,2.0,0.0,0.0,20.0,1.0,0.0,0.0,9.0,0.45,11.0,0.55,11.0,0.55,0.3,3.2841837,4.1426644,4.169925,2.0,0.0,0.1,0.0,0.54545456,0.885,0.0,0.0,0.0,17.0,10.0,7.0,1.0,0.0,2.984234,0.0,2.8736842,0.5932016,1.4
concordianecessitatem.com,gozi,25.0,21.0,2.0,0.0,0.0,24.0,1.0,0.0,0.0,10.0,0.41666666,14.0,0.5833333,11.0,0.45833334,0.41666666,3.3553886,4.316828,4.4594316,2.0,0.0,0.083333336,0.0,0.8181818,0.8958333,0.0,0.0,0.0,21.0,12.0,9.0,1.0,0.0,3.3680425,0.0,3.767826,0.52295333,1.3333334
fsitpermorituriquod.com,gozi,23.0,19.0,2.0,0.0,0.0,22.0,1.0,0.0,0.0,9.0,0.4090909,13.0,0.59090906,13.0,0.59090906,0.18181819,3.5383105,4.2018414,4.321928,2.0,0.0,0.09090909,0.0,0.46153846,0.90495867,0.0,0.0,0.0,19.0,11.0,8.0,1.0,0.0,3.4316235,0.0,5.6904764,0.6946647,1.3636364
animcumpecupubxv.com,gozi,20.0,16.0,2.0,0.0,0.0,19.0,1.0,0.0,0.0,7.0,0.36842105,12.0,0.6315789,12.0,0.6315789,0.31578946,3.3918927,4.058814,4.087463,4.0,0.0,0.21052632,0.0,0.33333334,0.89196676,0.0,0.0,0.0,16.0,9.5,6.5,1.0,0.0,3.3278196,0.0,7.1561112,1.1063595,1.4210526
paratipofacitexponere.com,gozi,25.0,21.0,2.0,0.0,0.0,24.0,1.0,0.0,0.0,11.0,0.45833334,13.0,0.5416667,12.0,0.5,0.375,3.459148,4.4366055,4.4594316,2.0,0.0,0.083333336,0.0,0.6666667,0.9027778,0.0,0.0,0.0,21.0,12.0,9.0,1.0,0.0,3.3320954,0.0,4.131739,0.63520944,1.3333334
anathemapomremilon.com,gozi,22.0,18.0,2.0,0.0,0.0,21.0,1.0,0.0,0.0,9.0,0.42857143,12.0,0.5714286,12.0,0.5714286,0.2857143,3.3680425,4.121928,4.2479277,2.0,0.0,0.0952381,0.0,0.41666666,0.8888889,0.0,0.0,0.0,18.0,10.5,7.5,1.0,0.0,3.308271,0.0,3.612,0.5886495,1.3809524
detiamlicetrationem.com,gozi,23.0,19.0,2.0,0.0,0.0,22.0,1.0,0.0,0.0,10.0,0.45454547,12.0,0.54545456,11.0,0.5,0.36363637,3.3221793,4.2018414,4.321928,2.0,0.0,0.09090909,0.0,0.6363636,0.892562,0.0,0.0,0.0,19.0,11.0,8.0,1.0,0.0,3.2866294,0.0,3.6480951,0.551153,1.3636364
sacerdotumalpetrinum.com,gozi,24.0,20.0,2.0,0.0,0.0,23.0,1.0,0.0,0.0,9.0,0.39130434,14.0,0.6086956,14.0,0.6086956,0.3043478,3.708132,4.3685226,4.3923173,2.0,0.0,0.08695652,0.0,0.5714286,0.9187146,0.0,0.0,0.0,20.0,11.5,8.5,1.0,0.0,3.7219281,0.0,4.9977274,0.39504674,1.3478261
saltemistumreservatos.com,gozi,25.0,21.0,2.0,0.0,0.0,24.0,1.0,0.0,0.0,9.0,0.375,15.0,0.625,12.0,0.5,0.25,3.4072683,4.523562,4.4594316,2.0,0.0,0.083333336,0.0,0.5833333,0.8958333,0.0,0.0,0.0,21.0,12.0,9.0,1.0,0.0,3.2728043,0.0,4.7191305,0.5063549,1.3333334
necesodiumnonpecuniam.com,gozi,25.0,21.0,2.0,0.0,0.0,24.0,1.0,0.0,0.0,11.0,0.45833334,13.0,0.5416667,11.0,0.45833334,0.33333334,3.2924812,4.4366055,4.4594316,2.0,0.0,0.083333336,0.0,0.6363636,0.8888889,0.0,0.0,0.0,21.0,12.0,9.0,1.0,0.0,3.3087513,0.0,5.6786957,0.6831027,1.3333334
cevpapaplenariam.com,gozi,20.0,16.0,2.0,0.0,0.0,19.0,1.0,0.0,0.0,8.0,0.42105263,11.0,0.57894737,11.0,0.57894737,0.42105263,3.2608283,3.947703,3.9698157,2.0,0.0,0.10526316,0.0,0.45454547,0.88088644,0.0,0.0,0.0,16.0,9.5,6.5,1.0,0.0,3.0778196,0.0,4.238333,0.8064551,1.3157895
prorusconfessionis.com,gozi,22.0,18.0,2.0,0.0,0.0,21.0,1.0,0.0,0.0,8.0,0.3809524,13.0,0.61904764,11.0,0.52380955,0.1904762,3.2494602,4.0219283,4.1426644,2.0,0.0,0.0952381,0.0,0.54545456,0.8798186,0.0,0.0,0.0,18.0,10.5,7.5,1.0,0.0,3.127987,0.0,4.875,0.6817661,1.2857143
christianinecessaria.com,gozi,24.0,20.0,2.0,0.0,0.0,23.0,1.0,0.0,0.0,10.0,0.4347826,13.0,0.5652174,11.0,0.47826087,0.3478261,3.2946637,4.2776136,4.3923173,3.0,0.0,0.13043478,0.0,0.6363636,0.8884688,0.0,0.0,0.0,20.0,11.5,8.5,1.0,0.0,3.0464394,0.0,3.5890908,0.53653365,1.3478261
nieffunderespiritum.com,gozi,23.0,19.0,2.0,0.0,0.0,22.0,1.0,0.0,0.0,9.0,0.4090909,13.0,0.59090906,13.0,0.59090906,0.3181818,3.5726237,4.3923173,4.321928,2.0,0.0,0.09090909,0.0,0.53846157,0.90909094,0.0,0.0,0.0,19.0,11.0,8.0,1.0,0.0,3.3263605,0.0,5.3104763,0.5672243,1.3636364
concneglectolutredimit.com,gozi,26.0,22.0,2.0,0.0,0.0,25.0,1.0,0.0,0.0,9.0,0.36,16.0,0.64,12.0,0.48,0.32,3.4332697,4.5016294,4.523562,3.0,0.0,0.12,0.0,0.6666667,0.8992,0.0,0.0,0.0,22.0,12.5,9.5,1.0,0.0,3.4474015,0.0,4.84625,0.58162147,1.32
skmtziexo.com,kraken,13.0,9.0,2.0,0.0,0.0,12.0,1.0,0.0,0.0,4.0,0.33333334,8.0,0.6666667,10.0,0.8333333,0.16666667,3.251629,3.4594316,3.321928,5.0,0.0,0.41666666,0.0,0.2,0.8888889,0.0,0.0,0.0,9.0,6.0,3.0,1.0,0.0,3.169925,0.0,7.739091,1.2097272,1.6666666
pkagqg.tv,kraken,9.0,6.0,2.0,0.0,0.0,8.0,1.0,0.0,0.0,1.0,0.125,7.0,0.875,7.0,0.875,0.125,2.75,2.807355,2.5849626,5.0,0.0,0.625,0.0,0.14285715,0.84375,0.0,0.0,0.0,6.0,4.0,2.0,1.0,0.0,2.251629,0.0,9.221429,1.9969693,2.0
eqetypefcrw.tv,kraken,14.0,11.0,2.0,0.0,0.0,13.0,1.0,0.0,0.0,3.0,0.23076923,10.0,0.7692308,10.0,0.7692308,0.3846154,3.180833,3.5849626,3.4594316,6.0,0.0,0.46153846,0.0,0.2,0.87573963,0.0,0.0,0.0,11.0,6.5,4.5,1.0,0.0,3.0271692,0.0,7.963333,1.2549554,1.6153846
nszeywqlhs.tv,kraken,13.0,10.0,2.0,0.0,0.0,12.0,1.0,0.0,0.0,1.0,0.083333336,11.0,0.9166667,11.0,0.9166667,0.083333336,3.4182959,3.4594316,3.321928,8.0,0.0,0.6666667,0.0,0.09090909,0.9027778,0.0,0.0,0.0,10.0,6.0,4.0,1.0,0.0,3.121928,0.0,8.67,1.2823833,1.6666666
pfzztkewycs.cc,kraken,14.0,11.0,2.0,0.0,0.0,13.0,1.0,0.0,0.0,1.0,0.07692308,12.0,0.9230769,10.0,0.7692308,0.3846154,3.180833,3.5849626,3.4594316,6.0,0.0,0.46153846,0.0,0.2,0.87573963,0.0,0.0,0.0,11.0,6.5,4.5,1.0,0.0,3.2776134,0.0,10.0,1.6416855,1.6153846
viokxmwruvi.cc,kraken,14.0,11.0,2.0,0.0,0.0,13.0,1.0,0.0,0.0,4.0,0.30769232,9.0,0.6923077,10.0,0.7692308,0.15384616,3.2389011,3.4182959,3.4594316,5.0,0.0,0.3846154,0.0,0.3,0.88757396,0.0,0.0,0.0,11.0,6.5,4.5,1.0,0.0,3.0957952,0.0,7.829167,1.4044701,1.6153846
yoqwczcafxe.com,kraken,15.0,11.0,2.0,0.0,0.0,14.0,1.0,0.0,0.0,4.0,0.2857143,10.0,0.71428573,11.0,0.78571427,0.42857143,3.324863,3.7004397,3.5849626,5.0,0.0,0.35714287,0.0,0.18181819,0.8877551,0.0,0.0,0.0,11.0,7.0,4.0,1.0,0.0,3.2776134,0.0,7.9269233,1.5071704,1.5714285
xcrlvfpwg.net,kraken,13.0,9.0,2.0,0.0,0.0,12.0,1.0,0.0,0.0,1.0,0.083333336,11.0,0.9166667,12.0,1.0,0.25,3.5849626,3.4594316,3.321928,10.0,0.0,0.8333333,0.0,0.0,0.9166667,0.0,0.0,0.0,9.0,6.0,3.0,1.0,0.0,3.169925,0.0,8.25,1.0738214,1.6666666
gcnbzrbpq.net,kraken,13.0,9.0,2.0,0.0,0.0,12.0,1.0,0.0,0.0,1.0,0.083333336,11.0,0.9166667,10.0,0.8333333,0.33333334,3.251629,3.4594316,3.321928,10.0,0.0,0.8333333,0.0,0.2,0.8888889,0.0,0.0,0.0,9.0,6.0,3.0,1.0,0.0,2.947703,0.0,8.748181,1.4566555,1.6666666
igvfzktst.com,kraken,13.0,9.0,2.0,0.0,0.0,12.0,1.0,0.0,0.0,2.0,0.16666667,10.0,0.8333333,11.0,0.9166667,0.16666667,3.4182959,3.4594316,3.321928,9.0,0.0,0.75,0.0,0.09090909,0.9027778,0.0,0.0,0.0,9.0,6.0,3.0,1.0,0.0,2.947703,0.0,8.038182,1.2068242,1.6666666
mhwjedzwg.tv,kraken,12.0,9.0,2.0,0.0,0.0,11.0,1.0,0.0,0.0,1.0,0.09090909,10.0,0.90909094,10.0,0.90909094,0.18181819,3.2776134,3.321928,3.169925,6.0,0.0,0.54545456,0.0,0.1,0.892562,0.0,0.0,0.0,9.0,5.5,3.5,1.0,0.0,2.947703,0.0,9.202,1.603958,1.7272727
ecilhelvivw.net,kraken,15.0,11.0,2.0,0.0,0.0,14.0,1.0,0.0,0.0,5.0,0.35714287,9.0,0.64285713,9.0,0.64285713,0.2857143,3.0391486,3.7004397,3.5849626,3.0,0.0,0.21428572,0.0,0.44444445,0.86734694,0.0,0.0,0.0,11.0,7.0,4.0,1.0,0.0,2.732159,0.0,5.8238463,1.0344132,1.5714285
inxbzf.cc,kraken,9.0,6.0,2.0,0.0,0.0,8.0,1.0,0.0,0.0,1.0,0.125,7.0,0.875,7.0,0.875,0.5,2.75,2.807355,2.5849626,7.0,0.0,0.875,0.0,0.14285715,0.84375,0.0,0.0,0.0,6.0,4.0,2.0,1.0,0.0,2.5849626,0.0,8.792857,2.1165392,2.0
cclcolyx.tv,kraken,11.0,8.0,2.0,0.0,0.0,10.0,1.0,0.0,0.0,1.0,0.1,9.0,0.9,7.0,0.7,0.3,2.6464393,3.169925,3.0,5.0,0.0,0.5,0.0,0.2857143,0.82,0.0,0.0,0.0,8.0,5.0,3.0,1.0,0.0,2.1556392,0.0,7.1466665,1.7305359,1.8
hfcljpm.tv,kraken,10.0,7.0,2.0,0.0,0.0,9.0,1.0,0.0,0.0,0.0,0.0,9.0,1.0,9.0,1.0,0.22222222,3.169925,3.0,2.807355,9.0,0.0,1.0,0.0,0.0,0.8888889,0.0,0.0,0.0,7.0,4.5,2.5,1.0,0.0,2.807355,0.0,9.26625,1.5708841,1.8888888
qwtgcxvakus.tv,kraken,14.0,11.0,2.0,0.0,0.0,13.0,1.0,0.0,0.0,2.0,0.15384616,11.0,0.84615386,11.0,0.84615386,0.15384616,3.3927474,3.5849626,3.4594316,7.0,0.0,0.53846157,0.0,0.18181819,0.8994083,0.0,0.0,0.0,11.0,6.5,4.5,1.0,0.0,3.4594316,0.0,8.905,1.480803,1.6153846
uxtawm.net,kraken,10.0,6.0,2.0,0.0,0.0,9.0,1.0,0.0,0.0,3.0,0.33333334,6.0,0.6666667,8.0,0.8888889,0.22222222,2.947703,3.0,2.807355,3.0,0.0,0.33333334,0.0,0.125,0.86419755,0.0,0.0,0.0,6.0,4.5,1.5,1.0,0.0,2.5849626,0.0,7.47,1.2084147,1.8888888
qkglcckmy.tv,kraken,12.0,9.0,2.0,0.0,0.0,11.0,1.0,0.0,0.0,0.0,0.0,11.0,1.0,9.0,0.8181818,0.18181819,3.0957952,3.321928,3.169925,11.0,0.0,1.0,0.0,0.22222222,0.87603307,0.0,0.0,0.0,9.0,5.5,3.5,1.0,0.0,2.7254806,0.0,9.495,1.7596545,1.7272727
kxbsztqsaf.net,kraken,14.0,10.0,2.0,0.0,0.0,13.0,1.0,0.0,0.0,2.0,0.15384616,11.0,0.84615386,11.0,0.84615386,0.30769232,3.3927474,3.5849626,3.4594316,8.0,0.0,0.61538464,0.0,0.18181819,0.8994083,0.0,0.0,0.0,10.0,6.5,3.5,1.0,0.0,3.121928,0.0,8.3175,1.3535367,1.6153846
ibyzldvquncy.com,kraken,16.0,12.0,2.0,0.0,0.0,15.0,1.0,0.0,0.0,3.0,0.2,12.0,0.8,13.0,0.8666667,0.26666668,3.640224,3.807355,3.7004397,7.0,0.0,0.46666667,0.0,0.15384616,0.91555554,0.0,0.0,0.0,12.0,7.5,4.5,1.0,0.0,3.4182959,0.0,8.165714,1.2574421,1.5333333
iexppht.com,kraken,11.0,7.0,2.0,0.0,0.0,10.0,1.0,0.0,0.0,3.0,0.3,7.0,0.7,9.0,0.9,0.2,3.121928,3.169925,3.0,6.0,0.0,0.6,0.0,0.11111111,0.88,0.0,0.0,0.0,7.0,5.0,2.0,1.0,0.0,2.5216405,0.0,7.232222,1.2165754,1.8
bgunlnaljk.cc,kraken,13.0,10.0,2.0,0.0,0.0,12.0,1.0,0.0,0.0,2.0,0.16666667,10.0,0.8333333,9.0,0.75,0.33333334,3.0849626,3.4594316,3.321928,5.0,0.0,0.41666666,0.0,0.33333334,0.875,0.0,0.0,0.0,10.0,6.0,4.0,1.0,0.0,2.9219282,0.0,8.139091,1.3584614,1.6666666
alqojbzcvqh.net,kraken,15.0,11.0,2.0,0.0,0.0,14.0,1.0,0.0,0.0,3.0,0.21428572,11.0,0.78571427,13.0,0.9285714,0.2857143,3.6644979,3.7004397,3.5849626,8.0,0.0,0.5714286,0.0,0.07692308,0.9183673,0.0,0.0,0.0,11.0,7.0,4.0,1.0,0.0,3.2776134,0.0,8.377692,1.3589295,1.5714285
kbkdoeac.tv,kraken,11.0,8.0,2.0,0.0,0.0,10.0,1.0,0.0,0.0,3.0,0.3,7.0,0.7,9.0,0.9,0.5,3.121928,3.169925,3.0,4.0,0.0,0.4,0.0,0.11111111,0.88,0.0,0.0,0.0,8.0,5.0,3.0,1.0,0.0,2.75,0.0,7.1566668,1.2552197,1.8
iblqsuwzhz.tv,kraken,13.0,10.0,2.0,0.0,0.0,12.0,1.0,0.0,0.0,2.0,0.16666667,10.0,0.8333333,11.0,0.9166667,0.083333336,3.4182959,3.4594316,3.321928,6.0,0.0,0.5,0.0,0.09090909,0.9027778,0.0,0.0,0.0,10.0,6.0,4.0,1.0,0.0,3.121928,0.0,9.51,1.6650217,1.6666666
prpgkhp.tv,kraken,10.0,7.0,2.0,0.0,0.0,9.0,1.0,0.0,0.0,0.0,0.0,9.0,1.0,7.0,0.7777778,0.0,2.6416042,3.0,2.807355,9.0,0.0,1.0,0.0,0.14285715,0.8148148,0.0,0.0,0.0,7.0,4.5,2.5,1.0,0.0,2.1280854,0.0,9.1625,1.8141284,1.8888888
tewwrqure.tv,kraken,12.0,9.0,2.0,0.0,0.0,11.0,1.0,0.0,0.0,3.0,0.27272728,8.0,0.72727275,7.0,0.6363636,0.18181819,2.732159,3.321928,3.169925,4.0,0.0,0.36363637,0.0,0.5714286,0.8429752,0.0,0.0,0.0,9.0,5.5,3.5,1.0,0.0,2.5032582,0.0,7.257,1.5097834,1.7272727
wmjqgimb.net,kraken,12.0,8.0,2.0,0.0,0.0,11.0,1.0,0.0,0.0,2.0,0.18181819,9.0,0.8181818,10.0,0.90909094,0.18181819,3.2776134,3.321928,3.169925,5.0,0.0,0.45454547,0.0,0.1,0.892562,0.0,0.0,0.0,8.0,5.5,2.5,1.0,0.0,2.75,0.0,7.458,1.4296532,1.7272727
thztnt.com,kraken,10.0,6.0,2.0,0.0,0.0,9.0,1.0,0.0,0.0,1.0,0.11111111,8.0,0.8888889,7.0,0.7777778,0.11111111,2.6416042,3.0,2.807355,7.0,0.0,0.7777778,0.0,0.14285715,0.8148148,0.0,0.0,0.0,6.0,4.5,1.5,1.0,0.0,1.7924813,0.0,6.25,1.470807,1.8888888
errnkm.tv,kraken,9.0,6.0,2.0,0.0,0.0,8.0,1.0,0.0,0.0,1.0,0.125,7.0,0.875,7.0,0.875,0.125,2.75,2.807355,2.5849626,7.0,0.0,0.875,0.0,0.14285715,0.84375,0.0,0.0,0.0,6.0,4.0,2.0,1.0,0.0,2.251629,0.0,8.801429,1.2830501,2.0
vsgbtiyj.net,kraken,12.0,8.0,2.0,0.0,0.0,11.0,1.0,0.0,0.0,2.0,0.18181819,9.0,0.8181818,10.0,0.90909094,0.18181819,3.2776134,3.321928,3.169925,5.0,0.0,0.45454547,0.0,0.1,0.892562,0.0,0.0,0.0,8.0,5.5,2.5,1.0,0.0,3.0,0.0,7.838,1.1301086,1.7272727
vsisniaudky.net,kraken,15.0,11.0,2.0,0.0,0.0,14.0,1.0,0.0,0.0,5.0,0.35714287,9.0,0.64285713,11.0,0.78571427,0.21428572,3.3787835,3.7004397,3.5849626,4.0,0.0,0.2857143,0.0,0.27272728,0.8979592,0.0,0.0,0.0,11.0,7.0,4.0,1.0,0.0,3.0957952,0.0,7.3823075,0.74453694,1.5714285
yavpnapr.com,kraken,12.0,8.0,2.0,0.0,0.0,11.0,1.0,0.0,0.0,3.0,0.27272728,8.0,0.72727275,9.0,0.8181818,0.27272728,3.0957952,3.321928,3.169925,3.0,0.0,0.27272728,0.0,0.22222222,0.87603307,0.0,0.0,0.0,8.0,5.5,2.5,1.0,0.0,2.5,0.0,6.763,1.1291815,1.7272727
sgswrxar.tv,kraken,11.0,8.0,2.0,0.0,0.0,10.0,1.0,0.0,0.0,1.0,0.1,9.0,0.9,8.0,0.8,0.1,2.9219282,3.169925,3.0,6.0,0.0,0.6,0.0,0.25,0.86,0.0,0.0,0.0,8.0,5.0,3.0,1.0,0.0,2.5,0.0,8.325556,1.3377026,1.8
gfoatemuf.net,kraken,13.0,9.0,2.0,0.0,0.0,12.0,1.0,0.0,0.0,5.0,0.41666666,7.0,0.5833333,9.0,0.75,0.41666666,3.0849626,3.4594316,3.321928,2.0,0.0,0.16666667,0.0,0.33333334,0.875,0.0,0.0,0.0,9.0,6.0,3.0,1.0,0.0,2.947703,0.0,6.239091,0.9388375,1.6666666
nqjlrpin.cc,kraken,11.0,8.0,2.0,0.0,0.0,10.0,1.0,0.0,0.0,1.0,0.1,9.0,0.9,8.0,0.8,0.2,2.9219282,3.169925,3.0,6.0,0.0,0.6,0.0,0.25,0.86,0.0,0.0,0.0,8.0,5.0,3.0,1.0,0.0,2.75,0.0,8.386666,1.5767602,1.8
gmnxdgefa.cc,kraken,12.0,9.0,2.0,0.0,0.0,11.0,1.0,0.0,0.0,2.0,0.18181819,9.0,0.8181818,9.0,0.8181818,0.54545456,3.0957952,3.321928,3.169925,6.0,0.0,0.54545456,0.0,0.22222222,0.87603307,0.0,0.0,0.0,9.0,5.5,3.5,1.0,0.0,2.947703,0.0,8.68,1.3515961,1.7272727
bcuuepnk.cc,kraken,11.0,8.0,2.0,0.0,0.0,10.0,1.0,0.0,0.0,3.0,0.3,7.0,0.7,7.0,0.7,0.5,2.6464393,3.169925,3.0,5.0,0.0,0.5,0.0,0.2857143,0.82,0.0,0.0,0.0,8.0,5.0,3.0,1.0,0.0,2.75,0.0,9.428889,1.6281177,1.8
qegobwauq.com,kraken,13.0,9.0,2.0,0.0,0.0,12.0,1.0,0.0,0.0,5.0,0.41666666,7.0,0.5833333,10.0,0.8333333,0.33333334,3.251629,3.4594316,3.321928,2.0,0.0,0.16666667,0.0,0.2,0.8888889,0.0,0.0,0.0,9.0,6.0,3.0,1.0,0.0,2.947703,0.0,8.235455,1.4439147,1.6666666
qwkocnrmg.net,kraken,13.0,9.0,2.0,0.0,0.0,12.0,1.0,0.0,0.0,2.0,0.16666667,10.0,0.8333333,11.0,0.9166667,0.16666667,3.4182959,3.4594316,3.321928,6.0,0.0,0.5,0.0,0.09090909,0.9027778,0.0,0.0,0.0,9.0,6.0,3.0,1.0,0.0,3.169925,0.0,8.277273,1.0396559,1.6666666
euzppwawx.tv,kraken,12.0,9.0,2.0,0.0,0.0,11.0,1.0,0.0,0.0,3.0,0.27272728,8.0,0.72727275,9.0,0.8181818,0.18181819,3.0957952,3.321928,3.169925,4.0,0.0,0.36363637,0.0,0.22222222,0.87603307,0.0,0.0,0.0,9.0,5.5,3.5,1.0,0.0,2.7254806,0.0,9.478,1.6906981,1.7272727
cethesah.net,kraken,12.0,8.0,2.0,0.0,0.0,11.0,1.0,0.0,0.0,4.0,0.36363637,7.0,0.6363636,7.0,0.6363636,0.45454547,2.6635327,3.121928,3.169925,2.0,0.0,0.18181819,0.0,0.42857143,0.8264463,0.0,0.0,0.0,8.0,5.5,2.5,1.0,0.0,2.5,0.0,4.086,0.94487125,1.7272727
mtmdmvp.cc,kraken,10.0,7.0,2.0,0.0,0.0,9.0,1.0,0.0,0.0,0.0,0.0,9.0,1.0,6.0,0.6666667,0.33333334,2.4193819,3.0,2.807355,9.0,0.0,1.0,0.0,0.33333334,0.79012346,0.0,0.0,0.0,7.0,4.5,2.5,1.0,0.0,2.1280854,0.0,10.0,1.8437347,1.8888888
seepfn.cc,kraken,9.0,6.0,2.0,0.0,0.0,8.0,1.0,0.0,0.0,2.0,0.25,6.0,0.75,6.0,0.75,0.625,2.5,2.807355,2.5849626,5.0,0.0,0.625,0.0,0.33333334,0.8125,0.0,0.0,0.0,6.0,4.0,2.0,1.0,0.0,2.251629,0.0,8.201428,1.3885142,2.0
cvjzgf.tv,kraken,9.0,6.0,2.0,0.0,0.0,8.0,1.0,0.0,0.0,0.0,0.0,8.0,1.0,7.0,0.875,0.25,2.75,2.807355,2.5849626,8.0,0.0,1.0,0.0,0.14285715,0.84375,0.0,0.0,0.0,6.0,4.0,2.0,1.0,0.0,2.5849626,0.0,10.0,2.357046,2.0
tyyotb.net,kraken,10.0,6.0,2.0,0.0,0.0,9.0,1.0,0.0,0.0,2.0,0.22222222,7.0,0.7777778,6.0,0.6666667,0.22222222,2.4193819,3.0,2.807355,3.0,0.0,0.33333334,0.0,0.33333334,0.79012346,0.0,0.0,0.0,6.0,4.5,1.5,1.0,0.0,1.9182959,0.0,6.66625,1.4135406,1.8888888
zfrnphen.com,kraken,12.0,8.0,2.0,0.0,0.0,11.0,1.0,0.0,0.0,2.0,0.18181819,9.0,0.8181818,10.0,0.90909094,0.27272728,3.2776134,3.321928,3.169925,6.0,0.0,0.54545456,0.0,0.1,0.892562,0.0,0.0,0.0,8.0,5.5,2.5,1.0,0.0,2.75,0.0,6.376,1.1341083,1.7272727
lprshrs.tv,kraken,10.0,7.0,2.0,0.0,0.0,9.0,1.0,0.0,0.0,0.0,0.0,9.0,1.0,7.0,0.7777778,0.0,2.7254806,2.75,2.807355,9.0,0.0,1.0,0.0,0.2857143,0.83950615,0.0,0.0,0.0,7.0,4.5,2.5,1.0,0.0,2.2359264,0.0,6.45875,1.2521648,1.8888888
tpcvbh.cc,kraken,9.0,6.0,2.0,0.0,0.0,8.0,1.0,0.0,0.0,0.0,0.0,8.0,1.0,6.0,0.75,0.5,2.4056392,2.807355,2.5849626,8.0,0.0,1.0,0.0,0.16666667,0.78125,0.0,0.0,0.0,6.0,4.0,2.0,1.0,0.0,2.5849626,0.0,10.0,1.9766599,2.0
mfdjejv.com,kraken,11.0,7.0,2.0,0.0,0.0,10.0,1.0,0.0,0.0,2.0,0.2,8.0,0.8,8.0,0.8,0.4,2.9219282,3.169925,3.0,4.0,0.0,0.4,0.0,0.25,0.86,0.0,0.0,0.0,7.0,5.0,2.0,1.0,0.0,2.5216405,0.0,8.461111,1.7525148,1.8
yfvrqfb.cc,kraken,10.0,7.0,2.0,0.0,0.0,9.0,1.0,0.0,0.0,0.0,0.0,9.0,1.0,7.0,0.7777778,0.5555556,2.7254806,3.0,2.807355,9.0,0.0,1.0,0.0,0.2857143,0.83950615,0.0,0.0,0.0,7.0,4.5,2.5,1.0,0.0,2.5216405,0.0,10.0,2.2032638,1.8888888
xhgsdnfcnu.cc,kraken,13.0,10.0,2.0,0.0,0.0,12.0,1.0,0.0,0.0,1.0,0.083333336,11.0,0.9166667,9.0,0.75,0.41666666,3.0220551,3.4594316,3.321928,9.0,0.0,0.75,0.0,0.22222222,0.8611111,0.0,0.0,0.0,10.0,6.0,4.0,1.0,0.0,3.121928,0.0,10.0,1.4233524,1.6666666
kaoiprfgek.tv,kraken,13.0,10.0,2.0,0.0,0.0,12.0,1.0,0.0,0.0,4.0,0.33333334,8.0,0.6666667,11.0,0.9166667,0.25,3.4182959,3.4594316,3.321928,4.0,0.0,0.33333334,0.0,0.09090909,0.9027778,0.0,0.0,0.0,10.0,6.0,4.0,1.0,0.0,3.121928,0.0,8.325455,1.000918,1.6666666
iwynftjyaw.com,kraken,14.0,10.0,2.0,0.0,0.0,13.0,1.0,0.0,0.0,3.0,0.23076923,10.0,0.7692308,11.0,0.84615386,0.23076923,3.3927474,3.5849626,3.4594316,7.0,0.0,0.53846157,0.0,0.18181819,0.8994083,0.0,0.0,0.0,10.0,6.5,3.5,1.0,0.0,2.9219282,0.0,8.845834,1.1624401,1.6153846
pixbjnho.com,kraken,12.0,8.0,2.0,0.0,0.0,11.0,1.0,0.0,0.0,3.0,0.27272728,8.0,0.72727275,10.0,0.90909094,0.18181819,3.2776134,3.321928,3.169925,5.0,0.0,0.45454547,0.0,0.1,0.892562,0.0,0.0,0.0,8.0,5.5,2.5,1.0,0.0,3.0,0.0,6.874,1.347947,1.7272727
amoggmm.tv,kraken,10.0,7.0,2.0,0.0,0.0,9.0,1.0,0.0,0.0,2.0,0.22222222,7.0,0.7777778,6.0,0.6666667,0.11111111,2.4193819,3.0,2.807355,6.0,0.0,0.6666667,0.0,0.33333334,0.79012346,0.0,0.0,0.0,7.0,4.5,2.5,1.0,0.0,1.842371,0.0,8.52625,1.6804072,1.8888888
orkiqxquqt.cc,kraken,13.0,10.0,2.0,0.0,0.0,12.0,1.0,0.0,0.0,3.0,0.25,9.0,0.75,9.0,0.75,0.16666667,3.0220551,3.4594316,3.321928,4.0,0.0,0.33333334,0.0,0.22222222,0.8611111,0.0,0.0,0.0,10.0,6.0,4.0,1.0,0.0,2.8464394,0.0,9.281818,1.9775395,1.6666666
ikxhdgbjn.net,kraken,13.0,9.0,2.0,0.0,0.0,12.0,1.0,0.0,0.0,2.0,0.16666667,10.0,0.8333333,11.0,0.9166667,0.25,3.4182959,3.4594316,3.321928,9.0,0.0,0.75,0.0,0.09090909,0.9027778,0.0,0.0,0.0,9.0,6.0,3.0,1.0,0.0,3.169925,0.0,8.279091,1.2132083,1.6666666
yngdqqyrxci.tv,kraken,14.0,11.0,2.0,0.0,0.0,13.0,1.0,0.0,0.0,1.0,0.07692308,12.0,0.9230769,11.0,0.84615386,0.15384616,3.3927474,3.5849626,3.4594316,10.0,0.0,0.7692308,0.0,0.18181819,0.8994083,0.0,0.0,0.0,11.0,6.5,4.5,1.0,0.0,3.0957952,0.0,8.738334,1.5901996,1.6153846
tdnjpbwugq.net,kraken,14.0,10.0,2.0,0.0,0.0,13.0,1.0,0.0,0.0,2.0,0.15384616,11.0,0.84615386,11.0,0.84615386,0.23076923,3.3927474,3.5849626,3.4594316,7.0,0.0,0.53846157,0.0,0.18181819,0.8994083,0.0,0.0,0.0,10.0,6.5,3.5,1.0,0.0,3.321928,0.0,8.8525,1.2544903,1.6153846
iybbsvk.com,kraken,11.0,7.0,2.0,0.0,0.0,10.0,1.0,0.0,0.0,2.0,0.2,8.0,0.8,9.0,0.9,0.3,3.121928,3.169925,3.0,7.0,0.0,0.7,0.0,0.11111111,0.88,0.0,0.0,0.0,7.0,5.0,2.0,1.0,0.0,2.5216405,0.0,8.461111,1.4509474,1.8
qrpqtf.tv,kraken,9.0,6.0,2.0,0.0,0.0,8.0,1.0,0.0,0.0,0.0,0.0,8.0,1.0,6.0,0.75,0.125,2.5,2.807355,2.5849626,8.0,0.0,1.0,0.0,0.33333334,0.8125,0.0,0.0,0.0,6.0,4.0,2.0,1.0,0.0,2.251629,0.0,10.0,2.340559,2.0
thghwnwwwk.com,kraken,14.0,10.0,2.0,0.0,0.0,13.0,1.0,0.0,0.0,1.0,0.07692308,12.0,0.9230769,9.0,0.6923077,0.07692308,2.9312088,3.4182959,3.4594316,11.0,0.0,0.84615386,0.0,0.22222222,0.84023666,0.0,0.0,0.0,10.0,6.5,3.5,1.0,0.0,2.321928,0.0,8.1175,1.5291802,1.6153846
lthuxbftcrj.com,kraken,15.0,11.0,2.0,0.0,0.0,14.0,1.0,0.0,0.0,2.0,0.14285715,12.0,0.85714287,12.0,0.85714287,0.2857143,3.5216405,3.7004397,3.5849626,8.0,0.0,0.5714286,0.0,0.16666667,0.90816325,0.0,0.0,0.0,11.0,7.0,4.0,1.0,0.0,3.2776134,0.0,7.436154,1.147132,1.5714285
odefhi.cc,kraken,9.0,6.0,2.0,0.0,0.0,8.0,1.0,0.0,0.0,3.0,0.375,5.0,0.625,7.0,0.875,0.625,2.75,2.807355,2.5849626,2.0,0.0,0.25,0.0,0.14285715,0.84375,0.0,0.0,0.0,6.0,4.0,2.0,1.0,0.0,2.5849626,0.0,6.91,1.3079593,2.0
gxihsgniak.tv,kraken,13.0,10.0,2.0,0.0,0.0,12.0,1.0,0.0,0.0,3.0,0.25,9.0,0.75,10.0,0.8333333,0.083333336,3.251629,3.4594316,3.321928,4.0,0.0,0.33333334,0.0,0.2,0.8888889,0.0,0.0,0.0,10.0,6.0,4.0,1.0,0.0,2.9219282,0.0,9.511818,1.1889298,1.6666666
xgrqrybr.tv,kraken,11.0,8.0,2.0,0.0,0.0,10.0,1.0,0.0,0.0,0.0,0.0,10.0,1.0,8.0,0.8,0.1,2.8464394,3.169925,3.0,10.0,0.0,1.0,0.0,0.125,0.84,0.0,0.0,0.0,8.0,5.0,3.0,1.0,0.0,2.4056392,0.0,7.842222,1.9010632,1.8
optvuqcxxx.com,kraken,14.0,10.0,2.0,0.0,0.0,13.0,1.0,0.0,0.0,3.0,0.23076923,10.0,0.7692308,9.0,0.6923077,0.15384616,3.0269868,3.4182959,3.4594316,6.0,0.0,0.46153846,0.0,0.33333334,0.8639053,0.0,0.0,0.0,10.0,6.5,3.5,1.0,0.0,2.8464394,0.0,8.338333,1.915333,1.6153846
ynrzxmcmb.com,kraken,13.0,9.0,2.0,0.0,0.0,12.0,1.0,0.0,0.0,1.0,0.083333336,11.0,0.9166667,9.0,0.75,0.25,3.0220551,3.4594316,3.321928,10.0,0.0,0.8333333,0.0,0.22222222,0.8611111,0.0,0.0,0.0,9.0,6.0,3.0,1.0,0.0,2.947703,0.0,8.740909,1.6494181,1.6666666
jwhujrflbp.com,kraken,14.0,10.0,2.0,0.0,0.0,13.0,1.0,0.0,0.0,2.0,0.15384616,11.0,0.84615386,12.0,0.9230769,0.23076923,3.5465937,3.5849626,3.4594316,7.0,0.0,0.53846157,0.0,0.083333336,0.9112426,0.0,0.0,0.0,10.0,6.5,3.5,1.0,0.0,3.121928,0.0,8.845834,1.3097413,1.6153846
pzhmakdz.net,kraken,12.0,8.0,2.0,0.0,0.0,11.0,1.0,0.0,0.0,2.0,0.18181819,9.0,0.8181818,10.0,0.90909094,0.27272728,3.2776134,3.321928,3.169925,4.0,0.0,0.36363637,0.0,0.1,0.892562,0.0,0.0,0.0,8.0,5.5,2.5,1.0,0.0,2.75,0.0,7.944,1.3881488,1.7272727
eirzuu.tv,kraken,9.0,6.0,2.0,0.0,0.0,8.0,1.0,0.0,0.0,4.0,0.5,4.0,0.5,7.0,0.875,0.125,2.75,2.807355,2.5849626,2.0,0.0,0.25,0.0,0.14285715,0.84375,0.0,0.0,0.0,6.0,4.0,2.0,1.0,0.0,2.251629,0.0,10.0,1.5422337,2.0
wmpmusyzy.tv,kraken,12.0,9.0,2.0,0.0,0.0,11.0,1.0,0.0,0.0,1.0,0.09090909,10.0,0.90909094,9.0,0.8181818,0.0,3.0957952,3.321928,3.169925,6.0,0.0,0.54545456,0.0,0.22222222,0.87603307,0.0,0.0,0.0,9.0,5.5,3.5,1.0,0.0,2.7254806,0.0,8.926,1.641672,1.7272727
hhgqmwh.com,kraken,11.0,7.0,2.0,0.0,0.0,10.0,1.0,0.0,0.0,1.0,0.1,9.0,0.9,7.0,0.7,0.1,2.6464393,3.169925,3.0,8.0,0.0,0.8,0.0,0.2857143,0.82,0.0,0.0,0.0,7.0,5.0,2.0,1.0,0.0,2.1280854,0.0,8.461111,1.9074502,1.8
qcmxcfqz.net,kraken,12.0,8.0,2.0,0.0,0.0,11.0,1.0,0.0,0.0,1.0,0.09090909,10.0,0.90909094,9.0,0.8181818,0.36363637,3.0957952,3.321928,3.169925,9.0,0.0,0.8181818,0.0,0.22222222,0.87603307,0.0,0.0,0.0,8.0,5.5,2.5,1.0,0.0,2.5,0.0,8.623,2.0031717,1.7272727
azyynmud.cc,kraken,11.0,8.0,2.0,0.0,0.0,10.0,1.0,0.0,0.0,2.0,0.2,8.0,0.8,8.0,0.8,0.4,2.9219282,3.169925,3.0,5.0,0.0,0.5,0.0,0.25,0.86,0.0,0.0,0.0,8.0,5.0,3.0,1.0,0.0,2.75,0.0,10.0,1.5857209,1.8
oktfrwswxxd.net,kraken,15.0,11.0,2.0,0.0,0.0,14.0,1.0,0.0,0.0,2.0,0.14285715,12.0,0.85714287,11.0,0.78571427,0.21428572,3.3787835,3.7004397,3.5849626,11.0,0.0,0.78571427,0.0,0.27272728,0.8979592,0.0,0.0,0.0,11.0,7.0,4.0,1.0,0.0,3.0957952,0.0,8.503846,1.1689775,1.5714285
yucoouwy.tv,kraken,11.0,8.0,2.0,0.0,0.0,10.0,1.0,0.0,0.0,4.0,0.4,6.0,0.6,7.0,0.7,0.1,2.7219281,3.169925,3.0,4.0,0.0,0.4,0.0,0.42857143,0.84,0.0,0.0,0.0,8.0,5.0,3.0,1.0,0.0,2.25,0.0,8.351111,1.5669906,1.8
lawysrssca.net,kraken,14.0,10.0,2.0,0.0,0.0,13.0,1.0,0.0,0.0,3.0,0.23076923,10.0,0.7692308,10.0,0.7692308,0.30769232,3.180833,3.5849626,3.4594316,7.0,0.0,0.53846157,0.0,0.2,0.87573963,0.0,0.0,0.0,10.0,6.5,3.5,1.0,0.0,2.6464393,0.0,5.8525,0.7114999,1.6153846
srufzwhfny.tv,kraken,13.0,10.0,2.0,0.0,0.0,12.0,1.0,0.0,0.0,1.0,0.083333336,11.0,0.9166667,11.0,0.9166667,0.16666667,3.4182959,3.4594316,3.321928,9.0,0.0,0.75,0.0,0.09090909,0.9027778,0.0,0.0,0.0,10.0,6.0,4.0,1.0,0.0,3.121928,0.0,10.0,1.3363811,1.6666666
ypcxurtmxzd.net,kraken,15.0,11.0,2.0,0.0,0.0,14.0,1.0,0.0,0.0,2.0,0.14285715,12.0,0.85714287,12.0,0.85714287,0.21428572,3.5216405,3.7004397,3.5849626,7.0,0.0,0.5,0.0,0.16666667,0.90816325,0.0,0.0,0.0,11.0,7.0,4.0,1.0,0.0,3.2776134,0.0,7.959231,1.2159475,1.5714285
gvqesrsdqqa.cc,kraken,14.0,11.0,2.0,0.0,0.0,13.0,1.0,0.0,0.0,2.0,0.15384616,11.0,0.84615386,9.0,0.6923077,0.3846154,3.0269868,3.5849626,3.4594316,6.0,0.0,0.46153846,0.0,0.33333334,0.8639053,0.0,0.0,0.0,11.0,6.5,4.5,1.0,0.0,2.845351,0.0,8.195,1.694435,1.6153846
ckjxkf.cc,kraken,9.0,6.0,2.0,0.0,0.0,8.0,1.0,0.0,0.0,0.0,0.0,8.0,1.0,5.0,0.625,0.5,2.1556392,2.807355,2.5849626,8.0,0.0,1.0,0.0,0.4,0.75,0.0,0.0,0.0,6.0,4.0,2.0,1.0,0.0,2.251629,0.0,10.0,2.7458885,2.0
gflcugfcech.com,kraken,15.0,11.0,2.0,0.0,0.0,14.0,1.0,0.0,0.0,3.0,0.21428572,11.0,0.78571427,9.0,0.64285713,0.5,2.950212,3.5465937,3.5849626,4.0,0.0,0.2857143,0.0,0.33333334,0.8469388,0.0,0.0,0.0,11.0,7.0,4.0,1.0,0.0,2.6635327,0.0,7.4692307,1.4035201,1.5714285
wpwxepmfro.com,kraken,14.0,10.0,2.0,0.0,0.0,13.0,1.0,0.0,0.0,3.0,0.23076923,10.0,0.7692308,9.0,0.6923077,0.23076923,3.085055,3.5849626,3.4594316,4.0,0.0,0.30769232,0.0,0.44444445,0.87573963,0.0,0.0,0.0,10.0,6.5,3.5,1.0,0.0,2.9219282,0.0,6.9166665,1.398744,1.6153846
skhxke.com,kraken,10.0,6.0,2.0,0.0,0.0,9.0,1.0,0.0,0.0,2.0,0.22222222,7.0,0.7777778,8.0,0.8888889,0.22222222,2.947703,3.0,2.807355,5.0,0.0,0.5555556,0.0,0.125,0.86419755,0.0,0.0,0.0,6.0,4.5,1.5,1.0,0.0,2.251629,0.0,7.4625,1.5169384,1.8888888
mfyvwpc.tv,kraken,10.0,7.0,2.0,0.0,0.0,9.0,1.0,0.0,0.0,0.0,0.0,9.0,1.0,8.0,0.8888889,0.22222222,2.947703,3.0,2.807355,9.0,0.0,1.0,0.0,0.125,0.86419755,0.0,0.0,0.0,7.0,4.5,2.5,1.0,0.0,2.807355,0.0,9.345,1.7999064,1.8888888
vpeerjp.net,kraken,11.0,7.0,2.0,0.0,0.0,10.0,1.0,0.0,0.0,3.0,0.3,7.0,0.7,7.0,0.7,0.3,2.6464393,3.169925,3.0,4.0,0.0,0.4,0.0,0.2857143,0.82,0.0,0.0,0.0,7.0,5.0,2.0,1.0,0.0,2.2359264,0.0,6.8344445,1.3970808,1.8
inuykq.net,kraken,10.0,6.0,2.0,0.0,0.0,9.0,1.0,0.0,0.0,3.0,0.33333334,6.0,0.6666667,8.0,0.8888889,0.11111111,2.947703,3.0,2.807355,4.0,0.0,0.44444445,0.0,0.125,0.86419755,0.0,0.0,0.0,6.0,4.5,1.5,1.0,0.0,2.5849626,0.0,7.2225,1.3891689,1.8888888
pvpeijweji.cc,kraken,13.0,10.0,2.0,0.0,0.0,12.0,1.0,0.0,0.0,4.0,0.33333334,8.0,0.6666667,7.0,0.5833333,0.33333334,2.751629,3.4594316,3.321928,3.0,0.0,0.25,0.0,0.71428573,0.8472222,0.0,0.0,0.0,10.0,6.0,4.0,1.0,0.0,2.521928,0.0,8.785455,1.7253747,1.6666666
pvrmhn.com,kraken,10.0,6.0,2.0,0.0,0.0,9.0,1.0,0.0,0.0,1.0,0.11111111,8.0,0.8888889,8.0,0.8888889,0.11111111,2.947703,3.0,2.807355,7.0,0.0,0.7777778,0.0,0.125,0.86419755,0.0,0.0,0.0,6.0,4.5,1.5,1.0,0.0,2.5849626,0.0,8.26875,1.326472,1.8888888
iujvetbxoz.cc,kraken,13.0,10.0,2.0,0.0,0.0,12.0,1.0,0.0,0.0,4.0,0.33333334,8.0,0.6666667,11.0,0.9166667,0.33333334,3.4182959,3.4594316,3.321928,3.0,0.0,0.25,0.0,0.09090909,0.9027778,0.0,0.0,0.0,10.0,6.0,4.0,1.0,0.0,3.321928,0.0,8.881818,1.4510177,1.6666666
daopvub.tv,kraken,10.0,7.0,2.0,0.0,0.0,9.0,1.0,0.0,0.0,3.0,0.33333334,6.0,0.6666667,8.0,0.8888889,0.33333334,2.947703,3.0,2.807355,3.0,0.0,0.33333334,0.0,0.125,0.86419755,0.0,0.0,0.0,7.0,4.5,2.5,1.0,0.0,2.807355,0.0,9.23875,1.4482402,1.8888888
utwwrn.com,kraken,10.0,6.0,2.0,0.0,0.0,9.0,1.0,0.0,0.0,2.0,0.22222222,7.0,0.7777778,8.0,0.8888889,0.11111111,2.947703,3.0,2.807355,6.0,0.0,0.6666667,0.0,0.125,0.86419755,0.0,0.0,0.0,6.0,4.5,1.5,1.0,0.0,2.251629,0.0,8.26875,1.2069724,1.8888888
wihrcjz.tv,kraken,10.0,7.0,2.0,0.0,0.0,9.0,1.0,0.0,0.0,1.0,0.11111111,8.0,0.8888889,9.0,1.0,0.11111111,3.169925,3.0,2.807355,7.0,0.0,0.7777778,0.0,0.0,0.8888889,0.0,0.0,0.0,7.0,4.5,2.5,1.0,0.0,2.807355,0.0,10.0,1.6643374,1.8888888
twabpdwvwd.tv,kraken,13.0,10.0,2.0,0.0,0.0,12.0,1.0,0.0,0.0,1.0,0.083333336,11.0,0.9166667,7.0,0.5833333,0.33333334,2.688722,3.4594316,3.321928,9.0,0.0,0.75,0.0,0.5714286,0.8333333,0.0,0.0,0.0,10.0,6.0,4.0,1.0,0.0,2.6464393,0.0,9.45,1.7673004,1.6666666
vvdnqeml.net,kraken,12.0,8.0,2.0,0.0,0.0,11.0,1.0,0.0,0.0,2.0,0.18181819,9.0,0.8181818,8.0,0.72727275,0.27272728,2.9139771,3.321928,3.169925,5.0,0.0,0.45454547,0.0,0.375,0.8595041,0.0,0.0,0.0,8.0,5.5,2.5,1.0,0.0,2.75,0.0,8.029,1.3948159,1.7272727
qkcqqpsen.cc,kraken,12.0,9.0,2.0,0.0,0.0,11.0,1.0,0.0,0.0,1.0,0.09090909,10.0,0.90909094,7.0,0.6363636,0.36363637,2.5949066,3.321928,3.169925,7.0,0.0,0.6363636,0.0,0.2857143,0.80991733,0.0,0.0,0.0,9.0,5.5,3.5,1.0,0.0,2.6416042,0.0,8.442,2.2199254,1.7272727
tgdrahblxa.com,kraken,14.0,10.0,2.0,0.0,0.0,13.0,1.0,0.0,0.0,3.0,0.23076923,10.0,0.7692308,12.0,0.9230769,0.3846154,3.5465937,3.5849626,3.4594316,4.0,0.0,0.30769232,0.0,0.083333336,0.9112426,0.0,0.0,0.0,10.0,6.5,3.5,1.0,0.0,3.121928,0.0,7.2525,0.87139887,1.6153846
kmdkmf.cc,kraken,9.0,6.0,2.0,0.0,0.0,8.0,1.0,0.0,0.0,0.0,0.0,8.0,1.0,5.0,0.625,0.5,2.25,2.5216405,2.5849626,8.0,0.0,1.0,0.0,0.6,0.78125,0.0,0.0,0.0,6.0,4.0,2.0,1.0,0.0,1.9182959,0.0,10.0,2.2047057,2.0
etjpstsyx.cc,kraken,12.0,9.0,2.0,0.0,0.0,11.0,1.0,0.0,0.0,1.0,0.09090909,10.0,0.90909094,8.0,0.72727275,0.27272728,2.9139771,3.321928,3.169925,10.0,0.0,0.90909094,0.0,0.375,0.8595041,0.0,0.0,0.0,9.0,5.5,3.5,1.0,0.0,2.7254806,0.0,8.567,1.4563307,1.7272727
ljmozehv.com,kraken,12.0,8.0,2.0,0.0,0.0,11.0,1.0,0.0,0.0,3.0,0.27272728,8.0,0.72727275,9.0,0.8181818,0.18181819,3.0957952,3.321928,3.169925,3.0,0.0,0.27272728,0.0,0.22222222,0.87603307,0.0,0.0,0.0,8.0,5.5,2.5,1.0,0.0,3.0,0.0,7.994,1.4906268,1.7272727
mbqfajcd.tv,kraken,11.0,8.0,2.0,0.0,0.0,10.0,1.0,0.0,0.0,1.0,0.1,9.0,0.9,10.0,1.0,0.5,3.321928,3.169925,3.0,5.0,0.0,0.5,0.0,0.0,0.9,0.0,0.0,0.0,8.0,5.0,3.0,1.0,0.0,3.0,0.0,10.0,1.6581026,1.8
fzpumbfwl.net,kraken,13.0,9.0,2.0,0.0,0.0,12.0,1.0,0.0,0.0,2.0,0.16666667,10.0,0.8333333,11.0,0.9166667,0.33333334,3.4182959,3.4594316,3.321928,6.0,0.0,0.5,0.0,0.09090909,0.9027778,0.0,0.0,0.0,9.0,6.0,3.0,1.0,0.0,2.947703,0.0,8.244545,1.2973468,1.6666666
ysunjc.tv,kraken,9.0,6.0,2.0,0.0,0.0,8.0,1.0,0.0,0.0,1.0,0.125,7.0,0.875,8.0,1.0,0.125,3.0,2.807355,2.5849626,5.0,0.0,0.625,0.0,0.0,0.875,0.0,0.0,0.0,6.0,4.0,2.0,1.0,0.0,2.5849626,0.0,8.337143,1.4905839,2.0
onvavnkcer.cc,kraken,13.0,10.0,2.0,0.0,0.0,12.0,1.0,0.0,0.0,3.0,0.25,9.0,0.75,8.0,0.6666667,0.41666666,2.8553886,3.4594316,3.321928,4.0,0.0,0.33333334,0.0,0.375,0.8472222,0.0,0.0,0.0,10.0,6.0,4.0,1.0,0.0,2.9219282,0.0,7.8572726,1.3003218,1.6666666
rlprrsdtwwn.cc,kraken,14.0,11.0,2.0,0.0,0.0,13.0,1.0,0.0,0.0,0.0,0.0,13.0,1.0,9.0,0.6923077,0.23076923,3.0269868,3.5849626,3.4594316,13.0,0.0,1.0,0.0,0.33333334,0.8639053,0.0,0.0,0.0,11.0,6.5,4.5,1.0,0.0,2.845351,0.0,8.8625,1.0971795,1.6153846
gtzifwgt.com,kraken,12.0,8.0,2.0,0.0,0.0,11.0,1.0,0.0,0.0,2.0,0.18181819,9.0,0.8181818,9.0,0.8181818,0.18181819,3.0957952,3.121928,3.169925,5.0,0.0,0.45454547,0.0,0.22222222,0.87603307,0.0,0.0,0.0,8.0,5.5,2.5,1.0,0.0,2.5,0.0,8.065,1.4277239,1.7272727
lgpdbnqgfec.tv,kraken,14.0,11.0,2.0,0.0,0.0,13.0,1.0,0.0,0.0,1.0,0.07692308,12.0,0.9230769,12.0,0.9230769,0.3846154,3.5465937,3.5849626,3.4594316,9.0,0.0,0.6923077,0.0,0.083333336,0.9112426,0.0,0.0,0.0,11.0,6.5,4.5,1.0,0.0,3.2776134,0.0,9.025833,1.2174624,1.6153846
spgtylsspdn.net,kraken,15.0,11.0,2.0,0.0,0.0,14.0,1.0,0.0,0.0,1.0,0.071428575,13.0,0.9285714,9.0,0.64285713,0.14285715,3.0391486,3.5465937,3.5849626,12.0,0.0,0.85714287,0.0,0.44444445,0.86734694,0.0,0.0,0.0,11.0,7.0,4.0,1.0,0.0,2.845351,0.0,6.917692,0.9405783,1.5714285
zwkzweigdb.tv,kraken,13.0,10.0,2.0,0.0,0.0,12.0,1.0,0.0,0.0,2.0,0.16666667,10.0,0.8333333,10.0,0.8333333,0.25,3.251629,3.2776134,3.321928,5.0,0.0,0.41666666,0.0,0.2,0.8888889,0.0,0.0,0.0,10.0,6.0,4.0,1.0,0.0,2.9219282,0.0,10.0,1.7076503,1.6666666
qbeyftcty.net,kraken,13.0,9.0,2.0,0.0,0.0,12.0,1.0,0.0,0.0,2.0,0.16666667,10.0,0.8333333,8.0,0.6666667,0.41666666,2.8553886,3.4594316,3.321928,7.0,0.0,0.5833333,0.0,0.375,0.8472222,0.0,0.0,0.0,9.0,6.0,3.0,1.0,0.0,2.7254806,0.0,7.200909,1.4576433,1.6666666
lwvsxtgs.cc,kraken,11.0,8.0,2.0,0.0,0.0,10.0,1.0,0.0,0.0,0.0,0.0,10.0,1.0,8.0,0.8,0.2,2.9219282,3.169925,3.0,10.0,0.0,1.0,0.0,0.25,0.86,0.0,0.0,0.0,8.0,5.0,3.0,1.0,0.0,2.75,0.0,10.0,1.5389642,1.8
hbdfjp.cc,kraken,9.0,6.0,2.0,0.0,0.0,8.0,1.0,0.0,0.0,0.0,0.0,8.0,1.0,7.0,0.875,0.625,2.75,2.807355,2.5849626,8.0,0.0,1.0,0.0,0.14285715,0.84375,0.0,0.0,0.0,6.0,4.0,2.0,1.0,0.0,2.5849626,0.0,10.0,2.0008886,2.0
mdnvpa.tv,kraken,9.0,6.0,2.0,0.0,0.0,8.0,1.0,0.0,0.0,1.0,0.125,7.0,0.875,7.0,0.875,0.25,2.75,2.807355,2.5849626,5.0,0.0,0.625,0.0,0.14285715,0.84375,0.0,0.0,0.0,6.0,4.0,2.0,1.0,0.0,2.5849626,0.0,7.957143,1.5240583,2.0
gztsufmzxkw.com,kraken,15.0,11.0,2.0,0.0,0.0,14.0,1.0,0.0,0.0,2.0,0.14285715,12.0,0.85714287,12.0,0.85714287,0.14285715,3.5216405,3.7004397,3.5849626,7.0,0.0,0.5,0.0,0.16666667,0.90816325,0.0,0.0,0.0,11.0,7.0,4.0,1.0,0.0,3.2776134,0.0,8.934615,1.497045,1.5714285
vtaeeq.tv,kraken,9.0,6.0,2.0,0.0,0.0,8.0,1.0,0.0,0.0,3.0,0.375,5.0,0.625,5.0,0.625,0.375,2.25,2.807355,2.5849626,3.0,0.0,0.375,0.0,0.6,0.78125,0.0,0.0,0.0,6.0,4.0,2.0,1.0,0.0,2.251629,0.0,9.075714,1.8660417,2.0
voourh.tv,kraken,9.0,6.0,2.0,0.0,0.0,8.0,1.0,0.0,0.0,3.0,0.375,5.0,0.625,6.0,0.75,0.0,2.5,2.807355,2.5849626,4.0,0.0,0.5,0.0,0.33333334,0.8125,0.0,0.0,0.0,6.0,4.0,2.0,1.0,0.0,2.251629,0.0,8.157143,1.5766181,2.0
jllotqkrlr.com,kraken,14.0,10.0,2.0,0.0,0.0,13.0,1.0,0.0,0.0,2.0,0.15384616,11.0,0.84615386,9.0,0.6923077,0.07692308,3.0269868,3.5849626,3.4594316,7.0,0.0,0.53846157,0.0,0.33333334,0.8639053,0.0,0.0,0.0,10.0,6.5,3.5,1.0,0.0,2.6464393,0.0,7.7125,1.3636129,1.6153846
kdraowzsu.com,kraken,13.0,9.0,2.0,0.0,0.0,12.0,1.0,0.0,0.0,4.0,0.33333334,8.0,0.6666667,11.0,0.9166667,0.25,3.4182959,3.4594316,3.321928,3.0,0.0,0.25,0.0,0.09090909,0.9027778,0.0,0.0,0.0,9.0,6.0,3.0,1.0,0.0,3.169925,0.0,7.5645456,1.0402719,1.6666666
cctvlyzy.com,kraken,12.0,8.0,2.0,0.0,0.0,11.0,1.0,0.0,0.0,1.0,0.09090909,10.0,0.90909094,8.0,0.72727275,0.27272728,2.845351,3.321928,3.169925,9.0,0.0,0.8181818,0.0,0.25,0.8429752,0.0,0.0,0.0,8.0,5.5,2.5,1.0,0.0,2.5,0.0,7.396,1.7036519,1.7272727
ccnbxte.tv,kraken,10.0,7.0,2.0,0.0,0.0,9.0,1.0,0.0,0.0,1.0,0.11111111,8.0,0.8888889,7.0,0.7777778,0.44444445,2.7254806,3.0,2.807355,6.0,0.0,0.6666667,0.0,0.2857143,0.83950615,0.0,0.0,0.0,7.0,4.5,2.5,1.0,0.0,2.5216405,0.0,8.26625,1.61203,1.8888888
xqftbty.com,kraken,11.0,7.0,2.0,0.0,0.0,10.0,1.0,0.0,0.0,1.0,0.1,9.0,0.9,9.0,0.9,0.3,3.121928,3.169925,3.0,8.0,0.0,0.8,0.0,0.11111111,0.88,0.0,0.0,0.0,7.0,5.0,2.0,1.0,0.0,2.5216405,0.0,7.791111,1.710696,1.8
svjedxzyhmt.net,kraken,15.0,11.0,2.0,0.0,0.0,14.0,1.0,0.0,0.0,2.0,0.14285715,12.0,0.85714287,12.0,0.85714287,0.21428572,3.5216405,3.7004397,3.5849626,8.0,0.0,0.5714286,0.0,0.16666667,0.90816325,0.0,0.0,0.0,11.0,7.0,4.0,1.0,0.0,3.4594316,0.0,8.326923,1.1664162,1.5714285
brmjzjedcx.net,kraken,14.0,10.0,2.0,0.0,0.0,13.0,1.0,0.0,0.0,2.0,0.15384616,11.0,0.84615386,11.0,0.84615386,0.3846154,3.3927474,3.5849626,3.4594316,6.0,0.0,0.46153846,0.0,0.18181819,0.8994083,0.0,0.0,0.0,10.0,6.5,3.5,1.0,0.0,3.121928,0.0,8.1875,1.4130919,1.6153846
gvbacufqoed.cc,kraken,14.0,11.0,2.0,0.0,0.0,13.0,1.0,0.0,0.0,4.0,0.30769232,9.0,0.6923077,11.0,0.84615386,0.61538464,3.3346791,3.5849626,3.4594316,3.0,0.0,0.23076923,0.0,0.09090909,0.88757396,0.0,0.0,0.0,11.0,6.5,4.5,1.0,0.0,3.4594316,0.0,8.2675,1.3228433,1.6153846
mkpbbynd.net,kraken,12.0,8.0,2.0,0.0,0.0,11.0,1.0,0.0,0.0,1.0,0.09090909,10.0,0.90909094,9.0,0.8181818,0.36363637,3.0957952,3.321928,3.169925,9.0,0.0,0.8181818,0.0,0.22222222,0.87603307,0.0,0.0,0.0,8.0,5.5,2.5,1.0,0.0,2.75,0.0,7.829,1.2878791,1.7272727
ocxbxdg.tv,kraken,10.0,7.0,2.0,0.0,0.0,9.0,1.0,0.0,0.0,1.0,0.11111111,8.0,0.8888889,8.0,0.8888889,0.33333334,2.947703,3.0,2.807355,8.0,0.0,0.8888889,0.0,0.125,0.86419755,0.0,0.0,0.0,7.0,4.5,2.5,1.0,0.0,2.5216405,0.0,9.3525,1.8830428,1.8888888
iayrcvs.com,kraken,11.0,7.0,2.0,0.0,0.0,10.0,1.0,0.0,0.0,3.0,0.3,7.0,0.7,9.0,0.9,0.3,3.121928,3.169925,3.0,6.0,0.0,0.6,0.0,0.11111111,0.88,0.0,0.0,0.0,7.0,5.0,2.0,1.0,0.0,2.807355,0.0,7.8644443,1.0484974,1.8
kcuzcripw.cc,kraken,12.0,9.0,2.0,0.0,0.0,11.0,1.0,0.0,0.0,2.0,0.18181819,9.0,0.8181818,8.0,0.72727275,0.36363637,2.732159,3.321928,3.169925,4.0,0.0,0.36363637,0.0,0.125,0.80991733,0.0,0.0,0.0,9.0,5.5,3.5,1.0,0.0,2.947703,0.0,8.222,1.8169074,1.7272727
bqmnlvp.com,kraken,11.0,7.0,2.0,0.0,0.0,10.0,1.0,0.0,0.0,1.0,0.1,9.0,0.9,9.0,0.9,0.2,3.121928,3.169925,3.0,8.0,0.0,0.8,0.0,0.11111111,0.88,0.0,0.0,0.0,7.0,5.0,2.0,1.0,0.0,2.807355,0.0,8.461111,1.5679435,1.8
erkrmhaipjp.net,kraken,15.0,11.0,2.0,0.0,0.0,14.0,1.0,0.0,0.0,4.0,0.2857143,10.0,0.71428573,11.0,0.78571427,0.21428572,3.3787835,3.7004397,3.5849626,5.0,0.0,0.35714287,0.0,0.27272728,0.8979592,0.0,0.0,0.0,11.0,7.0,4.0,1.0,0.0,3.0957952,0.0,7.3284616,0.8648153,1.5714285
gfadchogx.com,kraken,13.0,9.0,2.0,0.0,0.0,12.0,1.0,0.0,0.0,3.0,0.25,9.0,0.75,9.0,0.75,0.41666666,3.0849626,3.4594316,3.321928,3.0,0.0,0.25,0.0,0.33333334,0.875,0.0,0.0,0.0,9.0,6.0,3.0,1.0,0.0,2.947703,0.0,7.0518184,1.3720218,1.6666666
oafbprf.tv,kraken,10.0,7.0,2.0,0.0,0.0,9.0,1.0,0.0,0.0,2.0,0.22222222,7.0,0.7777778,8.0,0.8888889,0.44444445,2.947703,3.0,2.807355,7.0,0.0,0.7777778,0.0,0.125,0.86419755,0.0,0.0,0.0,7.0,4.5,2.5,1.0,0.0,2.5216405,0.0,9.1625,1.4540032,1.8888888
ciekfmyil.net,kraken,13.0,9.0,2.0,0.0,0.0,12.0,1.0,0.0,0.0,4.0,0.33333334,8.0,0.6666667,10.0,0.8333333,0.33333334,3.251629,3.4594316,3.321928,4.0,0.0,0.33333334,0.0,0.2,0.8888889,0.0,0.0,0.0,9.0,6.0,3.0,1.0,0.0,2.947703,0.0,8.113636,0.92035604,1.6666666
nqgbvs.net,kraken,10.0,6.0,2.0,0.0,0.0,9.0,1.0,0.0,0.0,1.0,0.11111111,8.0,0.8888889,8.0,0.8888889,0.22222222,2.947703,3.0,2.807355,7.0,0.0,0.7777778,0.0,0.125,0.86419755,0.0,0.0,0.0,6.0,4.5,1.5,1.0,0.0,2.5849626,0.0,8.27875,1.4635749,1.8888888
onnksuyhkck.tv,kraken,14.0,11.0,2.0,0.0,0.0,13.0,1.0,0.0,0.0,2.0,0.15384616,11.0,0.84615386,10.0,0.7692308,0.07692308,3.180833,3.5849626,3.4594316,7.0,0.0,0.53846157,0.0,0.2,0.87573963,0.0,0.0,0.0,11.0,6.5,4.5,1.0,0.0,2.845351,0.0,9.318334,1.2671298,1.6153846
dfsfdg.cc,kraken,9.0,6.0,2.0,0.0,0.0,8.0,1.0,0.0,0.0,0.0,0.0,8.0,1.0,5.0,0.625,0.75,2.25,2.807355,2.5849626,8.0,0.0,1.0,0.0,0.6,0.78125,0.0,0.0,0.0,6.0,4.0,2.0,1.0,0.0,1.9182959,0.0,10.0,1.9966689,2.0
reuqthrr.net,kraken,12.0,8.0,2.0,0.0,0.0,11.0,1.0,0.0,0.0,3.0,0.27272728,8.0,0.72727275,7.0,0.6363636,0.18181819,2.6635327,3.321928,3.169925,6.0,0.0,0.54545456,0.0,0.42857143,0.8264463,0.0,0.0,0.0,8.0,5.5,2.5,1.0,0.0,2.4056392,0.0,6.921,1.2366637,1.7272727
uggvsm.net,kraken,10.0,6.0,2.0,0.0,0.0,9.0,1.0,0.0,0.0,2.0,0.22222222,7.0,0.7777778,8.0,0.8888889,0.11111111,2.947703,3.0,2.807355,6.0,0.0,0.6666667,0.0,0.125,0.86419755,0.0,0.0,0.0,6.0,4.5,1.5,1.0,0.0,2.251629,0.0,8.27875,1.2039137,1.8888888
jkmxuhwvxmag.com,kraken,16.0,12.0,2.0,0.0,0.0,15.0,1.0,0.0,0.0,3.0,0.2,12.0,0.8,12.0,0.8,0.13333334,3.4565647,3.807355,3.7004397,5.0,0.0,0.33333334,0.0,0.16666667,0.8977778,0.0,0.0,0.0,12.0,7.5,4.5,1.0,0.0,3.251629,0.0,8.136429,1.5073011,1.5333333
pfvpeammua.tv,kraken,13.0,10.0,2.0,0.0,0.0,12.0,1.0,0.0,0.0,4.0,0.33333334,8.0,0.6666667,8.0,0.6666667,0.33333334,2.9182959,3.4594316,3.321928,4.0,0.0,0.33333334,0.0,0.5,0.8611111,0.0,0.0,0.0,10.0,6.0,4.0,1.0,0.0,2.7219281,0.0,7.470909,1.4003679,1.6666666
ifutxayyuc.cc,kraken,13.0,10.0,2.0,0.0,0.0,12.0,1.0,0.0,0.0,4.0,0.33333334,8.0,0.6666667,8.0,0.6666667,0.41666666,2.8553886,3.2776134,3.321928,3.0,0.0,0.25,0.0,0.375,0.8472222,0.0,0.0,0.0,10.0,6.0,4.0,1.0,0.0,2.9219282,0.0,9.037272,1.5821575,1.6666666
mpqsei.net,kraken,10.0,6.0,2.0,0.0,0.0,9.0,1.0,0.0,0.0,3.0,0.33333334,6.0,0.6666667,8.0,0.8888889,0.22222222,2.947703,3.0,2.807355,4.0,0.0,0.44444445,0.0,0.125,0.86419755,0.0,0.0,0.0,6.0,4.5,1.5,1.0,0.0,2.5849626,0.0,5.625,1.1456661,1.8888888
arzpbaqpj.net,kraken,13.0,9.0,2.0,0.0,0.0,12.0,1.0,0.0,0.0,3.0,0.25,9.0,0.75,10.0,0.8333333,0.33333334,3.251629,3.4594316,3.321928,4.0,0.0,0.33333334,0.0,0.2,0.8888889,0.0,0.0,0.0,9.0,6.0,3.0,1.0,0.0,2.7254806,0.0,7.5009093,1.4361621,1.6666666
aozuolqbjq.net,kraken,14.0,10.0,2.0,0.0,0.0,13.0,1.0,0.0,0.0,5.0,0.3846154,8.0,0.61538464,11.0,0.84615386,0.23076923,3.3927474,3.5849626,3.4594316,6.0,0.0,0.46153846,0.0,0.18181819,0.8994083,0.0,0.0,0.0,10.0,6.5,3.5,1.0,0.0,2.9219282,0.0,8.3825,1.4247265,1.6153846
qxlatlv.net,kraken,11.0,7.0,2.0,0.0,0.0,10.0,1.0,0.0,0.0,2.0,0.2,8.0,0.8,8.0,0.8,0.2,2.9219282,3.169925,3.0,4.0,0.0,0.4,0.0,0.25,0.86,0.0,0.0,0.0,7.0,5.0,2.0,1.0,0.0,2.5216405,0.0,6.8244443,1.4630328,1.8
sacvgtbqc.tv,kraken,12.0,9.0,2.0,0.0,0.0,11.0,1.0,0.0,0.0,1.0,0.09090909,10.0,0.90909094,8.0,0.72727275,0.36363637,2.9139771,3.321928,3.169925,9.0,0.0,0.8181818,0.0,0.375,0.8595041,0.0,0.0,0.0,9.0,5.5,3.5,1.0,0.0,2.947703,0.0,8.166,1.6524868,1.7272727
vyibuwo.cc,kraken,10.0,7.0,2.0,0.0,0.0,9.0,1.0,0.0,0.0,3.0,0.33333334,6.0,0.6666667,8.0,0.8888889,0.33333334,2.947703,3.0,2.807355,2.0,0.0,0.22222222,0.0,0.125,0.86419755,0.0,0.0,0.0,7.0,4.5,2.5,1.0,0.0,2.807355,0.0,7.88625,1.5591451,1.8888888
hxrihsa.cc,kraken,10.0,7.0,2.0,0.0,0.0,9.0,1.0,0.0,0.0,2.0,0.22222222,7.0,0.7777778,7.0,0.7777778,0.33333334,2.7254806,3.0,2.807355,3.0,0.0,0.33333334,0.0,0.2857143,0.83950615,0.0,0.0,0.0,7.0,4.5,2.5,1.0,0.0,2.5216405,0.0,7.475,1.4543847,1.8888888
vtadujoc.com,kraken,12.0,8.0,2.0,0.0,0.0,11.0,1.0,0.0,0.0,4.0,0.36363637,7.0,0.6363636,9.0,0.8181818,0.36363637,3.0957952,3.321928,3.169925,2.0,0.0,0.18181819,0.0,0.22222222,0.87603307,0.0,0.0,0.0,8.0,5.5,2.5,1.0,0.0,3.0,0.0,6.768,1.2373375,1.7272727
hrnxwxmuqwx.com,kraken,15.0,11.0,2.0,0.0,0.0,14.0,1.0,0.0,0.0,2.0,0.14285715,12.0,0.85714287,10.0,0.71428573,0.071428575,3.182006,3.5465937,3.5849626,7.0,0.0,0.5,0.0,0.3,0.877551,0.0,0.0,0.0,11.0,7.0,4.0,1.0,0.0,2.845351,0.0,8.934615,1.7786247,1.5714285
pftdbkcdvumf.com,kraken,16.0,12.0,2.0,0.0,0.0,15.0,1.0,0.0,0.0,2.0,0.13333334,13.0,0.8666667,11.0,0.73333335,0.46666667,3.3735573,3.807355,3.7004397,9.0,0.0,0.6,0.0,0.36363637,0.8977778,0.0,0.0,0.0,12.0,7.5,4.5,1.0,0.0,3.251629,0.0,9.010715,1.2949136,1.5333333
acyttrazgy.com,kraken,14.0,10.0,2.0,0.0,0.0,13.0,1.0,0.0,0.0,3.0,0.23076923,10.0,0.7692308,9.0,0.6923077,0.30769232,3.085055,3.5849626,3.4594316,5.0,0.0,0.3846154,0.0,0.44444445,0.87573963,0.0,0.0,0.0,10.0,6.5,3.5,1.0,0.0,2.7219281,0.0,6.6716666,1.2177731,1.6153846
lapffmntpt.net,kraken,14.0,10.0,2.0,0.0,0.0,13.0,1.0,0.0,0.0,2.0,0.15384616,11.0,0.84615386,8.0,0.61538464,0.30769232,2.8731406,3.5849626,3.4594316,9.0,0.0,0.6923077,0.0,0.5,0.852071,0.0,0.0,0.0,10.0,6.5,3.5,1.0,0.0,2.7219281,0.0,7.2483335,1.1557904,1.6153846
renzrgbn.com,kraken,12.0,8.0,2.0,0.0,0.0,11.0,1.0,0.0,0.0,2.0,0.18181819,9.0,0.8181818,9.0,0.8181818,0.27272728,3.0957952,3.321928,3.169925,7.0,0.0,0.6363636,0.0,0.22222222,0.87603307,0.0,0.0,0.0,8.0,5.5,2.5,1.0,0.0,2.5,0.0,6.974,1.1884845,1.7272727
oetlmi.com,kraken,10.0,6.0,2.0,0.0,0.0,9.0,1.0,0.0,0.0,4.0,0.44444445,5.0,0.5555556,7.0,0.7777778,0.22222222,2.7254806,3.0,2.807355,3.0,0.0,0.33333334,0.0,0.2857143,0.83950615,0.0,0.0,0.0,6.0,4.5,1.5,1.0,0.0,2.5849626,0.0,5.7675,1.0509593,1.8888888
zdrrtqpac.tv,kraken,12.0,9.0,2.0,0.0,0.0,11.0,1.0,0.0,0.0,1.0,0.09090909,10.0,0.90909094,9.0,0.8181818,0.27272728,3.0957952,3.321928,3.169925,7.0,0.0,0.6363636,0.0,0.22222222,0.87603307,0.0,0.0,0.0,9.0,5.5,3.5,1.0,0.0,2.947703,0.0,7.434,1.5114046,1.7272727
zleeqs.net,kraken,10.0,6.0,2.0,0.0,0.0,9.0,1.0,0.0,0.0,3.0,0.33333334,6.0,0.6666667,7.0,0.7777778,0.33333334,2.6416042,3.0,2.807355,3.0,0.0,0.33333334,0.0,0.14285715,0.8148148,0.0,0.0,0.0,6.0,4.5,1.5,1.0,0.0,2.251629,0.0,7.31875,1.4827125,1.8888888
isqpmx.cc,kraken,9.0,6.0,2.0,0.0,0.0,8.0,1.0,0.0,0.0,1.0,0.125,7.0,0.875,7.0,0.875,0.25,2.75,2.807355,2.5849626,7.0,0.0,0.875,0.0,0.14285715,0.84375,0.0,0.0,0.0,6.0,4.0,2.0,1.0,0.0,2.5849626,0.0,8.907143,1.9739912,2.0
vxnshyfhtei.net,kraken,15.0,11.0,2.0,0.0,0.0,14.0,1.0,0.0,0.0,3.0,0.21428572,11.0,0.78571427,10.0,0.71428573,0.21428572,3.2359264,3.7004397,3.5849626,9.0,0.0,0.64285713,0.0,0.4,0.8877551,0.0,0.0,0.0,11.0,7.0,4.0,1.0,0.0,3.2776134,0.0,7.2007694,1.0405875,1.5714285
txnpqwzf.com,kraken,12.0,8.0,2.0,0.0,0.0,11.0,1.0,0.0,0.0,1.0,0.09090909,10.0,0.90909094,11.0,1.0,0.18181819,3.4594316,3.321928,3.169925,9.0,0.0,0.8181818,0.0,0.0,0.90909094,0.0,0.0,0.0,8.0,5.5,2.5,1.0,0.0,3.0,0.0,8.615,1.6260276,1.7272727
tmutribqlm.net,kraken,14.0,10.0,2.0,0.0,0.0,13.0,1.0,0.0,0.0,3.0,0.23076923,10.0,0.7692308,10.0,0.7692308,0.15384616,3.180833,3.5849626,3.4594316,5.0,0.0,0.3846154,0.0,0.2,0.87573963,0.0,0.0,0.0,10.0,6.5,3.5,1.0,0.0,2.9219282,0.0,7.6833334,1.048589,1.6153846
ffklhxq.cc,kraken,10.0,7.0,2.0,0.0,0.0,9.0,1.0,0.0,0.0,0.0,0.0,9.0,1.0,7.0,0.7777778,0.44444445,2.7254806,3.0,2.807355,9.0,0.0,1.0,0.0,0.2857143,0.83950615,0.0,0.0,0.0,7.0,4.5,2.5,1.0,0.0,2.5216405,0.0,10.0,2.3017151,1.8888888
nmmqhppwymy.com,kraken,15.0,11.0,2.0,0.0,0.0,14.0,1.0,0.0,0.0,1.0,0.071428575,13.0,0.9285714,9.0,0.64285713,0.071428575,2.950212,3.7004397,3.5849626,12.0,0.0,0.85714287,0.0,0.33333334,0.8469388,0.0,0.0,0.0,11.0,7.0,4.0,1.0,0.0,2.6635327,0.0,8.533077,1.6528453,1.5714285
zvutjdkjj.tv,kraken,12.0,9.0,2.0,0.0,0.0,11.0,1.0,0.0,0.0,1.0,0.09090909,10.0,0.90909094,7.0,0.6363636,0.09090909,2.6635327,3.321928,3.169925,8.0,0.0,0.72727275,0.0,0.42857143,0.8264463,0.0,0.0,0.0,9.0,5.5,3.5,1.0,0.0,2.6416042,0.0,10.0,2.4026155,1.7272727
lohfeaxipo.tv,kraken,13.0,10.0,2.0,0.0,0.0,12.0,1.0,0.0,0.0,5.0,0.41666666,7.0,0.5833333,11.0,0.9166667,0.25,3.4182959,3.4594316,3.321928,2.0,0.0,0.16666667,0.0,0.09090909,0.9027778,0.0,0.0,0.0,10.0,6.0,4.0,1.0,0.0,3.121928,0.0,6.980909,0.9548126,1.6666666
hchmpo.com,kraken,10.0,6.0,2.0,0.0,0.0,9.0,1.0,0.0,0.0,2.0,0.22222222,7.0,0.7777778,5.0,0.5555556,0.22222222,2.2810361,3.0,2.807355,5.0,0.0,0.5555556,0.0,0.8,0.79012346,0.0,0.0,0.0,6.0,4.5,1.5,1.0,0.0,2.251629,0.0,5.4375,1.7477552,1.8888888
kmcjfi.net,kraken,10.0,6.0,2.0,0.0,0.0,9.0,1.0,0.0,0.0,2.0,0.22222222,7.0,0.7777778,9.0,1.0,0.33333334,3.169925,3.0,2.807355,5.0,0.0,0.5555556,0.0,0.0,0.8888889,0.0,0.0,0.0,6.0,4.5,1.5,1.0,0.0,2.5849626,0.0,6.44375,1.2732232,1.8888888
svtrmbqttne.com,kraken,15.0,11.0,2.0,0.0,0.0,14.0,1.0,0.0,0.0,2.0,0.14285715,12.0,0.85714287,11.0,0.78571427,0.21428572,3.324863,3.7004397,3.5849626,10.0,0.0,0.71428573,0.0,0.18181819,0.8877551,0.0,0.0,0.0,11.0,7.0,4.0,1.0,0.0,3.0271692,0.0,7.353846,0.99929756,1.5714285
bgbkhs.tv,kraken,9.0,6.0,2.0,0.0,0.0,8.0,1.0,0.0,0.0,0.0,0.0,8.0,1.0,7.0,0.875,0.25,2.75,2.807355,2.5849626,8.0,0.0,1.0,0.0,0.14285715,0.84375,0.0,0.0,0.0,6.0,4.0,2.0,1.0,0.0,2.251629,0.0,8.895715,1.8227382,2.0
jpogpnpqrp.net,kraken,14.0,10.0,2.0,0.0,0.0,13.0,1.0,0.0,0.0,2.0,0.15384616,11.0,0.84615386,9.0,0.6923077,0.07692308,2.9312088,3.4182959,3.4594316,8.0,0.0,0.61538464,0.0,0.22222222,0.84023666,0.0,0.0,0.0,10.0,6.5,3.5,1.0,0.0,2.521928,0.0,8.3075,1.4966893,1.6153846
hiiqsltobt.tv,kraken,13.0,10.0,2.0,0.0,0.0,12.0,1.0,0.0,0.0,3.0,0.25,9.0,0.75,9.0,0.75,0.083333336,3.0220551,3.4594316,3.321928,4.0,0.0,0.33333334,0.0,0.22222222,0.8611111,0.0,0.0,0.0,10.0,6.0,4.0,1.0,0.0,2.9219282,0.0,7.652727,1.2462832,1.6666666
ytoare.cc,kraken,9.0,6.0,2.0,0.0,0.0,8.0,1.0,0.0,0.0,3.0,0.375,5.0,0.625,7.0,0.875,0.5,2.75,2.807355,2.5849626,2.0,0.0,0.25,0.0,0.14285715,0.84375,0.0,0.0,0.0,6.0,4.0,2.0,1.0,0.0,2.5849626,0.0,5.678571,1.0633764,2.0
mdvcgmypdd.tv,kraken,13.0,10.0,2.0,0.0,0.0,12.0,1.0,0.0,0.0,0.0,0.0,12.0,1.0,8.0,0.6666667,0.33333334,2.8553886,3.4594316,3.321928,12.0,0.0,1.0,0.0,0.375,0.8472222,0.0,0.0,0.0,10.0,6.0,4.0,1.0,0.0,2.6464393,0.0,10.0,1.6441984,1.6666666
mlgkdvws.com,kraken,12.0,8.0,2.0,0.0,0.0,11.0,1.0,0.0,0.0,1.0,0.09090909,10.0,0.90909094,10.0,0.90909094,0.18181819,3.2776134,3.321928,3.169925,9.0,0.0,0.8181818,0.0,0.1,0.892562,0.0,0.0,0.0,8.0,5.5,2.5,1.0,0.0,3.0,0.0,8.615,1.2386491,1.7272727
tblnmc.tv,kraken,9.0,6.0,2.0,0.0,0.0,8.0,1.0,0.0,0.0,0.0,0.0,8.0,1.0,7.0,0.875,0.25,2.75,2.807355,2.5849626,8.0,0.0,1.0,0.0,0.14285715,0.84375,0.0,0.0,0.0,6.0,4.0,2.0,1.0,0.0,2.5849626,0.0,8.481428,1.4502784,2.0
jexpkptjtm.tv,kraken,13.0,10.0,2.0,0.0,0.0,12.0,1.0,0.0,0.0,1.0,0.083333336,11.0,0.9166667,8.0,0.6666667,0.083333336,2.8553886,3.4594316,3.321928,10.0,0.0,0.8333333,0.0,0.375,0.8472222,0.0,0.0,0.0,10.0,6.0,4.0,1.0,0.0,2.7219281,0.0,9.46909,1.8526325,1.6666666
xffrzhjxuqiu.net,kraken,16.0,12.0,2.0,0.0,0.0,15.0,1.0,0.0,0.0,4.0,0.26666668,11.0,0.73333335,12.0,0.8,0.2,3.5068905,3.807355,3.7004397,8.0,0.0,0.53333336,0.0,0.25,0.9066667,0.0,0.0,0.0,12.0,7.5,4.5,1.0,0.0,3.0849626,0.0,8.153571,1.5600739,1.5333333
ybijjriqdf.com,kraken,14.0,10.0,2.0,0.0,0.0,13.0,1.0,0.0,0.0,3.0,0.23076923,10.0,0.7692308,11.0,0.84615386,0.30769232,3.3927474,3.5849626,3.4594316,4.0,0.0,0.30769232,0.0,0.18181819,0.8994083,0.0,0.0,0.0,10.0,6.5,3.5,1.0,0.0,2.9219282,0.0,7.7608333,1.4933031,1.6153846
qxmvdowih.cc,kraken,12.0,9.0,2.0,0.0,0.0,11.0,1.0,0.0,0.0,2.0,0.18181819,9.0,0.8181818,10.0,0.90909094,0.27272728,3.2776134,3.321928,3.169925,5.0,0.0,0.45454547,0.0,0.1,0.892562,0.0,0.0,0.0,9.0,5.5,3.5,1.0,0.0,3.169925,0.0,8.831,1.598391,1.7272727
gddjzu.tv,kraken,9.0,6.0,2.0,0.0,0.0,8.0,1.0,0.0,0.0,1.0,0.125,7.0,0.875,7.0,0.875,0.25,2.75,2.807355,2.5849626,5.0,0.0,0.625,0.0,0.14285715,0.84375,0.0,0.0,0.0,6.0,4.0,2.0,1.0,0.0,2.251629,0.0,10.0,2.0855525,2.0
xlggrqnrzu.cc,kraken,13.0,10.0,2.0,0.0,0.0,12.0,1.0,0.0,0.0,1.0,0.083333336,11.0,0.9166667,9.0,0.75,0.16666667,3.0849626,3.4594316,3.321928,9.0,0.0,0.75,0.0,0.33333334,0.875,0.0,0.0,0.0,10.0,6.0,4.0,1.0,0.0,2.9219282,0.0,9.456364,1.7276162,1.6666666
codposzrjg.net,kraken,14.0,10.0,2.0,0.0,0.0,13.0,1.0,0.0,0.0,3.0,0.23076923,10.0,0.7692308,12.0,0.9230769,0.23076923,3.5465937,3.5849626,3.4594316,6.0,0.0,0.46153846,0.0,0.083333336,0.9112426,0.0,0.0,0.0,10.0,6.5,3.5,1.0,0.0,3.121928,0.0,7.7058334,0.8988949,1.6153846
qjvzghgqq.net,kraken,13.0,9.0,2.0,0.0,0.0,12.0,1.0,0.0,0.0,1.0,0.083333336,11.0,0.9166667,9.0,0.75,0.083333336,3.0220551,3.4594316,3.321928,10.0,0.0,0.8333333,0.0,0.22222222,0.8611111,0.0,0.0,0.0,9.0,6.0,3.0,1.0,0.0,2.4193819,0.0,8.748181,2.2566485,1.6666666
dacsrugox.cc,kraken,12.0,9.0,2.0,0.0,0.0,11.0,1.0,0.0,0.0,3.0,0.27272728,8.0,0.72727275,9.0,0.8181818,0.45454547,3.0271692,3.321928,3.169925,3.0,0.0,0.27272728,0.0,0.11111111,0.8595041,0.0,0.0,0.0,9.0,5.5,3.5,1.0,0.0,3.169925,0.0,9.332,1.2481153,1.7272727
qkbwykns.com,kraken,12.0,8.0,2.0,0.0,0.0,11.0,1.0,0.0,0.0,1.0,0.09090909,10.0,0.90909094,10.0,0.90909094,0.18181819,3.2776134,3.321928,3.169925,9.0,0.0,0.8181818,0.0,0.1,0.892562,0.0,0.0,0.0,8.0,5.5,2.5,1.0,0.0,2.75,0.0,7.925,1.5252572,1.7272727
favctavsjwj.net,kraken,15.0,11.0,2.0,0.0,0.0,14.0,1.0,0.0,0.0,3.0,0.21428572,11.0,0.78571427,10.0,0.71428573,0.35714287,3.2359264,3.5465937,3.5849626,6.0,0.0,0.42857143,0.0,0.4,0.8877551,0.0,0.0,0.0,11.0,7.0,4.0,1.0,0.0,2.9139771,0.0,8.04,1.2689649,1.5714285
ghnlhlns.tv,kraken,11.0,8.0,2.0,0.0,0.0,10.0,1.0,0.0,0.0,0.0,0.0,10.0,1.0,7.0,0.7,0.0,2.7219281,3.169925,3.0,10.0,0.0,1.0,0.0,0.42857143,0.84,0.0,0.0,0.0,8.0,5.0,3.0,1.0,0.0,2.25,0.0,8.374444,1.3307058,1.8
xkwdsg.cc,kraken,9.0,6.0,2.0,0.0,0.0,8.0,1.0,0.0,0.0,0.0,0.0,8.0,1.0,7.0,0.875,0.375,2.75,2.807355,2.5849626,8.0,0.0,1.0,0.0,0.14285715,0.84375,0.0,0.0,0.0,6.0,4.0,2.0,1.0,0.0,2.5849626,0.0,10.0,1.8971756,2.0
fqvybafstrs.cc,kraken,14.0,11.0,2.0,0.0,0.0,13.0,1.0,0.0,0.0,1.0,0.07692308,12.0,0.9230769,10.0,0.7692308,0.46153846,3.2389011,3.5849626,3.4594316,7.0,0.0,0.53846157,0.0,0.3,0.88757396,0.0,0.0,0.0,11.0,6.5,4.5,1.0,0.0,3.0957952,0.0,7.6883335,1.3921392,1.6153846
eockaabtdz.tv,kraken,13.0,10.0,2.0,0.0,0.0,12.0,1.0,0.0,0.0,4.0,0.33333334,8.0,0.6666667,10.0,0.8333333,0.5,3.251629,3.4594316,3.321928,6.0,0.0,0.5,0.0,0.2,0.8888889,0.0,0.0,0.0,10.0,6.0,4.0,1.0,0.0,3.121928,0.0,8.979091,1.1532353,1.6666666
rvcafast.net,kraken,12.0,8.0,2.0,0.0,0.0,11.0,1.0,0.0,0.0,3.0,0.27272728,8.0,0.72727275,9.0,0.8181818,0.45454547,3.0957952,3.321928,3.169925,3.0,0.0,0.27272728,0.0,0.22222222,0.87603307,0.0,0.0,0.0,8.0,5.5,2.5,1.0,0.0,2.75,0.0,6.429,0.854783,1.7272727
lgyqpvxg.cc,kraken,11.0,8.0,2.0,0.0,0.0,10.0,1.0,0.0,0.0,0.0,0.0,10.0,1.0,8.0,0.8,0.2,2.9219282,3.169925,3.0,10.0,0.0,1.0,0.0,0.25,0.86,0.0,0.0,0.0,8.0,5.0,3.0,1.0,0.0,2.75,0.0,10.0,2.0845482,1.8
pfaqnyoxojp.com,kraken,15.0,11.0,2.0,0.0,0.0,14.0,1.0,0.0,0.0,4.0,0.2857143,10.0,0.71428573,11.0,0.78571427,0.21428572,3.324863,3.7004397,3.5849626,3.0,0.0,0.21428572,0.0,0.18181819,0.8877551,0.0,0.0,0.0,11.0,7.0,4.0,1.0,0.0,3.0957952,0.0,8.934615,1.4321225,1.5714285
qepzthtrk.net,kraken,13.0,9.0,2.0,0.0,0.0,12.0,1.0,0.0,0.0,2.0,0.16666667,10.0,0.8333333,9.0,0.75,0.16666667,3.0220551,3.4594316,3.321928,8.0,0.0,0.6666667,0.0,0.22222222,0.8611111,0.0,0.0,0.0,9.0,6.0,3.0,1.0,0.0,2.947703,0.0,6.856364,1.3700043,1.6666666
ulloovrrcvd.cc,kraken,14.0,11.0,2.0,0.0,0.0,13.0,1.0,0.0,0.0,3.0,0.23076923,10.0,0.7692308,7.0,0.53846157,0.30769232,2.7192945,3.5849626,3.4594316,8.0,0.0,0.61538464,0.0,0.71428573,0.84023666,0.0,0.0,0.0,11.0,6.5,4.5,1.0,0.0,2.732159,0.0,8.9975,1.414788,1.6153846
lepbrmw.cc,kraken,10.0,7.0,2.0,0.0,0.0,9.0,1.0,0.0,0.0,1.0,0.11111111,8.0,0.8888889,8.0,0.8888889,0.44444445,2.947703,3.0,2.807355,7.0,0.0,0.7777778,0.0,0.125,0.86419755,0.0,0.0,0.0,7.0,4.5,2.5,1.0,0.0,2.807355,0.0,8.3975,1.3599008,1.8888888
mexerwnje.tv,kraken,12.0,9.0,2.0,0.0,0.0,11.0,1.0,0.0,0.0,3.0,0.27272728,8.0,0.72727275,9.0,0.8181818,0.27272728,3.0271692,3.321928,3.169925,4.0,0.0,0.36363637,0.0,0.11111111,0.8595041,0.0,0.0,0.0,9.0,5.5,3.5,1.0,0.0,2.6416042,0.0,7.198,1.3298414,1.7272727
yhvwiyami.cc,kraken,12.0,9.0,2.0,0.0,0.0,11.0,1.0,0.0,0.0,3.0,0.27272728,8.0,0.72727275,8.0,0.72727275,0.27272728,2.9139771,3.321928,3.169925,4.0,0.0,0.36363637,0.0,0.375,0.8595041,0.0,0.0,0.0,9.0,5.5,3.5,1.0,0.0,2.7254806,0.0,8.101,1.4733949,1.7272727
kingdemandaccountroofground.com,matsnu,31.0,27.0,2.0,0.0,0.0,30.0,1.0,0.0,0.0,11.0,0.36666667,19.0,0.6333333,14.0,0.46666667,0.33333334,3.60291,4.5131536,4.735926,3.0,0.0,0.1,0.0,0.64285713,0.9066667,0.0,0.0,0.0,27.0,15.0,12.0,1.0,0.0,3.6158175,0.0,4.803793,0.58398044,1.2
saltinstallarrivetransition.com,matsnu,31.0,27.0,2.0,0.0,0.0,30.0,1.0,0.0,0.0,11.0,0.36666667,19.0,0.6333333,12.0,0.4,0.2,3.406239,4.6510844,4.807355,3.0,0.0,0.1,0.0,0.6666667,0.8977778,0.0,0.0,0.0,27.0,15.0,12.0,1.0,0.0,3.1615708,0.0,3.61,0.44988114,1.2666667
edgeassociateassumeexercise.com,matsnu,31.0,27.0,2.0,0.0,0.0,30.0,1.0,0.0,0.0,15.0,0.5,15.0,0.5,13.0,0.43333334,0.46666667,3.3478606,4.582119,4.664498,2.0,0.0,0.06666667,0.0,0.53846157,0.87777776,0.0,0.0,0.0,27.0,15.0,12.0,1.0,0.0,3.272813,0.0,4.865517,0.55472493,1.1666666
sectionfootlandscapeaccording.com,matsnu,33.0,29.0,2.0,0.0,0.0,32.0,1.0,0.0,0.0,12.0,0.375,20.0,0.625,15.0,0.46875,0.40625,3.664717,4.8896804,4.9068904,4.0,0.0,0.125,0.0,0.6,0.9082031,0.0,0.0,0.0,29.0,16.0,13.0,1.0,0.0,3.633506,0.0,4.7393546,0.4164212,1.25
enthusiasmreportrevealrealize.com,matsnu,33.0,29.0,2.0,0.0,0.0,32.0,1.0,0.0,0.0,14.0,0.4375,18.0,0.5625,16.0,0.5,0.3125,3.7417293,4.6717806,4.840224,3.0,0.0,0.09375,0.0,0.5625,0.91015625,0.0,0.0,0.0,29.0,16.0,13.0,1.0,0.0,3.6074753,0.0,4.257742,0.34359533,1.1875
beddealoweattractownwake.com,matsnu,28.0,24.0,2.0,0.0,0.0,27.0,1.0,0.0,0.0,11.0,0.4074074,16.0,0.5925926,13.0,0.4814815,0.4814815,3.485826,4.5465937,4.643856,3.0,0.0,0.11111111,0.0,0.53846157,0.8998628,0.0,0.0,0.0,24.0,13.5,10.5,1.0,0.0,3.3553886,0.0,5.1923075,0.5974744,1.2962962
weekprintevencounterachieve.com,matsnu,31.0,27.0,2.0,0.0,0.0,30.0,1.0,0.0,0.0,13.0,0.43333334,17.0,0.56666666,15.0,0.5,0.36666667,3.6015153,4.5131536,4.664498,3.0,0.0,0.1,0.0,0.53333336,0.89555556,0.0,0.0,0.0,27.0,15.0,12.0,1.0,0.0,3.4805775,0.0,4.513448,0.5174456,1.1666666
stressgaschallengewatchweigh.com,matsnu,32.0,28.0,2.0,0.0,0.0,31.0,1.0,0.0,0.0,9.0,0.29032257,22.0,0.7096774,14.0,0.4516129,0.32258064,3.630985,4.840224,4.857981,4.0,0.0,0.12903225,0.0,0.64285713,0.91155046,0.0,0.0,0.0,28.0,15.5,12.5,1.0,0.0,3.44076,0.0,5.8906665,0.49772128,1.2580645
answersitparentdishconnect.com,matsnu,30.0,26.0,2.0,0.0,0.0,29.0,1.0,0.0,0.0,9.0,0.31034482,20.0,0.6896552,14.0,0.4827586,0.31034482,3.6504104,4.735926,4.7548876,3.0,0.0,0.10344828,0.0,0.64285713,0.9131986,0.0,0.0,0.0,26.0,14.5,11.5,1.0,0.0,3.5364141,0.0,4.799643,0.35642517,1.2758621
dimension-retire.com,matsnu,20.0,16.0,2.0,0.0,0.0,18.0,0.94736844,1.0,0.05263158,8.0,0.42105263,10.0,0.5263158,11.0,0.57894737,0.2631579,3.3263605,4.058814,4.087463,2.0,0.0,0.10526316,0.0,0.54545456,0.89196676,0.0,0.0,0.0,16.0,9.5,6.5,1.0,0.0,3.1556392,0.0,3.9683332,0.5859187,1.4210526
tourpromiseboxrelyreserve.com,matsnu,29.0,25.0,2.0,0.0,0.0,28.0,1.0,0.0,0.0,11.0,0.39285713,17.0,0.60714287,15.0,0.53571427,0.25,3.5495234,4.5326653,4.70044,3.0,0.0,0.10714286,0.0,0.33333334,0.89285713,0.0,0.0,0.0,25.0,14.0,11.0,1.0,0.0,3.4448895,0.0,4.702963,0.57916504,1.2857143
benefitaddresstrydisappointed.com,matsnu,33.0,29.0,2.0,0.0,0.0,32.0,1.0,0.0,0.0,11.0,0.34375,21.0,0.65625,15.0,0.46875,0.40625,3.7417293,4.9541965,4.9068904,6.0,0.0,0.1875,0.0,0.6666667,0.91796875,0.0,0.0,0.0,29.0,16.0,13.0,1.0,0.0,3.5385098,0.0,4.354516,0.3705185,1.25
interviewcoastquoteconnect.com,matsnu,30.0,26.0,2.0,0.0,0.0,29.0,1.0,0.0,0.0,12.0,0.41379312,17.0,0.5862069,14.0,0.4827586,0.31034482,3.5216055,4.4946804,4.7548876,3.0,0.0,0.10344828,0.0,0.42857143,0.89892983,0.0,0.0,0.0,26.0,14.5,11.5,1.0,0.0,3.4594913,0.0,5.414643,0.5712095,1.2758621
unclekickofferzonehangclaim.com,matsnu,31.0,27.0,2.0,0.0,0.0,30.0,1.0,0.0,0.0,11.0,0.36666667,19.0,0.6333333,15.0,0.5,0.36666667,3.7647352,4.7890153,4.807355,4.0,0.0,0.13333334,0.0,0.6666667,0.92,0.0,0.0,0.0,27.0,15.0,12.0,1.0,0.0,3.7821221,0.0,6.357931,0.6178237,1.2666667
smokepullwishzonegiftresort.com,matsnu,31.0,27.0,2.0,0.0,0.0,30.0,1.0,0.0,0.0,10.0,0.33333334,20.0,0.6666667,18.0,0.6,0.16666667,3.9898982,4.857981,4.807355,3.0,0.0,0.1,0.0,0.44444445,0.9288889,0.0,0.0,0.0,27.0,15.0,12.0,1.0,0.0,3.9302704,0.0,6.0089655,0.35928553,1.2666667
villagesailexpandclockrepresent.com,matsnu,35.0,31.0,2.0,0.0,0.0,34.0,1.0,0.0,0.0,12.0,0.3529412,22.0,0.64705884,17.0,0.5,0.3529412,3.8780682,4.862576,5.0,4.0,0.0,0.11764706,0.0,0.5882353,0.9221453,0.0,0.0,0.0,31.0,17.0,14.0,1.0,0.0,3.781147,0.0,4.5478787,0.3599113,1.2352941
chairlettertiredblueimage.com,matsnu,29.0,25.0,2.0,0.0,0.0,28.0,1.0,0.0,0.0,12.0,0.42857143,16.0,0.5714286,14.0,0.5,0.39285713,3.5975585,4.6808133,4.70044,3.0,0.0,0.10714286,0.0,0.5714286,0.90561223,0.0,0.0,0.0,25.0,14.0,11.0,1.0,0.0,3.448884,0.0,5.3962965,0.43587914,1.2857143
projectsitetrustbagcrash.com,matsnu,28.0,24.0,2.0,0.0,0.0,27.0,1.0,0.0,0.0,8.0,0.2962963,19.0,0.7037037,15.0,0.5555556,0.2962963,3.708048,4.70044,4.643856,3.0,0.0,0.11111111,0.0,0.46666667,0.91358024,0.0,0.0,0.0,24.0,13.5,10.5,1.0,0.0,3.6053886,0.0,5.3834615,0.4785209,1.2962962
sharewaitcompetethinkdisplay.com,matsnu,32.0,28.0,2.0,0.0,0.0,31.0,1.0,0.0,0.0,11.0,0.3548387,20.0,0.6451613,17.0,0.5483871,0.29032257,3.9535656,4.7068906,4.7890153,3.0,0.0,0.09677419,0.0,0.5882353,0.930281,0.0,0.0,0.0,28.0,15.5,12.5,1.0,0.0,3.9137995,0.0,5.0406666,0.2898703,1.2258065
bowlquotehopewitnesslimited.com,matsnu,31.0,27.0,2.0,0.0,0.0,30.0,1.0,0.0,0.0,12.0,0.4,18.0,0.6,16.0,0.53333336,0.23333333,3.7898982,4.72005,4.807355,3.0,0.0,0.1,0.0,0.5,0.9177778,0.0,0.0,0.0,27.0,15.0,12.0,1.0,0.0,3.708048,0.0,5.7024136,0.46796164,1.2666667
implementweighfeelracereference.com,matsnu,35.0,31.0,2.0,0.0,0.0,34.0,1.0,0.0,0.0,14.0,0.4117647,20.0,0.5882353,15.0,0.44117647,0.47058824,3.4555821,4.741364,4.9375,3.0,0.0,0.0882353,0.0,0.53333336,0.87024224,0.0,0.0,0.0,31.0,17.0,14.0,1.0,0.0,3.3421264,0.0,5.467879,0.56688595,1.1764706
pensionencouragingmarkpain.com,matsnu,30.0,26.0,2.0,0.0,0.0,29.0,1.0,0.0,0.0,12.0,0.41379312,17.0,0.5862069,13.0,0.44827586,0.2413793,3.5519705,4.521641,4.6808133,3.0,0.0,0.10344828,0.0,0.7692308,0.9060642,0.0,0.0,0.0,26.0,14.5,11.5,1.0,0.0,3.503539,0.0,4.377143,0.53082883,1.2413793
ironbottleaffordcommenttend.com,matsnu,31.0,27.0,2.0,0.0,0.0,30.0,1.0,0.0,0.0,10.0,0.33333334,20.0,0.6666667,13.0,0.43333334,0.36666667,3.5110805,4.5131536,4.664498,3.0,0.0,0.1,0.0,0.6923077,0.9022222,0.0,0.0,0.0,27.0,15.0,12.0,1.0,0.0,3.5137846,0.0,5.6631036,0.5484587,1.1666666
golfsentencegetanticipate.com,matsnu,29.0,25.0,2.0,0.0,0.0,28.0,1.0,0.0,0.0,11.0,0.39285713,17.0,0.60714287,13.0,0.4642857,0.39285713,3.4816616,4.5326653,4.70044,3.0,0.0,0.10714286,0.0,0.61538464,0.8979592,0.0,0.0,0.0,25.0,14.0,11.0,1.0,0.0,3.349275,0.0,4.5066667,0.49333623,1.2857143
combinationhesitateseecash.com,matsnu,30.0,26.0,2.0,0.0,0.0,29.0,1.0,0.0,0.0,13.0,0.44827586,16.0,0.55172414,11.0,0.37931034,0.37931034,3.3914526,4.521641,4.6808133,3.0,0.0,0.10344828,0.0,0.90909094,0.90130794,0.0,0.0,0.0,26.0,14.5,11.5,1.0,0.0,3.353534,0.0,3.9232142,0.51088804,1.2758621
pensiontackleseemdiscover.com,matsnu,29.0,25.0,2.0,0.0,0.0,28.0,1.0,0.0,0.0,11.0,0.39285713,17.0,0.60714287,15.0,0.53571427,0.35714287,3.668987,4.6808133,4.70044,3.0,0.0,0.10714286,0.0,0.46666667,0.90816325,0.0,0.0,0.0,25.0,14.0,11.0,1.0,0.0,3.669275,0.0,4.6844444,0.40386137,1.2857143
softwareowegroundstuffbill.com,matsnu,30.0,26.0,2.0,0.0,0.0,29.0,1.0,0.0,0.0,10.0,0.3448276,19.0,0.6551724,17.0,0.5862069,0.31034482,3.9353986,4.807355,4.7548876,4.0,0.0,0.13793103,0.0,0.5294118,0.9274673,0.0,0.0,0.0,26.0,14.5,11.5,1.0,0.0,3.7962177,0.0,6.316786,0.41336542,1.2758621
hourtower-staff.com,matsnu,19.0,15.0,2.0,0.0,0.0,17.0,0.9444444,1.0,0.055555556,6.0,0.33333334,11.0,0.6111111,13.0,0.7222222,0.2777778,3.5724313,4.087463,4.0,3.0,0.0,0.16666667,0.0,0.30769232,0.9074074,0.0,0.0,0.0,15.0,9.0,6.0,1.0,0.0,3.3735573,0.0,5.4823527,0.68659526,1.4444444
mapturnluckspreadaccount.com,matsnu,28.0,24.0,2.0,0.0,0.0,27.0,1.0,0.0,0.0,9.0,0.33333334,18.0,0.6666667,14.0,0.5185185,0.33333334,3.661933,4.6235166,4.643856,5.0,0.0,0.18518518,0.0,0.64285713,0.91358024,0.0,0.0,0.0,24.0,13.5,10.5,1.0,0.0,3.6572683,0.0,5.8461537,0.5484395,1.2962962
touriststaffrecommendappreciate.com,matsnu,35.0,31.0,2.0,0.0,0.0,34.0,1.0,0.0,0.0,13.0,0.38235295,21.0,0.61764705,14.0,0.4117647,0.38235295,3.6823323,4.657882,4.8125,4.0,0.0,0.11764706,0.0,0.78571427,0.916955,0.0,0.0,0.0,31.0,17.0,14.0,1.0,0.0,3.6796875,0.0,4.311212,0.41001862,1.117647
stomachsmellpraydishsummer.com,matsnu,30.0,26.0,2.0,0.0,0.0,29.0,1.0,0.0,0.0,8.0,0.27586207,21.0,0.7241379,15.0,0.51724136,0.2413793,3.6990278,4.593069,4.7548876,4.0,0.0,0.13793103,0.0,0.6,0.9108204,0.0,0.0,0.0,26.0,14.5,11.5,1.0,0.0,3.7004397,0.0,5.9714284,0.47994775,1.2758621
roomattemptjoblunchpension.com,matsnu,30.0,26.0,2.0,0.0,0.0,29.0,1.0,0.0,0.0,10.0,0.3448276,19.0,0.6551724,16.0,0.55172414,0.20689656,3.758867,4.664498,4.7548876,4.0,0.0,0.13793103,0.0,0.4375,0.9131986,0.0,0.0,0.0,26.0,14.5,11.5,1.0,0.0,3.7962177,0.0,5.413214,0.46100613,1.2758621
coatbuddycounterinstallwake.com,matsnu,31.0,27.0,2.0,0.0,0.0,30.0,1.0,0.0,0.0,11.0,0.36666667,19.0,0.6333333,17.0,0.56666666,0.36666667,3.9395723,4.6940193,4.807355,4.0,0.0,0.13333334,0.0,0.5294118,0.9288889,0.0,0.0,0.0,27.0,15.0,12.0,1.0,0.0,3.884155,0.0,5.5189657,0.32232988,1.2666667
thoughtpersuadefirmmeetlisten.com,matsnu,33.0,29.0,2.0,0.0,0.0,32.0,1.0,0.0,0.0,12.0,0.375,20.0,0.625,17.0,0.53125,0.28125,3.8636086,4.9541965,4.9068904,4.0,0.0,0.125,0.0,0.5294118,0.9199219,0.0,0.0,0.0,29.0,16.0,13.0,1.0,0.0,3.7679935,0.0,5.7964516,0.2885288,1.25
bottletabledoubtphaseprint.com,matsnu,30.0,26.0,2.0,0.0,0.0,29.0,1.0,0.0,0.0,10.0,0.3448276,19.0,0.6551724,16.0,0.55172414,0.3448276,3.758867,4.735926,4.7548876,4.0,0.0,0.13793103,0.0,0.4375,0.9131986,0.0,0.0,0.0,26.0,14.5,11.5,1.0,0.0,3.5804622,0.0,5.029643,0.41457257,1.2758621
datecommentslipinfluence.com,matsnu,28.0,24.0,2.0,0.0,0.0,27.0,1.0,0.0,0.0,10.0,0.37037036,17.0,0.6296296,14.0,0.5185185,0.37037036,3.633974,4.3927474,4.483856,4.0,0.0,0.14814815,0.0,0.5714286,0.91083676,0.0,0.0,0.0,24.0,13.5,10.5,1.0,0.0,3.6368423,0.0,5.361154,0.4603075,1.2222222
wavesetsharpzonerecoverstay.com,matsnu,31.0,27.0,2.0,0.0,0.0,30.0,1.0,0.0,0.0,11.0,0.36666667,19.0,0.6333333,15.0,0.5,0.33333334,3.6859176,4.6510844,4.807355,3.0,0.0,0.1,0.0,0.53333336,0.9111111,0.0,0.0,0.0,27.0,15.0,12.0,1.0,0.0,3.5743577,0.0,5.257931,0.49725604,1.2666667
problemhabitbuildseemfill.com,matsnu,29.0,25.0,2.0,0.0,0.0,28.0,1.0,0.0,0.0,10.0,0.35714287,18.0,0.64285713,16.0,0.5714286,0.35714287,3.7709424,4.6067395,4.70044,3.0,0.0,0.10714286,0.0,0.375,0.9158163,0.0,0.0,0.0,25.0,14.0,11.0,1.0,0.0,3.6732697,0.0,5.4,0.53146994,1.2857143
clubbendaverageneedcraft.com,matsnu,28.0,24.0,2.0,0.0,0.0,27.0,1.0,0.0,0.0,10.0,0.37037036,17.0,0.6296296,15.0,0.5555556,0.5925926,3.6763906,4.5465937,4.643856,3.0,0.0,0.11111111,0.0,0.46666667,0.9080933,0.0,0.0,0.0,24.0,13.5,10.5,1.0,0.0,3.4864404,0.0,5.7515383,0.5349403,1.2962962
collarstormthinkbillpart.com,matsnu,28.0,24.0,2.0,0.0,0.0,27.0,1.0,0.0,0.0,7.0,0.25925925,20.0,0.7407407,14.0,0.5185185,0.18518518,3.633974,4.4696703,4.643856,4.0,0.0,0.14814815,0.0,0.5714286,0.91083676,0.0,0.0,0.0,24.0,13.5,10.5,1.0,0.0,3.6053886,0.0,4.997308,0.51872915,1.2962962
belltankneckrowliftwalkdump.com,matsnu,31.0,27.0,2.0,0.0,0.0,30.0,1.0,0.0,0.0,8.0,0.26666668,22.0,0.73333335,17.0,0.56666666,0.3,3.9483943,4.857981,4.807355,3.0,0.0,0.1,0.0,0.5882353,0.9288889,0.0,0.0,0.0,27.0,15.0,12.0,1.0,0.0,3.912114,0.0,6.6051726,0.5062472,1.2666667
groceryinfluencetellluck.com,matsnu,28.0,24.0,2.0,0.0,0.0,27.0,1.0,0.0,0.0,9.0,0.33333334,18.0,0.6666667,14.0,0.5185185,0.33333334,3.5697024,4.4696703,4.643856,3.0,0.0,0.11111111,0.0,0.5,0.9026063,0.0,0.0,0.0,24.0,13.5,10.5,1.0,0.0,3.4701755,0.0,6.2380767,0.61901605,1.2962962
piecedishfigurecrashlike.com,matsnu,28.0,24.0,2.0,0.0,0.0,27.0,1.0,0.0,0.0,11.0,0.4074074,16.0,0.5925926,16.0,0.5925926,0.37037036,3.7639658,4.440636,4.643856,3.0,0.0,0.11111111,0.0,0.375,0.91358024,0.0,0.0,0.0,24.0,13.5,10.5,1.0,0.0,3.5849626,0.0,5.3603845,0.46471474,1.2962962
concertpraymouseassociate.com,matsnu,29.0,25.0,2.0,0.0,0.0,28.0,1.0,0.0,0.0,12.0,0.42857143,16.0,0.5714286,13.0,0.4642857,0.35714287,3.5121884,4.6808133,4.70044,4.0,0.0,0.14285715,0.0,0.61538464,0.9030612,0.0,0.0,0.0,25.0,14.0,11.0,1.0,0.0,3.5328786,0.0,4.301111,0.46277115,1.2857143
healthhesitatespellexperience.com,matsnu,33.0,29.0,2.0,0.0,0.0,32.0,1.0,0.0,0.0,13.0,0.40625,19.0,0.59375,14.0,0.4375,0.375,3.4917293,4.760648,4.9068904,4.0,0.0,0.125,0.0,0.64285713,0.88671875,0.0,0.0,0.0,29.0,16.0,13.0,1.0,0.0,3.2626479,0.0,3.8819356,0.5022228,1.25
qualityauthorzoneretireadvanced.com,matsnu,35.0,31.0,2.0,0.0,0.0,34.0,1.0,0.0,0.0,15.0,0.44117647,19.0,0.5588235,17.0,0.5,0.3529412,3.903208,4.983788,5.0,2.0,0.0,0.05882353,0.0,0.5882353,0.92560554,0.0,0.0,0.0,31.0,17.0,14.0,1.0,0.0,3.8087196,0.0,5.2221212,0.3833328,1.2352941
potdiestrainattemptwater.com,matsnu,28.0,24.0,2.0,0.0,0.0,27.0,1.0,0.0,0.0,10.0,0.37037036,17.0,0.6296296,13.0,0.4814815,0.2962963,3.4578671,4.5465937,4.643856,4.0,0.0,0.14814815,0.0,0.61538464,0.8916324,0.0,0.0,0.0,24.0,13.5,10.5,1.0,0.0,3.2924812,0.0,5.0365386,0.47467276,1.2962962
strokeradiogenerateboxball.com,matsnu,30.0,26.0,2.0,0.0,0.0,29.0,1.0,0.0,0.0,12.0,0.41379312,17.0,0.5862069,16.0,0.55172414,0.37931034,3.771437,4.664498,4.6808133,3.0,0.0,0.10344828,0.0,0.4375,0.9155767,0.0,0.0,0.0,26.0,14.5,11.5,1.0,0.0,3.6133373,0.0,5.0639286,0.39221737,1.2068965
datepersuadestaysmokeseason.com,matsnu,31.0,27.0,2.0,0.0,0.0,30.0,1.0,0.0,0.0,13.0,0.43333334,17.0,0.56666666,14.0,0.46666667,0.4,3.5077517,4.7890153,4.807355,3.0,0.0,0.1,0.0,0.5,0.89555556,0.0,0.0,0.0,27.0,15.0,12.0,1.0,0.0,3.3763957,0.0,5.03,0.42952013,1.2666667
significancedishdelaymeet.com,matsnu,29.0,25.0,2.0,0.0,0.0,28.0,1.0,0.0,0.0,11.0,0.39285713,17.0,0.60714287,15.0,0.53571427,0.42857143,3.708966,4.7548876,4.70044,3.0,0.0,0.10714286,0.0,0.53333336,0.9132653,0.0,0.0,0.0,25.0,14.0,11.0,1.0,0.0,3.603856,0.0,5.5933332,0.4257237,1.2857143
sympathytackleexaminestable.com,matsnu,31.0,27.0,2.0,0.0,0.0,30.0,1.0,0.0,0.0,10.0,0.33333334,20.0,0.6666667,16.0,0.53333336,0.36666667,3.7898982,4.72005,4.807355,4.0,0.0,0.13333334,0.0,0.5,0.9177778,0.0,0.0,0.0,27.0,15.0,12.0,1.0,0.0,3.6898916,0.0,5.025172,0.48337567,1.2666667
partorganizeenableattempt.com,matsnu,29.0,25.0,2.0,0.0,0.0,28.0,1.0,0.0,0.0,11.0,0.39285713,17.0,0.60714287,14.0,0.5,0.35714287,3.5930693,4.7548876,4.70044,4.0,0.0,0.14285715,0.0,0.5714286,0.90561223,0.0,0.0,0.0,25.0,14.0,11.0,1.0,0.0,3.4438562,0.0,5.266667,0.5018639,1.2857143
kingproduceclaimproposed.com,matsnu,28.0,24.0,2.0,0.0,0.0,27.0,1.0,0.0,0.0,10.0,0.37037036,17.0,0.6296296,15.0,0.5555556,0.2962963,3.736007,4.5465937,4.563856,4.0,0.0,0.14814815,0.0,0.53333336,0.9163237,0.0,0.0,0.0,24.0,13.5,10.5,1.0,0.0,3.7720551,0.0,5.3007693,0.51383114,1.2222222
taskbaseattackdealpartner.com,matsnu,29.0,25.0,2.0,0.0,0.0,28.0,1.0,0.0,0.0,10.0,0.35714287,18.0,0.64285713,14.0,0.5,0.4642857,3.5121884,4.5326653,4.70044,3.0,0.0,0.10714286,0.0,0.5,0.89285713,0.0,0.0,0.0,25.0,14.0,11.0,1.0,0.0,3.2732697,0.0,4.9003706,0.50215304,1.2857143
collarquestiondesireneck.com,matsnu,28.0,24.0,2.0,0.0,0.0,27.0,1.0,0.0,0.0,11.0,0.4074074,16.0,0.5925926,15.0,0.5555556,0.33333334,3.736007,4.5465937,4.643856,3.0,0.0,0.11111111,0.0,0.53333336,0.9163237,0.0,0.0,0.0,24.0,13.5,10.5,1.0,0.0,3.6682959,0.0,4.564231,0.41211233,1.2962962
borderapplyquarterdishcoat.com,matsnu,30.0,26.0,2.0,0.0,0.0,29.0,1.0,0.0,0.0,10.0,0.3448276,19.0,0.6551724,17.0,0.5862069,0.3448276,3.909368,4.593069,4.7548876,5.0,0.0,0.1724138,0.0,0.47058824,0.9250892,0.0,0.0,0.0,26.0,14.5,11.5,1.0,0.0,3.8252518,0.0,5.4160714,0.40921947,1.2758621
healthtreetradeadvantage.com,matsnu,28.0,24.0,2.0,0.0,0.0,27.0,1.0,0.0,0.0,11.0,0.4074074,16.0,0.5925926,13.0,0.4814815,0.4814815,3.3763957,4.4696703,4.643856,5.0,0.0,0.18518518,0.0,0.46153846,0.88340193,0.0,0.0,0.0,24.0,13.5,10.5,1.0,0.0,3.0341592,0.0,3.958077,0.5313101,1.2962962
indicationrelaxpersuadepound.com,matsnu,32.0,28.0,2.0,0.0,0.0,31.0,1.0,0.0,0.0,14.0,0.4516129,17.0,0.5483871,15.0,0.48387095,0.3548387,3.775831,4.840224,4.857981,3.0,0.0,0.09677419,0.0,0.6666667,0.9219563,0.0,0.0,0.0,28.0,15.5,12.5,1.0,0.0,3.6725535,0.0,4.206,0.3753055,1.2580645
classshoelookbuildingbox.com,matsnu,28.0,24.0,2.0,0.0,0.0,27.0,1.0,0.0,0.0,10.0,0.37037036,17.0,0.6296296,16.0,0.5925926,0.25925925,3.7504647,4.6235166,4.643856,4.0,0.0,0.14814815,0.0,0.375,0.91083676,0.0,0.0,0.0,24.0,13.5,10.5,1.0,0.0,3.688722,0.0,5.81,0.57482654,1.2962962
outside-borrow.com,matsnu,18.0,14.0,2.0,0.0,0.0,16.0,0.9411765,1.0,0.05882353,7.0,0.4117647,9.0,0.5294118,13.0,0.7647059,0.23529412,3.4992275,4.0,3.9068906,2.0,0.0,0.11764706,0.0,0.15384616,0.8927336,0.0,0.0,0.0,14.0,8.5,5.5,1.0,0.0,3.324863,0.0,6.065625,0.6720338,1.4705882
redpatternlunchdrivewell.com,matsnu,28.0,24.0,2.0,0.0,0.0,27.0,1.0,0.0,0.0,8.0,0.2962963,19.0,0.7037037,16.0,0.5925926,0.33333334,3.810081,4.70044,4.643856,5.0,0.0,0.18518518,0.0,0.4375,0.9190672,0.0,0.0,0.0,24.0,13.5,10.5,1.0,0.0,3.6053886,0.0,6.2415385,0.38325548,1.2962962
commissionrowtreeshineprint.com,matsnu,31.0,27.0,2.0,0.0,0.0,30.0,1.0,0.0,0.0,11.0,0.36666667,19.0,0.6333333,12.0,0.4,0.16666667,3.4477427,4.6510844,4.735926,3.0,0.0,0.1,0.0,0.75,0.9022222,0.0,0.0,0.0,27.0,15.0,12.0,1.0,0.0,3.4299083,0.0,4.2789655,0.5081078,1.2666667
dirtsellfathericeinstall.com,matsnu,28.0,24.0,2.0,0.0,0.0,27.0,1.0,0.0,0.0,9.0,0.33333334,18.0,0.6666667,14.0,0.5185185,0.33333334,3.633974,4.6235166,4.643856,3.0,0.0,0.11111111,0.0,0.5714286,0.91083676,0.0,0.0,0.0,24.0,13.5,10.5,1.0,0.0,3.4072683,0.0,4.848077,0.37492436,1.2962962
godsailbusbottlechartappreciate.com,matsnu,35.0,31.0,2.0,0.0,0.0,34.0,1.0,0.0,0.0,13.0,0.38235295,21.0,0.61764705,16.0,0.47058824,0.38235295,3.8443844,4.9003067,5.0,3.0,0.0,0.0882353,0.0,0.6875,0.92387545,0.0,0.0,0.0,31.0,17.0,14.0,1.0,0.0,3.7685547,0.0,5.359697,0.32948604,1.2352941
trashbellhasprogramobject.com,matsnu,29.0,25.0,2.0,0.0,0.0,28.0,1.0,0.0,0.0,8.0,0.2857143,20.0,0.71428573,14.0,0.5,0.32142857,3.726474,4.6067395,4.70044,3.0,0.0,0.10714286,0.0,0.78571427,0.92091835,0.0,0.0,0.0,25.0,14.0,11.0,1.0,0.0,3.7034652,0.0,5.358148,0.5270775,1.2857143
explanationfillseeattempt.com,matsnu,29.0,25.0,2.0,0.0,0.0,28.0,1.0,0.0,0.0,11.0,0.39285713,17.0,0.60714287,13.0,0.4642857,0.32142857,3.5391486,4.6808133,4.70044,4.0,0.0,0.14285715,0.0,0.6923077,0.90561223,0.0,0.0,0.0,25.0,14.0,11.0,1.0,0.0,3.3834653,0.0,5.0144444,0.51520455,1.2857143
taxbecomeconcentrateoperate.com,matsnu,31.0,27.0,2.0,0.0,0.0,30.0,1.0,0.0,0.0,13.0,0.43333334,17.0,0.56666666,11.0,0.36666667,0.46666667,3.231402,4.2541957,4.4232516,3.0,0.0,0.1,0.0,0.72727275,0.88,0.0,0.0,0.0,27.0,15.0,12.0,1.0,0.0,3.2076862,0.0,3.9013793,0.6866152,1.1
usernegotiatewaitbikecelebrate.com,matsnu,34.0,30.0,2.0,0.0,0.0,33.0,1.0,0.0,0.0,16.0,0.4848485,17.0,0.5151515,16.0,0.4848485,0.42424244,3.6758711,4.8125,4.8896804,2.0,0.0,0.060606062,0.0,0.5,0.9017447,0.0,0.0,0.0,30.0,16.5,13.5,1.0,0.0,3.5348487,0.0,5.2084374,0.36868018,1.2121212
amountschemehappenovercome.com,matsnu,30.0,26.0,2.0,0.0,0.0,29.0,1.0,0.0,0.0,12.0,0.41379312,17.0,0.5862069,13.0,0.44827586,0.3448276,3.4661007,4.593069,4.6808133,5.0,0.0,0.1724138,0.0,0.61538464,0.8965517,0.0,0.0,0.0,26.0,14.5,11.5,1.0,0.0,3.503539,0.0,4.506786,0.60896254,1.2068965
thoughttieassociatejuryadmire.com,matsnu,33.0,29.0,2.0,0.0,0.0,32.0,1.0,0.0,0.0,14.0,0.4375,18.0,0.5625,15.0,0.46875,0.28125,3.7806392,4.9541965,4.9068904,4.0,0.0,0.125,0.0,0.73333335,0.921875,0.0,0.0,0.0,29.0,16.0,13.0,1.0,0.0,3.7454064,0.0,5.540323,0.38036194,1.25
waystableputfirmbeencash.com,matsnu,28.0,24.0,2.0,0.0,0.0,27.0,1.0,0.0,0.0,9.0,0.33333334,18.0,0.6666667,18.0,0.6666667,0.4074074,4.0323033,4.70044,4.643856,3.0,0.0,0.11111111,0.0,0.3888889,0.9327846,0.0,0.0,0.0,24.0,13.5,10.5,1.0,0.0,3.938722,0.0,6.455,0.32726747,1.2962962
backsailcausewaitfixedappreciate.com,matsnu,36.0,32.0,2.0,0.0,0.0,35.0,1.0,0.0,0.0,16.0,0.45714286,19.0,0.54285717,18.0,0.51428574,0.4857143,3.8290038,4.9698157,5.044394,3.0,0.0,0.08571429,0.0,0.3888889,0.9126531,0.0,0.0,0.0,32.0,17.5,14.5,1.0,0.0,3.6792293,0.0,5.87,0.43914893,1.2285714
savingstructurelimitedfail.com,matsnu,30.0,26.0,2.0,0.0,0.0,29.0,1.0,0.0,0.0,11.0,0.37931034,18.0,0.62068963,16.0,0.55172414,0.27586207,3.8664331,4.807355,4.7548876,5.0,0.0,0.1724138,0.0,0.625,0.9250892,0.0,0.0,0.0,26.0,14.5,11.5,1.0,0.0,3.7483287,0.0,5.1275,0.3366785,1.2758621
trackplateplacesailknife.com,matsnu,28.0,24.0,2.0,0.0,0.0,27.0,1.0,0.0,0.0,10.0,0.37037036,17.0,0.6296296,14.0,0.5185185,0.4074074,3.633974,4.4696703,4.563856,4.0,0.0,0.14814815,0.0,0.5714286,0.91083676,0.0,0.0,0.0,24.0,13.5,10.5,1.0,0.0,3.438722,0.0,5.08,0.5200088,1.2222222
bathroomkickflybonefirereduce.com,matsnu,33.0,29.0,2.0,0.0,0.0,32.0,1.0,0.0,0.0,12.0,0.375,20.0,0.625,17.0,0.53125,0.40625,3.8903196,4.825164,4.9068904,6.0,0.0,0.1875,0.0,0.5294118,0.9238281,0.0,0.0,0.0,29.0,16.0,13.0,1.0,0.0,3.909368,0.0,5.7264514,0.47637266,1.25
framepersuadesurpriseshare.com,matsnu,30.0,26.0,2.0,0.0,0.0,29.0,1.0,0.0,0.0,12.0,0.41379312,17.0,0.5862069,13.0,0.44827586,0.37931034,3.410596,4.664498,4.7548876,3.0,0.0,0.10344828,0.0,0.53846157,0.88941735,0.0,0.0,0.0,26.0,14.5,11.5,1.0,0.0,3.1629717,0.0,4.27,0.5518608,1.2758621
reputationlandsuggestconnect.com,matsnu,32.0,28.0,2.0,0.0,0.0,31.0,1.0,0.0,0.0,11.0,0.3548387,20.0,0.6451613,15.0,0.48387095,0.29032257,3.7198524,4.7068906,4.7890153,3.0,0.0,0.09677419,0.0,0.6,0.9157128,0.0,0.0,0.0,28.0,15.5,12.5,1.0,0.0,3.6375375,0.0,4.978667,0.34431624,1.1935484
coupleboardwishmuscleapologize.com,matsnu,34.0,30.0,2.0,0.0,0.0,33.0,1.0,0.0,0.0,14.0,0.42424244,19.0,0.57575756,17.0,0.5151515,0.3030303,3.896688,4.875,4.9541965,3.0,0.0,0.09090909,0.0,0.5882353,0.9237833,0.0,0.0,0.0,30.0,16.5,13.5,1.0,0.0,3.9232314,0.0,6.2078123,0.45133272,1.2424242
medicineheatcomplicatedweigh.com,matsnu,32.0,28.0,2.0,0.0,0.0,31.0,1.0,0.0,0.0,13.0,0.41935483,18.0,0.58064514,14.0,0.4516129,0.41935483,3.5875986,4.5735574,4.7890153,3.0,0.0,0.09677419,0.0,0.64285713,0.905307,0.0,0.0,0.0,28.0,15.5,12.5,1.0,0.0,3.5800505,0.0,4.9273334,0.5334166,1.1935484
branchfatherseekoilseekeffect.com,matsnu,33.0,29.0,2.0,0.0,0.0,32.0,1.0,0.0,0.0,12.0,0.375,20.0,0.625,15.0,0.46875,0.5,3.6512105,4.760648,4.773557,4.0,0.0,0.125,0.0,0.6666667,0.90234375,0.0,0.0,0.0,29.0,16.0,13.0,1.0,0.0,3.5336235,0.0,6.4803224,0.5183204,1.15625
investmentdoubtphrasediscover.com,matsnu,33.0,29.0,2.0,0.0,0.0,32.0,1.0,0.0,0.0,11.0,0.34375,21.0,0.65625,16.0,0.5,0.3125,3.8667293,4.825164,4.9068904,5.0,0.0,0.15625,0.0,0.6875,0.92578125,0.0,0.0,0.0,29.0,16.0,13.0,1.0,0.0,3.8404026,0.0,5.307097,0.33334374,1.25
keyenablesavedelaycommunicate.com,matsnu,33.0,29.0,2.0,0.0,0.0,32.0,1.0,0.0,0.0,14.0,0.4375,18.0,0.5625,16.0,0.5,0.46875,3.7181392,4.825164,4.840224,2.0,0.0,0.0625,0.0,0.5,0.9082031,0.0,0.0,0.0,29.0,16.0,13.0,1.0,0.0,3.7024715,0.0,5.0703225,0.46057916,1.1875
datayardenjoyneckexplore.com,matsnu,28.0,24.0,2.0,0.0,0.0,27.0,1.0,0.0,0.0,10.0,0.37037036,17.0,0.6296296,15.0,0.5555556,0.4074074,3.736007,4.6235166,4.643856,3.0,0.0,0.11111111,0.0,0.53333336,0.9163237,0.0,0.0,0.0,24.0,13.5,10.5,1.0,0.0,3.6368423,0.0,5.8996153,0.55411446,1.2962962
tableconferencecommenthope.com,matsnu,30.0,26.0,2.0,0.0,0.0,29.0,1.0,0.0,0.0,11.0,0.37931034,18.0,0.62068963,13.0,0.44827586,0.44827586,3.3745482,4.324863,4.5047064,3.0,0.0,0.10344828,0.0,0.46153846,0.88466114,0.0,0.0,0.0,26.0,14.5,11.5,1.0,0.0,3.401423,0.0,3.9325,0.6367175,1.137931
shockjustifylunchgaptree.com,matsnu,28.0,24.0,2.0,0.0,0.0,27.0,1.0,0.0,0.0,8.0,0.2962963,19.0,0.7037037,19.0,0.7037037,0.25925925,4.134336,4.70044,4.643856,4.0,0.0,0.14814815,0.0,0.36842105,0.9382716,0.0,0.0,0.0,24.0,13.5,10.5,1.0,0.0,4.0849624,0.0,6.522692,0.36584902,1.2962962
fieldengineeramazingdisappointed.com,matsnu,36.0,32.0,2.0,0.0,0.0,35.0,1.0,0.0,0.0,15.0,0.42857143,20.0,0.5714286,16.0,0.45714286,0.37142858,3.7370243,4.8887897,5.044394,3.0,0.0,0.08571429,0.0,0.5625,0.9126531,0.0,0.0,0.0,32.0,17.5,14.5,1.0,0.0,3.602217,0.0,4.586765,0.4287857,1.2285714
classappreciateappeargrade.com,matsnu,30.0,26.0,2.0,0.0,0.0,29.0,1.0,0.0,0.0,12.0,0.41379312,17.0,0.5862069,13.0,0.44827586,0.4827586,3.3745482,4.521641,4.6808133,3.0,0.0,0.10344828,0.0,0.46153846,0.88466114,0.0,0.0,0.0,26.0,14.5,11.5,1.0,0.0,3.151799,0.0,3.787857,0.5905058,1.2068965
kidchallengesucceedtreemuscle.com,matsnu,33.0,29.0,2.0,0.0,0.0,32.0,1.0,0.0,0.0,12.0,0.375,20.0,0.625,16.0,0.5,0.46875,3.6244996,4.825164,4.9068904,3.0,0.0,0.09375,0.0,0.4375,0.89453125,0.0,0.0,0.0,29.0,16.0,13.0,1.0,0.0,3.5336235,0.0,5.5109677,0.4877436,1.25
occasioncrashignoreengineer.com,matsnu,31.0,27.0,2.0,0.0,0.0,30.0,1.0,0.0,0.0,13.0,0.43333334,17.0,0.56666666,11.0,0.36666667,0.33333334,3.3232315,4.72005,4.807355,3.0,0.0,0.1,0.0,0.8181818,0.8933333,0.0,0.0,0.0,27.0,15.0,12.0,1.0,0.0,3.2356448,0.0,4.785517,0.55964744,1.2666667
datescheduleaccordingshall.com,matsnu,30.0,26.0,2.0,0.0,0.0,29.0,1.0,0.0,0.0,10.0,0.3448276,19.0,0.6551724,15.0,0.51724136,0.44827586,3.7193758,4.735926,4.7548876,4.0,0.0,0.13793103,0.0,0.53333336,0.9155767,0.0,0.0,0.0,26.0,14.5,11.5,1.0,0.0,3.6321921,0.0,5.0335712,0.40593353,1.2758621
articleschoolpageprocess.com,matsnu,28.0,24.0,2.0,0.0,0.0,27.0,1.0,0.0,0.0,10.0,0.37037036,17.0,0.6296296,13.0,0.4814815,0.33333334,3.5137846,4.5465937,4.643856,3.0,0.0,0.11111111,0.0,0.61538464,0.9026063,0.0,0.0,0.0,24.0,13.5,10.5,1.0,0.0,3.459148,0.0,4.326923,0.5089214,1.2962962
jacketrecommendreducewarn.com,matsnu,29.0,25.0,2.0,0.0,0.0,28.0,1.0,0.0,0.0,10.0,0.35714287,18.0,0.64285713,13.0,0.4642857,0.4642857,3.4816616,4.5326653,4.6235166,3.0,0.0,0.10714286,0.0,0.61538464,0.8979592,0.0,0.0,0.0,25.0,14.0,11.0,1.0,0.0,3.4790795,0.0,5.6759257,0.66357446,1.25
paperthinkconvincecrashapologize.com,matsnu,36.0,32.0,2.0,0.0,0.0,35.0,1.0,0.0,0.0,13.0,0.37142858,22.0,0.62857145,17.0,0.4857143,0.2857143,3.8785849,4.8521686,5.044394,3.0,0.0,0.08571429,0.0,0.5294118,0.9240816,0.0,0.0,0.0,32.0,17.5,14.5,1.0,0.0,3.8348684,0.0,4.741471,0.4361452,1.2285714
campaignskyoperateruinestimate.com,matsnu,34.0,30.0,2.0,0.0,0.0,33.0,1.0,0.0,0.0,14.0,0.42424244,19.0,0.57575756,15.0,0.45454547,0.3030303,3.7636468,4.8125,4.8896804,5.0,0.0,0.15151516,0.0,0.73333335,0.92011017,0.0,0.0,0.0,30.0,16.5,13.5,1.0,0.0,3.7232313,0.0,4.5509377,0.3438121,1.1818181
whileshelterplayshowdoes.com,matsnu,28.0,24.0,2.0,0.0,0.0,27.0,1.0,0.0,0.0,9.0,0.33333334,18.0,0.6666667,15.0,0.5555556,0.25925925,3.6800892,4.5465937,4.643856,3.0,0.0,0.11111111,0.0,0.4,0.91083676,0.0,0.0,0.0,24.0,13.5,10.5,1.0,0.0,3.4906015,0.0,5.431154,0.46380013,1.2962962
arealectureownriskarguesort.com,matsnu,31.0,27.0,2.0,0.0,0.0,30.0,1.0,0.0,0.0,13.0,0.43333334,17.0,0.56666666,15.0,0.5,0.3,3.6695766,4.72005,4.807355,3.0,0.0,0.1,0.0,0.53333336,0.9088889,0.0,0.0,0.0,27.0,15.0,12.0,1.0,0.0,3.5562012,0.0,5.128276,0.35107213,1.2666667
differencelunchremoverepresent.com,matsnu,34.0,30.0,2.0,0.0,0.0,33.0,1.0,0.0,0.0,12.0,0.36363637,21.0,0.6363636,16.0,0.4848485,0.42424244,3.604704,4.5625,4.8896804,4.0,0.0,0.121212125,0.0,0.4375,0.89072543,0.0,0.0,0.0,30.0,16.5,13.5,1.0,0.0,3.5483944,0.0,4.6715627,0.48318803,1.1818181
distancehabitbasebrainruin.com,matsnu,30.0,26.0,2.0,0.0,0.0,29.0,1.0,0.0,0.0,12.0,0.41379312,17.0,0.5862069,14.0,0.4827586,0.41379312,3.633506,4.664498,4.7548876,2.0,0.0,0.06896552,0.0,0.64285713,0.9108204,0.0,0.0,0.0,26.0,14.5,11.5,1.0,0.0,3.4116023,0.0,5.180714,0.45005178,1.2758621
statusfinancewantappreciate.com,matsnu,31.0,27.0,2.0,0.0,0.0,30.0,1.0,0.0,0.0,12.0,0.4,18.0,0.6,14.0,0.46666667,0.4,3.577747,4.582119,4.807355,3.0,0.0,0.1,0.0,0.5714286,0.90444446,0.0,0.0,0.0,27.0,15.0,12.0,1.0,0.0,3.3800943,0.0,4.315172,0.4449909,1.2666667
indicationappreciateapply.com,matsnu,29.0,25.0,2.0,0.0,0.0,28.0,1.0,0.0,0.0,12.0,0.42857143,16.0,0.5714286,13.0,0.4642857,0.35714287,3.4946804,4.5326653,4.6235166,5.0,0.0,0.17857143,0.0,0.61538464,0.9005102,0.0,0.0,0.0,25.0,14.0,11.0,1.0,0.0,3.363856,0.0,3.6037037,0.5724981,1.2142857
silverweighwrapdealfinish.com,matsnu,29.0,25.0,2.0,0.0,0.0,28.0,1.0,0.0,0.0,10.0,0.35714287,18.0,0.64285713,17.0,0.60714287,0.2857143,3.9232519,4.7548876,4.70044,4.0,0.0,0.14285715,0.0,0.47058824,0.9260204,0.0,0.0,0.0,25.0,14.0,11.0,1.0,0.0,3.6536608,0.0,6.321111,0.3827288,1.2857143
groceryfeelstableridboxfight.com,matsnu,32.0,28.0,2.0,0.0,0.0,31.0,1.0,0.0,0.0,10.0,0.32258064,21.0,0.67741936,17.0,0.5483871,0.38709676,3.937752,4.840224,4.857981,4.0,0.0,0.12903225,0.0,0.5882353,0.92819977,0.0,0.0,0.0,28.0,15.5,12.5,1.0,0.0,3.8518233,0.0,5.961,0.44733205,1.2580645
orderimplementwakebalance.com,matsnu,29.0,25.0,2.0,0.0,0.0,28.0,1.0,0.0,0.0,11.0,0.39285713,17.0,0.60714287,15.0,0.53571427,0.42857143,3.6959472,4.7548876,4.70044,3.0,0.0,0.10714286,0.0,0.53333336,0.91071427,0.0,0.0,0.0,25.0,14.0,11.0,1.0,0.0,3.669275,0.0,4.815185,0.43386832,1.2857143
benefitfindprintnailexpect.com,matsnu,30.0,26.0,2.0,0.0,0.0,29.0,1.0,0.0,0.0,10.0,0.3448276,19.0,0.6551724,15.0,0.51724136,0.37931034,3.6595366,4.664498,4.7548876,4.0,0.0,0.13793103,0.0,0.46666667,0.9084423,0.0,0.0,0.0,26.0,14.5,11.5,1.0,0.0,3.4406364,0.0,4.7689285,0.55600667,1.2758621
phasechargefailhopespell.com,matsnu,28.0,24.0,2.0,0.0,0.0,27.0,1.0,0.0,0.0,10.0,0.37037036,17.0,0.6296296,13.0,0.4814815,0.37037036,3.5319412,4.5465937,4.643856,3.0,0.0,0.11111111,0.0,0.61538464,0.9053498,0.0,0.0,0.0,24.0,13.5,10.5,1.0,0.0,3.3758147,0.0,5.2684617,0.5950993,1.2962962
craftthinkcupcommenthate.com,matsnu,28.0,24.0,2.0,0.0,0.0,27.0,1.0,0.0,0.0,8.0,0.2962963,19.0,0.7037037,14.0,0.5185185,0.33333334,3.6158175,4.4696703,4.563856,4.0,0.0,0.14814815,0.0,0.5714286,0.9080933,0.0,0.0,0.0,24.0,13.5,10.5,1.0,0.0,3.6368423,0.0,5.188846,0.595628,1.2222222
comfortgroundhesitatewas.com,matsnu,28.0,24.0,2.0,0.0,0.0,27.0,1.0,0.0,0.0,10.0,0.37037036,17.0,0.6296296,16.0,0.5925926,0.2962963,3.8380399,4.5465937,4.563856,4.0,0.0,0.14814815,0.0,0.5,0.9218107,0.0,0.0,0.0,24.0,13.5,10.5,1.0,0.0,3.8553886,0.0,4.4038463,0.32301322,1.2962962
fortunestrokeignoreexact.com,matsnu,28.0,24.0,2.0,0.0,0.0,27.0,1.0,0.0,0.0,11.0,0.4074074,16.0,0.5925926,15.0,0.5555556,0.2962963,3.661933,4.6235166,4.643856,3.0,0.0,0.11111111,0.0,0.4,0.9080933,0.0,0.0,0.0,24.0,13.5,10.5,1.0,0.0,3.5739348,0.0,5.223846,0.4568585,1.2962962
backripsounduselecturecow.com,matsnu,29.0,25.0,2.0,0.0,0.0,28.0,1.0,0.0,0.0,11.0,0.39285713,17.0,0.60714287,17.0,0.60714287,0.35714287,3.8693314,4.6067395,4.70044,3.0,0.0,0.10714286,0.0,0.3529412,0.92091835,0.0,0.0,0.0,25.0,14.0,11.0,1.0,0.0,3.8332696,0.0,4.6325927,0.40789962,1.2857143
windowinviteprepareprint.com,matsnu,28.0,24.0,2.0,0.0,0.0,27.0,1.0,0.0,0.0,10.0,0.37037036,17.0,0.6296296,13.0,0.4814815,0.22222222,3.5319412,4.10391,4.4038563,3.0,0.0,0.11111111,0.0,0.61538464,0.9053498,0.0,0.0,0.0,24.0,13.5,10.5,1.0,0.0,3.2924812,0.0,4.104231,0.57913154,1.2222222
mediazoneconnectaccording.com,matsnu,29.0,25.0,2.0,0.0,0.0,28.0,1.0,0.0,0.0,11.0,0.39285713,17.0,0.60714287,12.0,0.42857143,0.42857143,3.3657646,4.282484,4.6235166,3.0,0.0,0.10714286,0.0,0.6666667,0.8903061,0.0,0.0,0.0,25.0,14.0,11.0,1.0,0.0,3.3834653,0.0,4.5311112,0.69801223,1.2142857
factorhesitatetowelindicate.com,matsnu,31.0,27.0,2.0,0.0,0.0,30.0,1.0,0.0,0.0,13.0,0.43333334,17.0,0.56666666,15.0,0.5,0.4,3.619251,4.6510844,4.735926,2.0,0.0,0.06666667,0.0,0.4,0.90444446,0.0,0.0,0.0,27.0,15.0,12.0,1.0,0.0,3.5282426,0.0,3.5237932,0.3746611,1.2
demandshallmatevarybrick.com,matsnu,28.0,24.0,2.0,0.0,0.0,27.0,1.0,0.0,0.0,8.0,0.2962963,19.0,0.7037037,17.0,0.6296296,0.4074074,3.912114,4.6235166,4.643856,4.0,0.0,0.14814815,0.0,0.4117647,0.92455417,0.0,0.0,0.0,24.0,13.5,10.5,1.0,0.0,3.8349626,0.0,5.3584614,0.40624323,1.2962962
brushprintguardconsideradjust.com,matsnu,33.0,29.0,2.0,0.0,0.0,32.0,1.0,0.0,0.0,10.0,0.3125,22.0,0.6875,17.0,0.53125,0.28125,3.9292293,4.825164,4.9068904,4.0,0.0,0.125,0.0,0.5882353,0.9277344,0.0,0.0,0.0,29.0,16.0,13.0,1.0,0.0,3.8143718,0.0,5.653226,0.36702132,1.25
degreecapapplyfilecarpet.com,matsnu,28.0,24.0,2.0,0.0,0.0,27.0,1.0,0.0,0.0,10.0,0.37037036,17.0,0.6296296,14.0,0.5185185,0.4814815,3.5282426,4.4696703,4.563856,5.0,0.0,0.18518518,0.0,0.42857143,0.89711934,0.0,0.0,0.0,24.0,13.5,10.5,1.0,0.0,3.319774,0.0,4.6923075,0.62685025,1.2222222
assistancebelldivideblue.com,matsnu,28.0,24.0,2.0,0.0,0.0,27.0,1.0,0.0,0.0,11.0,0.4074074,16.0,0.5925926,14.0,0.5185185,0.44444445,3.633974,4.6235166,4.643856,3.0,0.0,0.11111111,0.0,0.5714286,0.91083676,0.0,0.0,0.0,24.0,13.5,10.5,1.0,0.0,3.4072683,0.0,5.0346155,0.48155493,1.2962962
yardflowtwistwishtellmiss.com,matsnu,29.0,25.0,2.0,0.0,0.0,28.0,1.0,0.0,0.0,7.0,0.25,21.0,0.75,15.0,0.53571427,0.17857143,3.699514,4.4306326,4.5465937,4.0,0.0,0.14285715,0.0,0.46666667,0.9132653,0.0,0.0,0.0,25.0,14.0,11.0,1.0,0.0,3.563074,0.0,6.5729628,0.52141804,1.1785715
classprofileinfluenceapprove.com,matsnu,32.0,28.0,2.0,0.0,0.0,31.0,1.0,0.0,0.0,12.0,0.38709676,19.0,0.61290324,14.0,0.4516129,0.3548387,3.695501,4.773557,4.7890153,4.0,0.0,0.12903225,0.0,0.78571427,0.917794,0.0,0.0,0.0,28.0,15.5,12.5,1.0,0.0,3.6105773,0.0,4.9896665,0.48842704,1.2258065
eveningsurprisedprintcopy.com,matsnu,29.0,25.0,2.0,0.0,0.0,28.0,1.0,0.0,0.0,9.0,0.32142857,19.0,0.6785714,15.0,0.53571427,0.21428572,3.743982,4.458591,4.6235166,3.0,0.0,0.10714286,0.0,0.53333336,0.9183673,0.0,0.0,0.0,25.0,14.0,11.0,1.0,0.0,3.6128788,0.0,5.021111,0.45916468,1.2142857
figuredealtrafficmarketstomach.com,matsnu,34.0,30.0,2.0,0.0,0.0,33.0,1.0,0.0,0.0,12.0,0.36363637,21.0,0.6363636,16.0,0.4848485,0.42424244,3.8162327,4.8125,4.9541965,3.0,0.0,0.09090909,0.0,0.5625,0.92194676,0.0,0.0,0.0,30.0,16.5,13.5,1.0,0.0,3.806239,0.0,5.025625,0.4328934,1.2424242
spiritwellstomachcomment.com,matsnu,28.0,24.0,2.0,0.0,0.0,27.0,1.0,0.0,0.0,8.0,0.2962963,19.0,0.7037037,14.0,0.5185185,0.22222222,3.633974,4.440636,4.563856,4.0,0.0,0.14814815,0.0,0.5714286,0.91083676,0.0,0.0,0.0,24.0,13.5,10.5,1.0,0.0,3.688722,0.0,5.1503844,0.48557022,1.2222222
pairzonespacebellcraftbrain.com,matsnu,31.0,27.0,2.0,0.0,0.0,30.0,1.0,0.0,0.0,11.0,0.36666667,19.0,0.6333333,15.0,0.5,0.43333334,3.7647352,4.6510844,4.807355,4.0,0.0,0.13333334,0.0,0.6666667,0.92,0.0,0.0,0.0,27.0,15.0,12.0,1.0,0.0,3.661933,0.0,6.187931,0.48493406,1.2666667
titlesurprisegrassneckbirth.com,matsnu,31.0,27.0,2.0,0.0,0.0,30.0,1.0,0.0,0.0,9.0,0.3,21.0,0.7,17.0,0.56666666,0.23333333,3.8314018,4.857981,4.807355,4.0,0.0,0.13333334,0.0,0.3529412,0.9177778,0.0,0.0,0.0,27.0,15.0,12.0,1.0,0.0,3.633974,0.0,5.068276,0.31694233,1.2666667
casestaffstationexperience.com,matsnu,30.0,26.0,2.0,0.0,0.0,29.0,1.0,0.0,0.0,12.0,0.41379312,17.0,0.5862069,13.0,0.44827586,0.44827586,3.52594,4.664498,4.6808133,4.0,0.0,0.13793103,0.0,0.6923077,0.9036861,0.0,0.0,0.0,26.0,14.5,11.5,1.0,0.0,3.3975818,0.0,4.2814283,0.50626266,1.2068965
relativeexpectchartwinaddress.com,matsnu,33.0,29.0,2.0,0.0,0.0,32.0,1.0,0.0,0.0,11.0,0.34375,21.0,0.65625,17.0,0.53125,0.40625,3.8553379,4.8896804,4.9068904,4.0,0.0,0.125,0.0,0.47058824,0.9199219,0.0,0.0,0.0,29.0,16.0,13.0,1.0,0.0,3.6899016,0.0,4.810968,0.3381744,1.25
patientmuscleweightreserve.com,matsnu,30.0,26.0,2.0,0.0,0.0,29.0,1.0,0.0,0.0,11.0,0.37931034,18.0,0.62068963,17.0,0.5862069,0.31034482,3.8143718,4.807355,4.7548876,4.0,0.0,0.13793103,0.0,0.4117647,0.9108204,0.0,0.0,0.0,26.0,14.5,11.5,1.0,0.0,3.6902604,0.0,5.6525,0.3216619,1.2758621
enthusiasmshinereadsitjob.com,matsnu,29.0,25.0,2.0,0.0,0.0,28.0,1.0,0.0,0.0,11.0,0.39285713,17.0,0.60714287,15.0,0.53571427,0.2857143,3.7534344,4.6808133,4.70044,4.0,0.0,0.14285715,0.0,0.6,0.9183673,0.0,0.0,0.0,25.0,14.0,11.0,1.0,0.0,3.6234653,0.0,4.875926,0.3705862,1.2857143
purposepackoccasionpound.com,matsnu,28.0,24.0,2.0,0.0,0.0,27.0,1.0,0.0,0.0,11.0,0.4074074,16.0,0.5925926,13.0,0.4814815,0.2962963,3.436012,4.6235166,4.643856,3.0,0.0,0.11111111,0.0,0.53846157,0.8916324,0.0,0.0,0.0,24.0,13.5,10.5,1.0,0.0,3.3868423,0.0,5.0865383,0.71064675,1.2962962
sympathystablepunchinterview.com,matsnu,32.0,28.0,2.0,0.0,0.0,31.0,1.0,0.0,0.0,9.0,0.29032257,22.0,0.7096774,18.0,0.58064514,0.2580645,4.0667844,4.9068904,4.857981,5.0,0.0,0.16129032,0.0,0.6111111,0.93652445,0.0,0.0,0.0,28.0,15.5,12.5,1.0,0.0,3.96772,0.0,5.251,0.3179105,1.2580645
candlejurygopretendfinance.com,matsnu,30.0,26.0,2.0,0.0,0.0,29.0,1.0,0.0,0.0,10.0,0.3448276,19.0,0.6551724,17.0,0.5862069,0.41379312,3.8664331,4.664498,4.7548876,3.0,0.0,0.10344828,0.0,0.4117647,0.9203329,0.0,0.0,0.0,26.0,14.5,11.5,1.0,0.0,3.7773628,0.0,4.645357,0.39874825,1.2758621
coachrequiretrysmoketarget.com,matsnu,30.0,26.0,2.0,0.0,0.0,29.0,1.0,0.0,0.0,11.0,0.37931034,18.0,0.62068963,15.0,0.51724136,0.31034482,3.676441,4.4946804,4.7548876,5.0,0.0,0.1724138,0.0,0.46666667,0.9108204,0.0,0.0,0.0,26.0,14.5,11.5,1.0,0.0,3.6714056,0.0,5.910714,0.51488674,1.2758621
carrypagerewardpenframethrow.com,matsnu,32.0,28.0,2.0,0.0,0.0,31.0,1.0,0.0,0.0,10.0,0.32258064,21.0,0.67741936,15.0,0.48387095,0.38709676,3.6151712,4.840224,4.857981,4.0,0.0,0.12903225,0.0,0.53333336,0.9011446,0.0,0.0,0.0,28.0,15.5,12.5,1.0,0.0,3.5391486,0.0,5.1706667,0.549757,1.2580645
documenthavethinkremember.com,matsnu,29.0,25.0,2.0,0.0,0.0,28.0,1.0,0.0,0.0,10.0,0.35714287,18.0,0.64285713,15.0,0.53571427,0.35714287,3.6784391,4.5326653,4.70044,3.0,0.0,0.10714286,0.0,0.53333336,0.90816325,0.0,0.0,0.0,25.0,14.0,11.0,1.0,0.0,3.669275,0.0,4.751111,0.52359986,1.2857143
relationqualifyspacecandy.com,matsnu,29.0,25.0,2.0,0.0,0.0,28.0,1.0,0.0,0.0,11.0,0.39285713,17.0,0.60714287,17.0,0.60714287,0.39285713,3.9232519,4.7548876,4.70044,4.0,0.0,0.14285715,0.0,0.47058824,0.9260204,0.0,0.0,0.0,25.0,14.0,11.0,1.0,0.0,3.843856,0.0,4.6937037,0.40709674,1.2857143
paincontributemissairtell.com,matsnu,29.0,25.0,2.0,0.0,0.0,28.0,1.0,0.0,0.0,11.0,0.39285713,17.0,0.60714287,14.0,0.5,0.25,3.708966,4.5326653,4.70044,3.0,0.0,0.10714286,0.0,0.78571427,0.9183673,0.0,0.0,0.0,25.0,14.0,11.0,1.0,0.0,3.6536608,0.0,5.034815,0.34601456,1.2857143
yeardustkickcontactboneraise.com,matsnu,32.0,28.0,2.0,0.0,0.0,31.0,1.0,0.0,0.0,12.0,0.38709676,19.0,0.61290324,15.0,0.48387095,0.38709676,3.7600174,4.773557,4.857981,3.0,0.0,0.09677419,0.0,0.6666667,0.91987514,0.0,0.0,0.0,28.0,15.5,12.5,1.0,0.0,3.699514,0.0,5.2326665,0.39384538,1.2580645
resultboxsetpullslightapply.com,matsnu,31.0,27.0,2.0,0.0,0.0,30.0,1.0,0.0,0.0,8.0,0.26666668,22.0,0.73333335,17.0,0.56666666,0.16666667,3.8444138,4.7890153,4.807355,5.0,0.0,0.16666667,0.0,0.4117647,0.9177778,0.0,0.0,0.0,27.0,15.0,12.0,1.0,0.0,3.6484318,0.0,6.4613795,0.50016165,1.2666667
maintenancebottlecalculate.com,matsnu,30.0,26.0,2.0,0.0,0.0,29.0,1.0,0.0,0.0,12.0,0.41379312,17.0,0.5862069,11.0,0.37931034,0.44827586,3.2886784,4.664498,4.7548876,3.0,0.0,0.10344828,0.0,0.72727275,0.88941735,0.0,0.0,0.0,26.0,14.5,11.5,1.0,0.0,3.2287219,0.0,4.9003572,0.6128163,1.2758621
cultureinfluenceessaysound.com,matsnu,30.0,26.0,2.0,0.0,0.0,29.0,1.0,0.0,0.0,12.0,0.41379312,17.0,0.5862069,15.0,0.51724136,0.3448276,3.676441,4.807355,4.7548876,3.0,0.0,0.10344828,0.0,0.46666667,0.9108204,0.0,0.0,0.0,26.0,14.5,11.5,1.0,0.0,3.5654483,0.0,5.819643,0.42995232,1.2758621
chainattracttasterecommend.com,matsnu,30.0,26.0,2.0,0.0,0.0,29.0,1.0,0.0,0.0,10.0,0.3448276,19.0,0.6551724,12.0,0.41379312,0.41379312,3.3711047,4.593069,4.6808133,3.0,0.0,0.10344828,0.0,0.6666667,0.89179546,0.0,0.0,0.0,26.0,14.5,11.5,1.0,0.0,3.349693,0.0,4.0992856,0.53272605,1.2068965
northdecidechannelwishsucceed.com,matsnu,33.0,29.0,2.0,0.0,0.0,32.0,1.0,0.0,0.0,11.0,0.34375,21.0,0.65625,15.0,0.46875,0.4375,3.6411269,4.825164,4.840224,4.0,0.0,0.125,0.0,0.53333336,0.90625,0.0,0.0,0.0,29.0,16.0,13.0,1.0,0.0,3.5519705,0.0,5.6325808,0.4644075,1.1875
artgrandfatherstaffhandle.com,matsnu,29.0,25.0,2.0,0.0,0.0,28.0,1.0,0.0,0.0,8.0,0.2857143,20.0,0.71428573,14.0,0.5,0.4642857,3.5975585,4.6067395,4.6235166,4.0,0.0,0.14285715,0.0,0.5714286,0.90561223,0.0,0.0,0.0,25.0,14.0,11.0,1.0,0.0,3.2888842,0.0,4.410741,0.5174559,1.2142857
quantityfishthinkquarter.com,matsnu,28.0,24.0,2.0,0.0,0.0,27.0,1.0,0.0,0.0,9.0,0.33333334,18.0,0.6666667,16.0,0.5925926,0.18518518,3.8380399,4.5465937,4.563856,4.0,0.0,0.14814815,0.0,0.5,0.9218107,0.0,0.0,0.0,24.0,13.5,10.5,1.0,0.0,3.5535088,0.0,5.379231,0.59471405,1.2962962
coat-bottle-project.com,matsnu,23.0,19.0,2.0,0.0,0.0,20.0,0.90909094,2.0,0.09090909,7.0,0.3181818,13.0,0.59090906,12.0,0.54545456,0.3181818,3.3342094,4.2970796,4.321928,3.0,0.0,0.13636364,0.0,0.41666666,0.88429755,0.0,0.0,0.0,19.0,11.0,8.0,1.0,0.0,3.2608283,0.0,6.704762,0.8724791,1.3636364
growthbeardietoperateshower.com,matsnu,31.0,27.0,2.0,0.0,0.0,30.0,1.0,0.0,0.0,12.0,0.4,18.0,0.6,15.0,0.5,0.33333334,3.628073,4.72005,4.807355,4.0,0.0,0.13333334,0.0,0.46666667,0.90444446,0.0,0.0,0.0,27.0,15.0,12.0,1.0,0.0,3.4541683,0.0,4.635862,0.43708843,1.2666667
emergencyreserveperformdisappointed.com,matsnu,39.0,35.0,2.0,0.0,0.0,38.0,1.0,0.0,0.0,14.0,0.36842105,24.0,0.6315789,16.0,0.42105263,0.36842105,3.672288,5.080943,5.169925,4.0,0.0,0.10526316,0.0,0.625,0.90166205,0.0,0.0,0.0,35.0,19.0,16.0,1.0,0.0,3.6331537,0.0,4.702973,0.43467885,1.1842105
breathbagbottlepurposereserve.com,matsnu,33.0,29.0,2.0,0.0,0.0,32.0,1.0,0.0,0.0,12.0,0.375,20.0,0.625,15.0,0.46875,0.375,3.6320488,4.760648,4.840224,3.0,0.0,0.09375,0.0,0.53333336,0.9042969,0.0,0.0,0.0,29.0,16.0,13.0,1.0,0.0,3.4435139,0.0,4.982258,0.49340338,1.1875
strategybecomeinsistmachine.com,matsnu,31.0,27.0,2.0,0.0,0.0,30.0,1.0,0.0,0.0,11.0,0.36666667,19.0,0.6333333,14.0,0.46666667,0.33333334,3.6477427,4.5131536,4.664498,3.0,0.0,0.1,0.0,0.64285713,0.91333336,0.0,0.0,0.0,27.0,15.0,12.0,1.0,0.0,3.633974,0.0,4.127931,0.4151915,1.2
worldmarriedclicktankrent.com,matsnu,29.0,25.0,2.0,0.0,0.0,28.0,1.0,0.0,0.0,8.0,0.2857143,20.0,0.71428573,13.0,0.4642857,0.32142857,3.6375375,4.7548876,4.70044,4.0,0.0,0.14285715,0.0,0.9230769,0.9158163,0.0,0.0,0.0,25.0,14.0,11.0,1.0,0.0,3.603856,0.0,5.722963,0.5163233,1.2857143
casedisappointedemploybring.com,matsnu,31.0,27.0,2.0,0.0,0.0,30.0,1.0,0.0,0.0,11.0,0.36666667,19.0,0.6333333,16.0,0.53333336,0.33333334,3.8729055,4.72005,4.807355,3.0,0.0,0.1,0.0,0.625,0.9266667,0.0,0.0,0.0,27.0,15.0,12.0,1.0,0.0,3.8561964,0.0,4.2524137,0.35116616,1.2666667
speedcashpopbluefunction.com,matsnu,28.0,24.0,2.0,0.0,0.0,27.0,1.0,0.0,0.0,10.0,0.37037036,17.0,0.6296296,16.0,0.5925926,0.37037036,3.8282375,4.6235166,4.643856,3.0,0.0,0.11111111,0.0,0.4375,0.9218107,0.0,0.0,0.0,24.0,13.5,10.5,1.0,0.0,3.7720551,0.0,5.8715386,0.4508278,1.2962962
ideaweighacquirecommentexcuse.com,matsnu,33.0,29.0,2.0,0.0,0.0,32.0,1.0,0.0,0.0,15.0,0.46875,17.0,0.53125,17.0,0.53125,0.40625,3.7806392,4.760648,4.773557,2.0,0.0,0.0625,0.0,0.4117647,0.91015625,0.0,0.0,0.0,29.0,16.0,13.0,1.0,0.0,3.7883413,0.0,5.5512905,0.51660717,1.15625
racegatherpressgroundfrequent.com,matsnu,33.0,29.0,2.0,0.0,0.0,32.0,1.0,0.0,0.0,11.0,0.34375,21.0,0.65625,16.0,0.5,0.34375,3.7743974,4.8896804,4.9068904,4.0,0.0,0.125,0.0,0.625,0.9140625,0.0,0.0,0.0,29.0,16.0,13.0,1.0,0.0,3.643523,0.0,4.7348385,0.42162085,1.25
candyexercisebuyreasonsurvey.com,matsnu,32.0,28.0,2.0,0.0,0.0,31.0,1.0,0.0,0.0,12.0,0.38709676,19.0,0.61290324,15.0,0.48387095,0.38709676,3.7080934,4.9068904,4.857981,3.0,0.0,0.09677419,0.0,0.6,0.9136316,0.0,0.0,0.0,28.0,15.5,12.5,1.0,0.0,3.5975585,0.0,5.7243333,0.5299704,1.2580645
angersavepayprinttaxassociate.com,matsnu,33.0,29.0,2.0,0.0,0.0,32.0,1.0,0.0,0.0,13.0,0.40625,19.0,0.59375,15.0,0.46875,0.34375,3.6945488,4.9541965,4.9068904,3.0,0.0,0.09375,0.0,0.6666667,0.91015625,0.0,0.0,0.0,29.0,16.0,13.0,1.0,0.0,3.5554142,0.0,4.693871,0.41352946,1.25
tasteremindbottlebotherchallenge.com,matsnu,36.0,32.0,2.0,0.0,0.0,35.0,1.0,0.0,0.0,12.0,0.34285715,23.0,0.6571429,15.0,0.42857143,0.37142858,3.6827347,4.8521686,4.983788,3.0,0.0,0.08571429,0.0,0.73333335,0.90938777,0.0,0.0,0.0,32.0,17.5,14.5,1.0,0.0,3.628928,0.0,4.3585296,0.36506015,1.1714286
vacationbusreactgardeneven.com,matsnu,30.0,26.0,2.0,0.0,0.0,29.0,1.0,0.0,0.0,12.0,0.41379312,17.0,0.5862069,15.0,0.51724136,0.44827586,3.7024715,4.664498,4.7548876,3.0,0.0,0.10344828,0.0,0.53333336,0.9131986,0.0,0.0,0.0,26.0,14.5,11.5,1.0,0.0,3.5944824,0.0,4.6925,0.4169935,1.2758621
stickriskpreventlacklimited.com,matsnu,31.0,27.0,2.0,0.0,0.0,30.0,1.0,0.0,0.0,9.0,0.3,21.0,0.7,15.0,0.5,0.26666668,3.7395723,4.7890153,4.807355,4.0,0.0,0.13333334,0.0,0.6,0.9177778,0.0,0.0,0.0,27.0,15.0,12.0,1.0,0.0,3.633974,0.0,4.876207,0.49746406,1.2666667
girlfriendorganizewalkclue.com,matsnu,30.0,26.0,2.0,0.0,0.0,29.0,1.0,0.0,0.0,11.0,0.37931034,18.0,0.62068963,16.0,0.55172414,0.31034482,3.857307,4.807355,4.7548876,4.0,0.0,0.13793103,0.0,0.5625,0.9250892,0.0,0.0,0.0,26.0,14.5,11.5,1.0,0.0,3.7381494,0.0,6.7614284,0.47765356,1.2758621
holethinkstaylosestomach.com,matsnu,28.0,24.0,2.0,0.0,0.0,27.0,1.0,0.0,0.0,9.0,0.33333334,18.0,0.6666667,13.0,0.4814815,0.22222222,3.5599,4.5465937,4.643856,4.0,0.0,0.14814815,0.0,0.6923077,0.9080933,0.0,0.0,0.0,24.0,13.5,10.5,1.0,0.0,3.5424812,0.0,4.54,0.5070746,1.2962962
budgetdreamaffectdishmixed.com,matsnu,30.0,26.0,2.0,0.0,0.0,29.0,1.0,0.0,0.0,10.0,0.3448276,19.0,0.6551724,16.0,0.55172414,0.51724136,3.7974677,4.735926,4.7548876,3.0,0.0,0.10344828,0.0,0.5,0.9179548,0.0,0.0,0.0,26.0,14.5,11.5,1.0,0.0,3.7004397,0.0,6.361786,0.56017184,1.2758621
fishingdustislandsexlawyer.com,matsnu,30.0,26.0,2.0,0.0,0.0,29.0,1.0,0.0,0.0,9.0,0.31034482,20.0,0.6896552,19.0,0.6551724,0.27586207,4.07333,4.664498,4.7548876,3.0,0.0,0.10344828,0.0,0.36842105,0.93222356,0.0,0.0,0.0,26.0,14.5,11.5,1.0,0.0,3.8252518,0.0,5.330714,0.27892244,1.2758621
failurestrikedesirestaff.com,matsnu,28.0,24.0,2.0,0.0,0.0,27.0,1.0,0.0,0.0,11.0,0.4074074,16.0,0.5925926,14.0,0.5185185,0.4074074,3.6060152,4.3637133,4.483856,3.0,0.0,0.11111111,0.0,0.5,0.9080933,0.0,0.0,0.0,24.0,13.5,10.5,1.0,0.0,3.2924812,0.0,4.975769,0.47827756,1.1851852
shipemptydancenegotiatelift.com,matsnu,31.0,27.0,2.0,0.0,0.0,30.0,1.0,0.0,0.0,11.0,0.36666667,19.0,0.6333333,16.0,0.53333336,0.33333334,3.815061,4.857981,4.807355,5.0,0.0,0.16666667,0.0,0.5625,0.92,0.0,0.0,0.0,27.0,15.0,12.0,1.0,0.0,3.7639658,0.0,5.335862,0.35225818,1.2666667
patientattractbreakpagetalk.com,matsnu,31.0,27.0,2.0,0.0,0.0,30.0,1.0,0.0,0.0,11.0,0.36666667,19.0,0.6333333,14.0,0.46666667,0.4,3.4477427,4.6510844,4.807355,4.0,0.0,0.13333334,0.0,0.5,0.8844444,0.0,0.0,0.0,27.0,15.0,12.0,1.0,0.0,3.2076862,0.0,4.9406896,0.5876983,1.2666667
halfcontentspacereleasecash.com,matsnu,31.0,27.0,2.0,0.0,0.0,30.0,1.0,0.0,0.0,11.0,0.36666667,19.0,0.6333333,13.0,0.43333334,0.46666667,3.4947398,4.6510844,4.807355,4.0,0.0,0.13333334,0.0,0.6923077,0.9,0.0,0.0,0.0,27.0,15.0,12.0,1.0,0.0,3.3800943,0.0,3.954138,0.471585,1.2666667
breastscheduleremainshelter.com,matsnu,31.0,27.0,2.0,0.0,0.0,30.0,1.0,0.0,0.0,11.0,0.36666667,19.0,0.6333333,15.0,0.5,0.4,3.6729057,4.6510844,4.807355,5.0,0.0,0.16666667,0.0,0.6,0.9066667,0.0,0.0,0.0,27.0,15.0,12.0,1.0,0.0,3.5319412,0.0,4.43,0.337815,1.2666667
evidenceapologizeconcern.com,matsnu,28.0,24.0,2.0,0.0,0.0,27.0,1.0,0.0,0.0,12.0,0.44444445,15.0,0.5555556,14.0,0.5185185,0.4074074,3.4821272,4.3637133,4.563856,3.0,0.0,0.11111111,0.0,0.35714287,0.8916324,0.0,0.0,0.0,24.0,13.5,10.5,1.0,0.0,3.4235332,0.0,5.0326924,0.64299256,1.2222222
warcashfilmroomfitlookplace.com,matsnu,31.0,27.0,2.0,0.0,0.0,30.0,1.0,0.0,0.0,11.0,0.36666667,19.0,0.6333333,15.0,0.5,0.3,3.6859176,4.6510844,4.807355,3.0,0.0,0.1,0.0,0.53333336,0.9111111,0.0,0.0,0.0,27.0,15.0,12.0,1.0,0.0,3.736007,0.0,5.9837933,0.55610603,1.2666667
storykidcommunicatefuelresolve.com,matsnu,34.0,30.0,2.0,0.0,0.0,33.0,1.0,0.0,0.0,13.0,0.3939394,20.0,0.6060606,17.0,0.5151515,0.3030303,3.9077342,4.875,4.8896804,3.0,0.0,0.09090909,0.0,0.5882353,0.92561984,0.0,0.0,0.0,30.0,16.5,13.5,1.0,0.0,3.9483943,0.0,5.290625,0.33976215,1.2121212
chickenpraydiemixedimpress.com,matsnu,30.0,26.0,2.0,0.0,0.0,29.0,1.0,0.0,0.0,10.0,0.3448276,19.0,0.6551724,15.0,0.51724136,0.3448276,3.7024715,4.664498,4.7548876,3.0,0.0,0.10344828,0.0,0.53333336,0.9131986,0.0,0.0,0.0,26.0,14.5,11.5,1.0,0.0,3.6235166,0.0,5.3625,0.5781771,1.2758621
starforcetrustjoinlunchclass.com,matsnu,32.0,28.0,2.0,0.0,0.0,31.0,1.0,0.0,0.0,9.0,0.29032257,22.0,0.7096774,15.0,0.48387095,0.2580645,3.7198524,4.840224,4.857981,5.0,0.0,0.16129032,0.0,0.6,0.9157128,0.0,0.0,0.0,28.0,15.5,12.5,1.0,0.0,3.6550455,0.0,5.616667,0.43777645,1.2580645
footcancelconnectprotect.com,matsnu,28.0,24.0,2.0,0.0,0.0,27.0,1.0,0.0,0.0,9.0,0.33333334,18.0,0.6666667,11.0,0.4074074,0.4074074,3.1019545,4.3158245,4.563856,4.0,0.0,0.14814815,0.0,0.45454547,0.86145407,0.0,0.0,0.0,24.0,13.5,10.5,1.0,0.0,3.0383203,0.0,5.0057693,0.7980202,1.2222222
familytreatbluedealpropose.com,matsnu,30.0,26.0,2.0,0.0,0.0,29.0,1.0,0.0,0.0,12.0,0.41379312,17.0,0.5862069,16.0,0.55172414,0.37931034,3.8143718,4.735926,4.7548876,4.0,0.0,0.13793103,0.0,0.5,0.9203329,0.0,0.0,0.0,26.0,14.5,11.5,1.0,0.0,3.7192945,0.0,4.7382145,0.3576218,1.2758621
indicationneedsmokeiswake.com,matsnu,29.0,25.0,2.0,0.0,0.0,28.0,1.0,0.0,0.0,13.0,0.4642857,15.0,0.53571427,12.0,0.42857143,0.35714287,3.46772,4.6808133,4.70044,3.0,0.0,0.10714286,0.0,0.8333333,0.9030612,0.0,0.0,0.0,25.0,14.0,11.0,1.0,0.0,3.4136608,0.0,5.64,0.5430488,1.2857143
reasonstagecheckholdsuspect.com,matsnu,31.0,27.0,2.0,0.0,0.0,30.0,1.0,0.0,0.0,10.0,0.33333334,20.0,0.6666667,16.0,0.53333336,0.36666667,3.7483943,4.6940193,4.807355,3.0,0.0,0.1,0.0,0.4375,0.91333336,0.0,0.0,0.0,27.0,15.0,12.0,1.0,0.0,3.6898916,0.0,4.693448,0.38408723,1.2666667
boyfriendclockattendtransition.com,matsnu,34.0,30.0,2.0,0.0,0.0,33.0,1.0,0.0,0.0,11.0,0.33333334,22.0,0.6666667,16.0,0.4848485,0.33333334,3.7865222,4.875,4.8896804,4.0,0.0,0.121212125,0.0,0.5625,0.9182736,0.0,0.0,0.0,30.0,16.5,13.5,1.0,0.0,3.7232313,0.0,5.005,0.36073804,1.1818181
coursegradesharetreedevil.com,matsnu,29.0,25.0,2.0,0.0,0.0,28.0,1.0,0.0,0.0,12.0,0.42857143,16.0,0.5714286,15.0,0.53571427,0.42857143,3.6105773,4.5326653,4.70044,2.0,0.0,0.071428575,0.0,0.46666667,0.8979592,0.0,0.0,0.0,25.0,14.0,11.0,1.0,0.0,3.4634652,0.0,3.9703703,0.39097172,1.2857143
showerscriptroomsharpreply.com,matsnu,30.0,26.0,2.0,0.0,0.0,29.0,1.0,0.0,0.0,8.0,0.27586207,21.0,0.7241379,14.0,0.4827586,0.1724138,3.5780013,4.664498,4.7548876,4.0,0.0,0.13793103,0.0,0.5714286,0.9036861,0.0,0.0,0.0,26.0,14.5,11.5,1.0,0.0,3.551428,0.0,5.430714,0.55297047,1.2758621
sandwichsheltersuspectreact.com,matsnu,31.0,27.0,2.0,0.0,0.0,30.0,1.0,0.0,0.0,9.0,0.3,21.0,0.7,16.0,0.53333336,0.36666667,3.7483943,4.7890153,4.807355,4.0,0.0,0.13333334,0.0,0.4375,0.91333336,0.0,0.0,0.0,27.0,15.0,12.0,1.0,0.0,3.587859,0.0,4.572414,0.35164562,1.2666667
letteracceptsheltergearpen.com,matsnu,30.0,26.0,2.0,0.0,0.0,29.0,1.0,0.0,0.0,10.0,0.3448276,19.0,0.6551724,13.0,0.44827586,0.41379312,3.3696618,4.664498,4.6808133,4.0,0.0,0.13793103,0.0,0.53846157,0.87990487,0.0,0.0,0.0,26.0,14.5,11.5,1.0,0.0,3.1463485,0.0,4.9125,0.5259264,1.2068965
postappreciatepursuelecture.com,matsnu,31.0,27.0,2.0,0.0,0.0,30.0,1.0,0.0,0.0,13.0,0.43333334,17.0,0.56666666,12.0,0.4,0.33333334,3.419251,4.5560884,4.735926,3.0,0.0,0.1,0.0,0.75,0.8977778,0.0,0.0,0.0,27.0,15.0,12.0,1.0,0.0,3.2780614,0.0,4.425862,0.57495594,1.2333333
proposaldogconcernedpull.com,matsnu,28.0,24.0,2.0,0.0,0.0,27.0,1.0,0.0,0.0,9.0,0.33333334,18.0,0.6666667,13.0,0.4814815,0.2962963,3.5002837,4.6235166,4.643856,3.0,0.0,0.11111111,0.0,0.61538464,0.8998628,0.0,0.0,0.0,24.0,13.5,10.5,1.0,0.0,3.438722,0.0,5.5134616,0.6065894,1.2962962
messquestionpracticeseek.com,matsnu,28.0,24.0,2.0,0.0,0.0,27.0,1.0,0.0,0.0,11.0,0.4074074,16.0,0.5925926,14.0,0.5185185,0.33333334,3.5562012,4.440636,4.643856,3.0,0.0,0.11111111,0.0,0.5,0.8998628,0.0,0.0,0.0,24.0,13.5,10.5,1.0,0.0,3.517894,0.0,4.6584616,0.53729784,1.2962962
monthprogramreminddumpsense.com,matsnu,31.0,27.0,2.0,0.0,0.0,30.0,1.0,0.0,0.0,9.0,0.3,21.0,0.7,15.0,0.5,0.23333333,3.6859176,4.7890153,4.807355,5.0,0.0,0.16666667,0.0,0.53333336,0.9111111,0.0,0.0,0.0,27.0,15.0,12.0,1.0,0.0,3.633974,0.0,4.636207,0.45162594,1.2666667
halfcowresolvecraftincorporate.com,matsnu,34.0,30.0,2.0,0.0,0.0,33.0,1.0,0.0,0.0,12.0,0.36363637,21.0,0.6363636,16.0,0.4848485,0.36363637,3.737745,4.66391,4.9541965,3.0,0.0,0.09090909,0.0,0.5,0.912764,0.0,0.0,0.0,30.0,16.5,13.5,1.0,0.0,3.6980686,0.0,4.7115626,0.4314986,1.2424242
specialistspellreasondetailed.com,matsnu,33.0,29.0,2.0,0.0,0.0,32.0,1.0,0.0,0.0,13.0,0.40625,19.0,0.59375,13.0,0.40625,0.375,3.5275183,4.825164,4.840224,4.0,0.0,0.125,0.0,0.7692308,0.9042969,0.0,0.0,0.0,29.0,16.0,13.0,1.0,0.0,3.3711047,0.0,4.2796774,0.3906722,1.25
satisfactiongatherinfluence.com,matsnu,31.0,27.0,2.0,0.0,0.0,30.0,1.0,0.0,0.0,12.0,0.4,18.0,0.6,15.0,0.5,0.36666667,3.755913,4.72005,4.807355,3.0,0.0,0.1,0.0,0.6,0.92,0.0,0.0,0.0,27.0,15.0,12.0,1.0,0.0,3.6521306,0.0,4.5624137,0.3427361,1.2666667
communicationrealizewell.com,matsnu,28.0,24.0,2.0,0.0,0.0,27.0,1.0,0.0,0.0,12.0,0.44444445,15.0,0.5555556,13.0,0.4814815,0.2962963,3.5500977,4.5465937,4.563856,3.0,0.0,0.11111111,0.0,0.61538464,0.9080933,0.0,0.0,0.0,24.0,13.5,10.5,1.0,0.0,3.5739348,0.0,5.500385,0.5864175,1.2962962
examexitlunchcorrectbecome.com,matsnu,30.0,26.0,2.0,0.0,0.0,29.0,1.0,0.0,0.0,11.0,0.37931034,18.0,0.62068963,14.0,0.4827586,0.41379312,3.5224962,4.253434,4.6067395,4.0,0.0,0.13793103,0.0,0.5,0.8965517,0.0,0.0,0.0,26.0,14.5,11.5,1.0,0.0,3.5616074,0.0,5.254643,0.7005965,1.1724138
sandteachliftzonebakeshock.com,matsnu,30.0,26.0,2.0,0.0,0.0,29.0,1.0,0.0,0.0,10.0,0.3448276,19.0,0.6551724,16.0,0.55172414,0.41379312,3.857307,4.807355,4.7548876,3.0,0.0,0.10344828,0.0,0.5625,0.9250892,0.0,0.0,0.0,26.0,14.5,11.5,1.0,0.0,3.7962177,0.0,5.805714,0.47602457,1.2758621
layerrewardlunchstaysign.com,matsnu,28.0,24.0,2.0,0.0,0.0,27.0,1.0,0.0,0.0,8.0,0.2962963,19.0,0.7037037,17.0,0.6296296,0.2962963,3.958229,4.5465937,4.643856,5.0,0.0,0.18518518,0.0,0.47058824,0.93004113,0.0,0.0,0.0,24.0,13.5,10.5,1.0,0.0,3.7720551,0.0,6.9876924,0.28060892,1.2962962
chestvisitadmireskinprint.com,matsnu,29.0,25.0,2.0,0.0,0.0,28.0,1.0,0.0,0.0,9.0,0.32142857,19.0,0.6785714,15.0,0.53571427,0.21428572,3.6959472,4.6067395,4.70044,3.0,0.0,0.10714286,0.0,0.53333336,0.91071427,0.0,0.0,0.0,25.0,14.0,11.0,1.0,0.0,3.5590796,0.0,4.5844445,0.43335244,1.2857143
neckreach-boy.com,matsnu,17.0,13.0,2.0,0.0,0.0,15.0,0.9375,1.0,0.0625,5.0,0.3125,10.0,0.625,12.0,0.75,0.4375,3.4528196,3.9068906,3.807355,3.0,0.0,0.1875,0.0,0.25,0.8984375,0.0,0.0,0.0,13.0,8.0,5.0,1.0,0.0,3.3927474,0.0,6.2733335,0.8676047,1.5
bricklieoperateispagesentence.com,matsnu,33.0,29.0,2.0,0.0,0.0,32.0,1.0,0.0,0.0,14.0,0.4375,18.0,0.5625,15.0,0.46875,0.40625,3.6512105,4.825164,4.9068904,3.0,0.0,0.09375,0.0,0.6666667,0.90234375,0.0,0.0,0.0,29.0,16.0,13.0,1.0,0.0,3.5336235,0.0,4.499677,0.37884256,1.25
causepencampsheltertrash.com,matsnu,28.0,24.0,2.0,0.0,0.0,27.0,1.0,0.0,0.0,9.0,0.33333334,18.0,0.6666667,13.0,0.4814815,0.37037036,3.5599,4.5465937,4.643856,4.0,0.0,0.14814815,0.0,0.6923077,0.9080933,0.0,0.0,0.0,24.0,13.5,10.5,1.0,0.0,3.438722,0.0,4.7734613,0.47025838,1.2962962
screenquotelogapplybother.com,matsnu,29.0,25.0,2.0,0.0,0.0,28.0,1.0,0.0,0.0,10.0,0.35714287,18.0,0.64285713,17.0,0.60714287,0.2857143,3.8787835,4.6808133,4.70044,5.0,0.0,0.17857143,0.0,0.4117647,0.92091835,0.0,0.0,0.0,25.0,14.0,11.0,1.0,0.0,3.8136606,0.0,5.5755553,0.42870834,1.2857143
waveinvitetripenhancepin.com,matsnu,28.0,24.0,2.0,0.0,0.0,27.0,1.0,0.0,0.0,11.0,0.4074074,16.0,0.5925926,13.0,0.4814815,0.2962963,3.4956284,4.5465937,4.643856,2.0,0.0,0.074074075,0.0,0.61538464,0.8998628,0.0,0.0,0.0,24.0,13.5,10.5,1.0,0.0,3.251629,0.0,4.9469233,0.5968699,1.2962962
chairinfluencereleasedesire.com,matsnu,31.0,27.0,2.0,0.0,0.0,30.0,1.0,0.0,0.0,14.0,0.46666667,16.0,0.53333336,14.0,0.46666667,0.46666667,3.5096858,4.72005,4.807355,3.0,0.0,0.1,0.0,0.5714286,0.89111114,0.0,0.0,0.0,27.0,15.0,12.0,1.0,0.0,3.3044705,0.0,4.5831037,0.41980657,1.2666667
lackhesitatedetailgocost.com,matsnu,28.0,24.0,2.0,0.0,0.0,27.0,1.0,0.0,0.0,11.0,0.4074074,16.0,0.5925926,13.0,0.4814815,0.37037036,3.5319412,4.5465937,4.643856,3.0,0.0,0.11111111,0.0,0.61538464,0.9053498,0.0,0.0,0.0,24.0,13.5,10.5,1.0,0.0,3.438722,0.0,4.7534614,0.46613398,1.2962962
yxsgemnnvpbitrwlpbplfiem.biz,murofet,28.0,24.0,2.0,0.0,0.0,27.0,1.0,0.0,0.0,5.0,0.18518518,22.0,0.8148148,17.0,0.6296296,0.22222222,3.9302704,4.4696703,4.643856,9.0,0.0,0.33333334,0.0,0.4117647,0.92729765,0.0,0.0,0.0,24.0,13.5,10.5,1.0,0.0,3.8868423,0.0,7.7934613,0.8029268,1.2962962
zdqtwskmvgyrkkbbidquwpj.com,murofet,27.0,23.0,2.0,0.0,0.0,26.0,1.0,0.0,0.0,3.0,0.115384616,23.0,0.88461536,19.0,0.7307692,0.1923077,4.132944,4.563856,4.5849624,16.0,0.0,0.61538464,0.0,0.31578946,0.93786985,0.0,0.0,0.0,23.0,13.0,10.0,1.0,0.0,3.9690015,0.0,8.9784,1.0706636,1.3076923
inhqpldslkonhnrnvlzuojxg.info,murofet,29.0,24.0,2.0,0.0,0.0,28.0,1.0,0.0,0.0,6.0,0.21428572,22.0,0.78571427,18.0,0.64285713,0.071428575,3.910233,4.6067395,4.70044,9.0,0.0,0.32142857,0.0,0.2777778,0.9183673,0.0,0.0,0.0,24.0,14.0,10.0,1.0,0.0,3.8868423,0.0,8.373704,0.7995257,1.2857143
bua47atmtd50lqlqaqmwktdypzhxdvaqhy.net,murofet,38.0,34.0,2.0,4.0,0.10810811,33.0,0.8918919,0.0,0.0,6.0,0.16216215,27.0,0.7297297,22.0,0.5945946,0.35135135,4.216078,5.003258,5.129283,13.0,2.0,0.35135135,0.054054055,0.36363637,0.93644994,1.0,0.0,4.0,34.0,18.5,15.5,1.0,0.11764706,4.101881,0.0,9.224444,1.0314647,1.2162162
bti25g23n20nudqc49nwj56o51crbrh64h24i45kz.info,murofet,46.0,41.0,2.0,18.0,0.4,27.0,0.6,0.0,0.0,6.0,0.13333334,21.0,0.46666667,25.0,0.5555556,0.53333336,4.408411,5.4594316,5.426265,5.0,2.0,0.11111111,0.044444446,0.44,0.9451852,1.0,0.0,18.0,41.0,22.5,18.5,1.0,0.4390244,4.36353,0.0,9.360682,1.350435,1.1777778
p52cwpsa27jucye11e51k37csdup52j46kwlvpt.info,murofet,44.0,39.0,2.0,14.0,0.3255814,29.0,0.6744186,0.0,0.0,7.0,0.1627907,22.0,0.5116279,25.0,0.5813953,0.5116279,4.4723215,5.2970796,5.3087716,6.0,2.0,0.13953489,0.046511628,0.48,0.94970256,1.0,0.0,14.0,39.0,21.5,17.5,1.0,0.35897437,4.2336187,0.0,9.178572,1.1000819,1.1860465
uxnonuxoikoivrjp.com,murofet,20.0,16.0,2.0,0.0,0.0,19.0,1.0,0.0,0.0,8.0,0.42105263,11.0,0.57894737,12.0,0.6315789,0.05263158,3.4058223,3.947703,4.087463,5.0,0.0,0.2631579,0.0,0.41666666,0.89196676,0.0,0.0,0.0,16.0,9.5,6.5,1.0,0.0,3.2028196,0.0,7.8377776,1.1385418,1.4210526
qonpprnotioopomn.biz,murofet,20.0,16.0,2.0,0.0,0.0,19.0,1.0,0.0,0.0,7.0,0.36842105,12.0,0.6315789,10.0,0.5263158,0.05263158,3.0311162,4.169925,4.087463,5.0,0.0,0.2631579,0.0,0.4,0.8531856,0.0,0.0,0.0,16.0,9.5,6.5,1.0,0.0,2.6800365,0.0,5.9205556,1.2163124,1.4210526
ixotl68j46eql28d40brd60gzmzlrownwfvjx.org,murofet,41.0,37.0,2.0,10.0,0.25,30.0,0.75,0.0,0.0,5.0,0.125,25.0,0.625,23.0,0.575,0.375,4.3964396,5.2341204,5.2479277,7.0,2.0,0.175,0.05,0.5652174,0.94875,1.0,0.0,10.0,37.0,20.0,17.0,1.0,0.27027026,4.411892,0.0,9.286923,1.236027,1.2
dujxxseaphaqlzjhlljauqkxg.net,murofet,29.0,25.0,2.0,0.0,0.0,28.0,1.0,0.0,0.0,7.0,0.25,21.0,0.75,16.0,0.5714286,0.21428572,3.842371,4.7548876,4.70044,8.0,0.0,0.2857143,0.0,0.5,0.92346936,0.0,0.0,0.0,25.0,14.0,11.0,1.0,0.0,3.6430743,0.0,8.461852,1.1905059,1.2857143
dextomjscxslfzttgjfqtptg.com,murofet,28.0,24.0,2.0,0.0,0.0,27.0,1.0,0.0,0.0,3.0,0.11111111,24.0,0.8888889,15.0,0.5555556,0.22222222,3.7323081,4.5465937,4.643856,20.0,0.0,0.7407407,0.0,0.6,0.91358024,0.0,0.0,0.0,24.0,13.5,10.5,1.0,0.0,3.6845608,0.0,8.393077,1.0892233,1.2962962
aibetgvofmailifykjlnqkdhzlai.net,murofet,32.0,28.0,2.0,0.0,0.0,31.0,1.0,0.0,0.0,10.0,0.32258064,21.0,0.67741936,19.0,0.61290324,0.29032257,4.0667844,4.681728,4.857981,12.0,0.0,0.38709676,0.0,0.42105263,0.93236214,0.0,0.0,0.0,28.0,15.5,12.5,1.0,0.0,4.039149,0.0,7.7423334,0.6197046,1.2580645
tskwwipoqorqgtj.com,murofet,19.0,15.0,2.0,0.0,0.0,18.0,1.0,0.0,0.0,4.0,0.22222222,14.0,0.7777778,13.0,0.7222222,0.055555556,3.5724313,4.087463,4.0,6.0,0.0,0.33333334,0.0,0.30769232,0.9074074,0.0,0.0,0.0,15.0,9.0,6.0,1.0,0.0,3.3735573,0.0,8.03,1.1567168,1.4444444
qnttnvhtsrsmzyi.com,murofet,19.0,15.0,2.0,0.0,0.0,18.0,1.0,0.0,0.0,2.0,0.11111111,16.0,0.8888889,13.0,0.7222222,0.055555556,3.5724313,4.087463,4.0,14.0,0.0,0.7777778,0.0,0.30769232,0.9074074,0.0,0.0,0.0,15.0,9.0,6.0,1.0,0.0,3.3232315,0.0,7.9270587,0.92050403,1.4444444
k17c69jsc69i55mwgymtdresnvcrbve31lwms.info,murofet,42.0,37.0,2.0,10.0,0.24390244,31.0,0.75609756,0.0,0.0,5.0,0.12195122,26.0,0.63414633,25.0,0.6097561,0.4390244,4.5218287,5.221928,5.2341204,8.0,2.0,0.19512194,0.048780486,0.52,0.9530042,1.0,0.0,10.0,37.0,20.5,16.5,1.0,0.27027026,4.3914895,0.0,8.76175,0.8437346,1.1463414
jrfyjvhutwmbxoojcusfuwbibmrmz.info,murofet,34.0,29.0,2.0,0.0,0.0,33.0,1.0,0.0,0.0,8.0,0.24242425,25.0,0.75757575,18.0,0.54545456,0.21212122,3.998051,5.0,4.9541965,7.0,0.0,0.21212122,0.0,0.5,0.93112946,0.0,0.0,0.0,29.0,16.5,12.5,1.0,0.0,3.9262724,0.0,9.024375,0.964734,1.2424242
tcasgnrrkkrdlfqnjukqfqg.net,murofet,27.0,23.0,2.0,0.0,0.0,26.0,1.0,0.0,0.0,3.0,0.115384616,23.0,0.88461536,15.0,0.5769231,0.23076923,3.7381494,4.483856,4.5849624,14.0,0.0,0.53846157,0.0,0.46666667,0.91715974,0.0,0.0,0.0,23.0,13.0,10.0,1.0,0.0,3.6424897,0.0,8.8808,1.048643,1.3076923
eqozivlftwwsxamfujonfutpv.net,murofet,29.0,25.0,2.0,0.0,0.0,28.0,1.0,0.0,0.0,8.0,0.2857143,20.0,0.71428573,18.0,0.64285713,0.21428572,4.039149,4.6808133,4.70044,8.0,0.0,0.2857143,0.0,0.44444445,0.93367344,0.0,0.0,0.0,25.0,14.0,11.0,1.0,0.0,4.053661,0.0,8.381111,0.789014,1.2857143
qtjrnsrqjmwosmxf.org,murofet,20.0,16.0,2.0,0.0,0.0,19.0,1.0,0.0,0.0,2.0,0.10526316,17.0,0.8947368,12.0,0.6315789,0.05263158,3.4713545,4.169925,4.087463,11.0,0.0,0.57894737,0.0,0.5,0.9030471,0.0,0.0,0.0,16.0,9.5,6.5,1.0,0.0,3.375,0.0,8.512777,1.3281864,1.4210526
osgpmxnscpprjkp.com,murofet,19.0,15.0,2.0,0.0,0.0,18.0,1.0,0.0,0.0,2.0,0.11111111,16.0,0.8888889,11.0,0.6111111,0.11111111,3.2810361,4.087463,4.0,15.0,0.0,0.8333333,0.0,0.45454547,0.88271606,0.0,0.0,0.0,15.0,9.0,6.0,1.0,0.0,3.240224,0.0,8.078236,1.2624238,1.4444444
wpqzkmkwgnugtpx.biz,murofet,19.0,15.0,2.0,0.0,0.0,18.0,1.0,0.0,0.0,2.0,0.11111111,16.0,0.8888889,13.0,0.7222222,0.055555556,3.6143694,4.087463,4.0,10.0,0.0,0.5555556,0.0,0.3846154,0.91358024,0.0,0.0,0.0,15.0,9.0,6.0,1.0,0.0,3.3735573,0.0,9.651765,1.6108352,1.4444444
pcieuxfmozphlvgtly.net,murofet,22.0,18.0,2.0,0.0,0.0,21.0,1.0,0.0,0.0,5.0,0.23809524,16.0,0.7619048,17.0,0.8095238,0.1904762,4.011365,4.321928,4.2479277,10.0,0.0,0.47619048,0.0,0.23529412,0.93424034,0.0,0.0,0.0,18.0,10.5,7.5,1.0,0.0,3.947703,0.0,8.6535,0.7067494,1.3809524
aukzskukeempnayrglflnbrss.com,murofet,29.0,25.0,2.0,0.0,0.0,28.0,1.0,0.0,0.0,7.0,0.25,21.0,0.75,17.0,0.60714287,0.25,3.96772,4.6808133,4.70044,12.0,0.0,0.42857143,0.0,0.5294118,0.9311224,0.0,0.0,0.0,25.0,14.0,11.0,1.0,0.0,3.7834651,0.0,8.1051855,0.57515806,1.2857143
gnvowgudhspfth.net,murofet,18.0,14.0,2.0,0.0,0.0,17.0,1.0,0.0,0.0,3.0,0.1764706,14.0,0.8235294,13.0,0.7647059,0.1764706,3.6168747,4.0,3.9068906,8.0,0.0,0.47058824,0.0,0.30769232,0.9134948,0.0,0.0,0.0,14.0,8.5,5.5,1.0,0.0,3.5216405,0.0,7.819375,0.7970856,1.4705882
kyg43lvg13d40hsase61ato21cwp32cvmvdwgx.ru,murofet,41.0,38.0,2.0,12.0,0.3,28.0,0.7,0.0,0.0,5.0,0.125,23.0,0.575,25.0,0.625,0.475,4.4964395,5.2854023,5.2479277,9.0,2.0,0.225,0.05,0.44,0.95125,1.0,0.0,12.0,38.0,20.0,18.0,1.0,0.31578946,4.378992,0.0,9.041026,0.9697011,1.2
i65j36bucxdyi55j16n20d60i35e21iulwkqp32i65.com,murofet,46.0,42.0,2.0,20.0,0.44444445,25.0,0.5555556,0.0,0.0,9.0,0.2,16.0,0.35555556,23.0,0.51111114,0.5777778,4.239882,5.323068,5.379753,5.0,2.0,0.11111111,0.044444446,0.47826087,0.9362963,1.0,0.0,20.0,42.0,22.5,19.5,1.0,0.47619048,4.098539,0.0,9.425909,1.5973606,1.1777778
uoyjnezlduomerr.info,murofet,20.0,15.0,2.0,0.0,0.0,19.0,1.0,0.0,0.0,8.0,0.42105263,11.0,0.57894737,13.0,0.68421054,0.21052632,3.5766177,4.058814,4.087463,3.0,0.0,0.15789473,0.0,0.3846154,0.9085873,0.0,0.0,0.0,15.0,9.5,5.5,1.0,0.0,3.3735573,0.0,7.151111,0.78312755,1.4210526
xwdyzsorgizhiorddmdseambamz.net,murofet,31.0,27.0,2.0,0.0,0.0,30.0,1.0,0.0,0.0,8.0,0.26666668,22.0,0.73333335,17.0,0.56666666,0.3,3.9232314,4.72005,4.807355,6.0,0.0,0.2,0.0,0.5294118,0.9266667,0.0,0.0,0.0,27.0,15.0,12.0,1.0,0.0,3.736007,0.0,6.912759,0.69993216,1.2666667
rcdypfmpbkjmjeuwnvdwsjruw.ru,murofet,28.0,25.0,2.0,0.0,0.0,27.0,1.0,0.0,0.0,4.0,0.14814815,23.0,0.8518519,16.0,0.5925926,0.22222222,3.8282375,4.5465937,4.643856,13.0,0.0,0.4814815,0.0,0.4375,0.9218107,0.0,0.0,0.0,25.0,13.5,11.5,1.0,0.0,3.863465,0.0,9.795,1.038969,1.2962962
psfvkqk47izi15h34fzlqiynxk27lxbwj26os.com,murofet,41.0,37.0,2.0,10.0,0.25,30.0,0.75,0.0,0.0,5.0,0.125,25.0,0.625,26.0,0.65,0.35,4.5841837,5.2854023,5.2479277,7.0,2.0,0.175,0.05,0.46153846,0.955,1.0,0.0,10.0,37.0,20.0,17.0,1.0,0.27027026,4.4659457,0.0,9.644872,1.25424,1.2
iqmrcwhtgrlvlvmqj56iylto11o31pwbuh64.net,murofet,40.0,36.0,2.0,8.0,0.20512821,31.0,0.7948718,0.0,0.0,6.0,0.15384616,25.0,0.64102566,24.0,0.61538464,0.2820513,4.458103,5.195296,5.2094536,16.0,2.0,0.41025642,0.051282052,0.5,0.9506903,1.0,0.0,8.0,36.0,19.5,16.5,1.0,0.22222222,4.350209,0.0,8.972368,0.87106466,1.2051282
b38eqfrhve21lxk67i45nxc59m19c39c39l48nzl38.info,murofet,47.0,42.0,2.0,20.0,0.4347826,26.0,0.5652174,0.0,0.0,5.0,0.10869565,21.0,0.45652175,25.0,0.54347825,0.6086956,4.4579196,5.3140755,5.3685226,5.0,2.0,0.10869565,0.04347826,0.52,0.9489603,1.0,0.0,20.0,42.0,23.0,19.0,1.0,0.47619048,4.386016,0.0,9.418222,1.523918,1.1086956
gmprsiiwwqlmhey.org,murofet,19.0,15.0,2.0,0.0,0.0,18.0,1.0,0.0,0.0,4.0,0.22222222,14.0,0.7777778,13.0,0.7222222,0.055555556,3.6143694,4.087463,4.0,6.0,0.0,0.33333334,0.0,0.3846154,0.91358024,0.0,0.0,0.0,15.0,9.0,6.0,1.0,0.0,3.5068905,0.0,7.4882355,0.90730345,1.4444444
dqjbfixygetemfmkztjvd.net,murofet,25.0,21.0,2.0,0.0,0.0,24.0,1.0,0.0,0.0,4.0,0.16666667,20.0,0.8333333,16.0,0.6666667,0.33333334,3.8553886,4.4366055,4.4594316,10.0,0.0,0.41666666,0.0,0.375,0.9236111,0.0,0.0,0.0,21.0,12.0,9.0,1.0,0.0,3.8208888,0.0,7.985652,1.113673,1.3333334
uoydinrhdamlntsxrlffuce.com,murofet,27.0,23.0,2.0,0.0,0.0,26.0,1.0,0.0,0.0,7.0,0.26923078,19.0,0.7307692,17.0,0.65384614,0.30769232,4.008132,4.643856,4.5849624,10.0,0.0,0.3846154,0.0,0.5294118,0.93491125,0.0,0.0,0.0,23.0,13.0,10.0,1.0,0.0,4.001823,0.0,7.584,0.44817168,1.3076923
xvcergskibuspfirtpcuhueqgq.org,murofet,30.0,26.0,2.0,0.0,0.0,29.0,1.0,0.0,0.0,8.0,0.27586207,21.0,0.7241379,17.0,0.5862069,0.20689656,3.952303,4.735926,4.7548876,4.0,0.0,0.13793103,0.0,0.5294118,0.9298454,0.0,0.0,0.0,26.0,14.5,11.5,1.0,0.0,3.9021747,0.0,8.035357,0.8147592,1.2758621
vovmnylvnesmmpyr.biz,murofet,20.0,16.0,2.0,0.0,0.0,19.0,1.0,0.0,0.0,3.0,0.15789473,16.0,0.84210527,13.0,0.68421054,0.10526316,3.5368867,4.169925,4.087463,7.0,0.0,0.36842105,0.0,0.30769232,0.9030471,0.0,0.0,0.0,16.0,9.5,6.5,1.0,0.0,3.1556392,0.0,8.530556,1.082839,1.4210526
xnuzgrjreoeowzky.biz,murofet,20.0,16.0,2.0,0.0,0.0,19.0,1.0,0.0,0.0,6.0,0.31578946,13.0,0.68421054,14.0,0.7368421,0.15789473,3.6818807,4.058814,4.087463,5.0,0.0,0.2631579,0.0,0.2857143,0.9141274,0.0,0.0,0.0,16.0,9.5,6.5,1.0,0.0,3.5,0.0,8.551666,1.2649275,1.4210526
rvhnykiwpmgljyxe.info,murofet,21.0,16.0,2.0,0.0,0.0,20.0,1.0,0.0,0.0,4.0,0.2,16.0,0.8,17.0,0.85,0.1,4.0219283,4.2479277,4.169925,8.0,0.0,0.4,0.0,0.1764706,0.935,0.0,0.0,0.0,16.0,10.0,6.0,1.0,0.0,3.875,0.0,8.955263,0.8025582,1.4
jsmvouulpnphogs.net,murofet,19.0,15.0,2.0,0.0,0.0,18.0,1.0,0.0,0.0,5.0,0.2777778,13.0,0.7222222,13.0,0.7222222,0.055555556,3.6143694,4.087463,4.0,5.0,0.0,0.2777778,0.0,0.3846154,0.91358024,0.0,0.0,0.0,15.0,9.0,6.0,1.0,0.0,3.3735573,0.0,8.067647,0.75847787,1.4444444
pnssrgepqizlkog.info,murofet,20.0,15.0,2.0,0.0,0.0,19.0,1.0,0.0,0.0,5.0,0.2631579,14.0,0.7368421,13.0,0.68421054,0.10526316,3.6163485,4.169925,4.087463,6.0,0.0,0.31578946,0.0,0.46153846,0.9141274,0.0,0.0,0.0,15.0,9.5,5.5,1.0,0.0,3.5068905,0.0,7.391667,0.9131946,1.4210526
f22ltmzhtjwh14l28csbzh34hra67ctdsi35mu.net,murofet,42.0,38.0,2.0,12.0,0.29268292,29.0,0.70731705,0.0,0.0,4.0,0.09756097,25.0,0.6097561,26.0,0.63414633,0.46341464,4.509872,5.2719283,5.2854023,9.0,2.0,0.2195122,0.048780486,0.3846154,0.9494349,1.0,0.0,12.0,38.0,20.5,17.5,1.0,0.31578946,4.418723,0.0,8.876,0.96810436,1.195122
vlimromyyssesp.net,murofet,18.0,14.0,2.0,0.0,0.0,17.0,1.0,0.0,0.0,4.0,0.23529412,13.0,0.7647059,12.0,0.7058824,0.11764706,3.4548223,4.0,3.9068906,5.0,0.0,0.29411766,0.0,0.33333334,0.899654,0.0,0.0,0.0,14.0,8.5,5.5,1.0,0.0,3.182006,0.0,5.67,0.675568,1.4705882
hcjkmezjllyqjhz.com,murofet,19.0,15.0,2.0,0.0,0.0,18.0,1.0,0.0,0.0,2.0,0.11111111,16.0,0.8888889,11.0,0.6111111,0.16666667,3.350209,4.087463,4.0,10.0,0.0,0.5555556,0.0,0.54545456,0.89506173,0.0,0.0,0.0,15.0,9.0,6.0,1.0,0.0,3.189898,0.0,8.353529,1.7586412,1.4444444
dqwsbmxvosqmlusxdpbeu.net,murofet,25.0,21.0,2.0,0.0,0.0,24.0,1.0,0.0,0.0,5.0,0.20833333,19.0,0.7916667,15.0,0.625,0.25,3.8035088,4.523562,4.4594316,8.0,0.0,0.33333334,0.0,0.53333336,0.9236111,0.0,0.0,0.0,21.0,12.0,9.0,1.0,0.0,3.5944657,0.0,8.637826,1.0097308,1.3333334
nkgnygvsovaspfo.biz,murofet,19.0,15.0,2.0,0.0,0.0,18.0,1.0,0.0,0.0,4.0,0.22222222,14.0,0.7777778,13.0,0.7222222,0.16666667,3.6143694,4.087463,4.0,8.0,0.0,0.44444445,0.0,0.3846154,0.91358024,0.0,0.0,0.0,15.0,9.0,6.0,1.0,0.0,3.240224,0.0,7.7552943,1.0467895,1.4444444
xwrhimqvmixqxi.biz,murofet,18.0,14.0,2.0,0.0,0.0,17.0,1.0,0.0,0.0,4.0,0.23529412,13.0,0.7647059,10.0,0.5882353,0.05882353,3.1018813,4.0,3.9068906,4.0,0.0,0.23529412,0.0,0.4,0.8650519,0.0,0.0,0.0,14.0,8.5,5.5,1.0,0.0,2.842371,0.0,8.455,2.0321848,1.4705882
rcfydinzskusvgfeskcmcyaaionpy.info,murofet,34.0,29.0,2.0,0.0,0.0,33.0,1.0,0.0,0.0,9.0,0.27272728,24.0,0.72727275,18.0,0.54545456,0.3030303,3.998051,4.875,4.9541965,6.0,0.0,0.18181819,0.0,0.5,0.93112946,0.0,0.0,0.0,29.0,16.5,12.5,1.0,0.0,4.0212684,0.0,7.9821873,0.6010915,1.2424242
lrjwf32b28mxk17g63bxpyarp12eypvhybsis.biz,murofet,41.0,37.0,2.0,10.0,0.25,30.0,0.75,0.0,0.0,4.0,0.1,26.0,0.65,25.0,0.625,0.425,4.4653115,5.2854023,5.2479277,7.0,2.0,0.175,0.05,0.4,0.94875,1.0,0.0,10.0,37.0,20.0,17.0,1.0,0.27027026,4.4251413,0.0,9.271795,1.1424491,1.2
tjrlztlqwjfxcgutvcwoeaqstswk.info,murofet,33.0,28.0,2.0,0.0,0.0,32.0,1.0,0.0,0.0,6.0,0.1875,26.0,0.8125,20.0,0.625,0.1875,4.16391,4.9541965,4.9068904,14.0,0.0,0.4375,0.0,0.45,0.9375,0.0,0.0,0.0,28.0,16.0,12.0,1.0,0.0,3.9946804,0.0,8.838064,0.7848817,1.25
tcyxojbocauonrojpvodzhizd.com,murofet,29.0,25.0,2.0,0.0,0.0,28.0,1.0,0.0,0.0,9.0,0.32142857,19.0,0.6785714,18.0,0.64285713,0.25,3.8693314,4.6808133,4.70044,4.0,0.0,0.14285715,0.0,0.2777778,0.91071427,0.0,0.0,0.0,25.0,14.0,11.0,1.0,0.0,3.8594706,0.0,8.018148,0.901778,1.2857143
utsfmrsdsaegukffqcauwtwh.net,murofet,28.0,24.0,2.0,0.0,0.0,27.0,1.0,0.0,0.0,7.0,0.25925925,20.0,0.7407407,16.0,0.5925926,0.33333334,3.8282375,4.70044,4.643856,8.0,0.0,0.2962963,0.0,0.4375,0.9218107,0.0,0.0,0.0,24.0,13.5,10.5,1.0,0.0,3.7406015,0.0,8.700384,0.67656237,1.2962962
o51mtj46f52b18exguo41n10f22bwnrm39fwprkz.com,murofet,44.0,40.0,2.0,16.0,0.37209302,27.0,0.627907,0.0,0.0,5.0,0.11627907,22.0,0.5116279,26.0,0.60465115,0.53488374,4.518833,5.3446984,5.357552,7.0,2.0,0.1627907,0.046511628,0.42307693,0.9507842,1.0,0.0,16.0,40.0,21.5,18.5,1.0,0.4,4.484184,0.0,9.371667,1.2308425,1.1860465
wpfsmnmwlscsnzn.net,murofet,19.0,15.0,2.0,0.0,0.0,18.0,1.0,0.0,0.0,1.0,0.055555556,17.0,0.9444444,11.0,0.6111111,0.16666667,3.2390978,4.087463,4.0,16.0,0.0,0.8888889,0.0,0.36363637,0.8765432,0.0,0.0,0.0,15.0,9.0,6.0,1.0,0.0,3.006239,0.0,9.19,1.0494295,1.4444444
eifipzrtclfihpiztoswjveyvs.ru,murofet,29.0,26.0,2.0,0.0,0.0,28.0,1.0,0.0,0.0,8.0,0.2857143,20.0,0.71428573,17.0,0.60714287,0.17857143,3.950212,4.6808133,4.70044,7.0,0.0,0.25,0.0,0.5294118,0.9285714,0.0,0.0,0.0,26.0,14.0,12.0,1.0,0.0,3.854286,0.0,7.918148,0.7491097,1.2857143
g43nvewk37pwlzc29msjtiwlyj36i15n30k67pt.info,murofet,44.0,39.0,2.0,14.0,0.3255814,29.0,0.6744186,0.0,0.0,5.0,0.11627907,24.0,0.55813956,27.0,0.627907,0.39534885,4.5829005,5.24946,5.357552,5.0,2.0,0.11627907,0.046511628,0.4074074,0.95294756,1.0,0.0,14.0,39.0,21.5,17.5,1.0,0.35897437,4.496815,0.0,8.972619,1.1096373,1.1860465
schihqtgqwpqephmfmvzqy.com,murofet,26.0,22.0,2.0,0.0,0.0,25.0,1.0,0.0,0.0,3.0,0.12,22.0,0.88,16.0,0.64,0.16,3.7834651,4.5849624,4.523562,10.0,0.0,0.4,0.0,0.3125,0.9152,0.0,0.0,0.0,22.0,12.5,9.5,1.0,0.0,3.697846,0.0,8.680833,1.3277899,1.32
rcphmwonqvundri.biz,murofet,19.0,15.0,2.0,0.0,0.0,18.0,1.0,0.0,0.0,4.0,0.22222222,14.0,0.7777778,15.0,0.8333333,0.16666667,3.8365917,4.087463,4.0,6.0,0.0,0.33333334,0.0,0.2,0.9259259,0.0,0.0,0.0,15.0,9.0,6.0,1.0,0.0,3.640224,0.0,7.5788236,0.93368465,1.4444444
mvtmqdegoewkxrsi.info,murofet,21.0,16.0,2.0,0.0,0.0,20.0,1.0,0.0,0.0,6.0,0.3,14.0,0.7,16.0,0.8,0.2,3.9219282,4.2479277,4.169925,6.0,0.0,0.3,0.0,0.25,0.93,0.0,0.0,0.0,16.0,10.0,6.0,1.0,0.0,3.75,0.0,8.077895,0.7136185,1.4
itd10j16d50exdtkum19awaykyoqmuisg13lq.com,murofet,41.0,37.0,2.0,10.0,0.25,30.0,0.75,0.0,0.0,9.0,0.225,21.0,0.525,24.0,0.6,0.425,4.4341836,5.2854023,5.2479277,4.0,2.0,0.1,0.05,0.5,0.94875,1.0,0.0,10.0,37.0,20.0,17.0,1.0,0.27027026,4.37824,0.0,8.968205,0.9460269,1.2
jqqrvvpmkedsvqu.biz,murofet,19.0,15.0,2.0,0.0,0.0,18.0,1.0,0.0,0.0,3.0,0.16666667,15.0,0.8333333,14.0,0.7777778,0.16666667,3.6416042,4.087463,4.0,9.0,0.0,0.5,0.0,0.14285715,0.9074074,0.0,0.0,0.0,15.0,9.0,6.0,1.0,0.0,3.2729056,0.0,9.182353,1.6621302,1.4444444
jsirgxcwfvo11lzlzaxewj36eqawb68h14dq.org,murofet,40.0,36.0,2.0,8.0,0.20512821,31.0,0.7948718,0.0,0.0,7.0,0.17948718,24.0,0.61538464,24.0,0.61538464,0.41025642,4.4774594,5.1426644,5.2094536,7.0,2.0,0.17948718,0.051282052,0.5416667,0.95200527,1.0,0.0,8.0,36.0,19.5,16.5,1.0,0.22222222,4.46132,0.0,9.601579,1.1248282,1.2051282
dgnghmqoipnfhayg.info,murofet,21.0,16.0,2.0,0.0,0.0,20.0,1.0,0.0,0.0,5.0,0.25,15.0,0.75,12.0,0.6,0.2,3.4464393,4.1426644,4.169925,7.0,0.0,0.35,0.0,0.5,0.9,0.0,0.0,0.0,16.0,10.0,6.0,1.0,0.0,3.4528196,0.0,7.8410525,1.0481658,1.4
hucqhwovgxwytdqeivwxsmfttkl.org,murofet,31.0,27.0,2.0,0.0,0.0,30.0,1.0,0.0,0.0,5.0,0.16666667,25.0,0.8333333,20.0,0.6666667,0.13333334,4.189898,4.857981,4.807355,10.0,0.0,0.33333334,0.0,0.4,0.94,0.0,0.0,0.0,27.0,15.0,12.0,1.0,0.0,4.106377,0.0,9.094828,0.80658424,1.2666667
opkhngitiwmlinml.com,murofet,20.0,16.0,2.0,0.0,0.0,19.0,1.0,0.0,0.0,5.0,0.2631579,14.0,0.7368421,12.0,0.6315789,0.05263158,3.4316235,4.058814,4.087463,5.0,0.0,0.2631579,0.0,0.41666666,0.89750695,0.0,0.0,0.0,16.0,9.5,6.5,1.0,0.0,3.3278196,0.0,6.4,0.8390355,1.4210526
fxltp42ezjvh54cyozgqh14jvhxh34bshwn60.ru,murofet,40.0,37.0,2.0,10.0,0.25641027,29.0,0.74358976,0.0,0.0,3.0,0.07692308,26.0,0.6666667,28.0,0.71794873,0.35897437,4.5774627,5.1426644,5.1553993,5.0,2.0,0.12820514,0.051282052,0.21428572,0.9480605,1.0,0.0,10.0,37.0,19.5,17.5,1.0,0.27027026,4.463247,0.0,9.718684,1.2379819,1.1538461
b58e21exf22hui35jun40btm39j56aqb68exhzat.com,murofet,44.0,40.0,2.0,16.0,0.37209302,27.0,0.627907,0.0,0.0,9.0,0.20930232,18.0,0.41860464,25.0,0.5813953,0.60465115,4.518833,5.2970796,5.357552,3.0,2.0,0.069767445,0.046511628,0.56,0.95294756,1.0,0.0,16.0,40.0,21.5,18.5,1.0,0.4,4.3964396,0.0,8.926666,1.3238623,1.1860465
a47brn20lzfub18jzoyl28j66f52jxmxh64oxkz.ru,murofet,42.0,39.0,2.0,14.0,0.34146342,27.0,0.6585366,0.0,0.0,5.0,0.12195122,22.0,0.5365854,23.0,0.5609756,0.46341464,4.3874435,5.2719283,5.2854023,5.0,2.0,0.12195122,0.048780486,0.5652174,0.9482451,1.0,0.0,14.0,39.0,20.5,18.5,1.0,0.35897437,4.3681087,0.0,9.87275,1.6207317,1.195122
pxdxj16gzp42m39j26c49gypweqkvo21ivira47.biz,murofet,43.0,39.0,2.0,14.0,0.33333334,28.0,0.6666667,0.0,0.0,6.0,0.14285715,22.0,0.52380955,26.0,0.61904764,0.45238096,4.5585184,5.357552,5.321928,5.0,2.0,0.11904762,0.04761905,0.46153846,0.95351475,1.0,0.0,14.0,39.0,21.0,18.0,1.0,0.35897437,4.509385,0.0,9.399268,1.4173238,1.1904762
e51nrmre21pwb18jwgxg33e61pvfuayn30i65i55.com,murofet,44.0,40.0,2.0,16.0,0.37209302,27.0,0.627907,0.0,0.0,8.0,0.18604651,19.0,0.44186047,25.0,0.5813953,0.53488374,4.4609213,5.3446984,5.357552,5.0,2.0,0.11627907,0.046511628,0.48,0.94862086,1.0,0.0,16.0,40.0,21.5,18.5,1.0,0.4,4.3341837,0.0,9.351905,1.161851,1.1860465
dextwtvsbmxtgfcmphlbxp.info,murofet,27.0,22.0,2.0,0.0,0.0,26.0,1.0,0.0,0.0,3.0,0.115384616,23.0,0.88461536,18.0,0.6923077,0.26923078,4.0269866,4.563856,4.5849624,20.0,0.0,0.7692308,0.0,0.33333334,0.93195266,0.0,0.0,0.0,22.0,13.0,9.0,1.0,0.0,3.7544417,0.0,8.4172,0.8399656,1.3076923
pdnhrihrkxronrod.info,murofet,21.0,16.0,2.0,0.0,0.0,20.0,1.0,0.0,0.0,5.0,0.25,15.0,0.75,10.0,0.5,0.15,3.1464393,4.037401,4.169925,5.0,0.0,0.25,0.0,0.6,0.875,0.0,0.0,0.0,16.0,10.0,6.0,1.0,0.0,3.0,0.0,7.318421,1.0176387,1.4
hva67ovmzdwltm29j16n40jsesj46kwounqlw.net,murofet,41.0,37.0,2.0,10.0,0.25,30.0,0.75,0.0,0.0,6.0,0.15,24.0,0.6,24.0,0.6,0.35,4.4464393,5.2854023,5.2479277,8.0,2.0,0.2,0.05,0.5,0.95,1.0,0.0,10.0,37.0,20.0,17.0,1.0,0.27027026,4.445544,0.0,8.611539,1.0558407,1.2
cupwh34j16asg13muctgvmvg43dqgwb28bwd10.info,murofet,43.0,38.0,2.0,12.0,0.2857143,30.0,0.71428573,0.0,0.0,5.0,0.11904762,25.0,0.5952381,26.0,0.61904764,0.47619048,4.528873,5.357552,5.321928,7.0,2.0,0.16666667,0.04761905,0.42307693,0.95124716,1.0,0.0,12.0,38.0,21.0,17.0,1.0,0.31578946,4.2935944,0.0,9.326829,1.0802714,1.1904762
m59l28o21izf52kubql58e61c69avaui55mslxi15.org,murofet,45.0,41.0,2.0,18.0,0.4090909,26.0,0.59090906,0.0,0.0,10.0,0.22727273,16.0,0.36363637,24.0,0.54545456,0.54545456,4.3564925,5.426265,5.3923173,4.0,2.0,0.09090909,0.045454547,0.5,0.94214875,1.0,0.0,18.0,41.0,22.0,19.0,1.0,0.4390244,4.2226906,0.0,9.697442,1.4062275,1.1818181
ruroodpgqwrlk.com,murofet,17.0,13.0,2.0,0.0,0.0,16.0,1.0,0.0,0.0,4.0,0.25,12.0,0.75,12.0,0.75,0.125,3.4056392,3.9068906,3.807355,9.0,0.0,0.5625,0.0,0.16666667,0.890625,0.0,0.0,0.0,13.0,8.0,5.0,1.0,0.0,3.180833,0.0,8.248,1.0543773,1.5
rnrzzvpqhmopor.info,murofet,19.0,14.0,2.0,0.0,0.0,18.0,1.0,0.0,0.0,4.0,0.22222222,14.0,0.7777778,11.0,0.6111111,0.055555556,3.308271,4.087463,4.0,10.0,0.0,0.5555556,0.0,0.45454547,0.8888889,0.0,0.0,0.0,14.0,9.0,5.0,1.0,0.0,3.0391486,0.0,7.1388235,1.3278793,1.4444444
wclvbqdtovkbmbojbegefugswgip.info,murofet,33.0,28.0,2.0,0.0,0.0,32.0,1.0,0.0,0.0,8.0,0.25,24.0,0.75,20.0,0.625,0.3125,4.1403193,4.9541965,4.9068904,8.0,0.0,0.25,0.0,0.4,0.9355469,0.0,0.0,0.0,28.0,16.0,12.0,1.0,0.0,4.0661087,0.0,7.950645,0.7448592,1.25
oomfnwmmeplnoij.com,murofet,19.0,15.0,2.0,0.0,0.0,18.0,1.0,0.0,0.0,6.0,0.33333334,12.0,0.6666667,11.0,0.6111111,0.16666667,3.169925,3.9698157,4.0,6.0,0.0,0.33333334,0.0,0.27272728,0.86419755,0.0,0.0,0.0,15.0,9.0,6.0,1.0,0.0,3.1395721,0.0,7.369412,1.0630857,1.4444444
njofpvwdpvwfeqgjnkhyyh.biz,murofet,26.0,22.0,2.0,0.0,0.0,25.0,1.0,0.0,0.0,3.0,0.12,22.0,0.88,17.0,0.68,0.2,4.003856,4.418296,4.4366055,10.0,0.0,0.4,0.0,0.47058824,0.9344,0.0,0.0,0.0,22.0,12.5,9.5,1.0,0.0,3.732159,0.0,9.753333,1.1817284,1.24
mqevfsoye11nul58cwk67f22bsgqkyb18muh24.biz,murofet,42.0,38.0,2.0,12.0,0.29268292,29.0,0.70731705,0.0,0.0,6.0,0.14634146,23.0,0.5609756,26.0,0.63414633,0.4878049,4.570609,5.321928,5.2854023,7.0,2.0,0.17073171,0.048780486,0.46153846,0.95419395,1.0,0.0,12.0,38.0,20.5,17.5,1.0,0.31578946,4.4713545,0.0,9.417,1.1508428,1.195122
rtqmolmlqoshxmp.net,murofet,19.0,15.0,2.0,0.0,0.0,18.0,1.0,0.0,0.0,3.0,0.16666667,15.0,0.8333333,12.0,0.6666667,0.055555556,3.4613202,4.087463,4.0,6.0,0.0,0.33333334,0.0,0.41666666,0.90123457,0.0,0.0,0.0,15.0,9.0,6.0,1.0,0.0,3.189898,0.0,7.739412,1.0587213,1.4444444
twchwgwgganfprosucrchaydr.com,murofet,29.0,25.0,2.0,0.0,0.0,28.0,1.0,0.0,0.0,5.0,0.17857143,23.0,0.8214286,16.0,0.5714286,0.2857143,3.7979026,4.5326653,4.70044,9.0,0.0,0.32142857,0.0,0.4375,0.9183673,0.0,0.0,0.0,25.0,14.0,11.0,1.0,0.0,3.7230742,0.0,7.7744446,0.6909453,1.2857143
hpklutfmpvtxnohs.info,murofet,21.0,16.0,2.0,0.0,0.0,20.0,1.0,0.0,0.0,4.0,0.2,16.0,0.8,14.0,0.7,0.1,3.7219281,4.2479277,4.169925,8.0,0.0,0.4,0.0,0.42857143,0.92,0.0,0.0,0.0,16.0,10.0,6.0,1.0,0.0,3.625,0.0,8.2578945,0.85137266,1.4
irojxsaeofamtxugjzfuhicahtcuc.info,murofet,34.0,29.0,2.0,0.0,0.0,33.0,1.0,0.0,0.0,13.0,0.3939394,20.0,0.6060606,17.0,0.5151515,0.3030303,3.937445,5.0,4.9541965,4.0,0.0,0.121212125,0.0,0.5882353,0.9292929,0.0,0.0,0.0,29.0,16.5,12.5,1.0,0.0,3.8833375,0.0,8.131562,0.7276498,1.2424242
oym19cxi55nrhto11k67hwevjwnyizi25mzk27.com,murofet,42.0,38.0,2.0,12.0,0.29268292,29.0,0.70731705,0.0,0.0,7.0,0.17073171,22.0,0.5365854,22.0,0.5365854,0.36585367,4.338663,5.321928,5.2854023,5.0,2.0,0.12195122,0.048780486,0.6363636,0.94705534,1.0,0.0,12.0,38.0,20.5,17.5,1.0,0.31578946,4.3462257,0.0,9.31,1.2230028,1.195122
mpfmnqtotsclwyin.biz,murofet,20.0,16.0,2.0,0.0,0.0,19.0,1.0,0.0,0.0,3.0,0.15789473,16.0,0.84210527,15.0,0.7894737,0.15789473,3.826875,4.169925,4.087463,7.0,0.0,0.36842105,0.0,0.26666668,0.92520773,0.0,0.0,0.0,16.0,9.5,6.5,1.0,0.0,3.625,0.0,7.757222,0.8832473,1.4210526
ivg43p12e31b28mrhqntkvfugwd10krbxawb38.biz,murofet,42.0,38.0,2.0,12.0,0.29268292,29.0,0.70731705,0.0,0.0,5.0,0.12195122,24.0,0.58536583,26.0,0.63414633,0.4878049,4.5402403,5.321928,5.2854023,9.0,2.0,0.2195122,0.048780486,0.42307693,0.9518144,1.0,0.0,12.0,38.0,20.5,17.5,1.0,0.31578946,4.504121,0.0,9.3895,1.1495042,1.195122
htdwbzfudypxgrkvoxe31erf52cvf22j26ct.com,murofet,40.0,36.0,2.0,8.0,0.20512821,31.0,0.7948718,0.0,0.0,5.0,0.12820514,26.0,0.6666667,25.0,0.64102566,0.4871795,4.4774594,5.2479277,5.2094536,8.0,2.0,0.20512821,0.051282052,0.4,0.9493754,1.0,0.0,8.0,36.0,19.5,16.5,1.0,0.22222222,4.4267335,0.0,8.985526,0.98315346,1.2051282
nxdsguhud30lvltauivjzf52aybscsaxny.com,murofet,38.0,34.0,2.0,4.0,0.10810811,33.0,0.8918919,0.0,0.0,8.0,0.21621622,25.0,0.6756757,24.0,0.6486486,0.35135135,4.445544,5.169925,5.129283,5.0,2.0,0.13513513,0.054054055,0.41666666,0.94959825,1.0,0.0,4.0,34.0,18.5,15.5,1.0,0.11764706,4.314973,0.0,8.8025,0.66173327,1.2162162
kvhxchyzlrgqowcskcigutth.ru,murofet,27.0,24.0,2.0,0.0,0.0,26.0,1.0,0.0,0.0,4.0,0.15384616,22.0,0.84615386,17.0,0.65384614,0.115384616,3.9500637,4.643856,4.5849624,12.0,0.0,0.46153846,0.0,0.4117647,0.92899406,0.0,0.0,0.0,24.0,13.0,11.0,1.0,0.0,3.938722,0.0,9.1908,0.9361678,1.3076923
pbamsodatpbpdlxkjuwkbtsqgob.com,murofet,31.0,27.0,2.0,0.0,0.0,30.0,1.0,0.0,0.0,6.0,0.2,24.0,0.8,17.0,0.56666666,0.3,3.9232314,4.7890153,4.807355,9.0,0.0,0.3,0.0,0.5294118,0.9266667,0.0,0.0,0.0,27.0,15.0,12.0,1.0,0.0,3.8380399,0.0,8.433104,0.8873417,1.2666667
p32p42o51itiudsc29p42a37bqb18gyo31g63axk57.org,murofet,46.0,42.0,2.0,20.0,0.44444445,25.0,0.5555556,0.0,0.0,8.0,0.17777778,17.0,0.37777779,25.0,0.5555556,0.5777778,4.4469743,5.3685226,5.379753,3.0,2.0,0.06666667,0.044444446,0.48,0.94814813,1.0,0.0,20.0,42.0,22.5,19.5,1.0,0.47619048,4.4039893,0.0,9.465,1.380778,1.1333333
vkhxgirugpgamnpbieihxt.biz,murofet,26.0,22.0,2.0,0.0,0.0,25.0,1.0,0.0,0.0,7.0,0.28,18.0,0.72,16.0,0.64,0.16,3.8136606,4.418296,4.523562,5.0,0.0,0.2,0.0,0.375,0.9184,0.0,0.0,0.0,22.0,12.5,9.5,1.0,0.0,3.7544417,0.0,9.011666,0.98344195,1.32
iwpinufqoonpppjo.com,murofet,20.0,16.0,2.0,0.0,0.0,19.0,1.0,0.0,0.0,7.0,0.36842105,12.0,0.6315789,11.0,0.57894737,0.10526316,3.195296,4.058814,4.087463,5.0,0.0,0.2631579,0.0,0.36363637,0.8698061,0.0,0.0,0.0,16.0,9.5,6.5,1.0,0.0,2.9528196,0.0,7.1016665,1.2769231,1.4210526
e51g63f42o61m69lwp22c19izo31fwjzl68b48mtl28.info,murofet,48.0,43.0,2.0,22.0,0.4680851,25.0,0.5319149,0.0,0.0,6.0,0.12765957,19.0,0.40425533,23.0,0.4893617,0.59574467,4.341407,5.523562,5.491853,5.0,2.0,0.10638298,0.04255319,0.6086956,0.9452241,1.0,0.0,22.0,43.0,23.5,19.5,1.0,0.5116279,4.2748747,0.0,9.678261,1.5909444,1.1702127
yhtcalrmbxoxsgmwcmjirdqcqvcwo.com,murofet,33.0,29.0,2.0,0.0,0.0,32.0,1.0,0.0,0.0,5.0,0.15625,27.0,0.84375,19.0,0.59375,0.25,3.9886086,4.9541965,4.9068904,8.0,0.0,0.25,0.0,0.36842105,0.9238281,0.0,0.0,0.0,29.0,16.0,13.0,1.0,0.0,4.07333,0.0,8.754193,0.9115509,1.25
qpsnsgspcnosoom.com,murofet,19.0,15.0,2.0,0.0,0.0,18.0,1.0,0.0,0.0,4.0,0.22222222,14.0,0.7777778,8.0,0.44444445,0.11111111,2.8365917,3.9698157,4.0,10.0,0.0,0.5555556,0.0,0.75,0.845679,0.0,0.0,0.0,15.0,9.0,6.0,1.0,0.0,2.7898982,0.0,7.3011765,1.2354926,1.4444444
ndxcstzykdpnppnp.com,murofet,20.0,16.0,2.0,0.0,0.0,19.0,1.0,0.0,0.0,1.0,0.05263158,18.0,0.94736844,12.0,0.6315789,0.21052632,3.3660913,3.947703,3.9698157,17.0,0.0,0.8947368,0.0,0.33333334,0.88642657,0.0,0.0,0.0,16.0,9.5,6.5,1.0,0.0,3.0778196,0.0,8.07,1.2347751,1.3157895
tmnvpmqnotrfqud.com,murofet,19.0,15.0,2.0,0.0,0.0,18.0,1.0,0.0,0.0,3.0,0.16666667,15.0,0.8333333,12.0,0.6666667,0.16666667,3.4613202,4.087463,4.0,8.0,0.0,0.44444445,0.0,0.41666666,0.90123457,0.0,0.0,0.0,15.0,9.0,6.0,1.0,0.0,3.3735573,0.0,8.03647,1.1525991,1.4444444
iujsf32g13nzh14psiwbqpzf12a37hyczlze11.biz,murofet,42.0,38.0,2.0,12.0,0.29268292,29.0,0.70731705,0.0,0.0,6.0,0.14634146,23.0,0.5609756,23.0,0.5609756,0.46341464,4.2665997,5.321928,5.2854023,6.0,2.0,0.14634146,0.048780486,0.4347826,0.9375372,1.0,0.0,12.0,38.0,20.5,17.5,1.0,0.31578946,4.290966,0.0,9.671,1.4163271,1.195122
onlayhuozxkqdavkpfrsnrnjqc.ru,murofet,29.0,26.0,2.0,0.0,0.0,28.0,1.0,0.0,0.0,6.0,0.21428572,22.0,0.78571427,19.0,0.6785714,0.17857143,4.110577,4.7548876,4.70044,13.0,0.0,0.4642857,0.0,0.36842105,0.93622446,0.0,0.0,0.0,26.0,14.0,12.0,1.0,0.0,4.132944,0.0,8.775556,0.82616657,1.2857143
asaue21eyh44excymxmzk47praypvawgxow.biz,murofet,39.0,35.0,2.0,6.0,0.15789473,32.0,0.84210527,0.0,0.0,10.0,0.2631579,22.0,0.57894737,23.0,0.6052632,0.39473686,4.32636,5.2094536,5.169925,8.0,2.0,0.21052632,0.05263158,0.39130434,0.9432133,1.0,0.0,6.0,35.0,19.0,16.0,1.0,0.17142858,4.1858673,0.0,8.626757,0.98835313,1.2105263
pydwcrlvp12c69mvmwlxave21i15hqi35k67fv.com,murofet,42.0,38.0,2.0,12.0,0.29268292,29.0,0.70731705,0.0,0.0,5.0,0.12195122,24.0,0.58536583,25.0,0.6097561,0.46341464,4.473048,5.321928,5.2854023,9.0,2.0,0.2195122,0.048780486,0.44,0.9494349,1.0,0.0,12.0,38.0,20.5,17.5,1.0,0.31578946,4.438588,0.0,9.37425,1.1664085,1.195122
jwpwpzf32krp22pwduarazcrcycwm59evht.com,murofet,39.0,35.0,2.0,6.0,0.15789473,32.0,0.84210527,0.0,0.0,5.0,0.13157895,27.0,0.7105263,22.0,0.57894737,0.39473686,4.2081966,5.101345,5.169925,8.0,2.0,0.21052632,0.05263158,0.36363637,0.9362881,1.0,0.0,6.0,35.0,19.0,16.0,1.0,0.17142858,4.150293,0.0,8.777838,1.0443523,1.2105263
dwgyf52l18lum59g63b18n40h34exa37d20f52o41ks.com,murofet,47.0,43.0,2.0,22.0,0.47826087,24.0,0.5217391,0.0,0.0,5.0,0.10869565,19.0,0.41304347,28.0,0.6086956,0.65217394,4.6589003,5.3585196,5.413977,5.0,2.0,0.10869565,0.04347826,0.4642857,0.95652175,1.0,0.0,22.0,43.0,23.0,20.0,1.0,0.5116279,4.594301,0.0,9.562445,1.2922194,1.1521739
uslremjkzxgadmqkojofttfob.com,murofet,29.0,25.0,2.0,0.0,0.0,28.0,1.0,0.0,0.0,7.0,0.25,21.0,0.75,19.0,0.6785714,0.25,4.0661087,4.7548876,4.70044,6.0,0.0,0.21428572,0.0,0.31578946,0.9311224,0.0,0.0,0.0,25.0,14.0,11.0,1.0,0.0,4.053661,0.0,8.066297,0.83568764,1.2857143
prtkvctixchqamvwodvoob.com,murofet,26.0,22.0,2.0,0.0,0.0,25.0,1.0,0.0,0.0,6.0,0.24,19.0,0.76,16.0,0.64,0.24,3.7834651,4.5849624,4.523562,7.0,0.0,0.28,0.0,0.3125,0.9152,0.0,0.0,0.0,22.0,12.5,9.5,1.0,0.0,3.845351,0.0,7.355,0.9454902,1.32
xqigfklgjjqxrsmk.com,murofet,20.0,16.0,2.0,0.0,0.0,19.0,1.0,0.0,0.0,2.0,0.10526316,17.0,0.8947368,13.0,0.68421054,0.10526316,3.6163485,4.169925,4.087463,14.0,0.0,0.7368421,0.0,0.46153846,0.9141274,0.0,0.0,0.0,16.0,9.5,6.5,1.0,0.0,3.375,0.0,8.844444,1.5885655,1.4210526
jwbycvdzpsjvbvd60j16frd30asiqlxe21eu.net,murofet,40.0,36.0,2.0,8.0,0.20512821,31.0,0.7948718,0.0,0.0,6.0,0.15384616,25.0,0.64102566,26.0,0.6666667,0.4871795,4.5413113,5.195296,5.2094536,15.0,2.0,0.3846154,0.051282052,0.34615386,0.95200527,1.0,0.0,8.0,36.0,19.5,16.5,1.0,0.22222222,4.440351,0.0,8.9302635,0.94067234,1.2051282
hzkjmbkhulsovcsttwzxg.org,murofet,25.0,21.0,2.0,0.0,0.0,24.0,1.0,0.0,0.0,3.0,0.125,21.0,0.875,17.0,0.7083333,0.083333336,4.0016294,4.523562,4.4594316,9.0,0.0,0.375,0.0,0.4117647,0.9340278,0.0,0.0,0.0,21.0,12.0,9.0,1.0,0.0,3.916127,0.0,8.8169565,0.981579,1.3333334
itdxi35cxmsb28m49etdup62nse11iuite21p52.ru,murofet,42.0,39.0,2.0,14.0,0.34146342,27.0,0.6585366,0.0,0.0,10.0,0.24390244,17.0,0.41463414,21.0,0.5121951,0.5121951,4.210734,5.221928,5.2854023,5.0,2.0,0.12195122,0.048780486,0.5714286,0.93991673,1.0,0.0,14.0,39.0,20.5,18.5,1.0,0.35897437,4.1504107,0.0,8.77725,1.10302,1.195122
rssmqxzmmknxric.net,murofet,19.0,15.0,2.0,0.0,0.0,18.0,1.0,0.0,0.0,2.0,0.11111111,16.0,0.8888889,12.0,0.6666667,0.11111111,3.4613202,4.087463,4.0,13.0,0.0,0.7222222,0.0,0.41666666,0.90123457,0.0,0.0,0.0,15.0,9.0,6.0,1.0,0.0,3.189898,0.0,7.5211763,1.2069023,1.4444444
uorequdyhpgeofpqozxwslb.biz,murofet,27.0,23.0,2.0,0.0,0.0,26.0,1.0,0.0,0.0,8.0,0.30769232,18.0,0.6923077,18.0,0.6923077,0.23076923,4.0560207,4.643856,4.5849624,7.0,0.0,0.26923078,0.0,0.3888889,0.93491125,0.0,0.0,0.0,23.0,13.0,10.0,1.0,0.0,3.9690015,0.0,8.8552,0.9652537,1.3076923
pzgwcueznxp12cyf22a17a37g13p52nwjqhue11.biz,murofet,43.0,39.0,2.0,14.0,0.33333334,28.0,0.6666667,0.0,0.0,7.0,0.16666667,21.0,0.5,22.0,0.52380955,0.52380955,4.2704268,5.3087716,5.321928,5.0,2.0,0.11904762,0.04761905,0.59090906,0.9410431,1.0,0.0,14.0,39.0,21.0,18.0,1.0,0.35897437,4.14785,0.0,9.72317,1.4265232,1.1904762
zjmolchroeuqsu.biz,murofet,18.0,14.0,2.0,0.0,0.0,17.0,1.0,0.0,0.0,6.0,0.3529412,11.0,0.64705884,14.0,0.8235294,0.1764706,3.7345216,4.0,3.9068906,4.0,0.0,0.23529412,0.0,0.21428572,0.9204152,0.0,0.0,0.0,14.0,8.5,5.5,1.0,0.0,3.5216405,0.0,8.0925,1.1192353,1.4705882
msfunkenqgssglw.biz,murofet,19.0,15.0,2.0,0.0,0.0,18.0,1.0,0.0,0.0,3.0,0.16666667,15.0,0.8333333,14.0,0.7777778,0.16666667,3.6835423,4.087463,4.0,9.0,0.0,0.5,0.0,0.21428572,0.91358024,0.0,0.0,0.0,15.0,9.0,6.0,1.0,0.0,3.3232315,0.0,7.7717648,1.0311741,1.4444444
o61i55oqkworara37pyb68jvkykybyorc39gz.com,murofet,41.0,37.0,2.0,10.0,0.25,30.0,0.75,0.0,0.0,8.0,0.2,22.0,0.55,23.0,0.575,0.4,4.293943,5.080274,5.2479277,8.0,2.0,0.2,0.05,0.4347826,0.94,1.0,0.0,10.0,37.0,20.0,17.0,1.0,0.27027026,4.2497296,0.0,8.539487,1.2496033,1.2
h14gqe21gxpzmrmzcunxd20kqjyauhra67g13.net,murofet,41.0,37.0,2.0,10.0,0.25,30.0,0.75,0.0,0.0,6.0,0.15,24.0,0.6,25.0,0.625,0.4,4.5341835,5.2854023,5.2479277,9.0,2.0,0.225,0.05,0.52,0.95375,1.0,0.0,10.0,37.0,20.0,17.0,1.0,0.27027026,4.4659457,0.0,9.302052,1.0660495,1.2
eqkzkbukxwtctsjvjntscdhrgufa.info,murofet,33.0,28.0,2.0,0.0,0.0,32.0,1.0,0.0,0.0,6.0,0.1875,26.0,0.8125,22.0,0.6875,0.25,4.3278193,4.8896804,4.9068904,18.0,0.0,0.5625,0.0,0.36363637,0.9453125,0.0,0.0,0.0,28.0,16.0,12.0,1.0,0.0,4.182006,0.0,8.917419,0.68275213,1.25
izozprshtgtxxcqpzmblzjrtc.biz,murofet,29.0,25.0,2.0,0.0,0.0,28.0,1.0,0.0,0.0,3.0,0.10714286,25.0,0.89285713,16.0,0.5714286,0.14285715,3.794336,4.6808133,4.70044,23.0,0.0,0.8214286,0.0,0.5,0.9158163,0.0,0.0,0.0,25.0,14.0,11.0,1.0,0.0,3.8136606,0.0,8.798518,1.3769387,1.2857143
mxkqo21hriqdxiqkzo61f42c49hrprh64b68iq.info,murofet,43.0,38.0,2.0,12.0,0.2857143,30.0,0.71428573,0.0,0.0,7.0,0.16666667,23.0,0.54761904,21.0,0.5,0.4047619,4.207212,5.1927986,5.321928,5.0,2.0,0.11904762,0.04761905,0.5714286,0.9399093,1.0,0.0,12.0,38.0,21.0,17.0,1.0,0.31578946,4.1486,0.0,9.302439,1.5107281,1.1904762
olndikrnfljzxkavdqrmfx.info,murofet,27.0,22.0,2.0,0.0,0.0,26.0,1.0,0.0,0.0,5.0,0.1923077,21.0,0.8076923,15.0,0.5769231,0.23076923,3.7962177,4.563856,4.5849624,9.0,0.0,0.34615386,0.0,0.6,0.9230769,0.0,0.0,0.0,22.0,13.0,9.0,1.0,0.0,3.823068,0.0,8.3956,1.0909352,1.3076923
fsqwwtneyrfztdvt.net,murofet,20.0,16.0,2.0,0.0,0.0,19.0,1.0,0.0,0.0,2.0,0.10526316,17.0,0.8947368,12.0,0.6315789,0.2631579,3.4058223,3.947703,3.9698157,9.0,0.0,0.47368422,0.0,0.41666666,0.89196676,0.0,0.0,0.0,16.0,9.5,6.5,1.0,0.0,3.4528196,0.0,8.836667,1.1295708,1.3157895
ozsjgutvpvuyvulp.net,murofet,20.0,16.0,2.0,0.0,0.0,19.0,1.0,0.0,0.0,5.0,0.2631579,14.0,0.7368421,13.0,0.68421054,0.05263158,3.5368867,4.058814,4.087463,4.0,0.0,0.21052632,0.0,0.30769232,0.9030471,0.0,0.0,0.0,16.0,9.5,6.5,1.0,0.0,3.2806392,0.0,8.940556,1.1550462,1.4210526
eiaqlvcbmgiiztvlzwhejnorpj.net,murofet,30.0,26.0,2.0,0.0,0.0,29.0,1.0,0.0,0.0,8.0,0.27586207,21.0,0.7241379,19.0,0.6551724,0.20689656,4.116265,4.735926,4.7548876,7.0,0.0,0.2413793,0.0,0.42105263,0.9369798,0.0,0.0,0.0,26.0,14.5,11.5,1.0,0.0,4.132944,0.0,8.298214,0.7086852,1.2758621
qmwnnqqglvdekzr.com,murofet,19.0,15.0,2.0,0.0,0.0,18.0,1.0,0.0,0.0,2.0,0.11111111,16.0,0.8888889,14.0,0.7777778,0.16666667,3.6835423,4.087463,4.0,11.0,0.0,0.6111111,0.0,0.21428572,0.91358024,0.0,0.0,0.0,15.0,9.0,6.0,1.0,0.0,3.4565647,0.0,8.445294,1.3537178,1.4444444
ryrsgrgydhnjlggqrojfyphrg.biz,murofet,29.0,25.0,2.0,0.0,0.0,28.0,1.0,0.0,0.0,2.0,0.071428575,26.0,0.9285714,16.0,0.5714286,0.10714286,3.6654203,4.6808133,4.70044,17.0,0.0,0.60714287,0.0,0.3125,0.9005102,0.0,0.0,0.0,25.0,14.0,11.0,1.0,0.0,3.3648894,0.0,8.816297,1.1358416,1.2857143
mumqh64hrpunzhueue11mrprj26p32gznthz.com,murofet,40.0,36.0,2.0,8.0,0.20512821,31.0,0.7948718,0.0,0.0,7.0,0.17948718,24.0,0.61538464,19.0,0.4871795,0.2820513,4.047847,5.1426644,5.2094536,7.0,2.0,0.17948718,0.051282052,0.57894737,0.9322814,1.0,0.0,8.0,36.0,19.5,16.5,1.0,0.22222222,3.9193819,0.0,8.72,1.2204785,1.2051282
h34k67ivnugwetaymrdweqd50j26kxp52oza57.ru,murofet,41.0,38.0,2.0,12.0,0.3,28.0,0.7,0.0,0.0,8.0,0.2,20.0,0.5,28.0,0.7,0.45,4.703056,5.2341204,5.2479277,5.0,2.0,0.125,0.05,0.39285713,0.95875,1.0,0.0,12.0,38.0,20.0,18.0,1.0,0.31578946,4.7017465,0.0,9.511025,1.0208098,1.2
dzdshrasmzivjze51k17m29oyb28cqgslsfw.ru,murofet,39.0,36.0,2.0,8.0,0.21052632,30.0,0.7894737,0.0,0.0,5.0,0.13157895,25.0,0.65789473,28.0,0.7368421,0.39473686,4.6491146,5.2094536,5.169925,9.0,2.0,0.23684211,0.05263158,0.25,0.9542936,1.0,0.0,8.0,36.0,19.0,17.0,1.0,0.22222222,4.5934005,0.0,9.442973,0.88190776,1.2105263
zjpqlnseqtsqbfmx.biz,murofet,20.0,16.0,2.0,0.0,0.0,19.0,1.0,0.0,0.0,2.0,0.10526316,17.0,0.8947368,14.0,0.7368421,0.21052632,3.6818807,4.169925,4.087463,9.0,0.0,0.47368422,0.0,0.2857143,0.9141274,0.0,0.0,0.0,16.0,9.5,6.5,1.0,0.0,3.5778196,0.0,8.873889,1.6049658,1.4210526
gydsp12bwnrh34d30n10hup62jsgvcylsosd10.biz,murofet,42.0,38.0,2.0,12.0,0.29268292,29.0,0.70731705,0.0,0.0,3.0,0.07317073,26.0,0.63414633,24.0,0.58536583,0.4390244,4.424268,5.2719283,5.2854023,8.0,2.0,0.19512194,0.048780486,0.5,0.9482451,1.0,0.0,12.0,38.0,20.5,17.5,1.0,0.31578946,4.2935944,0.0,9.397,0.9791729,1.195122
n30n60gvlxezc39dxc59g13fyk27iwlud40eubv.com,murofet,43.0,39.0,2.0,14.0,0.33333334,28.0,0.6666667,0.0,0.0,6.0,0.14285715,22.0,0.52380955,27.0,0.64285713,0.54761904,4.624111,5.357552,5.321928,4.0,2.0,0.0952381,0.04761905,0.44444445,0.9557823,1.0,0.0,14.0,39.0,21.0,18.0,1.0,0.35897437,4.5287414,0.0,9.662195,1.1202407,1.1904762
ovvkdonhmvqevg.com,murofet,18.0,14.0,2.0,0.0,0.0,17.0,1.0,0.0,0.0,4.0,0.23529412,13.0,0.7647059,11.0,0.64705884,0.1764706,3.2195282,4.0,3.9068906,5.0,0.0,0.29411766,0.0,0.27272728,0.8719723,0.0,0.0,0.0,14.0,8.5,5.5,1.0,0.0,3.0930693,0.0,7.896875,1.4175148,1.4705882
pqgzkrk27j46kylsfrf12cvcuhtmzoqbxd40.biz,murofet,40.0,36.0,2.0,8.0,0.20512821,31.0,0.7948718,0.0,0.0,3.0,0.07692308,28.0,0.71794873,28.0,0.71794873,0.3846154,4.6825876,5.2479277,5.2094536,7.0,2.0,0.17948718,0.051282052,0.32142857,0.95726496,1.0,0.0,8.0,36.0,19.5,16.5,1.0,0.22222222,4.648956,0.0,9.6947365,1.127384,1.2051282
nxa27ntgzgsa37fyjsezoseuorc59ownwex.net,murofet,39.0,35.0,2.0,6.0,0.15789473,32.0,0.84210527,0.0,0.0,10.0,0.2631579,22.0,0.57894737,21.0,0.55263156,0.36842105,4.2081966,5.1553993,5.169925,6.0,2.0,0.15789473,0.05263158,0.52380955,0.9390582,1.0,0.0,6.0,35.0,19.0,16.0,1.0,0.17142858,4.24301,0.0,8.320811,0.8403878,1.2105263
qghfeeyiztttvwnfpf.ru,murofet,21.0,18.0,2.0,0.0,0.0,20.0,1.0,0.0,0.0,4.0,0.2,16.0,0.8,15.0,0.75,0.25,3.7464395,4.1426644,4.169925,11.0,0.0,0.55,0.0,0.2,0.915,0.0,0.0,0.0,18.0,10.0,8.0,1.0,0.0,3.530493,0.0,9.701053,1.0201867,1.4
mxpqdqmybwj36j56pvlygrfrp42m59iyo61b68.org,murofet,42.0,38.0,2.0,12.0,0.29268292,29.0,0.70731705,0.0,0.0,3.0,0.07317073,26.0,0.63414633,24.0,0.58536583,0.3902439,4.4058557,5.321928,5.2854023,11.0,2.0,0.2682927,0.048780486,0.45833334,0.94705534,1.0,0.0,12.0,38.0,20.5,17.5,1.0,0.31578946,4.3988576,0.0,9.33725,1.4300336,1.195122
zslbnbozttpylsaqxcydt.ru,murofet,24.0,21.0,2.0,0.0,0.0,23.0,1.0,0.0,0.0,3.0,0.13043478,20.0,0.8695652,16.0,0.6956522,0.2173913,3.882045,4.4594316,4.3923173,7.0,0.0,0.3043478,0.0,0.375,0.92627597,0.0,0.0,0.0,21.0,11.5,9.5,1.0,0.0,3.6897037,0.0,9.146363,0.9327422,1.3478261
nihtgptipwrprlj.info,murofet,20.0,15.0,2.0,0.0,0.0,19.0,1.0,0.0,0.0,4.0,0.21052632,15.0,0.7894737,12.0,0.6315789,0.05263158,3.4316235,4.169925,4.087463,7.0,0.0,0.36842105,0.0,0.41666666,0.89750695,0.0,0.0,0.0,15.0,9.5,5.5,1.0,0.0,3.189898,0.0,8.080556,0.90642196,1.4210526
hixfmpbrkrcbyydxgtkpcmhakjvklz.ru,murofet,33.0,30.0,2.0,0.0,0.0,32.0,1.0,0.0,0.0,3.0,0.09375,29.0,0.90625,20.0,0.625,0.21875,4.16391,4.9541965,4.9068904,21.0,0.0,0.65625,0.0,0.45,0.9375,0.0,0.0,0.0,30.0,16.0,14.0,1.0,0.0,4.1068907,0.0,9.362258,0.9378132,1.25
bteycwjte21e21hwn20d40htc29p12brbypuev.info,murofet,43.0,38.0,2.0,12.0,0.2857143,30.0,0.71428573,0.0,0.0,7.0,0.16666667,23.0,0.54761904,22.0,0.52380955,0.54761904,4.252453,5.2112107,5.2719283,5.0,2.0,0.11904762,0.04761905,0.54545456,0.9399093,1.0,0.0,12.0,38.0,21.0,17.0,1.0,0.31578946,4.040709,0.0,8.869268,0.9807968,1.1428572
nfstqeoyxpvoyg.biz,murofet,18.0,14.0,2.0,0.0,0.0,17.0,1.0,0.0,0.0,4.0,0.23529412,13.0,0.7647059,15.0,0.88235295,0.1764706,3.8521688,3.875,3.9068906,5.0,0.0,0.29411766,0.0,0.13333334,0.9273356,0.0,0.0,0.0,14.0,8.5,5.5,1.0,0.0,3.5216405,0.0,9.146875,1.0862638,1.4705882
h64owhvkxmzasf22aul58ntnxc69nvb48aydv.info,murofet,42.0,37.0,2.0,10.0,0.24390244,31.0,0.75609756,0.0,0.0,7.0,0.17073171,24.0,0.58536583,26.0,0.63414633,0.4390244,4.5402403,5.321928,5.2854023,7.0,2.0,0.17073171,0.048780486,0.42307693,0.9518144,1.0,0.0,10.0,37.0,20.5,16.5,1.0,0.27027026,4.4995975,0.0,8.8345,0.99944454,1.195122
njhuaemzdcmrstxydcmgupbnb.ru,murofet,28.0,25.0,2.0,0.0,0.0,27.0,1.0,0.0,0.0,5.0,0.18518518,22.0,0.8148148,18.0,0.6666667,0.2962963,4.0323033,4.5465937,4.563856,14.0,0.0,0.5185185,0.0,0.3888889,0.9327846,0.0,0.0,0.0,25.0,13.5,11.5,1.0,0.0,4.053661,0.0,9.2069235,0.73318905,1.2222222
naqcygududeuvoozltivsnjeyea.com,murofet,31.0,27.0,2.0,0.0,0.0,30.0,1.0,0.0,0.0,12.0,0.4,18.0,0.6,18.0,0.6,0.3,4.0314016,4.7890153,4.807355,4.0,0.0,0.13333334,0.0,0.5,0.93333334,0.0,0.0,0.0,27.0,15.0,12.0,1.0,0.0,3.958229,0.0,7.682069,0.5775383,1.2666667
oibugfqbqlnmzqgayojqkswlwstofm.org,murofet,34.0,30.0,2.0,0.0,0.0,33.0,1.0,0.0,0.0,7.0,0.21212122,26.0,0.7878788,19.0,0.57575756,0.15151516,4.0518217,5.0,4.9541965,11.0,0.0,0.33333334,0.0,0.47368422,0.93112946,0.0,0.0,0.0,30.0,16.5,13.5,1.0,0.0,4.015061,0.0,8.87875,0.9811651,1.2424242
wgnzkowghohupps.com,murofet,19.0,15.0,2.0,0.0,0.0,18.0,1.0,0.0,0.0,4.0,0.22222222,14.0,0.7777778,12.0,0.6666667,0.055555556,3.4613202,3.9698157,4.0,5.0,0.0,0.2777778,0.0,0.41666666,0.90123457,0.0,0.0,0.0,15.0,9.0,6.0,1.0,0.0,3.240224,0.0,8.169412,1.146635,1.4444444
lmntsbjrshlqf.com,murofet,17.0,13.0,2.0,0.0,0.0,16.0,1.0,0.0,0.0,1.0,0.0625,15.0,0.9375,13.0,0.8125,0.1875,3.625,3.9068906,3.807355,14.0,0.0,0.875,0.0,0.23076923,0.9140625,0.0,0.0,0.0,13.0,8.0,5.0,1.0,0.0,3.3927474,0.0,8.119333,0.9745582,1.5
ezg53m29k27kqdwasgqn40m49pvc29mqiqg63n60.com,murofet,44.0,40.0,2.0,16.0,0.37209302,27.0,0.627907,0.0,0.0,4.0,0.093023255,23.0,0.53488374,24.0,0.55813956,0.4883721,4.396854,5.3446984,5.357552,4.0,2.0,0.093023255,0.046511628,0.5,0.94645756,1.0,0.0,16.0,40.0,21.5,18.5,1.0,0.4,4.3464394,0.0,9.490238,1.5237583,1.1860465
ydizvxwoxvgxkmvusxseqfqdemkr.ru,murofet,31.0,28.0,2.0,0.0,0.0,30.0,1.0,0.0,0.0,6.0,0.2,24.0,0.8,17.0,0.56666666,0.16666667,3.9483943,4.857981,4.807355,7.0,0.0,0.23333333,0.0,0.5882353,0.9288889,0.0,0.0,0.0,28.0,15.0,13.0,1.0,0.0,3.9232519,0.0,8.671724,1.2137614,1.2666667
hfqvohydvwhorgmnzgahafdqlvvc.biz,murofet,32.0,28.0,2.0,0.0,0.0,31.0,1.0,0.0,0.0,5.0,0.16129032,26.0,0.83870965,18.0,0.58064514,0.2580645,3.9864545,4.9068904,4.857981,8.0,0.0,0.2580645,0.0,0.5,0.92819977,0.0,0.0,0.0,28.0,15.5,12.5,1.0,0.0,3.807355,0.0,9.088333,1.0706805,1.2580645
iroeqprcuduypcmhiptsamcujvmn.ru,murofet,31.0,28.0,2.0,0.0,0.0,30.0,1.0,0.0,0.0,9.0,0.3,21.0,0.7,18.0,0.6,0.2,3.9395723,4.7890153,4.807355,5.0,0.0,0.16666667,0.0,0.33333334,0.92444444,0.0,0.0,0.0,28.0,15.0,13.0,1.0,0.0,3.985228,0.0,8.685517,0.65430474,1.2666667
zcrixquunlpmnzcu.biz,murofet,20.0,16.0,2.0,0.0,0.0,19.0,1.0,0.0,0.0,5.0,0.2631579,14.0,0.7368421,12.0,0.6315789,0.15789473,3.4316235,4.058814,4.087463,7.0,0.0,0.36842105,0.0,0.41666666,0.89750695,0.0,0.0,0.0,16.0,9.5,6.5,1.0,0.0,3.3278196,0.0,8.616667,1.5336859,1.4210526
n50oud20i45kqh34f12juk47gvisl38d50byeylr.info,murofet,45.0,40.0,2.0,16.0,0.36363637,28.0,0.6363636,0.0,0.0,8.0,0.18181819,20.0,0.45454547,26.0,0.59090906,0.5,4.5726237,5.379753,5.3923173,3.0,2.0,0.06818182,0.045454547,0.53846157,0.95454544,1.0,0.0,16.0,40.0,22.0,18.0,1.0,0.4,4.5653114,0.0,9.003954,1.1107014,1.1818181
c49ntfrc29h14a47lsfyeumyi25g63mtjwn60mt.net,murofet,43.0,39.0,2.0,14.0,0.33333334,28.0,0.6666667,0.0,0.0,5.0,0.11904762,23.0,0.54761904,26.0,0.61904764,0.5,4.528873,5.3087716,5.321928,5.0,2.0,0.11904762,0.04761905,0.42307693,0.95124716,1.0,0.0,14.0,39.0,21.0,18.0,1.0,0.35897437,4.5606675,0.0,9.344878,0.95896405,1.1904762
qodpnlndhmhatizvkrgtcso.org,murofet,27.0,23.0,2.0,0.0,0.0,26.0,1.0,0.0,0.0,5.0,0.1923077,21.0,0.8076923,18.0,0.6923077,0.15384616,4.0560207,4.563856,4.5849624,9.0,0.0,0.34615386,0.0,0.3888889,0.93491125,0.0,0.0,0.0,23.0,13.0,10.0,1.0,0.0,4.0887794,0.0,8.1848,0.5579165,1.3076923
izvsttcminegugaucrkpxwl.com,murofet,27.0,23.0,2.0,0.0,0.0,26.0,1.0,0.0,0.0,7.0,0.26923078,19.0,0.7307692,19.0,0.7307692,0.1923077,4.132944,4.643856,4.5849624,8.0,0.0,0.30769232,0.0,0.31578946,0.93786985,0.0,0.0,0.0,23.0,13.0,10.0,1.0,0.0,4.0887794,0.0,8.0376,0.56004786,1.3076923
sooonsuzlmpiplt.net,murofet,19.0,15.0,2.0,0.0,0.0,18.0,1.0,0.0,0.0,6.0,0.33333334,12.0,0.6666667,11.0,0.6111111,0.055555556,3.350209,3.9698157,4.0,4.0,0.0,0.22222222,0.0,0.54545456,0.89506173,0.0,0.0,0.0,15.0,9.0,6.0,1.0,0.0,3.189898,0.0,6.2841177,0.75094247,1.4444444
jskuh54jzlyp52mxewc19e61g53fukvktgsi35.org,murofet,42.0,38.0,2.0,12.0,0.29268292,29.0,0.70731705,0.0,0.0,6.0,0.14634146,23.0,0.5609756,28.0,0.68292683,0.3902439,4.637801,5.321928,5.2854023,6.0,2.0,0.14634146,0.048780486,0.32142857,0.95419395,1.0,0.0,12.0,38.0,20.5,17.5,1.0,0.31578946,4.5438514,0.0,9.3205,1.0836122,1.195122
cinbztyddxgzfaxhifcabueyl.biz,murofet,29.0,25.0,2.0,0.0,0.0,28.0,1.0,0.0,0.0,7.0,0.25,21.0,0.75,16.0,0.5714286,0.42857143,3.8693314,4.7548876,4.70044,11.0,0.0,0.39285713,0.0,0.5625,0.9260204,0.0,0.0,0.0,25.0,14.0,11.0,1.0,0.0,3.9238563,0.0,8.082222,1.091389,1.2857143
gvk27grc49kqpwjxntfvp32h54itaxf52gwg13.biz,murofet,42.0,38.0,2.0,12.0,0.29268292,29.0,0.70731705,0.0,0.0,3.0,0.07317073,26.0,0.63414633,25.0,0.6097561,0.41463414,4.509872,5.321928,5.2854023,11.0,2.0,0.2682927,0.048780486,0.52,0.9518144,1.0,0.0,12.0,38.0,20.5,17.5,1.0,0.31578946,4.385957,0.0,9.16075,1.3369977,1.195122
gypqiyorp42evi55pxd10pqkrl68hsm19d10by.com,murofet,42.0,38.0,2.0,12.0,0.29268292,29.0,0.70731705,0.0,0.0,5.0,0.12195122,24.0,0.58536583,26.0,0.63414633,0.41463414,4.5402403,5.171928,5.2341204,5.0,2.0,0.12195122,0.048780486,0.42307693,0.9518144,1.0,0.0,12.0,38.0,20.5,17.5,1.0,0.31578946,4.4713545,0.0,9.16925,1.0658588,1.1463414
m19m29iuf32c69mtkrjwd20mrn40lvp22k27muew.ru,murofet,43.0,40.0,2.0,16.0,0.3809524,26.0,0.61904764,0.0,0.0,5.0,0.11904762,21.0,0.5,24.0,0.5714286,0.47619048,4.264125,5.3087716,5.321928,7.0,2.0,0.16666667,0.04761905,0.33333334,0.93424034,1.0,0.0,16.0,40.0,21.0,19.0,1.0,0.4,4.2750707,0.0,10.0,1.3191293,1.1904762
jrhslsnvayljkrdsgfvs.ru,murofet,23.0,20.0,2.0,0.0,0.0,22.0,1.0,0.0,0.0,2.0,0.09090909,20.0,0.90909094,14.0,0.6363636,0.13636364,3.6069367,4.3923173,4.321928,12.0,0.0,0.54545456,0.0,0.35714287,0.90495867,0.0,0.0,0.0,20.0,11.0,9.0,1.0,0.0,3.521928,0.0,10.0,0.9513201,1.3636364
ozjrvpcqsmesoqw.com,murofet,19.0,15.0,2.0,0.0,0.0,18.0,1.0,0.0,0.0,4.0,0.22222222,14.0,0.7777778,12.0,0.6666667,0.16666667,3.4613202,4.087463,4.0,9.0,0.0,0.5,0.0,0.41666666,0.90123457,0.0,0.0,0.0,15.0,9.0,6.0,1.0,0.0,3.5068905,0.0,7.920588,1.34139,1.4444444
lzhtn50d60i45fze41iyg33frnwf32gvgrmyht.biz,murofet,42.0,38.0,2.0,12.0,0.29268292,29.0,0.70731705,0.0,0.0,4.0,0.09756097,25.0,0.6097561,23.0,0.5609756,0.4390244,4.3874435,5.2719283,5.2854023,9.0,2.0,0.2195122,0.048780486,0.5652174,0.9482451,1.0,0.0,12.0,38.0,20.5,17.5,1.0,0.31578946,4.3462257,0.0,9.5605,1.1834924,1.195122
ixerh34iyotmwo31owbwj66c69p52l58k67n40ps.info,murofet,45.0,40.0,2.0,16.0,0.36363637,28.0,0.6363636,0.0,0.0,8.0,0.18181819,20.0,0.45454547,29.0,0.65909094,0.45454547,4.6523914,5.426265,5.3923173,4.0,2.0,0.09090909,0.045454547,0.31034482,0.9535124,1.0,0.0,16.0,40.0,22.0,18.0,1.0,0.4,4.634184,0.0,8.864883,1.0725276,1.1818181
l48fva37l48hupxnvjubtn60otbwdxe51j56l38.ru,murofet,42.0,39.0,2.0,14.0,0.34146342,27.0,0.6585366,0.0,0.0,6.0,0.14634146,21.0,0.5121951,25.0,0.6097561,0.4878049,4.5218287,5.221928,5.2341204,5.0,2.0,0.12195122,0.048780486,0.52,0.9530042,1.0,0.0,14.0,39.0,20.5,18.5,1.0,0.35897437,4.4774594,0.0,9.82825,1.2660115,1.195122
c49fsl58ezg53nxp12mrptlzfwguo11bwctds.ru,murofet,40.0,37.0,2.0,10.0,0.25641027,29.0,0.74358976,0.0,0.0,4.0,0.102564104,25.0,0.64102566,25.0,0.64102566,0.43589744,4.5480976,5.2479277,5.2094536,9.0,2.0,0.23076923,0.051282052,0.52,0.9546351,1.0,0.0,10.0,37.0,19.5,17.5,1.0,0.27027026,4.5404024,0.0,9.862105,0.94212013,1.2051282
tpuhpnkuteoireop.info,murofet,21.0,16.0,2.0,0.0,0.0,20.0,1.0,0.0,0.0,9.0,0.45,11.0,0.55,11.0,0.55,0.15,3.3464394,4.1426644,4.169925,4.0,0.0,0.2,0.0,0.6363636,0.895,0.0,0.0,0.0,16.0,10.0,6.0,1.0,0.0,3.2028196,0.0,7.4710526,0.7665922,1.4
nsbrozlrf22irkyc19d60h24c39k37gtitb18lx.ru,murofet,42.0,39.0,2.0,14.0,0.34146342,27.0,0.6585366,0.0,0.0,4.0,0.09756097,23.0,0.5609756,27.0,0.6585366,0.4878049,4.607433,5.321928,5.2854023,4.0,2.0,0.09756097,0.048780486,0.4074074,0.95419395,1.0,0.0,14.0,39.0,20.5,18.5,1.0,0.35897437,4.5800233,0.0,9.25775,1.0125178,1.195122
pzjmjheplmfihmm.com,murofet,19.0,15.0,2.0,0.0,0.0,18.0,1.0,0.0,0.0,3.0,0.16666667,15.0,0.8333333,11.0,0.6111111,0.16666667,3.1916115,4.087463,4.0,6.0,0.0,0.33333334,0.0,0.36363637,0.86419755,0.0,0.0,0.0,15.0,9.0,6.0,1.0,0.0,2.9735572,0.0,7.6482353,1.4928908,1.4444444
unstehpmernpvpkx.biz,murofet,20.0,16.0,2.0,0.0,0.0,19.0,1.0,0.0,0.0,4.0,0.21052632,15.0,0.7894737,15.0,0.7894737,0.15789473,3.787144,4.169925,4.087463,8.0,0.0,0.42105263,0.0,0.2,0.9196676,0.0,0.0,0.0,16.0,9.5,6.5,1.0,0.0,3.4528196,0.0,7.233333,0.89573306,1.4210526
lizvksopmsxlmuqv.biz,murofet,20.0,16.0,2.0,0.0,0.0,19.0,1.0,0.0,0.0,4.0,0.21052632,15.0,0.7894737,13.0,0.68421054,0.05263158,3.6163485,4.058814,4.087463,6.0,0.0,0.31578946,0.0,0.46153846,0.9141274,0.0,0.0,0.0,16.0,9.5,6.5,1.0,0.0,3.5,0.0,8.588333,1.394555,1.4210526
teptgtyfsgooxuq.org,murofet,19.0,15.0,2.0,0.0,0.0,18.0,1.0,0.0,0.0,5.0,0.2777778,13.0,0.7222222,12.0,0.6666667,0.11111111,3.3774438,4.087463,4.0,8.0,0.0,0.44444445,0.0,0.25,0.8888889,0.0,0.0,0.0,15.0,9.0,6.0,1.0,0.0,3.3232315,0.0,8.450588,1.0763099,1.4444444
tzlibyxrbevgvqonrfybabyhmz.ru,murofet,29.0,26.0,2.0,0.0,0.0,28.0,1.0,0.0,0.0,5.0,0.17857143,23.0,0.8214286,19.0,0.6785714,0.25,4.039149,4.6808133,4.70044,6.0,0.0,0.21428572,0.0,0.2631579,0.9285714,0.0,0.0,0.0,26.0,14.0,12.0,1.0,0.0,3.9790978,0.0,8.553703,0.9861836,1.2857143
bydcekvxkkvhkjucqcoffeinhmswbu.com,murofet,34.0,30.0,2.0,0.0,0.0,33.0,1.0,0.0,0.0,7.0,0.21212122,26.0,0.7878788,19.0,0.57575756,0.33333334,4.074697,4.8125,4.9541965,9.0,0.0,0.27272728,0.0,0.5263158,0.93296605,0.0,0.0,0.0,30.0,16.5,13.5,1.0,0.0,4.0817275,0.0,8.667812,0.92395544,1.2424242
zlqmqonkmrqvwymr.biz,murofet,20.0,16.0,2.0,0.0,0.0,19.0,1.0,0.0,0.0,2.0,0.10526316,17.0,0.8947368,13.0,0.68421054,0.05263158,3.5368867,4.058814,4.087463,11.0,0.0,0.57894737,0.0,0.30769232,0.9030471,0.0,0.0,0.0,16.0,9.5,6.5,1.0,0.0,3.2806392,0.0,9.216666,1.6390446,1.4210526
eqtrpimrucmbtpztmrzpkjkbbi.net,murofet,30.0,26.0,2.0,0.0,0.0,29.0,1.0,0.0,0.0,5.0,0.1724138,24.0,0.82758623,14.0,0.4827586,0.20689656,3.6504104,4.735926,4.7548876,16.0,0.0,0.55172414,0.0,0.64285713,0.9131986,0.0,0.0,0.0,26.0,14.5,11.5,1.0,0.0,3.555269,0.0,8.339643,1.0807344,1.2758621
rpksmnhpuobkmks.biz,murofet,19.0,15.0,2.0,0.0,0.0,18.0,1.0,0.0,0.0,3.0,0.16666667,15.0,0.8333333,12.0,0.6666667,0.11111111,3.4613202,3.9698157,4.0,8.0,0.0,0.44444445,0.0,0.41666666,0.90123457,0.0,0.0,0.0,15.0,9.0,6.0,1.0,0.0,3.189898,0.0,8.998823,1.1989251,1.4444444
ugjrbadkiztjsgizeumvbqxem.ru,murofet,28.0,25.0,2.0,0.0,0.0,27.0,1.0,0.0,0.0,8.0,0.2962963,19.0,0.7037037,17.0,0.6296296,0.22222222,3.986188,4.6235166,4.643856,5.0,0.0,0.18518518,0.0,0.5294118,0.9327846,0.0,0.0,0.0,25.0,13.5,11.5,1.0,0.0,4.003856,0.0,9.031154,1.0192784,1.2962962
purqrsnmqktplod.net,murofet,19.0,15.0,2.0,0.0,0.0,18.0,1.0,0.0,0.0,3.0,0.16666667,15.0,0.8333333,13.0,0.7222222,0.11111111,3.6143694,4.087463,4.0,11.0,0.0,0.6111111,0.0,0.3846154,0.91358024,0.0,0.0,0.0,15.0,9.0,6.0,1.0,0.0,3.5068905,0.0,7.385294,0.88292307,1.4444444
h64jsiyn20bxc19axavf12pxp22dvjxi25itov.info,murofet,43.0,38.0,2.0,12.0,0.2857143,30.0,0.71428573,0.0,0.0,8.0,0.1904762,22.0,0.52380955,23.0,0.54761904,0.45238096,4.2884,5.357552,5.321928,4.0,2.0,0.0952381,0.04761905,0.47826087,0.9399093,1.0,0.0,12.0,38.0,21.0,17.0,1.0,0.31578946,4.271101,0.0,8.940975,1.2530895,1.1904762
jsfyjzjtj36h24buasp12i25osiumunsltiw.info,murofet,41.0,36.0,2.0,8.0,0.2,32.0,0.8,0.0,0.0,10.0,0.25,22.0,0.55,23.0,0.575,0.3,4.2841835,5.2854023,5.2479277,9.0,2.0,0.225,0.05,0.39130434,0.94,1.0,0.0,8.0,36.0,20.0,16.0,1.0,0.22222222,4.2736845,0.0,8.240769,0.9302857,1.2
orm69dvhxaqgzpqfqn60jwivork57gzgufw.org,murofet,39.0,35.0,2.0,6.0,0.15789473,32.0,0.84210527,0.0,0.0,6.0,0.15789473,26.0,0.68421054,24.0,0.6315789,0.2631579,4.3988576,5.026889,5.169925,8.0,2.0,0.21052632,0.05263158,0.375,0.94598335,1.0,0.0,6.0,35.0,19.0,16.0,1.0,0.17142858,4.4575753,0.0,9.045405,1.2236834,1.2105263
etrjdinmugwgxifi.net,murofet,20.0,16.0,2.0,0.0,0.0,19.0,1.0,0.0,0.0,6.0,0.31578946,13.0,0.68421054,13.0,0.68421054,0.21052632,3.5766177,3.947703,4.087463,4.0,0.0,0.21052632,0.0,0.3846154,0.9085873,0.0,0.0,0.0,16.0,9.5,6.5,1.0,0.0,3.5778196,0.0,6.5277777,0.8439264,1.4210526
oteismtskrrianth.com,murofet,20.0,16.0,2.0,0.0,0.0,19.0,1.0,0.0,0.0,6.0,0.31578946,13.0,0.68421054,12.0,0.6315789,0.15789473,3.4713545,4.169925,4.087463,7.0,0.0,0.36842105,0.0,0.5,0.9030471,0.0,0.0,0.0,16.0,9.5,6.5,1.0,0.0,3.3278196,0.0,5.9666667,0.5105285,1.4210526
pzmre41hyd50c59fymxd60j46fsmrm39b38pzp32.org,murofet,44.0,40.0,2.0,16.0,0.37209302,27.0,0.627907,0.0,0.0,2.0,0.046511628,25.0,0.5813953,25.0,0.5813953,0.53488374,4.489877,5.2970796,5.357552,5.0,2.0,0.11627907,0.046511628,0.52,0.9507842,1.0,0.0,16.0,40.0,21.5,18.5,1.0,0.4,4.384184,0.0,9.614762,1.3860639,1.1860465
swqoessiphoogmwe.net,murofet,20.0,16.0,2.0,0.0,0.0,19.0,1.0,0.0,0.0,7.0,0.36842105,12.0,0.6315789,12.0,0.6315789,0.15789473,3.3918927,4.169925,4.087463,3.0,0.0,0.15789473,0.0,0.33333334,0.89196676,0.0,0.0,0.0,16.0,9.5,6.5,1.0,0.0,3.1556392,0.0,6.898889,0.7752621,1.4210526
cqgeuptrgdhworpfyxsdebp.org,murofet,27.0,23.0,2.0,0.0,0.0,26.0,1.0,0.0,0.0,5.0,0.1923077,21.0,0.8076923,17.0,0.65384614,0.26923078,3.9210296,4.483856,4.5849624,7.0,0.0,0.26923078,0.0,0.3529412,0.9260355,0.0,0.0,0.0,23.0,13.0,10.0,1.0,0.0,3.9690015,0.0,8.0424,0.77522534,1.3076923
tgcmkbzhairkeqxotbethguxon.com,murofet,30.0,26.0,2.0,0.0,0.0,29.0,1.0,0.0,0.0,8.0,0.27586207,21.0,0.7241379,17.0,0.5862069,0.2413793,3.9783335,4.735926,4.7548876,8.0,0.0,0.27586207,0.0,0.5882353,0.93222356,0.0,0.0,0.0,26.0,14.5,11.5,1.0,0.0,3.9790978,0.0,7.9514284,0.78759474,1.2758621
orogqtmrvoifahmsktbahcawgjv.com,murofet,31.0,27.0,2.0,0.0,0.0,30.0,1.0,0.0,0.0,8.0,0.26666668,22.0,0.73333335,17.0,0.56666666,0.23333333,3.9232314,4.7890153,4.807355,6.0,0.0,0.2,0.0,0.5294118,0.9266667,0.0,0.0,0.0,27.0,15.0,12.0,1.0,0.0,3.958229,0.0,8.373103,0.717266,1.2666667
lidnubyzmktxinx.info,murofet,20.0,15.0,2.0,0.0,0.0,19.0,1.0,0.0,0.0,5.0,0.2631579,14.0,0.7368421,14.0,0.7368421,0.15789473,3.64215,3.947703,3.9698157,7.0,0.0,0.36842105,0.0,0.21428572,0.9085873,0.0,0.0,0.0,15.0,9.5,5.5,1.0,0.0,3.5068905,0.0,7.9922223,1.0761237,1.3157895
nsnyk57lulsp12dvlylve31e21frk67j36k17j46.org,murofet,44.0,40.0,2.0,16.0,0.37209302,27.0,0.627907,0.0,0.0,4.0,0.093023255,23.0,0.53488374,22.0,0.5116279,0.4651163,4.3038306,5.3446984,5.357552,6.0,2.0,0.13953489,0.046511628,0.6363636,0.9442942,1.0,0.0,16.0,40.0,21.5,18.5,1.0,0.4,4.1653113,0.0,8.930476,1.3279111,1.1860465
yqozllznjfmfqmfhnpfsouc.ru,murofet,26.0,23.0,2.0,0.0,0.0,25.0,1.0,0.0,0.0,4.0,0.16,21.0,0.84,15.0,0.6,0.2,3.7638562,4.5016294,4.523562,17.0,0.0,0.68,0.0,0.53333336,0.9184,0.0,0.0,0.0,23.0,12.5,10.5,1.0,0.0,3.6539967,0.0,9.1925,1.246864,1.32
drjshubqovg63mwpynsh54o31ath24puc29ly.net,murofet,41.0,37.0,2.0,10.0,0.25,30.0,0.75,0.0,0.0,6.0,0.15,24.0,0.6,28.0,0.7,0.375,4.703056,5.182838,5.2479277,7.0,2.0,0.175,0.05,0.39285713,0.95875,1.0,0.0,10.0,37.0,20.0,17.0,1.0,0.27027026,4.6485105,0.0,8.719487,0.73613733,1.2
lsgyj66gwf62dqk47ita27h24j46kqhwmwkxb38.org,murofet,43.0,39.0,2.0,14.0,0.33333334,28.0,0.6666667,0.0,0.0,3.0,0.071428575,25.0,0.5952381,25.0,0.5952381,0.42857143,4.445307,5.357552,5.321928,9.0,2.0,0.21428572,0.04761905,0.4,0.9478458,1.0,0.0,14.0,39.0,21.0,18.0,1.0,0.35897437,4.336183,0.0,9.459512,1.4919893,1.1904762
vzqjjyynkwppgrz.net,murofet,19.0,15.0,2.0,0.0,0.0,18.0,1.0,0.0,0.0,1.0,0.055555556,17.0,0.9444444,13.0,0.7222222,0.055555556,3.6143694,4.087463,4.0,16.0,0.0,0.8888889,0.0,0.3846154,0.91358024,0.0,0.0,0.0,15.0,9.0,6.0,1.0,0.0,3.3735573,0.0,8.531177,1.5639902,1.4444444
qdsrymxjnlbnxwbxk.to,necurs,20.0,17.0,2.0,0.0,0.0,19.0,1.0,0.0,0.0,1.0,0.05263158,18.0,0.94736844,15.0,0.7894737,0.15789473,3.787144,4.169925,4.087463,18.0,0.0,0.94736844,0.0,0.2,0.9196676,0.0,0.0,0.0,17.0,9.5,7.5,0.0,0.0,3.5724695,0.0,9.228333,1.278754,1.4210526
begwmhdlk.de,necurs,12.0,9.0,2.0,0.0,0.0,11.0,1.0,0.0,0.0,2.0,0.18181819,9.0,0.8181818,9.0,0.8181818,0.45454547,3.0957952,3.321928,3.169925,8.0,0.0,0.72727275,0.0,0.22222222,0.87603307,0.0,0.0,0.0,9.0,5.5,3.5,1.0,0.0,3.169925,0.0,8.672,1.2742907,1.7272727
tpkqgnkvebdeip.pro,necurs,18.0,14.0,2.0,0.0,0.0,17.0,1.0,0.0,0.0,4.0,0.23529412,13.0,0.7647059,13.0,0.7647059,0.23529412,3.5724695,4.0,3.9068906,8.0,0.0,0.47058824,0.0,0.23076923,0.90657437,0.0,0.0,0.0,14.0,8.5,5.5,0.0,0.0,3.3787835,0.0,7.65625,1.0437795,1.4705882
exkgxiduowy.so,necurs,14.0,11.0,2.0,0.0,0.0,13.0,1.0,0.0,0.0,5.0,0.3846154,8.0,0.61538464,11.0,0.84615386,0.15384616,3.3927474,3.5849626,3.4594316,4.0,0.0,0.30769232,0.0,0.18181819,0.8994083,0.0,0.0,0.0,11.0,6.5,4.5,0.0,0.0,3.2776134,0.0,8.018333,1.2205976,1.6153846
ycaegmxp.net,necurs,12.0,8.0,2.0,0.0,0.0,11.0,1.0,0.0,0.0,3.0,0.27272728,8.0,0.72727275,10.0,0.90909094,0.36363637,3.2776134,3.321928,3.169925,5.0,0.0,0.45454547,0.0,0.1,0.892562,0.0,0.0,0.0,8.0,5.5,2.5,1.0,0.0,3.0,0.0,7.958,1.0360786,1.7272727
bpxndfxl.ru,necurs,11.0,8.0,2.0,0.0,0.0,10.0,1.0,0.0,0.0,1.0,0.1,9.0,0.9,9.0,0.9,0.3,3.121928,3.169925,3.0,9.0,0.0,0.9,0.0,0.11111111,0.88,0.0,0.0,0.0,8.0,5.0,3.0,1.0,0.0,2.75,0.0,9.117778,1.666654,1.8
yocxwhlylvevw.xxx,necurs,17.0,13.0,2.0,0.0,0.0,16.0,1.0,0.0,0.0,2.0,0.125,14.0,0.875,9.0,0.5625,0.125,3.0,3.7735572,3.807355,8.0,0.0,0.5,0.0,0.5555556,0.859375,0.0,0.0,0.0,13.0,8.0,5.0,0.0,0.0,3.085055,0.0,8.423333,1.9525344,1.5
rkijbdssnletjcqwfeegp.sh,necurs,24.0,21.0,2.0,0.0,0.0,23.0,1.0,0.0,0.0,4.0,0.17391305,19.0,0.82608694,18.0,0.7826087,0.3043478,4.023137,4.4594316,4.3923173,7.0,0.0,0.3043478,0.0,0.16666667,0.9300567,0.0,0.0,0.0,21.0,11.5,9.5,0.0,0.0,3.975418,0.0,9.019546,0.6842712,1.3478261
qngfgwhajvillshgsl.org,necurs,22.0,18.0,2.0,0.0,0.0,21.0,1.0,0.0,0.0,3.0,0.14285715,18.0,0.85714287,14.0,0.6666667,0.0952381,3.5944657,4.321928,4.2479277,7.0,0.0,0.33333334,0.0,0.2857143,0.9024943,0.0,0.0,0.0,18.0,10.5,7.5,1.0,0.0,3.4193819,0.0,7.9005,1.0209599,1.3809524
fxcedjbuaoyvemmfuiqwa.in,necurs,24.0,21.0,2.0,0.0,0.0,23.0,1.0,0.0,0.0,9.0,0.39130434,14.0,0.6086956,17.0,0.73913044,0.39130434,4.001823,4.4594316,4.3923173,3.0,0.0,0.13043478,0.0,0.3529412,0.9338374,0.0,0.0,0.0,21.0,11.5,9.5,1.0,0.0,3.916127,0.0,7.6645455,0.82666,1.3478261
rhjnpygrbvrcvoi.com,necurs,19.0,15.0,2.0,0.0,0.0,18.0,1.0,0.0,0.0,3.0,0.16666667,15.0,0.8333333,13.0,0.7222222,0.16666667,3.5724313,4.087463,4.0,13.0,0.0,0.7222222,0.0,0.30769232,0.9074074,0.0,0.0,0.0,15.0,9.0,6.0,1.0,0.0,3.4565647,0.0,8.42,1.0123004,1.4444444
mtlxghya.nu,necurs,11.0,8.0,2.0,0.0,0.0,10.0,1.0,0.0,0.0,2.0,0.2,8.0,0.8,10.0,1.0,0.1,3.321928,3.169925,3.0,7.0,0.0,0.7,0.0,0.0,0.9,0.0,0.0,0.0,8.0,5.0,3.0,0.0,0.0,3.0,0.0,9.073334,1.1460707,1.8
lkuqdhwneypukiuonve.mn,necurs,22.0,19.0,2.0,0.0,0.0,21.0,1.0,0.0,0.0,7.0,0.33333334,14.0,0.6666667,15.0,0.71428573,0.14285715,3.7489948,4.321928,4.2479277,5.0,0.0,0.23809524,0.0,0.26666668,0.9160998,0.0,0.0,0.0,19.0,10.5,8.5,0.0,0.0,3.6818807,0.0,8.3735,0.85836124,1.3809524
uvwfiavnwvmunmojgr.net,necurs,22.0,18.0,2.0,0.0,0.0,21.0,1.0,0.0,0.0,6.0,0.2857143,15.0,0.71428573,14.0,0.6666667,0.14285715,3.6537566,4.321928,4.2479277,5.0,0.0,0.23809524,0.0,0.35714287,0.91156465,0.0,0.0,0.0,18.0,10.5,7.5,1.0,0.0,3.4613202,0.0,7.802,0.9105153,1.3809524
cjvhejmxvjg.sc,necurs,14.0,11.0,2.0,0.0,0.0,13.0,1.0,0.0,0.0,1.0,0.07692308,12.0,0.9230769,9.0,0.6923077,0.23076923,3.0269868,3.5849626,3.4594316,8.0,0.0,0.61538464,0.0,0.33333334,0.8639053,0.0,0.0,0.0,11.0,6.5,4.5,0.0,0.0,2.845351,0.0,9.285,1.9496523,1.6153846
yorjvneniofa.in,necurs,15.0,12.0,2.0,0.0,0.0,14.0,1.0,0.0,0.0,6.0,0.42857143,8.0,0.5714286,10.0,0.71428573,0.21428572,3.182006,3.7004397,3.5849626,4.0,0.0,0.2857143,0.0,0.3,0.877551,0.0,0.0,0.0,12.0,7.0,5.0,1.0,0.0,3.251629,0.0,6.973077,0.9638322,1.5714285
gaajjpahefjmynft.to,necurs,19.0,16.0,2.0,0.0,0.0,18.0,1.0,0.0,0.0,5.0,0.2777778,13.0,0.7222222,12.0,0.6666667,0.33333334,3.4193819,4.087463,4.0,8.0,0.0,0.44444445,0.0,0.33333334,0.89506173,0.0,0.0,0.0,16.0,9.0,7.0,0.0,0.0,3.2806392,0.0,8.660588,1.1338269,1.4444444
rvummchimcimaxqeys.tj,necurs,21.0,18.0,2.0,0.0,0.0,20.0,1.0,0.0,0.0,5.0,0.25,15.0,0.75,15.0,0.75,0.2,3.7219281,4.037401,4.169925,4.0,0.0,0.2,0.0,0.2,0.91,0.0,0.0,0.0,18.0,10.0,8.0,0.0,0.0,3.5032582,0.0,8.00579,0.98443085,1.4
tugrkqko.in,necurs,11.0,8.0,2.0,0.0,0.0,10.0,1.0,0.0,0.0,3.0,0.3,7.0,0.7,9.0,0.9,0.0,3.121928,3.169925,3.0,5.0,0.0,0.5,0.0,0.11111111,0.88,0.0,0.0,0.0,8.0,5.0,3.0,1.0,0.0,2.75,0.0,7.7833333,1.3665695,1.8
hwsmakucjqgkckiiyf.mx,necurs,21.0,18.0,2.0,0.0,0.0,20.0,1.0,0.0,0.0,4.0,0.2,16.0,0.8,15.0,0.75,0.2,3.7841837,4.2479277,4.169925,7.0,0.0,0.35,0.0,0.26666668,0.92,0.0,0.0,0.0,18.0,10.0,8.0,0.0,0.0,3.6835423,0.0,9.642632,1.2288835,1.4
eamasrhxksm.us,necurs,14.0,11.0,2.0,0.0,0.0,13.0,1.0,0.0,0.0,4.0,0.30769232,9.0,0.6923077,9.0,0.6923077,0.23076923,3.0269868,3.5849626,3.4594316,7.0,0.0,0.53846157,0.0,0.33333334,0.8639053,0.0,0.0,0.0,11.0,6.5,4.5,1.0,0.0,2.9139771,0.0,7.2325,1.0990076,1.6153846
uqarpkdfoxrxxakbc.ug,necurs,20.0,17.0,2.0,0.0,0.0,19.0,1.0,0.0,0.0,5.0,0.2631579,14.0,0.7368421,13.0,0.68421054,0.31578946,3.5766177,4.169925,4.087463,5.0,0.0,0.2631579,0.0,0.3846154,0.9085873,0.0,0.0,0.0,17.0,9.5,7.5,0.0,0.0,3.4548223,0.0,9.225555,1.3893785,1.4210526
ntmtjxuysaqqhhooynois.de,necurs,24.0,21.0,2.0,0.0,0.0,23.0,1.0,0.0,0.0,7.0,0.3043478,16.0,0.6956522,15.0,0.65217394,0.13043478,3.7950885,4.4594316,4.3923173,6.0,0.0,0.26086956,0.0,0.46666667,0.92249525,0.0,0.0,0.0,21.0,11.5,9.5,1.0,0.0,3.5944657,0.0,8.140909,0.8125379,1.3478261
lqbbwysusoalk.org,necurs,17.0,13.0,2.0,0.0,0.0,16.0,1.0,0.0,0.0,4.0,0.25,12.0,0.75,12.0,0.75,0.1875,3.5,3.9068906,3.807355,7.0,0.0,0.4375,0.0,0.33333334,0.90625,0.0,0.0,0.0,13.0,8.0,5.0,1.0,0.0,3.2389011,0.0,8.206,1.0544922,1.5
vdwasadjtv.ki,necurs,13.0,10.0,2.0,0.0,0.0,12.0,1.0,0.0,0.0,3.0,0.25,9.0,0.75,9.0,0.75,0.33333334,3.0849626,3.4594316,3.321928,5.0,0.0,0.41666666,0.0,0.33333334,0.875,0.0,0.0,0.0,10.0,6.0,4.0,0.0,0.0,2.7219281,0.0,8.109091,1.3782775,1.6666666
mvcovyqhvaqmoyw.nf,necurs,18.0,15.0,2.0,0.0,0.0,17.0,1.0,0.0,0.0,3.0,0.1764706,14.0,0.8235294,11.0,0.64705884,0.1764706,3.3371754,4.0,3.9068906,5.0,0.0,0.29411766,0.0,0.45454547,0.8927336,0.0,0.0,0.0,15.0,8.5,6.5,0.0,0.0,3.0565648,0.0,9.160625,1.5666634,1.4705882
rytevoubwrogxsauoxmd.pw,necurs,23.0,20.0,2.0,0.0,0.0,22.0,1.0,0.0,0.0,7.0,0.3181818,15.0,0.6818182,16.0,0.72727275,0.18181819,3.879664,4.3923173,4.321928,5.0,0.0,0.22727273,0.0,0.3125,0.92561984,0.0,0.0,0.0,20.0,11.0,9.0,0.0,0.0,3.7841837,0.0,8.08381,0.7679999,1.3636364
bpduqjxhgbcwgggm.cc,necurs,19.0,16.0,2.0,0.0,0.0,18.0,1.0,0.0,0.0,1.0,0.055555556,17.0,0.9444444,12.0,0.6666667,0.33333334,3.350209,3.9698157,4.0,14.0,0.0,0.7777778,0.0,0.25,0.88271606,0.0,0.0,0.0,16.0,9.0,7.0,1.0,0.0,3.375,0.0,10.0,1.6820526,1.4444444
tqvrnrukijnncqvlcqcp.sh,necurs,23.0,20.0,2.0,0.0,0.0,22.0,1.0,0.0,0.0,2.0,0.09090909,20.0,0.90909094,14.0,0.6363636,0.13636364,3.6292198,4.2018414,4.321928,13.0,0.0,0.59090906,0.0,0.35714287,0.90909094,0.0,0.0,0.0,20.0,11.0,9.0,0.0,0.0,3.408695,0.0,10.0,1.2332441,1.3636364
hhywqacwbmeupolmiqrs.mn,necurs,23.0,20.0,2.0,0.0,0.0,22.0,1.0,0.0,0.0,5.0,0.22727273,17.0,0.77272725,17.0,0.77272725,0.18181819,3.9705732,4.3923173,4.321928,5.0,0.0,0.22727273,0.0,0.23529412,0.92975205,0.0,0.0,0.0,20.0,11.0,9.0,0.0,0.0,3.9219282,0.0,8.124762,0.7828303,1.3636364
qkookbnueoscvemnlid.su,necurs,22.0,19.0,2.0,0.0,0.0,21.0,1.0,0.0,0.0,8.0,0.3809524,13.0,0.61904764,14.0,0.6666667,0.23809524,3.6897037,4.321928,4.2479277,3.0,0.0,0.14285715,0.0,0.42857143,0.9160998,0.0,0.0,0.0,19.0,10.5,8.5,0.0,0.0,3.6818807,0.0,8.7735,0.74435127,1.3809524
qxkmwghnpoavgkvsh.ir,necurs,20.0,17.0,2.0,0.0,0.0,19.0,1.0,0.0,0.0,3.0,0.15789473,16.0,0.84210527,15.0,0.7894737,0.05263158,3.826875,4.169925,4.087463,9.0,0.0,0.47368422,0.0,0.26666668,0.92520773,0.0,0.0,0.0,17.0,9.5,7.5,0.0,0.0,3.6168747,0.0,9.243889,1.0733463,1.4210526
aksutnctsfcwp.ms,necurs,16.0,13.0,2.0,0.0,0.0,15.0,1.0,0.0,0.0,2.0,0.13333334,13.0,0.8666667,11.0,0.73333335,0.26666668,3.3232315,3.807355,3.7004397,11.0,0.0,0.73333335,0.0,0.27272728,0.8888889,0.0,0.0,0.0,13.0,7.5,5.5,0.0,0.0,3.2389011,0.0,9.625714,0.94600844,1.5333333
mvsuikfyqyphiklvft.kz,necurs,21.0,18.0,2.0,0.0,0.0,20.0,1.0,0.0,0.0,3.0,0.15,17.0,0.85,14.0,0.7,0.1,3.6841838,4.1426644,4.169925,7.0,0.0,0.35,0.0,0.35714287,0.915,0.0,0.0,0.0,18.0,10.0,8.0,0.0,0.0,3.6143694,0.0,8.815789,1.3504144,1.4
oxdxmqyviiqwgvwtittar.to,necurs,24.0,21.0,2.0,0.0,0.0,23.0,1.0,0.0,0.0,6.0,0.26086956,17.0,0.73913044,13.0,0.5652174,0.08695652,3.534219,4.4594316,4.3923173,7.0,0.0,0.3043478,0.0,0.53846157,0.9035917,0.0,0.0,0.0,21.0,11.5,9.5,0.0,0.0,3.5585186,0.0,7.6922727,1.1941713,1.3478261
chkfcyowoemobdpyljtr.us,necurs,23.0,20.0,2.0,0.0,0.0,22.0,1.0,0.0,0.0,5.0,0.22727273,17.0,0.77272725,18.0,0.8181818,0.27272728,4.061482,4.3923173,4.321928,8.0,0.0,0.36363637,0.0,0.16666667,0.9338843,0.0,0.0,0.0,20.0,11.0,9.0,1.0,0.0,3.8841836,0.0,7.495714,0.6195383,1.3636364
reifuudyelxcerjkjeec.ug,necurs,23.0,20.0,2.0,0.0,0.0,22.0,1.0,0.0,0.0,9.0,0.4090909,13.0,0.59090906,13.0,0.59090906,0.4090909,3.4428623,4.3923173,4.321928,4.0,0.0,0.18181819,0.0,0.3846154,0.88842976,0.0,0.0,0.0,20.0,11.0,9.0,0.0,0.0,3.3414462,0.0,7.735238,1.0391153,1.3636364
phrpgdup.us,necurs,11.0,8.0,2.0,0.0,0.0,10.0,1.0,0.0,0.0,2.0,0.2,8.0,0.8,7.0,0.7,0.1,2.6464393,3.169925,3.0,6.0,0.0,0.6,0.0,0.2857143,0.82,0.0,0.0,0.0,8.0,5.0,3.0,1.0,0.0,2.4056392,0.0,8.783334,1.5737851,1.8
vrkwfetdgfnscqymqop.ug,necurs,22.0,19.0,2.0,0.0,0.0,21.0,1.0,0.0,0.0,3.0,0.14285715,18.0,0.85714287,18.0,0.85714287,0.23809524,4.106603,4.321928,4.2479277,11.0,0.0,0.52380955,0.0,0.16666667,0.93877554,0.0,0.0,0.0,19.0,10.5,8.5,0.0,0.0,4.037401,0.0,8.7435,0.8621753,1.3809524
wwjuptakdmntpebiwgpgt.ug,necurs,24.0,21.0,2.0,0.0,0.0,23.0,1.0,0.0,0.0,5.0,0.2173913,18.0,0.7826087,14.0,0.6086956,0.17391305,3.6096685,4.4594316,4.3923173,6.0,0.0,0.26086956,0.0,0.35714287,0.9073724,0.0,0.0,0.0,21.0,11.5,9.5,0.0,0.0,3.6178098,0.0,8.561363,0.9949296,1.3478261
oahcnjmsmkarjvfkh.cc,necurs,20.0,17.0,2.0,0.0,0.0,19.0,1.0,0.0,0.0,3.0,0.15789473,16.0,0.84210527,12.0,0.6315789,0.31578946,3.4713545,4.058814,4.087463,8.0,0.0,0.42105263,0.0,0.5,0.9030471,0.0,0.0,0.0,17.0,9.5,7.5,1.0,0.0,3.4992275,0.0,9.578333,1.1696851,1.4210526
xckvumneejyxlcbiwnls.nu,necurs,23.0,20.0,2.0,0.0,0.0,22.0,1.0,0.0,0.0,5.0,0.22727273,17.0,0.77272725,15.0,0.6818182,0.22727273,3.788755,4.3923173,4.321928,6.0,0.0,0.27272728,0.0,0.4,0.9214876,0.0,0.0,0.0,20.0,11.0,9.0,0.0,0.0,3.821928,0.0,9.376667,0.9469879,1.3636364
klanqhxqiyekw.to,necurs,16.0,13.0,2.0,0.0,0.0,15.0,1.0,0.0,0.0,4.0,0.26666668,11.0,0.73333335,13.0,0.8666667,0.13333334,3.640224,3.807355,3.7004397,5.0,0.0,0.33333334,0.0,0.15384616,0.91555554,0.0,0.0,0.0,13.0,7.5,5.5,0.0,0.0,3.3927474,0.0,8.354285,1.2203637,1.5333333
jrbnsuduggehxo.ru,necurs,17.0,14.0,2.0,0.0,0.0,16.0,1.0,0.0,0.0,5.0,0.3125,11.0,0.6875,12.0,0.75,0.1875,3.4528196,3.9068906,3.807355,5.0,0.0,0.3125,0.0,0.25,0.8984375,0.0,0.0,0.0,14.0,8.0,6.0,1.0,0.0,3.5216405,0.0,8.578667,1.053593,1.5
lplkwip.pw,necurs,10.0,7.0,2.0,0.0,0.0,9.0,1.0,0.0,0.0,1.0,0.11111111,8.0,0.8888889,5.0,0.5555556,0.0,2.1971598,3.0,2.807355,5.0,0.0,0.5555556,0.0,0.6,0.7654321,0.0,0.0,0.0,7.0,4.5,2.5,0.0,0.0,2.2359264,0.0,7.925,2.0970001,1.8888888
ljbbgckr.de,necurs,11.0,8.0,2.0,0.0,0.0,10.0,1.0,0.0,0.0,1.0,0.1,9.0,0.9,9.0,0.9,0.5,3.121928,3.169925,3.0,9.0,0.0,0.9,0.0,0.11111111,0.88,0.0,0.0,0.0,8.0,5.0,3.0,1.0,0.0,2.75,0.0,9.163333,1.4993283,1.8
sqrrxtpxsyegwbyfjnnd.cc,necurs,23.0,20.0,2.0,0.0,0.0,22.0,1.0,0.0,0.0,1.0,0.045454547,21.0,0.95454544,16.0,0.72727275,0.27272728,3.9139771,4.3923173,4.321928,11.0,0.0,0.5,0.0,0.375,0.92975205,0.0,0.0,0.0,20.0,11.0,9.0,1.0,0.0,3.821928,0.0,9.621904,0.9900823,1.3636364
eqdkdug.su,necurs,10.0,7.0,2.0,0.0,0.0,9.0,1.0,0.0,0.0,3.0,0.33333334,6.0,0.6666667,7.0,0.7777778,0.33333334,2.7254806,3.0,2.807355,4.0,0.0,0.44444445,0.0,0.2857143,0.83950615,0.0,0.0,0.0,7.0,4.5,2.5,0.0,0.0,2.5216405,0.0,10.0,1.7102036,1.8888888
mkqrhwmcbxsspeymlepe.pw,necurs,23.0,20.0,2.0,0.0,0.0,22.0,1.0,0.0,0.0,3.0,0.13636364,19.0,0.8636364,14.0,0.6363636,0.22727273,3.6292198,4.2018414,4.321928,13.0,0.0,0.59090906,0.0,0.35714287,0.90909094,0.0,0.0,0.0,20.0,11.0,9.0,0.0,0.0,3.6464393,0.0,7.885714,1.0633348,1.3636364
mqrxyyaub.cc,necurs,12.0,9.0,2.0,0.0,0.0,11.0,1.0,0.0,0.0,2.0,0.18181819,9.0,0.8181818,9.0,0.8181818,0.36363637,3.0957952,3.321928,3.169925,6.0,0.0,0.54545456,0.0,0.22222222,0.87603307,0.0,0.0,0.0,9.0,5.5,3.5,1.0,0.0,2.947703,0.0,10.0,1.7293835,1.7272727
onhmlqeidofrfujrrc.tv,necurs,21.0,18.0,2.0,0.0,0.0,20.0,1.0,0.0,0.0,5.0,0.25,15.0,0.75,16.0,0.8,0.25,3.8841836,4.2479277,4.169925,6.0,0.0,0.3,0.0,0.1875,0.925,0.0,0.0,0.0,18.0,10.0,8.0,1.0,0.0,3.6835423,0.0,8.117895,0.7250474,1.4
ipltgxunqxy.so,necurs,14.0,11.0,2.0,0.0,0.0,13.0,1.0,0.0,0.0,3.0,0.23076923,10.0,0.7692308,12.0,0.9230769,0.0,3.5465937,3.5849626,3.4594316,5.0,0.0,0.3846154,0.0,0.083333336,0.9112426,0.0,0.0,0.0,11.0,6.5,4.5,0.0,0.0,3.2776134,0.0,7.556667,1.2442639,1.6153846
svcgydigfhxk.pro,necurs,16.0,12.0,2.0,0.0,0.0,15.0,1.0,0.0,0.0,2.0,0.13333334,13.0,0.8666667,14.0,0.93333334,0.2,3.7735572,3.807355,3.7004397,7.0,0.0,0.46666667,0.0,0.071428575,0.92444444,0.0,0.0,0.0,12.0,7.5,4.5,0.0,0.0,3.4182959,0.0,8.541429,1.0305939,1.5333333
fbpgybird.sx,necurs,12.0,9.0,2.0,0.0,0.0,11.0,1.0,0.0,0.0,1.0,0.09090909,10.0,0.90909094,10.0,0.90909094,0.36363637,3.2776134,3.321928,3.169925,6.0,0.0,0.54545456,0.0,0.1,0.892562,0.0,0.0,0.0,9.0,5.5,3.5,0.0,0.0,2.947703,0.0,9.408,1.4586488,1.7272727
udjqrsyhplhyo.sh,necurs,16.0,13.0,2.0,0.0,0.0,15.0,1.0,0.0,0.0,2.0,0.13333334,13.0,0.8666667,11.0,0.73333335,0.06666667,3.3232315,3.807355,3.7004397,11.0,0.0,0.73333335,0.0,0.27272728,0.8888889,0.0,0.0,0.0,13.0,7.5,5.5,0.0,0.0,3.3927474,0.0,9.062143,1.281468,1.5333333
afulykh.eu,necurs,10.0,7.0,2.0,0.0,0.0,9.0,1.0,0.0,0.0,4.0,0.44444445,5.0,0.5555556,8.0,0.8888889,0.33333334,2.947703,3.0,2.807355,4.0,0.0,0.44444445,0.0,0.125,0.86419755,0.0,0.0,0.0,7.0,4.5,2.5,1.0,0.0,2.807355,0.0,6.76,1.3615242,1.8888888
ltgutecgmtabifntjw.kz,necurs,21.0,18.0,2.0,0.0,0.0,20.0,1.0,0.0,0.0,4.0,0.2,16.0,0.8,16.0,0.8,0.25,3.821928,4.2479277,4.169925,7.0,0.0,0.35,0.0,0.125,0.915,0.0,0.0,0.0,18.0,10.0,8.0,0.0,0.0,3.6143694,0.0,7.3510528,0.84248424,1.4
pjjcyhdeb.ac,necurs,12.0,9.0,2.0,0.0,0.0,11.0,1.0,0.0,0.0,2.0,0.18181819,9.0,0.8181818,9.0,0.8181818,0.54545456,3.0957952,3.321928,3.169925,7.0,0.0,0.6363636,0.0,0.22222222,0.87603307,0.0,0.0,0.0,9.0,5.5,3.5,0.0,0.0,2.947703,0.0,7.423,1.5784045,1.7272727
wogmjmgfes.cc,necurs,13.0,10.0,2.0,0.0,0.0,12.0,1.0,0.0,0.0,2.0,0.16666667,10.0,0.8333333,9.0,0.75,0.33333334,3.0849626,3.4594316,3.321928,6.0,0.0,0.5,0.0,0.33333334,0.875,0.0,0.0,0.0,10.0,6.0,4.0,1.0,0.0,2.9219282,0.0,8.759091,1.4006448,1.6666666
phapbuuxggd.de,necurs,14.0,11.0,2.0,0.0,0.0,13.0,1.0,0.0,0.0,4.0,0.30769232,9.0,0.6923077,9.0,0.6923077,0.3846154,3.085055,3.5849626,3.4594316,5.0,0.0,0.3846154,0.0,0.44444445,0.87573963,0.0,0.0,0.0,11.0,6.5,4.5,1.0,0.0,2.9139771,0.0,7.826667,1.4326495,1.6153846
aeeophraqbykkxqcxkakf.su,necurs,24.0,21.0,2.0,0.0,0.0,23.0,1.0,0.0,0.0,7.0,0.3043478,16.0,0.6956522,15.0,0.65217394,0.3478261,3.708132,4.4594316,4.3923173,10.0,0.0,0.4347826,0.0,0.33333334,0.91115314,0.0,0.0,0.0,21.0,11.5,9.5,0.0,0.0,3.4992275,0.0,9.402727,1.1985586,1.3478261
rwdpsfpm.net,necurs,12.0,8.0,2.0,0.0,0.0,11.0,1.0,0.0,0.0,1.0,0.09090909,10.0,0.90909094,10.0,0.90909094,0.27272728,3.2776134,3.321928,3.169925,9.0,0.0,0.8181818,0.0,0.1,0.892562,0.0,0.0,0.0,8.0,5.5,2.5,1.0,0.0,2.75,0.0,8.623,0.97828275,1.7272727
ltmvtaikandctiyug.xxx,necurs,21.0,17.0,2.0,0.0,0.0,20.0,1.0,0.0,0.0,5.0,0.25,15.0,0.75,14.0,0.7,0.2,3.6464393,4.1426644,4.169925,5.0,0.0,0.25,0.0,0.2857143,0.91,0.0,0.0,0.0,17.0,10.0,7.0,0.0,0.0,3.5724695,0.0,7.5652633,1.010691,1.4
dliiihcny.mu,necurs,12.0,9.0,2.0,0.0,0.0,11.0,1.0,0.0,0.0,4.0,0.36363637,7.0,0.6363636,9.0,0.8181818,0.18181819,3.0271692,3.121928,3.169925,5.0,0.0,0.45454547,0.0,0.11111111,0.8595041,0.0,0.0,0.0,9.0,5.5,3.5,0.0,0.0,2.6416042,0.0,9.288,1.107279,1.7272727
plkybtvvl.jp,necurs,12.0,9.0,2.0,0.0,0.0,11.0,1.0,0.0,0.0,0.0,0.0,11.0,1.0,8.0,0.72727275,0.09090909,2.9139771,3.321928,3.169925,11.0,0.0,1.0,0.0,0.375,0.8595041,0.0,0.0,0.0,9.0,5.5,3.5,1.0,0.0,2.7254806,0.0,9.382,1.8835175,1.7272727
ssfucthxgkqoakqjb.sh,necurs,20.0,17.0,2.0,0.0,0.0,19.0,1.0,0.0,0.0,3.0,0.15789473,16.0,0.84210527,14.0,0.7368421,0.21052632,3.6818807,4.058814,4.087463,7.0,0.0,0.36842105,0.0,0.2857143,0.9141274,0.0,0.0,0.0,17.0,9.5,7.5,0.0,0.0,3.7345216,0.0,8.535556,1.2912568,1.4210526
vwpcdxjpsjdqtgpwsxvek.su,necurs,24.0,21.0,2.0,0.0,0.0,23.0,1.0,0.0,0.0,2.0,0.08695652,21.0,0.9130435,14.0,0.6086956,0.17391305,3.6753109,4.4594316,4.3923173,19.0,0.0,0.82608694,0.0,0.5,0.91493386,0.0,0.0,0.0,21.0,11.5,9.5,0.0,0.0,3.5944657,0.0,9.740909,1.3651029,1.3478261
suvrpcxjnoytb.jp,necurs,16.0,13.0,2.0,0.0,0.0,15.0,1.0,0.0,0.0,2.0,0.13333334,13.0,0.8666667,13.0,0.8666667,0.13333334,3.640224,3.807355,3.7004397,7.0,0.0,0.46666667,0.0,0.15384616,0.91555554,0.0,0.0,0.0,13.0,7.5,5.5,1.0,0.0,3.7004397,0.0,9.590714,1.2295891,1.5333333
dflvfxcdbtyekxxxppm.ru,necurs,22.0,19.0,2.0,0.0,0.0,21.0,1.0,0.0,0.0,2.0,0.0952381,19.0,0.9047619,15.0,0.71428573,0.33333334,3.7256508,4.221928,4.2479277,11.0,0.0,0.52380955,0.0,0.26666668,0.91156465,0.0,0.0,0.0,19.0,10.5,8.5,1.0,0.0,3.5110855,0.0,9.4375,1.3394612,1.3809524
coacpmejuvtueeox.ga,necurs,19.0,16.0,2.0,0.0,0.0,18.0,1.0,0.0,0.0,9.0,0.5,9.0,0.5,12.0,0.6666667,0.3888889,3.4613202,4.087463,4.0,3.0,0.0,0.16666667,0.0,0.41666666,0.90123457,0.0,0.0,0.0,16.0,9.0,7.0,0.0,0.0,3.3278196,0.0,8.434706,0.91391927,1.4444444
vwsjtquloiyxns.jp,necurs,17.0,14.0,2.0,0.0,0.0,16.0,1.0,0.0,0.0,3.0,0.1875,13.0,0.8125,14.0,0.875,0.0,3.75,3.7735572,3.807355,6.0,0.0,0.375,0.0,0.14285715,0.921875,0.0,0.0,0.0,14.0,8.0,6.0,1.0,0.0,3.6644979,0.0,8.738,1.1836425,1.5
kvaaljupgy.biz,necurs,14.0,10.0,2.0,0.0,0.0,13.0,1.0,0.0,0.0,4.0,0.30769232,9.0,0.6923077,12.0,0.9230769,0.23076923,3.5465937,3.5849626,3.4594316,4.0,0.0,0.30769232,0.0,0.083333336,0.9112426,0.0,0.0,0.0,10.0,6.5,3.5,1.0,0.0,3.121928,0.0,8.896667,1.3643413,1.6153846
utwyepocnvqvqmp.la,necurs,18.0,15.0,2.0,0.0,0.0,17.0,1.0,0.0,0.0,4.0,0.23529412,13.0,0.7647059,14.0,0.8235294,0.1764706,3.7345216,3.875,3.9068906,9.0,0.0,0.5294118,0.0,0.21428572,0.9204152,0.0,0.0,0.0,15.0,8.5,6.5,0.0,0.0,3.5068905,0.0,7.80375,1.0993953,1.4705882
yniperirytilhxq.mx,necurs,18.0,15.0,2.0,0.0,0.0,17.0,1.0,0.0,0.0,4.0,0.23529412,13.0,0.7647059,12.0,0.7058824,0.05882353,3.4548223,4.0,3.9068906,6.0,0.0,0.3529412,0.0,0.33333334,0.899654,0.0,0.0,0.0,15.0,8.5,6.5,0.0,0.0,3.3232315,0.0,7.011875,1.1392457,1.4705882
anbvfproxushnnarcpgc.cx,necurs,23.0,20.0,2.0,0.0,0.0,22.0,1.0,0.0,0.0,4.0,0.18181819,18.0,0.8181818,14.0,0.6363636,0.3181818,3.6635327,4.3923173,4.321928,7.0,0.0,0.3181818,0.0,0.42857143,0.91322315,0.0,0.0,0.0,20.0,11.0,9.0,0.0,0.0,3.6841838,0.0,8.002857,0.9337413,1.3636364
siirsang.jp,necurs,11.0,8.0,2.0,0.0,0.0,10.0,1.0,0.0,0.0,3.0,0.3,7.0,0.7,8.0,0.8,0.1,2.9219282,3.169925,3.0,4.0,0.0,0.4,0.0,0.25,0.86,0.0,0.0,0.0,8.0,5.0,3.0,1.0,0.0,2.5,0.0,5.9666667,1.128674,1.8
qfgrlbhpj.eu,necurs,12.0,9.0,2.0,0.0,0.0,11.0,1.0,0.0,0.0,2.0,0.18181819,9.0,0.8181818,11.0,1.0,0.27272728,3.4594316,3.321928,3.169925,9.0,0.0,0.8181818,0.0,0.0,0.90909094,0.0,0.0,0.0,9.0,5.5,3.5,1.0,0.0,3.169925,0.0,9.402,1.4394321,1.7272727
axfdldtgsndfurecy.me,necurs,20.0,17.0,2.0,0.0,0.0,19.0,1.0,0.0,0.0,4.0,0.21052632,15.0,0.7894737,15.0,0.7894737,0.47368422,3.787144,4.169925,4.087463,11.0,0.0,0.57894737,0.0,0.2,0.9196676,0.0,0.0,0.0,17.0,9.5,7.5,1.0,0.0,3.6901164,0.0,7.463333,0.6825697,1.4210526
mwdukvjl.cx,necurs,11.0,8.0,2.0,0.0,0.0,10.0,1.0,0.0,0.0,1.0,0.1,9.0,0.9,10.0,1.0,0.2,3.321928,3.169925,3.0,6.0,0.0,0.6,0.0,0.0,0.9,0.0,0.0,0.0,8.0,5.0,3.0,0.0,0.0,3.0,0.0,10.0,1.7130598,1.8
ftxagbu.org,necurs,11.0,7.0,2.0,0.0,0.0,10.0,1.0,0.0,0.0,3.0,0.3,7.0,0.7,9.0,0.9,0.3,3.121928,3.169925,3.0,3.0,0.0,0.3,0.0,0.11111111,0.88,0.0,0.0,0.0,7.0,5.0,2.0,1.0,0.0,2.807355,0.0,7.8377776,1.366532,1.8
rtmmbsibkfu.us,necurs,14.0,11.0,2.0,0.0,0.0,13.0,1.0,0.0,0.0,3.0,0.23076923,10.0,0.7692308,9.0,0.6923077,0.23076923,3.085055,3.5849626,3.4594316,6.0,0.0,0.46153846,0.0,0.44444445,0.87573963,0.0,0.0,0.0,11.0,6.5,4.5,1.0,0.0,3.0957952,0.0,7.8983335,1.2660714,1.6153846
qgswrhs.me,necurs,10.0,7.0,2.0,0.0,0.0,9.0,1.0,0.0,0.0,1.0,0.11111111,8.0,0.8888889,8.0,0.8888889,0.11111111,2.947703,3.0,2.807355,8.0,0.0,0.8888889,0.0,0.125,0.86419755,0.0,0.0,0.0,7.0,4.5,2.5,1.0,0.0,2.5216405,0.0,9.10125,1.4148799,1.8888888
cbgxgmpmqnbxni.ms,necurs,17.0,14.0,2.0,0.0,0.0,16.0,1.0,0.0,0.0,1.0,0.0625,15.0,0.9375,10.0,0.625,0.1875,3.2028196,3.9068906,3.807355,13.0,0.0,0.8125,0.0,0.5,0.8828125,0.0,0.0,0.0,14.0,8.0,6.0,0.0,0.0,3.0930693,0.0,9.288,1.6175585,1.5
dewpbbkdai.cm,necurs,13.0,10.0,2.0,0.0,0.0,12.0,1.0,0.0,0.0,3.0,0.25,9.0,0.75,10.0,0.8333333,0.5833333,3.251629,3.4594316,3.321928,6.0,0.0,0.5,0.0,0.2,0.8888889,0.0,0.0,0.0,10.0,6.0,4.0,0.0,0.0,2.9219282,0.0,8.676364,1.2267463,1.6666666
lhoomik.me,necurs,10.0,7.0,2.0,0.0,0.0,9.0,1.0,0.0,0.0,4.0,0.44444445,5.0,0.5555556,7.0,0.7777778,0.11111111,2.7254806,3.0,2.807355,2.0,0.0,0.22222222,0.0,0.2857143,0.83950615,0.0,0.0,0.0,7.0,4.5,2.5,1.0,0.0,2.5216405,0.0,6.06,1.2343099,1.8888888
kghwshrhxeiob.mx,necurs,16.0,13.0,2.0,0.0,0.0,15.0,1.0,0.0,0.0,3.0,0.2,12.0,0.8,12.0,0.8,0.13333334,3.4565647,3.807355,3.7004397,9.0,0.0,0.6,0.0,0.16666667,0.8977778,0.0,0.0,0.0,13.0,7.5,5.5,0.0,0.0,3.3346791,0.0,9.052857,1.221139,1.5333333
usdygooeiscxdoyia.ac,necurs,20.0,17.0,2.0,0.0,0.0,19.0,1.0,0.0,0.0,9.0,0.47368422,10.0,0.5263158,11.0,0.57894737,0.36842105,3.3660913,4.169925,4.087463,4.0,0.0,0.21052632,0.0,0.6363636,0.89750695,0.0,0.0,0.0,17.0,9.5,7.5,0.0,0.0,3.3371754,0.0,8.282778,0.81991285,1.4210526
mdqjevesudffhpwovq.net,necurs,22.0,18.0,2.0,0.0,0.0,21.0,1.0,0.0,0.0,5.0,0.23809524,16.0,0.7619048,15.0,0.71428573,0.33333334,3.784942,4.321928,4.2479277,6.0,0.0,0.2857143,0.0,0.33333334,0.9206349,0.0,0.0,0.0,18.0,10.5,7.5,1.0,0.0,3.6143694,0.0,8.053,1.0430735,1.3809524
gcnxdel.sc,necurs,10.0,7.0,2.0,0.0,0.0,9.0,1.0,0.0,0.0,1.0,0.11111111,8.0,0.8888889,8.0,0.8888889,0.44444445,2.947703,3.0,2.807355,5.0,0.0,0.5555556,0.0,0.125,0.86419755,0.0,0.0,0.0,7.0,4.5,2.5,0.0,0.0,2.807355,0.0,8.2025,1.3095309,1.8888888
eknxqlaylgokhsaafsm.de,necurs,22.0,19.0,2.0,0.0,0.0,21.0,1.0,0.0,0.0,6.0,0.2857143,15.0,0.71428573,15.0,0.71428573,0.33333334,3.784942,4.321928,4.2479277,5.0,0.0,0.23809524,0.0,0.33333334,0.9206349,0.0,0.0,0.0,19.0,10.5,8.5,1.0,0.0,3.6818807,0.0,8.964,0.76002395,1.3809524
mkikoppkrhjguuul.jp,necurs,19.0,16.0,2.0,0.0,0.0,18.0,1.0,0.0,0.0,5.0,0.2777778,13.0,0.7222222,11.0,0.6111111,0.0,3.2663326,3.9698157,4.0,7.0,0.0,0.3888889,0.0,0.36363637,0.88271606,0.0,0.0,0.0,16.0,9.0,7.0,1.0,0.0,3.2806392,0.0,8.719412,1.4446934,1.4444444
qhvuhxktsjcoucuolusm.im,necurs,23.0,20.0,2.0,0.0,0.0,22.0,1.0,0.0,0.0,7.0,0.3181818,15.0,0.6818182,14.0,0.6363636,0.09090909,3.64125,4.3923173,4.321928,7.0,0.0,0.3181818,0.0,0.42857143,0.90909094,0.0,0.0,0.0,20.0,11.0,9.0,0.0,0.0,3.521928,0.0,8.208571,1.0629362,1.3636364
gkavausxbcwm.pw,necurs,15.0,12.0,2.0,0.0,0.0,14.0,1.0,0.0,0.0,3.0,0.21428572,11.0,0.78571427,12.0,0.85714287,0.2857143,3.5216405,3.7004397,3.5849626,8.0,0.0,0.5714286,0.0,0.16666667,0.90816325,0.0,0.0,0.0,12.0,7.0,5.0,0.0,0.0,3.4182959,0.0,9.173846,1.275507,1.5714285
sdyejmqx.nu,necurs,11.0,8.0,2.0,0.0,0.0,10.0,1.0,0.0,0.0,2.0,0.2,8.0,0.8,10.0,1.0,0.2,3.321928,3.169925,3.0,5.0,0.0,0.5,0.0,0.0,0.9,0.0,0.0,0.0,8.0,5.0,3.0,0.0,0.0,3.0,0.0,10.0,1.5388868,1.8
uaxtidbvunlrtydj.bz,necurs,19.0,16.0,2.0,0.0,0.0,18.0,1.0,0.0,0.0,4.0,0.22222222,14.0,0.7777778,14.0,0.7777778,0.2777778,3.7254806,4.087463,4.0,9.0,0.0,0.5,0.0,0.2857143,0.9197531,0.0,0.0,0.0,16.0,9.0,7.0,0.0,0.0,3.625,0.0,8.027647,1.0789064,1.4444444
eyhpvphammlemmuqguxl.so,necurs,23.0,20.0,2.0,0.0,0.0,22.0,1.0,0.0,0.0,6.0,0.27272728,16.0,0.72727275,14.0,0.6363636,0.13636364,3.64125,4.2970796,4.321928,6.0,0.0,0.27272728,0.0,0.42857143,0.90909094,0.0,0.0,0.0,20.0,11.0,9.0,0.0,0.0,3.4219282,0.0,8.435715,0.9903528,1.3636364
vxldtgd.net,necurs,11.0,7.0,2.0,0.0,0.0,10.0,1.0,0.0,0.0,1.0,0.1,9.0,0.9,8.0,0.8,0.3,2.9219282,3.169925,3.0,8.0,0.0,0.8,0.0,0.25,0.86,0.0,0.0,0.0,7.0,5.0,2.0,1.0,0.0,2.5216405,0.0,8.47,1.3462443,1.8
diltwqwjet.kz,necurs,13.0,10.0,2.0,0.0,0.0,12.0,1.0,0.0,0.0,2.0,0.16666667,10.0,0.8333333,10.0,0.8333333,0.16666667,3.251629,3.4594316,3.321928,6.0,0.0,0.5,0.0,0.2,0.8888889,0.0,0.0,0.0,10.0,6.0,4.0,0.0,0.0,2.9219282,0.0,7.69,1.5968863,1.6666666
ikuxckycxawg.kz,necurs,15.0,12.0,2.0,0.0,0.0,14.0,1.0,0.0,0.0,3.0,0.21428572,11.0,0.78571427,10.0,0.71428573,0.21428572,3.182006,3.7004397,3.5849626,6.0,0.0,0.42857143,0.0,0.3,0.877551,0.0,0.0,0.0,12.0,7.0,5.0,0.0,0.0,3.0849626,0.0,9.603077,1.8597758,1.5714285
ihjyqcxnvnctu.nf,necurs,16.0,13.0,2.0,0.0,0.0,15.0,1.0,0.0,0.0,2.0,0.13333334,13.0,0.8666667,12.0,0.8,0.2,3.4565647,3.807355,3.7004397,11.0,0.0,0.73333335,0.0,0.16666667,0.8977778,0.0,0.0,0.0,13.0,7.5,5.5,0.0,0.0,3.3927474,0.0,8.774285,1.3935312,1.5333333
ugpovbnknro.net,necurs,15.0,11.0,2.0,0.0,0.0,14.0,1.0,0.0,0.0,4.0,0.2857143,10.0,0.71428573,11.0,0.78571427,0.14285715,3.324863,3.7004397,3.5849626,6.0,0.0,0.42857143,0.0,0.18181819,0.8877551,0.0,0.0,0.0,11.0,7.0,4.0,1.0,0.0,3.0957952,0.0,7.2584615,0.9166667,1.5714285
soqvpakplfgbuluy.nf,necurs,19.0,16.0,2.0,0.0,0.0,18.0,1.0,0.0,0.0,4.0,0.22222222,14.0,0.7777778,14.0,0.7777778,0.22222222,3.7254806,4.087463,4.0,6.0,0.0,0.33333334,0.0,0.2857143,0.9197531,0.0,0.0,0.0,16.0,9.0,7.0,0.0,0.0,3.625,0.0,8.227647,1.0873109,1.4444444
yfjdvlsvhqcbejktqci.net,necurs,23.0,19.0,2.0,0.0,0.0,22.0,1.0,0.0,0.0,3.0,0.13636364,19.0,0.8636364,16.0,0.72727275,0.3181818,3.9139771,4.2970796,4.321928,12.0,0.0,0.54545456,0.0,0.375,0.92975205,0.0,0.0,0.0,19.0,11.0,8.0,1.0,0.0,3.826875,0.0,8.668096,1.060878,1.3636364
ujypkusuawpms.ac,necurs,16.0,13.0,2.0,0.0,0.0,15.0,1.0,0.0,0.0,5.0,0.33333334,10.0,0.6666667,10.0,0.6666667,0.2,3.189898,3.807355,3.7004397,4.0,0.0,0.26666668,0.0,0.4,0.88,0.0,0.0,0.0,13.0,7.5,5.5,0.0,0.0,3.0269868,0.0,8.677857,1.2868263,1.5333333
bfyhfuq.xxx,necurs,11.0,7.0,2.0,0.0,0.0,10.0,1.0,0.0,0.0,1.0,0.1,9.0,0.9,7.0,0.7,0.3,2.6464393,2.947703,3.0,5.0,0.0,0.5,0.0,0.2857143,0.82,0.0,0.0,0.0,7.0,5.0,2.0,0.0,0.0,2.5216405,0.0,9.434444,2.7416513,1.8
bgutwfytghp.pro,necurs,15.0,11.0,2.0,0.0,0.0,14.0,1.0,0.0,0.0,2.0,0.14285715,12.0,0.85714287,11.0,0.78571427,0.14285715,3.3787835,3.7004397,3.5849626,10.0,0.0,0.71428573,0.0,0.27272728,0.8979592,0.0,0.0,0.0,11.0,7.0,4.0,0.0,0.0,3.0957952,0.0,8.533077,1.1679481,1.5714285
taoouxiqlsbpdhh.org,necurs,19.0,15.0,2.0,0.0,0.0,18.0,1.0,0.0,0.0,6.0,0.33333334,12.0,0.6666667,15.0,0.8333333,0.16666667,3.7946534,4.087463,4.0,8.0,0.0,0.44444445,0.0,0.13333334,0.9197531,0.0,0.0,0.0,15.0,9.0,6.0,1.0,0.0,3.640224,0.0,8.344118,0.76267177,1.4444444
ekhscnk.net,necurs,11.0,7.0,2.0,0.0,0.0,10.0,1.0,0.0,0.0,2.0,0.2,8.0,0.8,7.0,0.7,0.3,2.7219281,3.169925,3.0,7.0,0.0,0.7,0.0,0.42857143,0.84,0.0,0.0,0.0,7.0,5.0,2.0,1.0,0.0,2.5216405,0.0,8.47,1.2178808,1.8
aywoxxnfsgccdovhom.pro,necurs,22.0,18.0,2.0,0.0,0.0,21.0,1.0,0.0,0.0,5.0,0.23809524,16.0,0.7619048,16.0,0.7619048,0.23809524,3.8208888,4.321928,4.2479277,9.0,0.0,0.42857143,0.0,0.1875,0.9160998,0.0,0.0,0.0,18.0,10.5,7.5,0.0,0.0,3.6835423,0.0,7.8305,0.8427501,1.3809524
gtvpblxupyrmlerkete.ru,necurs,22.0,19.0,2.0,0.0,0.0,21.0,1.0,0.0,0.0,5.0,0.23809524,16.0,0.7619048,13.0,0.61904764,0.1904762,3.5585186,4.221928,4.2479277,7.0,0.0,0.33333334,0.0,0.46153846,0.90702945,0.0,0.0,0.0,19.0,10.5,8.5,1.0,0.0,3.5766177,0.0,7.814,0.89395964,1.3809524
koukbalpbnsakansqbp.sx,necurs,22.0,19.0,2.0,0.0,0.0,21.0,1.0,0.0,0.0,5.0,0.23809524,16.0,0.7619048,11.0,0.52380955,0.2857143,3.2961483,4.221928,4.2479277,7.0,0.0,0.33333334,0.0,0.54545456,0.8888889,0.0,0.0,0.0,19.0,10.5,8.5,0.0,0.0,3.1813664,0.0,7.5185,1.2621081,1.3809524
xtjtegm.mx,necurs,10.0,7.0,2.0,0.0,0.0,9.0,1.0,0.0,0.0,1.0,0.11111111,8.0,0.8888889,6.0,0.6666667,0.11111111,2.5032582,3.0,2.807355,4.0,0.0,0.44444445,0.0,0.5,0.8148148,0.0,0.0,0.0,7.0,4.5,2.5,0.0,0.0,2.5216405,0.0,9.09125,2.0893464,1.8888888
lgpgrjmjynqckurhgx.cm,necurs,21.0,18.0,2.0,0.0,0.0,20.0,1.0,0.0,0.0,1.0,0.05,19.0,0.95,14.0,0.7,0.1,3.6841838,4.2479277,4.169925,13.0,0.0,0.65,0.0,0.35714287,0.915,0.0,0.0,0.0,18.0,10.0,8.0,0.0,0.0,3.6835423,0.0,9.407369,1.3091738,1.4
kbxghmboyjjgj.ug,necurs,16.0,13.0,2.0,0.0,0.0,15.0,1.0,0.0,0.0,2.0,0.13333334,13.0,0.8666667,10.0,0.6666667,0.13333334,3.1395721,3.807355,3.7004397,7.0,0.0,0.46666667,0.0,0.3,0.8711111,0.0,0.0,0.0,13.0,7.5,5.5,0.0,0.0,3.0269868,0.0,10.0,1.9554446,1.5333333
obeeltblldpxcpbb.la,necurs,19.0,16.0,2.0,0.0,0.0,18.0,1.0,0.0,0.0,4.0,0.22222222,14.0,0.7777778,10.0,0.5555556,0.5,3.0588138,3.9698157,4.0,13.0,0.0,0.7222222,0.0,0.4,0.8580247,0.0,0.0,0.0,16.0,9.0,7.0,0.0,0.0,2.9528196,0.0,7.59,1.2828985,1.4444444
fmmhemw.sh,necurs,10.0,7.0,2.0,0.0,0.0,9.0,1.0,0.0,0.0,1.0,0.11111111,8.0,0.8888889,6.0,0.6666667,0.22222222,2.4193819,3.0,2.807355,4.0,0.0,0.44444445,0.0,0.33333334,0.79012346,0.0,0.0,0.0,7.0,4.5,2.5,0.0,0.0,2.1280854,0.0,8.185,1.7374179,1.8888888
xechyxjcv.ga,necurs,12.0,9.0,2.0,0.0,0.0,11.0,1.0,0.0,0.0,2.0,0.18181819,9.0,0.8181818,9.0,0.8181818,0.36363637,3.0957952,3.321928,3.169925,8.0,0.0,0.72727275,0.0,0.22222222,0.87603307,0.0,0.0,0.0,9.0,5.5,3.5,0.0,0.0,2.7254806,0.0,8.795,1.8060591,1.7272727
fqmteramkegdacaluud.biz,necurs,23.0,19.0,2.0,0.0,0.0,22.0,1.0,0.0,0.0,8.0,0.36363637,14.0,0.6363636,16.0,0.72727275,0.45454547,3.879664,4.3923173,4.321928,4.0,0.0,0.18181819,0.0,0.3125,0.92561984,0.0,0.0,0.0,19.0,11.0,8.0,1.0,0.0,3.5766177,0.0,7.387619,0.7462713,1.3636364
egpqtyavvthnu.sc,necurs,16.0,13.0,2.0,0.0,0.0,15.0,1.0,0.0,0.0,3.0,0.2,12.0,0.8,13.0,0.8666667,0.2,3.640224,3.807355,3.7004397,5.0,0.0,0.33333334,0.0,0.15384616,0.91555554,0.0,0.0,0.0,13.0,7.5,5.5,0.0,0.0,3.3927474,0.0,8.558572,0.9669436,1.5333333
nnfibgtfiilbydkukdfb.la,necurs,23.0,20.0,2.0,0.0,0.0,22.0,1.0,0.0,0.0,5.0,0.22727273,17.0,0.77272725,12.0,0.54545456,0.4090909,3.4474015,4.2970796,4.321928,5.0,0.0,0.22727273,0.0,0.5833333,0.90082645,0.0,0.0,0.0,20.0,11.0,9.0,0.0,0.0,3.308695,0.0,8.495238,1.102071,1.3636364
uqalovqpcehwyqjxvo.ir,necurs,21.0,18.0,2.0,0.0,0.0,20.0,1.0,0.0,0.0,6.0,0.3,14.0,0.7,16.0,0.8,0.15,3.8841836,4.2479277,4.169925,7.0,0.0,0.35,0.0,0.1875,0.925,0.0,0.0,0.0,18.0,10.0,8.0,0.0,0.0,3.6835423,0.0,8.892105,1.219546,1.4
dnysrglilhxrbttcm.sc,necurs,20.0,17.0,2.0,0.0,0.0,19.0,1.0,0.0,0.0,1.0,0.05263158,18.0,0.94736844,14.0,0.7368421,0.21052632,3.7216117,4.169925,4.087463,11.0,0.0,0.57894737,0.0,0.35714287,0.9196676,0.0,0.0,0.0,17.0,9.5,7.5,0.0,0.0,3.7345216,0.0,8.936111,0.7044222,1.4210526
lesiasxceccjpssv.tw,necurs,19.0,16.0,2.0,0.0,0.0,18.0,1.0,0.0,0.0,4.0,0.22222222,14.0,0.7777778,12.0,0.6666667,0.33333334,3.350209,4.087463,4.0,9.0,0.0,0.5,0.0,0.25,0.88271606,0.0,0.0,0.0,16.0,9.0,7.0,0.0,0.0,3.0778196,0.0,6.6694117,0.9832798,1.4444444
jntmuubxtieeqvywvod.ga,necurs,22.0,19.0,2.0,0.0,0.0,21.0,1.0,0.0,0.0,7.0,0.33333334,14.0,0.6666667,17.0,0.8095238,0.23809524,4.011365,4.321928,4.2479277,5.0,0.0,0.23809524,0.0,0.23529412,0.93424034,0.0,0.0,0.0,19.0,10.5,8.5,0.0,0.0,3.826875,0.0,9.237,0.8235119,1.3809524
fagmlcdeylyl.ac,necurs,15.0,12.0,2.0,0.0,0.0,14.0,1.0,0.0,0.0,3.0,0.21428572,11.0,0.78571427,9.0,0.64285713,0.5,3.0391486,3.5465937,3.5849626,5.0,0.0,0.35714287,0.0,0.44444445,0.86734694,0.0,0.0,0.0,12.0,7.0,5.0,0.0,0.0,3.0220551,0.0,7.4323077,1.1852303,1.5714285
pucuoyu.bz,necurs,10.0,7.0,2.0,0.0,0.0,9.0,1.0,0.0,0.0,4.0,0.44444445,5.0,0.5555556,7.0,0.7777778,0.22222222,2.6416042,3.0,2.807355,2.0,0.0,0.22222222,0.0,0.14285715,0.8148148,0.0,0.0,0.0,7.0,4.5,2.5,0.0,0.0,2.1280854,0.0,9.3075,1.9491214,1.8888888
lhgocokjjunxrbn.cc,necurs,18.0,15.0,2.0,0.0,0.0,17.0,1.0,0.0,0.0,3.0,0.1764706,14.0,0.8235294,12.0,0.7058824,0.23529412,3.4548223,4.0,3.9068906,7.0,0.0,0.4117647,0.0,0.33333334,0.899654,0.0,0.0,0.0,15.0,8.5,6.5,1.0,0.0,3.5068905,0.0,8.825,1.2506407,1.4705882
dbscbkin.bz,necurs,11.0,8.0,2.0,0.0,0.0,10.0,1.0,0.0,0.0,1.0,0.1,9.0,0.9,8.0,0.8,0.5,2.8464394,3.169925,3.0,6.0,0.0,0.6,0.0,0.125,0.84,0.0,0.0,0.0,8.0,5.0,3.0,0.0,0.0,2.75,0.0,9.061111,1.8038036,1.8
uwpthfbmqcvyold.ir,necurs,18.0,15.0,2.0,0.0,0.0,17.0,1.0,0.0,0.0,3.0,0.1764706,14.0,0.8235294,17.0,1.0,0.23529412,4.087463,4.0,3.9068906,11.0,0.0,0.64705884,0.0,0.0,0.9411765,0.0,0.0,0.0,15.0,8.5,6.5,0.0,0.0,3.9068906,0.0,8.690625,0.7987962,1.4705882
ikhveakpcaban.co,necurs,16.0,13.0,2.0,0.0,0.0,15.0,1.0,0.0,0.0,6.0,0.4,9.0,0.6,11.0,0.73333335,0.46666667,3.3232315,3.807355,3.7004397,3.0,0.0,0.2,0.0,0.27272728,0.8888889,0.0,0.0,0.0,13.0,7.5,5.5,1.0,0.0,3.180833,0.0,6.205714,0.99666154,1.5333333
obitrryttw.tw,necurs,13.0,10.0,2.0,0.0,0.0,12.0,1.0,0.0,0.0,2.0,0.16666667,10.0,0.8333333,7.0,0.5833333,0.083333336,2.5849626,3.2776134,3.321928,9.0,0.0,0.75,0.0,0.42857143,0.8055556,0.0,0.0,0.0,10.0,6.0,4.0,0.0,0.0,2.6464393,0.0,7.0763636,1.3658516,1.6666666
erwsfvdrh.sx,necurs,12.0,9.0,2.0,0.0,0.0,11.0,1.0,0.0,0.0,1.0,0.09090909,10.0,0.90909094,9.0,0.8181818,0.27272728,3.0957952,3.321928,3.169925,10.0,0.0,0.90909094,0.0,0.22222222,0.87603307,0.0,0.0,0.0,9.0,5.5,3.5,0.0,0.0,2.947703,0.0,9.161,1.314181,1.7272727
glaxbvihjx.cx,necurs,13.0,10.0,2.0,0.0,0.0,12.0,1.0,0.0,0.0,2.0,0.16666667,10.0,0.8333333,10.0,0.8333333,0.25,3.188722,3.4594316,3.321928,5.0,0.0,0.41666666,0.0,0.1,0.875,0.0,0.0,0.0,10.0,6.0,4.0,0.0,0.0,3.121928,0.0,8.410909,1.8895676,1.6666666
hrmubuugjv.mn,necurs,13.0,10.0,2.0,0.0,0.0,12.0,1.0,0.0,0.0,3.0,0.25,9.0,0.75,9.0,0.75,0.083333336,3.0220551,3.4594316,3.321928,5.0,0.0,0.41666666,0.0,0.22222222,0.8611111,0.0,0.0,0.0,10.0,6.0,4.0,0.0,0.0,2.8464394,0.0,9.444546,1.5594723,1.6666666
rnglaqwxrphaucexx.ug,necurs,20.0,17.0,2.0,0.0,0.0,19.0,1.0,0.0,0.0,5.0,0.2631579,14.0,0.7368421,13.0,0.68421054,0.21052632,3.5766177,4.169925,4.087463,6.0,0.0,0.31578946,0.0,0.3846154,0.9085873,0.0,0.0,0.0,17.0,9.5,7.5,0.0,0.0,3.5724695,0.0,7.812222,1.2020156,1.4210526
qyrosyxpxtalwsf.mn,necurs,18.0,15.0,2.0,0.0,0.0,17.0,1.0,0.0,0.0,2.0,0.11764706,15.0,0.88235295,14.0,0.8235294,0.11764706,3.7345216,4.0,3.9068906,6.0,0.0,0.3529412,0.0,0.21428572,0.9204152,0.0,0.0,0.0,15.0,8.5,6.5,0.0,0.0,3.5068905,0.0,8.69125,1.0472677,1.4705882
gddaxglbhyfstaegejtkr.nu,necurs,24.0,21.0,2.0,0.0,0.0,23.0,1.0,0.0,0.0,5.0,0.2173913,18.0,0.7826087,17.0,0.73913044,0.3478261,3.9690015,4.4594316,4.3923173,9.0,0.0,0.39130434,0.0,0.29411766,0.9300567,0.0,0.0,0.0,21.0,11.5,9.5,0.0,0.0,3.784942,0.0,8.828636,0.6522225,1.3478261
tywmycprlsrarpf.tw,necurs,18.0,15.0,2.0,0.0,0.0,17.0,1.0,0.0,0.0,1.0,0.05882353,16.0,0.9411765,11.0,0.64705884,0.1764706,3.3371754,4.0,3.9068906,11.0,0.0,0.64705884,0.0,0.45454547,0.8927336,0.0,0.0,0.0,15.0,8.5,6.5,0.0,0.0,3.3232315,0.0,8.289375,1.0133033,1.4705882
ukqksrampdxi.sx,necurs,15.0,12.0,2.0,0.0,0.0,14.0,1.0,0.0,0.0,3.0,0.21428572,11.0,0.78571427,11.0,0.78571427,0.14285715,3.3787835,3.7004397,3.5849626,5.0,0.0,0.35714287,0.0,0.27272728,0.8979592,0.0,0.0,0.0,12.0,7.0,5.0,0.0,0.0,3.4182959,0.0,8.03,1.420178,1.5714285
suxeqkeafvbtwqra.pro,necurs,20.0,16.0,2.0,0.0,0.0,19.0,1.0,0.0,0.0,6.0,0.31578946,13.0,0.68421054,15.0,0.7894737,0.31578946,3.826875,4.169925,4.087463,7.0,0.0,0.36842105,0.0,0.26666668,0.92520773,0.0,0.0,0.0,16.0,9.5,6.5,0.0,0.0,3.625,0.0,8.12,0.9720754,1.4210526
kfoomctyredmumgwrumuk.us,necurs,24.0,21.0,2.0,0.0,0.0,23.0,1.0,0.0,0.0,7.0,0.3043478,16.0,0.6956522,14.0,0.6086956,0.17391305,3.5670402,4.2776136,4.3923173,5.0,0.0,0.2173913,0.0,0.35714287,0.89981097,0.0,0.0,0.0,21.0,11.5,9.5,1.0,0.0,3.4992275,0.0,7.9127274,0.8857205,1.3478261
glqemwcgcwk.im,necurs,14.0,11.0,2.0,0.0,0.0,13.0,1.0,0.0,0.0,2.0,0.15384616,11.0,0.84615386,9.0,0.6923077,0.23076923,3.085055,3.5849626,3.4594316,7.0,0.0,0.53846157,0.0,0.44444445,0.87573963,0.0,0.0,0.0,11.0,6.5,4.5,0.0,0.0,2.9139771,0.0,8.638333,1.5517153,1.6153846
rotrkujynsdhx.cx,necurs,16.0,13.0,2.0,0.0,0.0,15.0,1.0,0.0,0.0,2.0,0.13333334,13.0,0.8666667,13.0,0.8666667,0.13333334,3.640224,3.807355,3.7004397,9.0,0.0,0.6,0.0,0.15384616,0.91555554,0.0,0.0,0.0,13.0,7.5,5.5,0.0,0.0,3.5465937,0.0,8.010715,1.0864372,1.5333333
uepdankigytfxo.xxx,necurs,18.0,14.0,2.0,0.0,0.0,17.0,1.0,0.0,0.0,5.0,0.29411766,12.0,0.7058824,14.0,0.8235294,0.23529412,3.6168747,3.875,3.9068906,5.0,0.0,0.29411766,0.0,0.071428575,0.899654,0.0,0.0,0.0,14.0,8.5,5.5,0.0,0.0,3.807355,0.0,9.1575,1.2532083,1.4705882
sadayywhfaeeingfn.mu,necurs,20.0,17.0,2.0,0.0,0.0,19.0,1.0,0.0,0.0,7.0,0.36842105,12.0,0.6315789,13.0,0.68421054,0.42105263,3.5766177,4.169925,4.087463,5.0,0.0,0.2631579,0.0,0.3846154,0.9085873,0.0,0.0,0.0,17.0,9.5,7.5,0.0,0.0,3.3371754,0.0,8.386666,0.7244539,1.4210526
nuamwsaljo.ga,necurs,13.0,10.0,2.0,0.0,0.0,12.0,1.0,0.0,0.0,5.0,0.41666666,7.0,0.5833333,10.0,0.8333333,0.25,3.188722,3.4594316,3.321928,3.0,0.0,0.25,0.0,0.1,0.875,0.0,0.0,0.0,10.0,6.0,4.0,0.0,0.0,3.121928,0.0,8.243636,0.9902395,1.6666666
hapwxuhclfucfgffennrn.jp,necurs,24.0,21.0,2.0,0.0,0.0,23.0,1.0,0.0,0.0,4.0,0.17391305,19.0,0.82608694,14.0,0.6086956,0.3478261,3.6211755,4.4594316,4.3923173,6.0,0.0,0.26086956,0.0,0.42857143,0.9073724,0.0,0.0,0.0,21.0,11.5,9.5,1.0,0.0,3.4992275,0.0,8.566818,1.0793458,1.3478261
noioryxejvyapk.mn,necurs,17.0,14.0,2.0,0.0,0.0,16.0,1.0,0.0,0.0,5.0,0.3125,11.0,0.6875,13.0,0.8125,0.125,3.625,3.9068906,3.807355,4.0,0.0,0.25,0.0,0.23076923,0.9140625,0.0,0.0,0.0,14.0,8.0,6.0,0.0,0.0,3.5216405,0.0,7.8426666,0.95767486,1.5
rkafyiypewp.cx,necurs,14.0,11.0,2.0,0.0,0.0,13.0,1.0,0.0,0.0,3.0,0.23076923,10.0,0.7692308,11.0,0.84615386,0.30769232,3.3927474,3.5849626,3.4594316,4.0,0.0,0.30769232,0.0,0.18181819,0.8994083,0.0,0.0,0.0,11.0,6.5,4.5,0.0,0.0,3.0957952,0.0,9.4725,1.2814084,1.6153846
fhuqjragoapnjwntbqm.ki,necurs,22.0,19.0,2.0,0.0,0.0,21.0,1.0,0.0,0.0,5.0,0.23809524,16.0,0.7619048,17.0,0.8095238,0.1904762,4.011365,4.321928,4.2479277,10.0,0.0,0.47619048,0.0,0.23529412,0.93424034,0.0,0.0,0.0,19.0,10.5,8.5,0.0,0.0,3.826875,0.0,8.751,0.95510656,1.3809524
xcbdcsbawth.jp,necurs,14.0,11.0,2.0,0.0,0.0,13.0,1.0,0.0,0.0,1.0,0.07692308,12.0,0.9230769,11.0,0.84615386,0.46153846,3.3927474,3.5849626,3.4594316,7.0,0.0,0.53846157,0.0,0.18181819,0.8994083,0.0,0.0,0.0,11.0,6.5,4.5,1.0,0.0,3.0957952,0.0,8.760834,1.3810922,1.6153846
cnloqdkveulrmwo.cc,necurs,18.0,15.0,2.0,0.0,0.0,17.0,1.0,0.0,0.0,4.0,0.23529412,13.0,0.7647059,13.0,0.7647059,0.29411766,3.5724695,4.0,3.9068906,4.0,0.0,0.23529412,0.0,0.23076923,0.90657437,0.0,0.0,0.0,15.0,8.5,6.5,1.0,0.0,3.640224,0.0,8.216875,0.96828336,1.4705882
ktoryprwooabcnpcvbm.org,necurs,23.0,19.0,2.0,0.0,0.0,22.0,1.0,0.0,0.0,5.0,0.22727273,17.0,0.77272725,14.0,0.6363636,0.22727273,3.6069367,4.2970796,4.321928,8.0,0.0,0.36363637,0.0,0.35714287,0.90495867,0.0,0.0,0.0,19.0,11.0,8.0,1.0,0.0,3.5766177,0.0,7.4157143,0.84328544,1.3636364
romjayyxxu.co,necurs,13.0,10.0,2.0,0.0,0.0,12.0,1.0,0.0,0.0,4.0,0.33333334,8.0,0.6666667,9.0,0.75,0.16666667,3.0849626,3.4594316,3.321928,4.0,0.0,0.33333334,0.0,0.33333334,0.875,0.0,0.0,0.0,10.0,6.0,4.0,1.0,0.0,2.9219282,0.0,8.090909,1.5866334,1.6666666
utujsfelqsfepgppgxjy.ac,necurs,23.0,20.0,2.0,0.0,0.0,22.0,1.0,0.0,0.0,5.0,0.22727273,17.0,0.77272725,14.0,0.6363636,0.27272728,3.697846,4.106603,4.221928,8.0,0.0,0.36363637,0.0,0.5,0.91735536,0.0,0.0,0.0,20.0,11.0,9.0,0.0,0.0,3.4841838,0.0,8.599524,1.1373081,1.2727273
lvkeepyrypjimbokwgs.tv,necurs,22.0,19.0,2.0,0.0,0.0,21.0,1.0,0.0,0.0,4.0,0.1904762,17.0,0.8095238,16.0,0.7619048,0.14285715,3.916127,4.321928,4.2479277,6.0,0.0,0.2857143,0.0,0.3125,0.9297052,0.0,0.0,0.0,19.0,10.5,8.5,1.0,0.0,3.826875,0.0,8.791,0.8462242,1.3809524
aislirb.in,necurs,10.0,7.0,2.0,0.0,0.0,9.0,1.0,0.0,0.0,4.0,0.44444445,5.0,0.5555556,7.0,0.7777778,0.22222222,2.6416042,3.0,2.807355,2.0,0.0,0.22222222,0.0,0.14285715,0.8148148,0.0,0.0,0.0,7.0,4.5,2.5,1.0,0.0,2.5216405,0.0,6.3575,1.084103,1.8888888
ocyfraovhxfywwgx.ga,necurs,19.0,16.0,2.0,0.0,0.0,18.0,1.0,0.0,0.0,4.0,0.22222222,14.0,0.7777778,11.0,0.6111111,0.2777778,3.3921473,4.087463,4.0,10.0,0.0,0.5555556,0.0,0.6363636,0.90123457,0.0,0.0,0.0,16.0,9.0,7.0,0.0,0.0,3.375,0.0,8.627059,1.3798534,1.4444444
gkomgpjqqvvkdfpax.ru,necurs,20.0,17.0,2.0,0.0,0.0,19.0,1.0,0.0,0.0,3.0,0.15789473,16.0,0.84210527,14.0,0.7368421,0.15789473,3.7216117,4.169925,4.087463,12.0,0.0,0.6315789,0.0,0.35714287,0.9196676,0.0,0.0,0.0,17.0,9.5,7.5,1.0,0.0,3.4992275,0.0,9.283889,1.4969491,1.4210526
flhwtccxfsabjifdikgs.ms,necurs,23.0,20.0,2.0,0.0,0.0,22.0,1.0,0.0,0.0,3.0,0.13636364,19.0,0.8636364,16.0,0.72727275,0.36363637,3.845351,4.3923173,4.321928,10.0,0.0,0.45454547,0.0,0.25,0.9214876,0.0,0.0,0.0,20.0,11.0,9.0,0.0,0.0,3.7841837,0.0,8.585714,0.9082938,1.3636364
ggxwgeyjjgbqvtxpkkn.to,necurs,22.0,19.0,2.0,0.0,0.0,21.0,1.0,0.0,0.0,2.0,0.0952381,19.0,0.9047619,14.0,0.6666667,0.0952381,3.6304126,4.321928,4.2479277,14.0,0.0,0.6666667,0.0,0.35714287,0.90702945,0.0,0.0,0.0,19.0,10.5,8.5,0.0,0.0,3.5110855,0.0,8.907,1.4974171,1.3809524
voejmoykkoownfg.mx,necurs,18.0,15.0,2.0,0.0,0.0,17.0,1.0,0.0,0.0,5.0,0.29411766,12.0,0.7058824,12.0,0.7058824,0.11764706,3.3815806,4.0,3.9068906,6.0,0.0,0.3529412,0.0,0.25,0.8858132,0.0,0.0,0.0,15.0,8.5,6.5,0.0,0.0,3.240224,0.0,9.24375,1.3056002,1.4705882
yegddeqpvpgjiuipfgbe.mu,necurs,23.0,20.0,2.0,0.0,0.0,22.0,1.0,0.0,0.0,7.0,0.3181818,15.0,0.6818182,13.0,0.59090906,0.3181818,3.5383105,4.3923173,4.321928,6.0,0.0,0.27272728,0.0,0.46153846,0.90495867,0.0,0.0,0.0,20.0,11.0,9.0,0.0,0.0,3.408695,0.0,8.593809,1.1833277,1.3636364
yailycwxvwvomxwsu.ki,necurs,20.0,17.0,2.0,0.0,0.0,19.0,1.0,0.0,0.0,5.0,0.2631579,14.0,0.7368421,13.0,0.68421054,0.10526316,3.5766177,4.169925,4.087463,8.0,0.0,0.42105263,0.0,0.3846154,0.9085873,0.0,0.0,0.0,17.0,9.5,7.5,0.0,0.0,3.4548223,0.0,8.857778,1.2443221,1.4210526
timwkpmdurxja.la,necurs,16.0,13.0,2.0,0.0,0.0,15.0,1.0,0.0,0.0,4.0,0.26666668,11.0,0.73333335,13.0,0.8666667,0.2,3.640224,3.807355,3.7004397,6.0,0.0,0.4,0.0,0.15384616,0.91555554,0.0,0.0,0.0,13.0,7.5,5.5,0.0,0.0,3.5465937,0.0,7.6735716,0.9889841,1.5333333
kilymqa.ms,necurs,10.0,7.0,2.0,0.0,0.0,9.0,1.0,0.0,0.0,2.0,0.22222222,7.0,0.7777778,8.0,0.8888889,0.11111111,2.947703,3.0,2.807355,4.0,0.0,0.44444445,0.0,0.125,0.86419755,0.0,0.0,0.0,7.0,4.5,2.5,0.0,0.0,2.807355,0.0,7.56125,1.5307713,1.8888888
aqawsmysaitfbxai.ki,necurs,19.0,16.0,2.0,0.0,0.0,18.0,1.0,0.0,0.0,7.0,0.3888889,11.0,0.6111111,12.0,0.6666667,0.33333334,3.350209,3.9698157,4.0,5.0,0.0,0.2777778,0.0,0.25,0.88271606,0.0,0.0,0.0,16.0,9.0,7.0,0.0,0.0,3.25,0.0,8.860588,1.1174054,1.4444444
lyvljsljygqsowj.mn,necurs,18.0,15.0,2.0,0.0,0.0,17.0,1.0,0.0,0.0,1.0,0.05882353,16.0,0.9411765,11.0,0.64705884,0.0,3.2927701,3.875,3.9068906,12.0,0.0,0.7058824,0.0,0.36363637,0.8858132,0.0,0.0,0.0,15.0,8.5,6.5,0.0,0.0,3.006239,0.0,8.805,1.5393497,1.4705882
xlglvntkblkwiaull.co,necurs,20.0,17.0,2.0,0.0,0.0,19.0,1.0,0.0,0.0,4.0,0.21052632,15.0,0.7894737,14.0,0.7368421,0.15789473,3.5316308,4.169925,4.087463,12.0,0.0,0.6315789,0.0,0.14285715,0.88642657,0.0,0.0,0.0,17.0,9.5,7.5,1.0,0.0,3.2868958,0.0,8.014444,1.0221397,1.4210526
bnoihyj.cc,necurs,10.0,7.0,2.0,0.0,0.0,9.0,1.0,0.0,0.0,2.0,0.22222222,7.0,0.7777778,8.0,0.8888889,0.33333334,2.947703,3.0,2.807355,5.0,0.0,0.5555556,0.0,0.125,0.86419755,0.0,0.0,0.0,7.0,4.5,2.5,1.0,0.0,2.807355,0.0,9.28375,1.5111531,1.8888888
wvtpgmqm.sc,necurs,11.0,8.0,2.0,0.0,0.0,10.0,1.0,0.0,0.0,0.0,0.0,10.0,1.0,9.0,0.9,0.1,3.121928,3.169925,3.0,10.0,0.0,1.0,0.0,0.11111111,0.88,0.0,0.0,0.0,8.0,5.0,3.0,0.0,0.0,2.75,0.0,10.0,1.617531,1.8
syxojitxetxmixdpq.in,necurs,20.0,17.0,2.0,0.0,0.0,19.0,1.0,0.0,0.0,5.0,0.2631579,14.0,0.7368421,13.0,0.68421054,0.10526316,3.4713545,4.058814,4.087463,4.0,0.0,0.21052632,0.0,0.23076923,0.89196676,0.0,0.0,0.0,17.0,9.5,7.5,1.0,0.0,3.3815806,0.0,8.376667,1.3457526,1.4210526
bkjxcyit.ga,necurs,11.0,8.0,2.0,0.0,0.0,10.0,1.0,0.0,0.0,2.0,0.2,8.0,0.8,10.0,1.0,0.3,3.321928,3.169925,3.0,6.0,0.0,0.6,0.0,0.0,0.9,0.0,0.0,0.0,8.0,5.0,3.0,0.0,0.0,3.0,0.0,8.531111,1.5259503,1.8
qtkxmubicgnlfunjmid.ms,necurs,22.0,19.0,2.0,0.0,0.0,21.0,1.0,0.0,0.0,4.0,0.1904762,17.0,0.8095238,16.0,0.7619048,0.1904762,3.88018,4.321928,4.2479277,5.0,0.0,0.23809524,0.0,0.25,0.92517006,0.0,0.0,0.0,19.0,10.5,8.5,0.0,0.0,3.826875,0.0,8.1705,0.9577711,1.3809524
jcoyxst.im,necurs,10.0,7.0,2.0,0.0,0.0,9.0,1.0,0.0,0.0,2.0,0.22222222,7.0,0.7777778,9.0,1.0,0.11111111,3.169925,3.0,2.807355,4.0,0.0,0.44444445,0.0,0.0,0.8888889,0.0,0.0,0.0,7.0,4.5,2.5,0.0,0.0,2.807355,0.0,6.48125,1.3812505,1.8888888
rvlisokoceamq.ac,necurs,16.0,13.0,2.0,0.0,0.0,15.0,1.0,0.0,0.0,6.0,0.4,9.0,0.6,12.0,0.8,0.33333334,3.5068905,3.807355,3.7004397,3.0,0.0,0.2,0.0,0.25,0.9066667,0.0,0.0,0.0,13.0,7.5,5.5,0.0,0.0,3.5465937,0.0,6.1885715,0.83085096,1.5333333
teglukcsulwwcvh.ms,necurs,18.0,15.0,2.0,0.0,0.0,17.0,1.0,0.0,0.0,3.0,0.1764706,14.0,0.8235294,12.0,0.7058824,0.1764706,3.4992275,4.0,3.9068906,8.0,0.0,0.47058824,0.0,0.41666666,0.90657437,0.0,0.0,0.0,15.0,8.5,6.5,0.0,0.0,3.3735573,0.0,8.89875,0.9713009,1.4705882
kgeowje.co,necurs,10.0,7.0,2.0,0.0,0.0,9.0,1.0,0.0,0.0,4.0,0.44444445,5.0,0.5555556,7.0,0.7777778,0.33333334,2.7254806,3.0,2.807355,2.0,0.0,0.22222222,0.0,0.2857143,0.83950615,0.0,0.0,0.0,7.0,4.5,2.5,1.0,0.0,2.5216405,0.0,6.74,1.5086315,1.8888888
slqucliwvpbsmdtus.biz,necurs,21.0,17.0,2.0,0.0,0.0,20.0,1.0,0.0,0.0,4.0,0.2,16.0,0.8,14.0,0.7,0.2,3.6841838,4.2479277,4.169925,8.0,0.0,0.4,0.0,0.35714287,0.915,0.0,0.0,0.0,17.0,10.0,7.0,1.0,0.0,3.5724695,0.0,8.429474,1.0390538,1.4
mnolsba.im,necurs,10.0,7.0,2.0,0.0,0.0,9.0,1.0,0.0,0.0,3.0,0.33333334,6.0,0.6666667,8.0,0.8888889,0.22222222,2.947703,3.0,2.807355,3.0,0.0,0.33333334,0.0,0.125,0.86419755,0.0,0.0,0.0,7.0,4.5,2.5,0.0,0.0,2.807355,0.0,7.14375,1.0128684,1.8888888
hxamkguttcxeiahigvfhv.co,necurs,24.0,21.0,2.0,0.0,0.0,23.0,1.0,0.0,0.0,7.0,0.3043478,16.0,0.6956522,14.0,0.6086956,0.26086956,3.708132,4.4594316,4.3923173,6.0,0.0,0.26086956,0.0,0.5714286,0.9187146,0.0,0.0,0.0,21.0,11.5,9.5,1.0,0.0,3.5944657,0.0,8.852727,0.95282054,1.3478261
oecftkwjdtnsayshyqs.nu,necurs,22.0,19.0,2.0,0.0,0.0,21.0,1.0,0.0,0.0,4.0,0.1904762,17.0,0.8095238,16.0,0.7619048,0.23809524,3.88018,4.321928,4.2479277,10.0,0.0,0.47619048,0.0,0.25,0.92517006,0.0,0.0,0.0,19.0,10.5,8.5,0.0,0.0,3.787144,0.0,9.0115,0.7168843,1.3809524
prlybktvcduil.mx,necurs,16.0,13.0,2.0,0.0,0.0,15.0,1.0,0.0,0.0,2.0,0.13333334,13.0,0.8666667,14.0,0.93333334,0.2,3.7735572,3.807355,3.7004397,10.0,0.0,0.6666667,0.0,0.071428575,0.92444444,0.0,0.0,0.0,13.0,7.5,5.5,0.0,0.0,3.5465937,0.0,8.161428,0.992081,1.5333333
ffcpcvtmpivvstvbodmb.jp,necurs,23.0,20.0,2.0,0.0,0.0,22.0,1.0,0.0,0.0,2.0,0.09090909,20.0,0.90909094,12.0,0.54545456,0.3181818,3.4251184,4.3923173,4.321928,9.0,0.0,0.4090909,0.0,0.5833333,0.89669424,0.0,0.0,0.0,20.0,11.0,9.0,1.0,0.0,3.321928,0.0,8.803333,1.3512,1.3636364
kpjynpkxqxkxbgkuxw.cc,necurs,21.0,18.0,2.0,0.0,0.0,20.0,1.0,0.0,0.0,1.0,0.05,19.0,0.95,12.0,0.6,0.15,3.321928,4.1426644,4.169925,15.0,0.0,0.75,0.0,0.33333334,0.88,0.0,0.0,0.0,18.0,10.0,8.0,1.0,0.0,3.169925,0.0,10.0,2.030733,1.4
kaveqfbohyrejp.ac,necurs,17.0,14.0,2.0,0.0,0.0,16.0,1.0,0.0,0.0,5.0,0.3125,11.0,0.6875,14.0,0.875,0.4375,3.75,3.9068906,3.807355,3.0,0.0,0.1875,0.0,0.14285715,0.921875,0.0,0.0,0.0,14.0,8.0,6.0,0.0,0.0,3.6644979,0.0,8.205334,1.0325342,1.5
prwuvpmif.me,necurs,12.0,9.0,2.0,0.0,0.0,11.0,1.0,0.0,0.0,3.0,0.27272728,8.0,0.72727275,9.0,0.8181818,0.18181819,3.0957952,3.321928,3.169925,3.0,0.0,0.27272728,0.0,0.22222222,0.87603307,0.0,0.0,0.0,9.0,5.5,3.5,1.0,0.0,2.947703,0.0,7.423,1.3539081,1.7272727
dbirxtqkiapbu.co,necurs,16.0,13.0,2.0,0.0,0.0,15.0,1.0,0.0,0.0,5.0,0.33333334,10.0,0.6666667,13.0,0.8666667,0.33333334,3.640224,3.807355,3.7004397,5.0,0.0,0.33333334,0.0,0.15384616,0.91555554,0.0,0.0,0.0,13.0,7.5,5.5,1.0,0.0,3.3927474,0.0,7.879286,1.0913095,1.5333333
qymlrddxesskqhoio.tw,necurs,20.0,17.0,2.0,0.0,0.0,19.0,1.0,0.0,0.0,4.0,0.21052632,15.0,0.7894737,15.0,0.7894737,0.15789473,3.826875,4.169925,4.087463,8.0,0.0,0.42105263,0.0,0.26666668,0.92520773,0.0,0.0,0.0,17.0,9.5,7.5,0.0,0.0,3.6168747,0.0,7.9972224,0.8905031,1.4210526
sjeeeubqxfiuhlerwtsqy.com,necurs,25.0,21.0,2.0,0.0,0.0,24.0,1.0,0.0,0.0,8.0,0.33333334,16.0,0.6666667,18.0,0.75,0.29166666,4.0016294,4.4366055,4.4594316,7.0,0.0,0.29166666,0.0,0.22222222,0.9270833,0.0,0.0,0.0,21.0,12.0,9.0,1.0,0.0,3.7256508,0.0,8.428261,0.753904,1.3333334
egydmdlijrluwmn.nu,necurs,18.0,15.0,2.0,0.0,0.0,17.0,1.0,0.0,0.0,4.0,0.23529412,13.0,0.7647059,12.0,0.7058824,0.1764706,3.4992275,4.0,3.9068906,6.0,0.0,0.3529412,0.0,0.41666666,0.90657437,0.0,0.0,0.0,15.0,8.5,6.5,0.0,0.0,3.5068905,0.0,9.555,0.9129735,1.4705882
vudshjfgi.la,necurs,12.0,9.0,2.0,0.0,0.0,11.0,1.0,0.0,0.0,3.0,0.27272728,8.0,0.72727275,11.0,1.0,0.27272728,3.4594316,3.321928,3.169925,6.0,0.0,0.54545456,0.0,0.0,0.90909094,0.0,0.0,0.0,9.0,5.5,3.5,0.0,0.0,3.169925,0.0,7.995,1.132517,1.7272727
vwrehbxumwrcaytfg.jp,necurs,20.0,17.0,2.0,0.0,0.0,19.0,1.0,0.0,0.0,3.0,0.15789473,16.0,0.84210527,17.0,0.8947368,0.2631579,4.037401,4.058814,4.087463,6.0,0.0,0.31578946,0.0,0.11764706,0.9362881,0.0,0.0,0.0,17.0,9.5,7.5,1.0,0.0,3.8521688,0.0,9.170555,0.88547117,1.4210526
rvyhfudnkqvoaviyyoa.org,necurs,23.0,19.0,2.0,0.0,0.0,22.0,1.0,0.0,0.0,7.0,0.3181818,15.0,0.6818182,14.0,0.6363636,0.18181819,3.6292198,4.2970796,4.321928,5.0,0.0,0.22727273,0.0,0.35714287,0.90909094,0.0,0.0,0.0,19.0,11.0,8.0,1.0,0.0,3.5368867,0.0,9.111905,1.0083677,1.3636364
otivyycrby.kz,necurs,13.0,10.0,2.0,0.0,0.0,12.0,1.0,0.0,0.0,2.0,0.16666667,10.0,0.8333333,10.0,0.8333333,0.16666667,3.188722,3.4594316,3.321928,9.0,0.0,0.75,0.0,0.1,0.875,0.0,0.0,0.0,10.0,6.0,4.0,0.0,0.0,2.8464394,0.0,7.6181817,1.5333375,1.6666666
fcsyxnqenqnv.ms,necurs,15.0,12.0,2.0,0.0,0.0,14.0,1.0,0.0,0.0,1.0,0.071428575,13.0,0.9285714,10.0,0.71428573,0.21428572,3.182006,3.5465937,3.5849626,7.0,0.0,0.5,0.0,0.3,0.877551,0.0,0.0,0.0,12.0,7.0,5.0,0.0,0.0,3.0220551,0.0,9.374616,1.5668588,1.5714285
mrrmjgyj.us,necurs,11.0,8.0,2.0,0.0,0.0,10.0,1.0,0.0,0.0,1.0,0.1,9.0,0.9,7.0,0.7,0.0,2.7219281,3.169925,3.0,8.0,0.0,0.8,0.0,0.42857143,0.84,0.0,0.0,0.0,8.0,5.0,3.0,1.0,0.0,2.25,0.0,9.398889,1.7747929,1.8
lebcatshbuewbjnh.kz,necurs,19.0,16.0,2.0,0.0,0.0,18.0,1.0,0.0,0.0,4.0,0.22222222,14.0,0.7777778,14.0,0.7777778,0.3888889,3.6835423,4.087463,4.0,7.0,0.0,0.3888889,0.0,0.21428572,0.91358024,0.0,0.0,0.0,16.0,9.0,7.0,0.0,0.0,3.4528196,0.0,8.324706,1.0144296,1.4444444
qlusfnipeoy.so,necurs,14.0,11.0,2.0,0.0,0.0,13.0,1.0,0.0,0.0,5.0,0.3846154,8.0,0.61538464,11.0,0.84615386,0.15384616,3.3927474,3.5849626,3.4594316,3.0,0.0,0.23076923,0.0,0.18181819,0.8994083,0.0,0.0,0.0,11.0,6.5,4.5,0.0,0.0,3.4594316,0.0,8.065,0.9286857,1.6153846
vgvmbdlvtegoydljrxxc.eu,necurs,23.0,20.0,2.0,0.0,0.0,22.0,1.0,0.0,0.0,4.0,0.18181819,18.0,0.8181818,15.0,0.6818182,0.27272728,3.788755,4.2970796,4.321928,9.0,0.0,0.4090909,0.0,0.4,0.9214876,0.0,0.0,0.0,20.0,11.0,9.0,1.0,0.0,3.6841838,0.0,9.320477,1.0470465,1.3636364
tions-master.kr,nymaim,15.0,12.0,2.0,0.0,0.0,13.0,0.9285714,1.0,0.071428575,4.0,0.2857143,9.0,0.64285713,11.0,0.78571427,0.14285715,3.3787835,3.7004397,3.5849626,3.0,0.0,0.21428572,0.0,0.27272728,0.8979592,0.0,0.0,0.0,12.0,7.0,5.0,0.0,0.0,3.251629,0.0,4.7407694,0.6069626,1.5714285
serbia-policy.mo,nymaim,16.0,13.0,2.0,0.0,0.0,14.0,0.93333334,1.0,0.06666667,6.0,0.4,8.0,0.53333336,13.0,0.8666667,0.26666668,3.640224,3.807355,3.7004397,3.0,0.0,0.2,0.0,0.15384616,0.91555554,0.0,0.0,0.0,13.0,7.5,5.5,0.0,0.0,3.5465937,0.0,5.35,0.6308075,1.5333333
semiconductor-newspaper.ps,nymaim,26.0,23.0,2.0,0.0,0.0,24.0,0.96,1.0,0.04,8.0,0.32,16.0,0.64,15.0,0.6,0.28,3.7532697,4.5849624,4.523562,3.0,0.0,0.12,0.0,0.46666667,0.9184,0.0,0.0,0.0,23.0,12.5,10.5,0.0,0.0,3.7950885,0.0,5.3783336,0.43509287,1.32
repeat-packet.kz,nymaim,16.0,13.0,2.0,0.0,0.0,14.0,0.93333334,1.0,0.06666667,5.0,0.33333334,9.0,0.6,9.0,0.6,0.4,3.0565648,3.807355,3.7004397,3.0,0.0,0.2,0.0,0.5555556,0.8711111,0.0,0.0,0.0,13.0,7.5,5.5,0.0,0.0,2.8731406,0.0,6.0571427,1.2093315,1.5333333
receptor-decent.ch,nymaim,18.0,15.0,2.0,0.0,0.0,16.0,0.9411765,1.0,0.05882353,5.0,0.29411766,11.0,0.64705884,10.0,0.5882353,0.47058824,3.1018813,3.75,3.7735572,4.0,0.0,0.23529412,0.0,0.4,0.8650519,0.0,0.0,0.0,15.0,8.5,6.5,0.0,0.0,2.9735572,0.0,4.69875,0.84631675,1.3529412
steady-proceed.jp,nymaim,17.0,14.0,2.0,0.0,0.0,15.0,0.9375,1.0,0.0625,5.0,0.3125,10.0,0.625,12.0,0.75,0.4375,3.4528196,3.9068906,3.807355,3.0,0.0,0.1875,0.0,0.25,0.8984375,0.0,0.0,0.0,14.0,8.0,6.0,1.0,0.0,3.324863,0.0,5.7533336,0.81254685,1.5
someonecricket.ph,nymaim,17.0,14.0,2.0,0.0,0.0,16.0,1.0,0.0,0.0,6.0,0.375,10.0,0.625,12.0,0.75,0.3125,3.4528196,3.9068906,3.807355,3.0,0.0,0.1875,0.0,0.25,0.8984375,0.0,0.0,0.0,14.0,8.0,6.0,0.0,0.0,3.182006,0.0,5.4593334,0.5914741,1.5
surgecontroversy.ch,nymaim,19.0,16.0,2.0,0.0,0.0,18.0,1.0,0.0,0.0,5.0,0.2777778,13.0,0.7222222,12.0,0.6666667,0.22222222,3.4613202,4.087463,4.0,5.0,0.0,0.2777778,0.0,0.41666666,0.90123457,0.0,0.0,0.0,16.0,9.0,7.0,0.0,0.0,3.3278196,0.0,5.1894116,0.6457004,1.4444444
ukrainefacts.yt,nymaim,15.0,12.0,2.0,0.0,0.0,14.0,1.0,0.0,0.0,5.0,0.35714287,9.0,0.64285713,12.0,0.85714287,0.35714287,3.5216405,3.7004397,3.5849626,5.0,0.0,0.35714287,0.0,0.16666667,0.90816325,0.0,0.0,0.0,12.0,7.0,5.0,0.0,0.0,3.4182959,0.0,7.3392305,0.6270325,1.5714285
thomson-distances.gs,nymaim,20.0,17.0,2.0,0.0,0.0,18.0,0.94736844,1.0,0.05263158,5.0,0.2631579,13.0,0.68421054,13.0,0.68421054,0.21052632,3.5110855,4.169925,4.087463,3.0,0.0,0.15789473,0.0,0.30769232,0.89750695,0.0,0.0,0.0,17.0,9.5,7.5,0.0,0.0,3.4548223,0.0,5.1233335,0.52118576,1.4210526
shopsdrink.by,nymaim,13.0,10.0,2.0,0.0,0.0,12.0,1.0,0.0,0.0,2.0,0.16666667,10.0,0.8333333,11.0,0.9166667,0.16666667,3.4182959,3.4594316,3.321928,4.0,0.0,0.33333334,0.0,0.09090909,0.9027778,0.0,0.0,0.0,10.0,6.0,4.0,0.0,0.0,3.121928,0.0,7.4727273,0.8983432,1.6666666
statingfleet.pro,nymaim,16.0,12.0,2.0,0.0,0.0,15.0,1.0,0.0,0.0,5.0,0.33333334,10.0,0.6666667,12.0,0.8,0.26666668,3.4565647,3.807355,3.7004397,4.0,0.0,0.26666668,0.0,0.16666667,0.8977778,0.0,0.0,0.0,12.0,7.5,4.5,0.0,0.0,3.0220551,0.0,4.7128572,0.5023672,1.5333333
shadows-munich.ec,nymaim,17.0,14.0,2.0,0.0,0.0,15.0,0.9375,1.0,0.0625,5.0,0.3125,10.0,0.625,13.0,0.8125,0.3125,3.625,3.9068906,3.807355,2.0,0.0,0.125,0.0,0.23076923,0.9140625,0.0,0.0,0.0,14.0,8.0,6.0,0.0,0.0,3.5216405,0.0,6.004,0.6666789,1.5
vitaminspayment.mv,nymaim,18.0,15.0,2.0,0.0,0.0,17.0,1.0,0.0,0.0,5.0,0.29411766,12.0,0.7058824,10.0,0.5882353,0.1764706,3.2195282,4.0,3.9068906,4.0,0.0,0.23529412,0.0,0.6,0.8858132,0.0,0.0,0.0,15.0,8.5,6.5,0.0,0.0,3.240224,0.0,4.830625,0.9134323,1.4705882
vermontillustration.vn,nymaim,22.0,19.0,2.0,0.0,0.0,21.0,1.0,0.0,0.0,7.0,0.33333334,14.0,0.6666667,12.0,0.5714286,0.0952381,3.4632804,4.121928,4.2479277,3.0,0.0,0.14285715,0.0,0.5833333,0.9024943,0.0,0.0,0.0,19.0,10.5,8.5,0.0,0.0,3.4713545,0.0,4.5195,0.5468806,1.3809524
vocationalerror.it,nymaim,18.0,15.0,2.0,0.0,0.0,17.0,1.0,0.0,0.0,8.0,0.47058824,9.0,0.5294118,10.0,0.5882353,0.23529412,3.1751232,4.0,3.9068906,2.0,0.0,0.11764706,0.0,0.5,0.8788927,0.0,0.0,0.0,15.0,8.5,6.5,1.0,0.0,3.1395721,0.0,3.52,0.6237966,1.4705882
terms-kits.it,nymaim,13.0,10.0,2.0,0.0,0.0,11.0,0.9166667,1.0,0.083333336,3.0,0.25,8.0,0.6666667,8.0,0.6666667,0.083333336,2.8553886,3.2776134,3.321928,3.0,0.0,0.25,0.0,0.375,0.8472222,0.0,0.0,0.0,10.0,6.0,4.0,1.0,0.0,2.9219282,0.0,6.501818,1.0332407,1.6666666
subjectscycles.com,nymaim,18.0,14.0,2.0,0.0,0.0,17.0,1.0,0.0,0.0,4.0,0.23529412,13.0,0.7647059,11.0,0.64705884,0.4117647,3.2195282,3.875,3.9068906,7.0,0.0,0.4117647,0.0,0.27272728,0.8719723,0.0,0.0,0.0,14.0,8.5,5.5,1.0,0.0,2.985228,0.0,6.715625,1.0062922,1.4705882
refinance-patio.hn,nymaim,18.0,15.0,2.0,0.0,0.0,16.0,0.9411765,1.0,0.05882353,7.0,0.4117647,9.0,0.5294118,12.0,0.7058824,0.3529412,3.4548223,4.0,3.9068906,2.0,0.0,0.11764706,0.0,0.33333334,0.899654,0.0,0.0,0.0,15.0,8.5,6.5,0.0,0.0,3.3735573,0.0,5.31875,0.5980276,1.4705882
requiregays.az,nymaim,14.0,11.0,2.0,0.0,0.0,13.0,1.0,0.0,0.0,6.0,0.46153846,7.0,0.53846157,10.0,0.7692308,0.30769232,3.2389011,3.4182959,3.4594316,2.0,0.0,0.15384616,0.0,0.3,0.88757396,0.0,0.0,0.0,11.0,6.5,4.5,0.0,0.0,3.0957952,0.0,7.659167,1.0941389,1.6153846
turtleentries.lv,nymaim,16.0,13.0,2.0,0.0,0.0,15.0,1.0,0.0,0.0,5.0,0.33333334,10.0,0.6666667,9.0,0.6,0.2,3.006239,3.807355,3.7004397,3.0,0.0,0.2,0.0,0.44444445,0.8622222,0.0,0.0,0.0,13.0,7.5,5.5,0.0,0.0,2.8150723,0.0,5.46,0.7558438,1.5333333
workforce-developer.kr,nymaim,22.0,19.0,2.0,0.0,0.0,20.0,0.95238096,1.0,0.04761905,7.0,0.33333334,13.0,0.61904764,12.0,0.5714286,0.33333334,3.3087513,4.121928,4.2479277,3.0,0.0,0.14285715,0.0,0.33333334,0.8798186,0.0,0.0,0.0,19.0,10.5,8.5,0.0,0.0,3.3263605,0.0,5.5895,0.91632503,1.3809524
strengthen-gratuit.la,nymaim,21.0,18.0,2.0,0.0,0.0,19.0,0.95,1.0,0.05,6.0,0.3,13.0,0.65,12.0,0.6,0.2,3.4219282,4.1426644,4.169925,4.0,0.0,0.2,0.0,0.5,0.895,0.0,0.0,0.0,18.0,10.0,8.0,0.0,0.0,3.2810361,0.0,4.2036843,0.5614024,1.4
viewfactor.hn,nymaim,13.0,10.0,2.0,0.0,0.0,12.0,1.0,0.0,0.0,4.0,0.33333334,8.0,0.6666667,12.0,1.0,0.33333334,3.5849626,3.4594316,3.321928,3.0,0.0,0.25,0.0,0.0,0.9166667,0.0,0.0,0.0,10.0,6.0,4.0,0.0,0.0,3.321928,0.0,6.962727,0.6916163,1.6666666
vacations-groups.am,nymaim,19.0,16.0,2.0,0.0,0.0,17.0,0.9444444,1.0,0.055555556,7.0,0.3888889,10.0,0.5555556,14.0,0.7777778,0.22222222,3.6835423,4.087463,4.0,2.0,0.0,0.11111111,0.0,0.21428572,0.91358024,0.0,0.0,0.0,16.0,9.0,7.0,0.0,0.0,3.625,0.0,5.0147057,0.54119545,1.4444444
sexcamexperience.kr,nymaim,19.0,16.0,2.0,0.0,0.0,18.0,1.0,0.0,0.0,7.0,0.3888889,11.0,0.6111111,11.0,0.6111111,0.44444445,3.1916115,3.9698157,4.0,2.0,0.0,0.11111111,0.0,0.36363637,0.86419755,0.0,0.0,0.0,16.0,9.0,7.0,0.0,0.0,3.0243974,0.0,5.5588236,0.9563384,1.4444444
vacuum-dresses.lv,nymaim,17.0,14.0,2.0,0.0,0.0,15.0,0.9375,1.0,0.0625,5.0,0.3125,10.0,0.625,11.0,0.6875,0.3125,3.3278196,3.7735572,3.807355,3.0,0.0,0.1875,0.0,0.36363637,0.890625,0.0,0.0,0.0,14.0,8.0,6.0,0.0,0.0,3.182006,0.0,6.949333,0.89581877,1.5
situated-drink.pro,nymaim,18.0,14.0,2.0,0.0,0.0,16.0,0.9411765,1.0,0.05882353,6.0,0.3529412,10.0,0.5882353,13.0,0.7647059,0.23529412,3.6168747,4.0,3.9068906,4.0,0.0,0.23529412,0.0,0.30769232,0.9134948,0.0,0.0,0.0,14.0,8.5,5.5,0.0,0.0,3.3787835,0.0,5.4225,0.53569263,1.4705882
rely-diet.az,nymaim,12.0,9.0,2.0,0.0,0.0,10.0,0.90909094,1.0,0.09090909,4.0,0.36363637,6.0,0.54545456,10.0,0.90909094,0.36363637,3.2776134,3.321928,3.169925,2.0,0.0,0.18181819,0.0,0.1,0.892562,0.0,0.0,0.0,9.0,5.5,3.5,0.0,0.0,2.947703,0.0,5.828,0.9872732,1.7272727
travispassport.win,nymaim,18.0,14.0,2.0,0.0,0.0,17.0,1.0,0.0,0.0,5.0,0.29411766,12.0,0.7058824,10.0,0.5882353,0.11764706,3.2195282,3.875,3.9068906,3.0,0.0,0.1764706,0.0,0.6,0.8858132,0.0,0.0,0.0,14.0,8.5,5.5,0.0,0.0,2.8962915,0.0,4.265625,0.7522205,1.4705882
wife-endorsed.id,nymaim,16.0,13.0,2.0,0.0,0.0,14.0,0.93333334,1.0,0.06666667,6.0,0.4,8.0,0.53333336,10.0,0.6666667,0.46666667,3.1395721,3.807355,3.7004397,2.0,0.0,0.13333334,0.0,0.3,0.8711111,0.0,0.0,0.0,13.0,7.5,5.5,0.0,0.0,3.180833,0.0,5.0007143,0.8780287,1.5333333
shakespeare-give.wtf,nymaim,20.0,16.0,2.0,0.0,0.0,18.0,0.94736844,1.0,0.05263158,7.0,0.36842105,11.0,0.57894737,14.0,0.7368421,0.36842105,3.6163485,4.169925,4.087463,3.0,0.0,0.15789473,0.0,0.21428572,0.9030471,0.0,0.0,0.0,16.0,9.5,6.5,0.0,0.0,3.25,0.0,6.113333,0.66233855,1.4210526
rural-precision.pl,nymaim,18.0,15.0,2.0,0.0,0.0,16.0,0.9411765,1.0,0.05882353,6.0,0.3529412,10.0,0.5882353,12.0,0.7058824,0.1764706,3.4548223,4.0,3.9068906,3.0,0.0,0.1764706,0.0,0.33333334,0.899654,0.0,0.0,0.0,15.0,8.5,6.5,1.0,0.0,3.4565647,0.0,5.123125,0.636878,1.4705882
scientistspushed.lk,nymaim,19.0,16.0,2.0,0.0,0.0,18.0,1.0,0.0,0.0,5.0,0.2777778,13.0,0.7222222,12.0,0.6666667,0.22222222,3.3921473,4.087463,4.0,4.0,0.0,0.22222222,0.0,0.33333334,0.8888889,0.0,0.0,0.0,16.0,9.0,7.0,0.0,0.0,3.125,0.0,5.719412,0.62899107,1.4444444
waterflavor.cx,nymaim,14.0,11.0,2.0,0.0,0.0,13.0,1.0,0.0,0.0,4.0,0.30769232,9.0,0.6923077,11.0,0.84615386,0.3846154,3.3927474,3.5849626,3.4594316,3.0,0.0,0.23076923,0.0,0.18181819,0.8994083,0.0,0.0,0.0,11.0,6.5,4.5,0.0,0.0,3.0957952,0.0,6.8025,0.93924236,1.6153846
remove-intensity.eu,nymaim,19.0,16.0,2.0,0.0,0.0,17.0,0.9444444,1.0,0.055555556,8.0,0.44444445,9.0,0.5,12.0,0.6666667,0.22222222,3.3921473,4.087463,4.0,2.0,0.0,0.11111111,0.0,0.33333334,0.8888889,0.0,0.0,0.0,16.0,9.0,7.0,1.0,0.0,3.3278196,0.0,4.9794116,0.61094636,1.4444444
weak-hong.ru,nymaim,12.0,9.0,2.0,0.0,0.0,10.0,0.90909094,1.0,0.09090909,4.0,0.36363637,6.0,0.54545456,11.0,1.0,0.18181819,3.4594316,3.321928,3.169925,3.0,0.0,0.27272728,0.0,0.0,0.90909094,0.0,0.0,0.0,9.0,5.5,3.5,1.0,0.0,3.169925,0.0,6.446,0.90603876,1.7272727
width-files.com,nymaim,15.0,11.0,2.0,0.0,0.0,13.0,0.9285714,1.0,0.071428575,4.0,0.2857143,9.0,0.64285713,13.0,0.9285714,0.2857143,3.6644979,3.7004397,3.5849626,3.0,0.0,0.21428572,0.0,0.07692308,0.9183673,0.0,0.0,0.0,11.0,7.0,4.0,1.0,0.0,3.2776134,0.0,5.5938463,0.6971256,1.5714285
zinc-faster.bt,nymaim,14.0,11.0,2.0,0.0,0.0,12.0,0.9230769,1.0,0.07692308,3.0,0.23076923,9.0,0.6923077,12.0,0.9230769,0.3846154,3.5465937,3.5849626,3.4594316,3.0,0.0,0.23076923,0.0,0.083333336,0.9112426,0.0,0.0,0.0,11.0,6.5,4.5,0.0,0.0,3.4594316,0.0,6.7166667,0.8708129,1.6153846
sexuality-giant.net,nymaim,19.0,15.0,2.0,0.0,0.0,17.0,0.9444444,1.0,0.055555556,7.0,0.3888889,10.0,0.5555556,12.0,0.6666667,0.22222222,3.4613202,4.087463,4.0,3.0,0.0,0.16666667,0.0,0.41666666,0.90123457,0.0,0.0,0.0,15.0,9.0,6.0,1.0,0.0,3.5068905,0.0,5.1329412,0.673232,1.4444444
stampflight.kr,nymaim,14.0,11.0,2.0,0.0,0.0,13.0,1.0,0.0,0.0,2.0,0.15384616,11.0,0.84615386,12.0,0.9230769,0.15384616,3.5465937,3.5849626,3.4594316,5.0,0.0,0.3846154,0.0,0.083333336,0.9112426,0.0,0.0,0.0,11.0,6.5,4.5,0.0,0.0,3.2776134,0.0,7.3141665,0.78476804,1.6153846
simulations-egyptian.ki,nymaim,23.0,20.0,2.0,0.0,0.0,21.0,0.95454544,1.0,0.045454547,9.0,0.4090909,12.0,0.54545456,15.0,0.6818182,0.13636364,3.732159,4.2970796,4.321928,4.0,0.0,0.18181819,0.0,0.33333334,0.91322315,0.0,0.0,0.0,20.0,11.0,9.0,0.0,0.0,3.6841838,0.0,5.957619,0.46957514,1.3636364
trim-parts.lk,nymaim,13.0,10.0,2.0,0.0,0.0,11.0,0.9166667,1.0,0.083333336,2.0,0.16666667,9.0,0.75,10.0,0.8333333,0.083333336,3.251629,3.4594316,3.321928,5.0,0.0,0.41666666,0.0,0.2,0.8888889,0.0,0.0,0.0,10.0,6.0,4.0,0.0,0.0,2.9219282,0.0,6.299091,0.89879817,1.6666666
representing-lolita.id,nymaim,22.0,19.0,2.0,0.0,0.0,20.0,0.95238096,1.0,0.04761905,8.0,0.3809524,12.0,0.5714286,13.0,0.61904764,0.23809524,3.5585186,4.221928,4.2479277,2.0,0.0,0.0952381,0.0,0.46153846,0.90702945,0.0,0.0,0.0,19.0,10.5,8.5,0.0,0.0,3.4713545,0.0,3.8705,0.42322966,1.3809524
violin-harmful.wtf,nymaim,18.0,14.0,2.0,0.0,0.0,16.0,0.9411765,1.0,0.05882353,5.0,0.29411766,11.0,0.64705884,14.0,0.8235294,0.1764706,3.7345216,4.0,3.9068906,4.0,0.0,0.23529412,0.0,0.21428572,0.9204152,0.0,0.0,0.0,14.0,8.5,5.5,0.0,0.0,3.5216405,0.0,6.255,0.7487795,1.4705882
terminology-goto.de,nymaim,19.0,16.0,2.0,0.0,0.0,17.0,0.9444444,1.0,0.055555556,7.0,0.3888889,10.0,0.5555556,12.0,0.6666667,0.16666667,3.3921473,4.087463,4.0,2.0,0.0,0.11111111,0.0,0.33333334,0.8888889,0.0,0.0,0.0,16.0,9.0,7.0,1.0,0.0,3.25,0.0,5.828235,0.66708195,1.4444444
ready-netscape.net,nymaim,18.0,14.0,2.0,0.0,0.0,16.0,0.9411765,1.0,0.05882353,6.0,0.3529412,10.0,0.5882353,11.0,0.64705884,0.47058824,3.2639334,3.75,3.7735572,3.0,0.0,0.1764706,0.0,0.36363637,0.8788927,0.0,0.0,0.0,14.0,8.5,5.5,1.0,0.0,3.324863,0.0,5.206875,0.64393014,1.3529412
referencedmineral.vn,nymaim,20.0,17.0,2.0,0.0,0.0,19.0,1.0,0.0,0.0,7.0,0.36842105,12.0,0.6315789,11.0,0.57894737,0.47368422,3.1363792,3.947703,4.087463,3.0,0.0,0.15789473,0.0,0.27272728,0.8587258,0.0,0.0,0.0,17.0,9.5,7.5,0.0,0.0,3.0071964,0.0,4.8433332,0.7386514,1.4210526
thomasparticle.it,nymaim,17.0,14.0,2.0,0.0,0.0,16.0,1.0,0.0,0.0,6.0,0.375,10.0,0.625,12.0,0.75,0.25,3.4528196,3.9068906,3.807355,2.0,0.0,0.125,0.0,0.25,0.8984375,0.0,0.0,0.0,14.0,8.0,6.0,1.0,0.0,3.5216405,0.0,3.3386667,0.49514773,1.5
trio-divine.jp,nymaim,14.0,11.0,2.0,0.0,0.0,12.0,0.9230769,1.0,0.07692308,5.0,0.3846154,7.0,0.53846157,11.0,0.84615386,0.15384616,3.3346791,3.5849626,3.4594316,2.0,0.0,0.15384616,0.0,0.09090909,0.88757396,0.0,0.0,0.0,11.0,6.5,4.5,1.0,0.0,3.0271692,0.0,5.3683333,0.96383977,1.6153846
setupdump.top,nymaim,13.0,9.0,2.0,0.0,0.0,12.0,1.0,0.0,0.0,4.0,0.33333334,8.0,0.6666667,8.0,0.6666667,0.16666667,2.8553886,3.4594316,3.321928,3.0,0.0,0.25,0.0,0.375,0.8472222,0.0,0.0,0.0,9.0,6.0,3.0,1.0,0.0,2.7254806,0.0,6.461818,1.171638,1.6666666
yellowindianapolis.sc,nymaim,21.0,18.0,2.0,0.0,0.0,20.0,1.0,0.0,0.0,8.0,0.4,12.0,0.6,12.0,0.6,0.25,3.4464393,4.2479277,4.169925,3.0,0.0,0.15,0.0,0.5,0.9,0.0,0.0,0.0,18.0,10.0,8.0,0.0,0.0,3.308271,0.0,4.6210527,0.5740895,1.4
uploaded-ordinary.com,nymaim,21.0,17.0,2.0,0.0,0.0,19.0,0.95,1.0,0.05,8.0,0.4,11.0,0.55,14.0,0.7,0.35,3.6464393,4.2479277,4.169925,3.0,0.0,0.15,0.0,0.2857143,0.91,0.0,0.0,0.0,17.0,10.0,7.0,1.0,0.0,3.4548223,0.0,5.141579,0.55235195,1.4
steelcursor.cx,nymaim,14.0,11.0,2.0,0.0,0.0,13.0,1.0,0.0,0.0,4.0,0.30769232,9.0,0.6923077,9.0,0.6923077,0.30769232,3.085055,3.5849626,3.4594316,3.0,0.0,0.23076923,0.0,0.44444445,0.87573963,0.0,0.0,0.0,11.0,6.5,4.5,0.0,0.0,2.9139771,0.0,5.9783335,0.89900774,1.6153846
shorterderived.li,nymaim,17.0,14.0,2.0,0.0,0.0,16.0,1.0,0.0,0.0,6.0,0.375,10.0,0.625,10.0,0.625,0.3125,3.1556392,3.7735572,3.807355,2.0,0.0,0.125,0.0,0.4,0.875,0.0,0.0,0.0,14.0,8.0,6.0,0.0,0.0,2.985228,0.0,4.1986666,0.70576316,1.5
restrictionselectricity.dk,nymaim,26.0,23.0,2.0,0.0,0.0,25.0,1.0,0.0,0.0,8.0,0.32,17.0,0.68,12.0,0.48,0.28,3.3532696,4.2516294,4.349649,4.0,0.0,0.16,0.0,0.5,0.8896,0.0,0.0,0.0,23.0,12.5,10.5,0.0,0.0,3.1207504,0.0,3.77,0.58339155,1.2
vibrators-opposite.cx,nymaim,21.0,18.0,2.0,0.0,0.0,19.0,0.95,1.0,0.05,7.0,0.35,12.0,0.6,13.0,0.65,0.2,3.5841837,4.2479277,4.169925,2.0,0.0,0.1,0.0,0.46153846,0.91,0.0,0.0,0.0,18.0,10.0,8.0,0.0,0.0,3.350209,0.0,5.2563157,0.707223,1.4
trulypassage.ps,nymaim,15.0,12.0,2.0,0.0,0.0,14.0,1.0,0.0,0.0,4.0,0.2857143,10.0,0.71428573,10.0,0.71428573,0.21428572,3.182006,3.7004397,3.5849626,3.0,0.0,0.21428572,0.0,0.3,0.877551,0.0,0.0,0.0,12.0,7.0,5.0,0.0,0.0,3.251629,0.0,5.0907693,0.81716883,1.5714285
recognizekorea.mv,nymaim,17.0,14.0,2.0,0.0,0.0,16.0,1.0,0.0,0.0,7.0,0.4375,9.0,0.5625,12.0,0.75,0.3125,3.4528196,3.7735572,3.807355,2.0,0.0,0.125,0.0,0.25,0.8984375,0.0,0.0,0.0,14.0,8.0,6.0,0.0,0.0,3.182006,0.0,6.561333,0.79010326,1.5
robertsonheather.cz,nymaim,19.0,16.0,2.0,0.0,0.0,18.0,1.0,0.0,0.0,6.0,0.33333334,12.0,0.6666667,11.0,0.6111111,0.33333334,3.308271,3.8521688,4.0,3.0,0.0,0.16666667,0.0,0.45454547,0.8888889,0.0,0.0,0.0,16.0,9.0,7.0,0.0,0.0,3.0306392,0.0,4.1770587,0.717739,1.4444444
transsexualindex.az,nymaim,19.0,16.0,2.0,0.0,0.0,18.0,1.0,0.0,0.0,7.0,0.3888889,11.0,0.6111111,12.0,0.6666667,0.33333334,3.4613202,3.9698157,4.0,3.0,0.0,0.16666667,0.0,0.41666666,0.90123457,0.0,0.0,0.0,16.0,9.0,7.0,0.0,0.0,3.375,0.0,4.470588,0.7927918,1.4444444
writtenfollows.pl,nymaim,17.0,14.0,2.0,0.0,0.0,16.0,1.0,0.0,0.0,4.0,0.25,12.0,0.75,11.0,0.6875,0.125,3.3278196,3.9068906,3.807355,4.0,0.0,0.25,0.0,0.36363637,0.890625,0.0,0.0,0.0,14.0,8.0,6.0,1.0,0.0,3.2359264,0.0,5.495333,0.7562646,1.5
recordsequipped.ph,nymaim,18.0,15.0,2.0,0.0,0.0,17.0,1.0,0.0,0.0,6.0,0.3529412,11.0,0.64705884,11.0,0.64705884,0.3529412,3.2927701,4.0,3.9068906,3.0,0.0,0.1764706,0.0,0.36363637,0.8858132,0.0,0.0,0.0,15.0,8.5,6.5,0.0,0.0,3.189898,0.0,5.80375,0.9384414,1.4705882
trace-flavor.cc,nymaim,15.0,12.0,2.0,0.0,0.0,13.0,0.9285714,1.0,0.071428575,4.0,0.2857143,9.0,0.64285713,10.0,0.71428573,0.5,3.182006,3.7004397,3.5849626,3.0,0.0,0.21428572,0.0,0.3,0.877551,0.0,0.0,0.0,12.0,7.0,5.0,1.0,0.0,3.251629,0.0,6.743846,0.98980004,1.5714285
tower-harvey.com,nymaim,16.0,12.0,2.0,0.0,0.0,14.0,0.93333334,1.0,0.06666667,5.0,0.33333334,9.0,0.6,12.0,0.8,0.26666668,3.5068905,3.807355,3.7004397,2.0,0.0,0.13333334,0.0,0.25,0.9066667,0.0,0.0,0.0,12.0,7.5,4.5,1.0,0.0,3.251629,0.0,5.948571,0.76007485,1.5333333
soap-offers.id,nymaim,14.0,11.0,2.0,0.0,0.0,12.0,0.9230769,1.0,0.07692308,5.0,0.3846154,7.0,0.53846157,10.0,0.7692308,0.3846154,3.2389011,3.5849626,3.4594316,2.0,0.0,0.15384616,0.0,0.3,0.88757396,0.0,0.0,0.0,11.0,6.5,4.5,0.0,0.0,2.9139771,0.0,6.6916666,0.88945735,1.6153846
setting-lithuania.ec,nymaim,20.0,17.0,2.0,0.0,0.0,18.0,0.94736844,1.0,0.05263158,8.0,0.42105263,10.0,0.5263158,12.0,0.6315789,0.2631579,3.4316235,4.169925,4.087463,2.0,0.0,0.10526316,0.0,0.41666666,0.89750695,0.0,0.0,0.0,17.0,9.5,7.5,0.0,0.0,3.2927701,0.0,5.471667,0.55552804,1.4210526
squirt-premium.dk,nymaim,17.0,14.0,2.0,0.0,0.0,15.0,0.9375,1.0,0.0625,5.0,0.3125,10.0,0.625,12.0,0.75,0.125,3.5,3.9068906,3.807355,3.0,0.0,0.1875,0.0,0.33333334,0.90625,0.0,0.0,0.0,14.0,8.0,6.0,0.0,0.0,3.2359264,0.0,7.340667,0.964928,1.5
screenpenis.li,nymaim,14.0,11.0,2.0,0.0,0.0,13.0,1.0,0.0,0.0,5.0,0.3846154,8.0,0.61538464,8.0,0.61538464,0.30769232,2.8731406,3.4182959,3.4594316,3.0,0.0,0.23076923,0.0,0.5,0.852071,0.0,0.0,0.0,11.0,6.5,4.5,0.0,0.0,2.6635327,0.0,5.74,0.7991742,1.6153846
reviewer-find.mx,nymaim,16.0,13.0,2.0,0.0,0.0,14.0,0.93333334,1.0,0.06666667,5.0,0.33333334,9.0,0.6,11.0,0.73333335,0.33333334,3.3232315,3.807355,3.7004397,4.0,0.0,0.26666668,0.0,0.27272728,0.8888889,0.0,0.0,0.0,13.0,7.5,5.5,0.0,0.0,3.0269868,0.0,6.3735714,1.0356317,1.5333333
switch-herbal.pro,nymaim,17.0,13.0,2.0,0.0,0.0,15.0,0.9375,1.0,0.0625,4.0,0.25,11.0,0.6875,14.0,0.875,0.25,3.75,3.9068906,3.807355,3.0,0.0,0.1875,0.0,0.14285715,0.921875,0.0,0.0,0.0,13.0,8.0,5.0,0.0,0.0,3.5465937,0.0,6.156,0.5917793,1.5
secretaryprogram.wtf,nymaim,20.0,16.0,2.0,0.0,0.0,19.0,1.0,0.0,0.0,5.0,0.2631579,14.0,0.7368421,13.0,0.68421054,0.31578946,3.5110855,4.169925,4.087463,4.0,0.0,0.21052632,0.0,0.30769232,0.89750695,0.0,0.0,0.0,16.0,9.5,6.5,0.0,0.0,3.25,0.0,5.1811113,0.6163816,1.4210526
tunesqualifications.re,nymaim,22.0,19.0,2.0,0.0,0.0,21.0,1.0,0.0,0.0,10.0,0.47619048,11.0,0.52380955,13.0,0.61904764,0.2857143,3.5944657,4.321928,4.2479277,3.0,0.0,0.14285715,0.0,0.53846157,0.91156465,0.0,0.0,0.0,19.0,10.5,8.5,0.0,0.0,3.4713545,0.0,4.304,0.5067422,1.3809524
unsubscribecorner.tel,nymaim,21.0,17.0,2.0,0.0,0.0,20.0,1.0,0.0,0.0,7.0,0.35,13.0,0.65,11.0,0.55,0.35,3.3464394,4.2479277,4.169925,4.0,0.0,0.2,0.0,0.6363636,0.895,0.0,0.0,0.0,17.0,10.0,7.0,0.0,0.0,3.1018813,0.0,5.2442107,0.6442072,1.4
sources-models.la,nymaim,17.0,14.0,2.0,0.0,0.0,15.0,0.9375,1.0,0.0625,6.0,0.375,9.0,0.5625,11.0,0.6875,0.3125,3.3278196,3.9068906,3.807355,3.0,0.0,0.1875,0.0,0.36363637,0.890625,0.0,0.0,0.0,14.0,8.0,6.0,0.0,0.0,3.182006,0.0,5.8953333,0.6396021,1.5
rights-power.com,nymaim,16.0,12.0,2.0,0.0,0.0,14.0,0.93333334,1.0,0.06666667,4.0,0.26666668,10.0,0.6666667,13.0,0.8666667,0.13333334,3.640224,3.807355,3.7004397,4.0,0.0,0.26666668,0.0,0.15384616,0.91555554,0.0,0.0,0.0,12.0,7.5,4.5,1.0,0.0,3.4182959,0.0,7.0164285,0.6490102,1.5333333
staysdischarge.am,nymaim,17.0,14.0,2.0,0.0,0.0,16.0,1.0,0.0,0.0,5.0,0.3125,11.0,0.6875,12.0,0.75,0.375,3.4056392,3.9068906,3.807355,3.0,0.0,0.1875,0.0,0.16666667,0.890625,0.0,0.0,0.0,14.0,8.0,6.0,0.0,0.0,3.324863,0.0,5.403333,0.60304546,1.5
trusteedialog.nu,nymaim,16.0,13.0,2.0,0.0,0.0,15.0,1.0,0.0,0.0,7.0,0.46666667,8.0,0.53333336,12.0,0.8,0.26666668,3.5068905,3.807355,3.7004397,2.0,0.0,0.13333334,0.0,0.25,0.9066667,0.0,0.0,0.0,13.0,7.5,5.5,0.0,0.0,3.3927474,0.0,5.620714,0.42806715,1.5333333
subscriber-inline.ps,nymaim,20.0,17.0,2.0,0.0,0.0,18.0,0.94736844,1.0,0.05263158,6.0,0.31578946,12.0,0.6315789,11.0,0.57894737,0.2631579,3.3263605,4.058814,4.087463,4.0,0.0,0.21052632,0.0,0.54545456,0.89196676,0.0,0.0,0.0,17.0,9.5,7.5,0.0,0.0,3.2195282,0.0,6.4972224,0.7692356,1.4210526
toolsobituaries.net,nymaim,19.0,15.0,2.0,0.0,0.0,18.0,1.0,0.0,0.0,9.0,0.5,9.0,0.5,11.0,0.6111111,0.22222222,3.308271,4.087463,4.0,2.0,0.0,0.11111111,0.0,0.45454547,0.8888889,0.0,0.0,0.0,15.0,9.0,6.0,1.0,0.0,3.189898,0.0,5.227647,0.4808556,1.4444444
williamharbour.jp,nymaim,17.0,14.0,2.0,0.0,0.0,16.0,1.0,0.0,0.0,6.0,0.375,10.0,0.625,12.0,0.75,0.1875,3.5,3.9068906,3.807355,3.0,0.0,0.1875,0.0,0.33333334,0.90625,0.0,0.0,0.0,14.0,8.0,6.0,1.0,0.0,3.2359264,0.0,6.4726667,0.8495493,1.5
yours-married.net,nymaim,17.0,13.0,2.0,0.0,0.0,15.0,0.9375,1.0,0.0625,6.0,0.375,9.0,0.5625,13.0,0.8125,0.25,3.5778196,3.9068906,3.807355,2.0,0.0,0.125,0.0,0.15384616,0.90625,0.0,0.0,0.0,13.0,8.0,5.0,1.0,0.0,3.3346791,0.0,5.794667,0.4803125,1.5
violenceethiopia.la,nymaim,19.0,16.0,2.0,0.0,0.0,18.0,1.0,0.0,0.0,10.0,0.5555556,8.0,0.44444445,11.0,0.6111111,0.33333334,3.308271,3.9698157,4.0,2.0,0.0,0.11111111,0.0,0.45454547,0.8888889,0.0,0.0,0.0,16.0,9.0,7.0,0.0,0.0,3.2806392,0.0,3.9094117,0.60634595,1.4444444
specialsdavis.xyz,nymaim,17.0,13.0,2.0,0.0,0.0,16.0,1.0,0.0,0.0,5.0,0.3125,11.0,0.6875,12.0,0.75,0.3125,3.4528196,3.9068906,3.807355,4.0,0.0,0.25,0.0,0.25,0.8984375,0.0,0.0,0.0,13.0,8.0,5.0,1.0,0.0,3.0269868,0.0,6.982,0.98033977,1.5
sitting-continuous.ch,nymaim,21.0,18.0,2.0,0.0,0.0,19.0,0.95,1.0,0.05,7.0,0.35,12.0,0.6,10.0,0.5,0.1,3.208695,4.037401,4.058814,3.0,0.0,0.15,0.0,0.7,0.885,0.0,0.0,0.0,18.0,10.0,8.0,0.0,0.0,3.0441105,0.0,4.925263,0.8029663,1.3
textile-procurement.ec,nymaim,22.0,19.0,2.0,0.0,0.0,20.0,0.95238096,1.0,0.04761905,8.0,0.3809524,12.0,0.5714286,13.0,0.61904764,0.33333334,3.422578,4.221928,4.2479277,2.0,0.0,0.0952381,0.0,0.30769232,0.88435376,0.0,0.0,0.0,19.0,10.5,8.5,0.0,0.0,3.4713545,0.0,4.47,0.6616943,1.3809524
weightedmillion.mo,nymaim,18.0,15.0,2.0,0.0,0.0,17.0,1.0,0.0,0.0,7.0,0.4117647,10.0,0.5882353,11.0,0.64705884,0.1764706,3.3371754,4.0,3.9068906,3.0,0.0,0.1764706,0.0,0.45454547,0.8927336,0.0,0.0,0.0,15.0,8.5,6.5,0.0,0.0,3.3232315,0.0,6.38625,0.7012473,1.4705882
trick-continued.ru,nymaim,18.0,15.0,2.0,0.0,0.0,16.0,0.9411765,1.0,0.05882353,6.0,0.3529412,10.0,0.5882353,11.0,0.64705884,0.23529412,3.3815806,4.0,3.9068906,2.0,0.0,0.11764706,0.0,0.54545456,0.899654,0.0,0.0,0.0,15.0,8.5,6.5,1.0,0.0,3.3735573,0.0,5.740625,0.75233376,1.4705882
seriouslydisappointed.in,nymaim,24.0,21.0,2.0,0.0,0.0,23.0,1.0,0.0,0.0,10.0,0.4347826,13.0,0.5652174,13.0,0.5652174,0.2173913,3.534219,4.2776136,4.3923173,4.0,0.0,0.17391305,0.0,0.53846157,0.9035917,0.0,0.0,0.0,21.0,11.5,9.5,1.0,0.0,3.5585186,0.0,3.899091,0.45283365,1.3478261
repairsfellow.tm,nymaim,16.0,13.0,2.0,0.0,0.0,15.0,1.0,0.0,0.0,5.0,0.33333334,10.0,0.6666667,12.0,0.8,0.26666668,3.5068905,3.807355,3.7004397,3.0,0.0,0.2,0.0,0.25,0.9066667,0.0,0.0,0.0,13.0,7.5,5.5,0.0,0.0,3.2389011,0.0,6.707143,0.56503075,1.5333333
textbookjack.cx,nymaim,15.0,12.0,2.0,0.0,0.0,14.0,1.0,0.0,0.0,4.0,0.2857143,10.0,0.71428573,9.0,0.64285713,0.35714287,3.0930693,3.7004397,3.5849626,4.0,0.0,0.2857143,0.0,0.5555556,0.877551,0.0,0.0,0.0,12.0,7.0,5.0,0.0,0.0,3.0849626,0.0,8.477693,1.5128199,1.5714285
twelve-dave.nu,nymaim,14.0,11.0,2.0,0.0,0.0,12.0,0.9230769,1.0,0.07692308,5.0,0.3846154,7.0,0.53846157,10.0,0.7692308,0.3846154,3.180833,3.4182959,3.4594316,2.0,0.0,0.15384616,0.0,0.2,0.87573963,0.0,0.0,0.0,11.0,6.5,4.5,0.0,0.0,2.845351,0.0,7.8016667,1.0258923,1.6153846
robinsonfloors.cc,nymaim,17.0,14.0,2.0,0.0,0.0,16.0,1.0,0.0,0.0,5.0,0.3125,11.0,0.6875,9.0,0.5625,0.25,3.0,3.9068906,3.807355,4.0,0.0,0.25,0.0,0.5555556,0.859375,0.0,0.0,0.0,14.0,8.0,6.0,1.0,0.0,2.807355,0.0,5.332,0.91439015,1.5
scuba-prayer.mo,nymaim,15.0,12.0,2.0,0.0,0.0,13.0,0.9285714,1.0,0.071428575,5.0,0.35714287,8.0,0.5714286,12.0,0.85714287,0.35714287,3.5216405,3.7004397,3.5849626,2.0,0.0,0.14285715,0.0,0.16666667,0.90816325,0.0,0.0,0.0,12.0,7.0,5.0,0.0,0.0,3.251629,0.0,7.3476925,0.75768244,1.5714285
recipehandles.ru,nymaim,16.0,13.0,2.0,0.0,0.0,15.0,1.0,0.0,0.0,6.0,0.4,9.0,0.6,12.0,0.8,0.4,3.4565647,3.807355,3.7004397,3.0,0.0,0.2,0.0,0.16666667,0.8977778,0.0,0.0,0.0,13.0,7.5,5.5,1.0,0.0,3.3346791,0.0,5.312857,0.5116989,1.5333333
voidpros.bt,nymaim,11.0,8.0,2.0,0.0,0.0,10.0,1.0,0.0,0.0,3.0,0.3,7.0,0.7,9.0,0.9,0.2,3.121928,3.169925,3.0,3.0,0.0,0.3,0.0,0.11111111,0.88,0.0,0.0,0.0,8.0,5.0,3.0,0.0,0.0,2.75,0.0,7.82,1.0171337,1.8
surgeonsendorsement.jp,nymaim,22.0,19.0,2.0,0.0,0.0,21.0,1.0,0.0,0.0,7.0,0.33333334,14.0,0.6666667,12.0,0.5714286,0.23809524,3.3680425,4.121928,4.2479277,4.0,0.0,0.1904762,0.0,0.41666666,0.8888889,0.0,0.0,0.0,19.0,10.5,8.5,1.0,0.0,3.115834,0.0,4.6415,0.60141003,1.3809524
retailpharmaceuticals.ch,nymaim,24.0,21.0,2.0,0.0,0.0,23.0,1.0,0.0,0.0,9.0,0.39130434,14.0,0.6086956,12.0,0.5217391,0.39130434,3.4472625,4.4594316,4.3923173,4.0,0.0,0.17391305,0.0,0.6666667,0.89981097,0.0,0.0,0.0,21.0,11.5,9.5,0.0,0.0,3.4399364,0.0,5.535909,0.56466466,1.3478261
retainedpropecia.vn,nymaim,19.0,16.0,2.0,0.0,0.0,18.0,1.0,0.0,0.0,8.0,0.44444445,10.0,0.5555556,11.0,0.6111111,0.3888889,3.350209,4.087463,4.0,3.0,0.0,0.16666667,0.0,0.54545456,0.89506173,0.0,0.0,0.0,16.0,9.0,7.0,0.0,0.0,3.2028196,0.0,5.115294,0.59753966,1.4444444
university-formation.tm,nymaim,23.0,20.0,2.0,0.0,0.0,21.0,0.95454544,1.0,0.045454547,8.0,0.36363637,13.0,0.59090906,14.0,0.6363636,0.13636364,3.6635327,4.3923173,4.321928,3.0,0.0,0.13636364,0.0,0.42857143,0.91322315,0.0,0.0,0.0,20.0,11.0,9.0,0.0,0.0,3.6841838,0.0,4.5371428,0.52628714,1.3636364
replication-nurse.win,nymaim,21.0,17.0,2.0,0.0,0.0,19.0,0.95,1.0,0.05,8.0,0.4,11.0,0.55,14.0,0.7,0.2,3.6464393,4.2479277,4.169925,2.0,0.0,0.1,0.0,0.2857143,0.91,0.0,0.0,0.0,17.0,10.0,7.0,0.0,0.0,3.6168747,0.0,4.7210526,0.43585843,1.4
rosesoutlined.net,nymaim,17.0,13.0,2.0,0.0,0.0,16.0,1.0,0.0,0.0,7.0,0.4375,9.0,0.5625,10.0,0.625,0.25,3.2028196,3.7735572,3.807355,2.0,0.0,0.125,0.0,0.5,0.8828125,0.0,0.0,0.0,13.0,8.0,5.0,1.0,0.0,3.2389011,0.0,4.5986667,0.4992053,1.5
weights-ordinary.ch,nymaim,19.0,16.0,2.0,0.0,0.0,17.0,0.9444444,1.0,0.055555556,5.0,0.2777778,12.0,0.6666667,15.0,0.8333333,0.22222222,3.8365917,4.087463,4.0,4.0,0.0,0.22222222,0.0,0.2,0.9259259,0.0,0.0,0.0,16.0,9.0,7.0,0.0,0.0,3.75,0.0,7.1282353,0.48092207,1.4444444
reel-cordless.pk,nymaim,16.0,13.0,2.0,0.0,0.0,14.0,0.93333334,1.0,0.06666667,4.0,0.26666668,10.0,0.6666667,10.0,0.6666667,0.33333334,3.189898,3.807355,3.7004397,4.0,0.0,0.26666668,0.0,0.4,0.88,0.0,0.0,0.0,13.0,7.5,5.5,0.0,0.0,2.8731406,0.0,5.732857,0.83348644,1.5333333
terrydiscrimination.biz,nymaim,23.0,19.0,2.0,0.0,0.0,22.0,1.0,0.0,0.0,8.0,0.36363637,14.0,0.6363636,14.0,0.6363636,0.22727273,3.5337713,4.3923173,4.321928,4.0,0.0,0.18181819,0.0,0.2857143,0.892562,0.0,0.0,0.0,19.0,11.0,8.0,1.0,0.0,3.3660913,0.0,4.6171427,0.609799,1.3636364
servesdividend.info,nymaim,19.0,14.0,2.0,0.0,0.0,18.0,1.0,0.0,0.0,7.0,0.3888889,11.0,0.6111111,9.0,0.5,0.3888889,3.0441105,3.9698157,4.0,2.0,0.0,0.11111111,0.0,0.6666667,0.8703704,0.0,0.0,0.0,14.0,9.0,5.0,1.0,0.0,2.699514,0.0,4.2035294,0.91377115,1.4444444
type-info.ki,nymaim,12.0,9.0,2.0,0.0,0.0,10.0,0.90909094,1.0,0.09090909,4.0,0.36363637,6.0,0.54545456,10.0,0.90909094,0.18181819,3.2776134,3.321928,3.169925,3.0,0.0,0.27272728,0.0,0.1,0.892562,0.0,0.0,0.0,9.0,5.5,3.5,0.0,0.0,3.169925,0.0,7.284,1.0505198,1.7272727
setting-controls.pro,nymaim,20.0,16.0,2.0,0.0,0.0,18.0,0.94736844,1.0,0.05263158,5.0,0.2631579,13.0,0.68421054,12.0,0.6315789,0.10526316,3.4316235,4.058814,4.087463,4.0,0.0,0.21052632,0.0,0.41666666,0.89750695,0.0,0.0,0.0,16.0,9.5,6.5,0.0,0.0,3.3278196,0.0,4.412778,0.5512214,1.4210526
themdirector.sh,nymaim,15.0,12.0,2.0,0.0,0.0,14.0,1.0,0.0,0.0,4.0,0.2857143,10.0,0.71428573,10.0,0.71428573,0.2857143,3.2359264,3.7004397,3.5849626,3.0,0.0,0.21428572,0.0,0.4,0.8877551,0.0,0.0,0.0,12.0,7.0,5.0,0.0,0.0,3.0849626,0.0,4.416923,0.673189,1.5714285
visits-drawing.ws,nymaim,17.0,14.0,2.0,0.0,0.0,15.0,0.9375,1.0,0.0625,4.0,0.25,11.0,0.6875,11.0,0.6875,0.125,3.2806392,3.9068906,3.807355,4.0,0.0,0.25,0.0,0.27272728,0.8828125,0.0,0.0,0.0,14.0,8.0,6.0,0.0,0.0,3.324863,0.0,6.587333,0.91018856,1.5
spread-installation.re,nymaim,22.0,19.0,2.0,0.0,0.0,20.0,0.95238096,1.0,0.04761905,8.0,0.3809524,12.0,0.5714286,12.0,0.5714286,0.2857143,3.4992275,4.221928,4.2479277,3.0,0.0,0.14285715,0.0,0.6666667,0.90702945,0.0,0.0,0.0,19.0,10.5,8.5,0.0,0.0,3.4713545,0.0,4.0075,0.40752864,1.3809524
tractdepartment.name,nymaim,20.0,15.0,2.0,0.0,0.0,19.0,1.0,0.0,0.0,6.0,0.31578946,13.0,0.68421054,9.0,0.47368422,0.42105263,3.010571,4.058814,4.087463,3.0,0.0,0.15789473,0.0,0.6666667,0.8642659,0.0,0.0,0.0,15.0,9.5,5.5,0.0,0.0,2.9735572,0.0,4.325,0.7410112,1.4210526
summary-housewives.net,nymaim,22.0,18.0,2.0,0.0,0.0,20.0,0.95238096,1.0,0.04761905,8.0,0.3809524,12.0,0.5714286,15.0,0.71428573,0.1904762,3.7489948,4.321928,4.2479277,2.0,0.0,0.0952381,0.0,0.26666668,0.9160998,0.0,0.0,0.0,18.0,10.5,7.5,1.0,0.0,3.5724313,0.0,5.976,0.49785882,1.3809524
travelergreece.win,nymaim,18.0,14.0,2.0,0.0,0.0,17.0,1.0,0.0,0.0,7.0,0.4117647,10.0,0.5882353,11.0,0.64705884,0.4117647,3.1248436,4.0,3.9068906,3.0,0.0,0.1764706,0.0,0.18181819,0.8512111,0.0,0.0,0.0,14.0,8.5,5.5,0.0,0.0,2.6384602,0.0,5.0775,0.7335875,1.4705882
rose-marshall.win,nymaim,17.0,13.0,2.0,0.0,0.0,15.0,0.9375,1.0,0.0625,5.0,0.3125,10.0,0.625,12.0,0.75,0.1875,3.5,3.9068906,3.807355,3.0,0.0,0.1875,0.0,0.33333334,0.90625,0.0,0.0,0.0,13.0,8.0,5.0,0.0,0.0,3.085055,0.0,6.062,0.559475,1.5
valuableharris.by,nymaim,17.0,14.0,2.0,0.0,0.0,16.0,1.0,0.0,0.0,6.0,0.375,10.0,0.625,11.0,0.6875,0.375,3.3278196,3.9068906,3.807355,3.0,0.0,0.1875,0.0,0.36363637,0.890625,0.0,0.0,0.0,14.0,8.0,6.0,0.0,0.0,3.182006,0.0,6.2566667,0.8562307,1.5
served-missed.win,nymaim,17.0,13.0,2.0,0.0,0.0,15.0,0.9375,1.0,0.0625,5.0,0.3125,10.0,0.625,10.0,0.625,0.3125,3.1556392,3.640224,3.807355,2.0,0.0,0.125,0.0,0.4,0.875,0.0,0.0,0.0,13.0,8.0,5.0,0.0,0.0,2.8150723,0.0,5.0186667,0.8687098,1.5
surveys-howto.wtf,nymaim,17.0,13.0,2.0,0.0,0.0,15.0,0.9375,1.0,0.0625,4.0,0.25,11.0,0.6875,12.0,0.75,0.125,3.5,3.640224,3.6644979,3.0,0.0,0.1875,0.0,0.33333334,0.90625,0.0,0.0,0.0,13.0,8.0,5.0,0.0,0.0,3.3927474,0.0,7.5433335,0.88325965,1.375
version-factor.net,nymaim,18.0,14.0,2.0,0.0,0.0,16.0,0.9411765,1.0,0.05882353,6.0,0.3529412,10.0,0.5882353,12.0,0.7058824,0.29411766,3.4992275,4.0,3.9068906,2.0,0.0,0.11764706,0.0,0.41666666,0.90657437,0.0,0.0,0.0,14.0,8.5,5.5,1.0,0.0,3.5216405,0.0,4.645,0.5562839,1.4705882
symphonyphases.pro,nymaim,18.0,14.0,2.0,0.0,0.0,17.0,1.0,0.0,0.0,4.0,0.23529412,13.0,0.7647059,10.0,0.5882353,0.11764706,3.1751232,3.875,3.9068906,5.0,0.0,0.29411766,0.0,0.5,0.8788927,0.0,0.0,0.0,14.0,8.5,5.5,0.0,0.0,3.0391486,0.0,5.59875,0.9233626,1.4705882
router-increases.tf,nymaim,19.0,16.0,2.0,0.0,0.0,17.0,0.9444444,1.0,0.055555556,7.0,0.3888889,10.0,0.5555556,12.0,0.6666667,0.33333334,3.4193819,4.087463,4.0,3.0,0.0,0.16666667,0.0,0.33333334,0.89506173,0.0,0.0,0.0,16.0,9.0,7.0,0.0,0.0,3.2806392,0.0,4.630588,0.5172002,1.4444444
fgcrspa.biz,nymaim,11.0,7.0,2.0,0.0,0.0,10.0,1.0,0.0,0.0,2.0,0.2,8.0,0.8,10.0,1.0,0.4,3.321928,3.169925,3.0,6.0,0.0,0.6,0.0,0.0,0.9,0.0,0.0,0.0,7.0,5.0,2.0,1.0,0.0,2.807355,0.0,5.8722224,1.2924979,1.8
repeated-radius.ps,nymaim,18.0,15.0,2.0,0.0,0.0,16.0,0.9411765,1.0,0.05882353,7.0,0.4117647,9.0,0.5294118,10.0,0.5882353,0.4117647,3.2195282,4.0,3.9068906,3.0,0.0,0.1764706,0.0,0.6,0.8858132,0.0,0.0,0.0,15.0,8.5,6.5,0.0,0.0,3.189898,0.0,4.796875,0.71726006,1.4705882
similarly-philippines.info,nymaim,26.0,21.0,2.0,0.0,0.0,24.0,0.96,1.0,0.04,9.0,0.36,15.0,0.6,14.0,0.56,0.12,3.4830742,4.3349624,4.523562,3.0,0.0,0.12,0.0,0.35714287,0.8864,0.0,0.0,0.0,21.0,12.5,8.5,1.0,0.0,3.2913928,0.0,4.5579166,0.6901613,1.32
tissueralph.nu,nymaim,14.0,11.0,2.0,0.0,0.0,13.0,1.0,0.0,0.0,5.0,0.3846154,8.0,0.61538464,11.0,0.84615386,0.15384616,3.3927474,3.5849626,3.4594316,4.0,0.0,0.30769232,0.0,0.18181819,0.8994083,0.0,0.0,0.0,11.0,6.5,4.5,0.0,0.0,3.2776134,0.0,6.204167,0.58427244,1.6153846
wallsdomain.net,nymaim,15.0,11.0,2.0,0.0,0.0,14.0,1.0,0.0,0.0,5.0,0.35714287,9.0,0.64285713,11.0,0.78571427,0.2857143,3.3787835,3.7004397,3.5849626,4.0,0.0,0.2857143,0.0,0.27272728,0.8979592,0.0,0.0,0.0,11.0,7.0,4.0,1.0,0.0,3.0957952,0.0,6.249231,0.5454823,1.5714285
treatinglocated.org,nymaim,19.0,15.0,2.0,0.0,0.0,18.0,1.0,0.0,0.0,7.0,0.3888889,11.0,0.6111111,11.0,0.6111111,0.33333334,3.350209,3.9698157,4.0,3.0,0.0,0.16666667,0.0,0.54545456,0.89506173,0.0,0.0,0.0,15.0,9.0,6.0,1.0,0.0,3.3232315,0.0,3.2135293,0.5242797,1.4444444
where-needed.cn,nymaim,15.0,12.0,2.0,0.0,0.0,13.0,0.9285714,1.0,0.071428575,5.0,0.35714287,8.0,0.5714286,8.0,0.5714286,0.5714286,2.6923807,3.5465937,3.5849626,3.0,0.0,0.21428572,0.0,0.375,0.8061224,0.0,0.0,0.0,12.0,7.0,5.0,1.0,0.0,2.4508257,0.0,5.6992307,1.1245031,1.5714285
termoperations.net,nymaim,18.0,14.0,2.0,0.0,0.0,17.0,1.0,0.0,0.0,7.0,0.4117647,10.0,0.5882353,10.0,0.5882353,0.23529412,3.1751232,3.875,3.9068906,3.0,0.0,0.1764706,0.0,0.5,0.8788927,0.0,0.0,0.0,14.0,8.5,5.5,1.0,0.0,3.2359264,0.0,3.614375,0.5245377,1.4705882
voters-happened.lv,nymaim,18.0,15.0,2.0,0.0,0.0,16.0,0.9411765,1.0,0.05882353,5.0,0.29411766,11.0,0.64705884,13.0,0.7647059,0.29411766,3.5724695,4.0,3.9068906,3.0,0.0,0.1764706,0.0,0.23076923,0.90657437,0.0,0.0,0.0,15.0,8.5,6.5,0.0,0.0,3.4565647,0.0,5.203125,0.6768707,1.4705882
taiwandell.cn,nymaim,13.0,10.0,2.0,0.0,0.0,12.0,1.0,0.0,0.0,4.0,0.33333334,8.0,0.6666667,9.0,0.75,0.41666666,3.0849626,3.4594316,3.321928,4.0,0.0,0.33333334,0.0,0.33333334,0.875,0.0,0.0,0.0,10.0,6.0,4.0,1.0,0.0,2.9219282,0.0,6.6245456,0.7952765,1.6666666
verbal-firewall.ps,nymaim,18.0,15.0,2.0,0.0,0.0,16.0,0.9411765,1.0,0.05882353,5.0,0.29411766,11.0,0.64705884,12.0,0.7058824,0.3529412,3.4548223,3.875,3.9068906,4.0,0.0,0.23529412,0.0,0.33333334,0.899654,0.0,0.0,0.0,15.0,8.5,6.5,0.0,0.0,3.189898,0.0,6.914375,0.83110625,1.4705882
souls-flame.pl,nymaim,14.0,11.0,2.0,0.0,0.0,12.0,0.9230769,1.0,0.07692308,4.0,0.30769232,8.0,0.61538464,10.0,0.7692308,0.23076923,3.180833,3.5849626,3.4594316,2.0,0.0,0.15384616,0.0,0.2,0.87573963,0.0,0.0,0.0,11.0,6.5,4.5,1.0,0.0,3.0957952,0.0,5.8283334,0.9576837,1.6153846
threats-hopefully.dk,nymaim,20.0,17.0,2.0,0.0,0.0,18.0,0.94736844,1.0,0.05263158,5.0,0.2631579,13.0,0.68421054,15.0,0.7894737,0.2631579,3.826875,4.169925,4.087463,5.0,0.0,0.2631579,0.0,0.26666668,0.92520773,0.0,0.0,0.0,17.0,9.5,7.5,0.0,0.0,3.6168747,0.0,6.175,0.55685085,1.4210526
rewardscope.ch,nymaim,14.0,11.0,2.0,0.0,0.0,13.0,1.0,0.0,0.0,4.0,0.30769232,9.0,0.6923077,10.0,0.7692308,0.46153846,3.2389011,3.5849626,3.4594316,4.0,0.0,0.30769232,0.0,0.3,0.88757396,0.0,0.0,0.0,11.0,6.5,4.5,0.0,0.0,3.0957952,0.0,6.036667,0.79132426,1.6153846
sillymanagement.uz,nymaim,18.0,15.0,2.0,0.0,0.0,17.0,1.0,0.0,0.0,6.0,0.3529412,11.0,0.64705884,12.0,0.7058824,0.23529412,3.4992275,4.0,3.9068906,4.0,0.0,0.23529412,0.0,0.41666666,0.90657437,0.0,0.0,0.0,15.0,8.5,6.5,0.0,0.0,3.240224,0.0,4.424375,0.701842,1.4705882
tribalprotect.mo,nymaim,16.0,13.0,2.0,0.0,0.0,15.0,1.0,0.0,0.0,5.0,0.33333334,10.0,0.6666667,11.0,0.73333335,0.26666668,3.3232315,3.807355,3.7004397,3.0,0.0,0.2,0.0,0.27272728,0.8888889,0.0,0.0,0.0,13.0,7.5,5.5,0.0,0.0,3.180833,0.0,4.759286,0.65436935,1.5333333
tsunamiefficient.in,nymaim,19.0,16.0,2.0,0.0,0.0,18.0,1.0,0.0,0.0,8.0,0.44444445,10.0,0.5555556,10.0,0.5555556,0.33333334,3.127987,3.9698157,4.0,2.0,0.0,0.11111111,0.0,0.5,0.8703704,0.0,0.0,0.0,16.0,9.0,7.0,1.0,0.0,3.2028196,0.0,5.87,0.792636,1.4444444
washer-crystal.ht,nymaim,17.0,14.0,2.0,0.0,0.0,15.0,0.9375,1.0,0.0625,3.0,0.1875,12.0,0.75,11.0,0.6875,0.25,3.375,3.9068906,3.807355,5.0,0.0,0.3125,0.0,0.45454547,0.8984375,0.0,0.0,0.0,14.0,8.0,6.0,0.0,0.0,3.3787835,0.0,6.167333,0.7510213,1.5
strictipaq.nu,nymaim,13.0,10.0,2.0,0.0,0.0,12.0,1.0,0.0,0.0,4.0,0.33333334,8.0,0.6666667,10.0,0.8333333,0.16666667,3.251629,3.4594316,3.321928,3.0,0.0,0.25,0.0,0.2,0.8888889,0.0,0.0,0.0,10.0,6.0,4.0,0.0,0.0,2.9219282,0.0,5.150909,0.9302549,1.6666666
singh-intend.net,nymaim,16.0,12.0,2.0,0.0,0.0,14.0,0.93333334,1.0,0.06666667,4.0,0.26666668,10.0,0.6666667,9.0,0.6,0.2,2.9735572,3.6644979,3.7004397,3.0,0.0,0.2,0.0,0.44444445,0.85333335,0.0,0.0,0.0,12.0,7.5,4.5,1.0,0.0,3.0220551,0.0,4.5707145,0.8829427,1.5333333
towerformed.pl,nymaim,14.0,11.0,2.0,0.0,0.0,13.0,1.0,0.0,0.0,4.0,0.30769232,9.0,0.6923077,10.0,0.7692308,0.30769232,3.2389011,3.5849626,3.4594316,3.0,0.0,0.23076923,0.0,0.3,0.88757396,0.0,0.0,0.0,11.0,6.5,4.5,1.0,0.0,2.9139771,0.0,5.1825,0.8231418,1.6153846
yahoo-passion.id,nymaim,16.0,13.0,2.0,0.0,0.0,14.0,0.93333334,1.0,0.06666667,7.0,0.46666667,7.0,0.46666667,10.0,0.6666667,0.2,3.189898,3.807355,3.7004397,2.0,0.0,0.13333334,0.0,0.4,0.88,0.0,0.0,0.0,13.0,7.5,5.5,0.0,0.0,3.0269868,0.0,5.9885716,0.8086218,1.5333333
recover-rail.re,nymaim,15.0,12.0,2.0,0.0,0.0,13.0,0.9285714,1.0,0.071428575,6.0,0.42857143,7.0,0.5,9.0,0.64285713,0.35714287,2.8962915,3.5465937,3.5849626,2.0,0.0,0.14285715,0.0,0.22222222,0.8367347,0.0,0.0,0.0,12.0,7.0,5.0,0.0,0.0,3.0220551,0.0,5.5115385,0.93700224,1.5714285
terrain-cordless.cz,nymaim,19.0,16.0,2.0,0.0,0.0,17.0,0.9444444,1.0,0.055555556,5.0,0.2777778,12.0,0.6666667,13.0,0.7222222,0.33333334,3.5724313,4.087463,4.0,4.0,0.0,0.22222222,0.0,0.30769232,0.9074074,0.0,0.0,0.0,16.0,9.0,7.0,0.0,0.0,3.4528196,0.0,5.924706,0.57978064,1.4444444
take-nomination.jp,nymaim,18.0,15.0,2.0,0.0,0.0,16.0,0.9411765,1.0,0.05882353,7.0,0.4117647,9.0,0.5294118,11.0,0.64705884,0.1764706,3.3371754,4.0,3.9068906,3.0,0.0,0.1764706,0.0,0.45454547,0.8927336,0.0,0.0,0.0,15.0,8.5,6.5,1.0,0.0,3.0565648,0.0,5.48875,0.79547524,1.4705882
smooth-nano.me,nymaim,14.0,11.0,2.0,0.0,0.0,12.0,0.9230769,1.0,0.07692308,5.0,0.3846154,7.0,0.53846157,9.0,0.6923077,0.15384616,3.0269868,3.5849626,3.4594316,2.0,0.0,0.15384616,0.0,0.33333334,0.8639053,0.0,0.0,0.0,11.0,6.5,4.5,1.0,0.0,2.845351,0.0,5.295,0.84937376,1.6153846
symphonygorgeous.it,nymaim,19.0,16.0,2.0,0.0,0.0,18.0,1.0,0.0,0.0,6.0,0.33333334,12.0,0.6666667,13.0,0.7222222,0.055555556,3.5724313,4.087463,4.0,5.0,0.0,0.2777778,0.0,0.30769232,0.9074074,0.0,0.0,0.0,16.0,9.0,7.0,1.0,0.0,3.3278196,0.0,6.3441176,0.6271152,1.4444444
setup-protocols.com,nymaim,19.0,15.0,2.0,0.0,0.0,17.0,0.9444444,1.0,0.055555556,6.0,0.33333334,11.0,0.6111111,11.0,0.6111111,0.16666667,3.2810361,3.9698157,4.0,3.0,0.0,0.16666667,0.0,0.45454547,0.88271606,0.0,0.0,0.0,15.0,9.0,6.0,1.0,0.0,3.189898,0.0,5.2876472,0.77796656,1.4444444
venuedriver.gs,nymaim,14.0,11.0,2.0,0.0,0.0,13.0,1.0,0.0,0.0,5.0,0.3846154,8.0,0.61538464,9.0,0.6923077,0.30769232,3.0269868,3.4182959,3.4594316,3.0,0.0,0.23076923,0.0,0.33333334,0.8639053,0.0,0.0,0.0,11.0,6.5,4.5,0.0,0.0,2.6635327,0.0,5.9166665,0.97584957,1.6153846
warcrafteconomies.com,nymaim,21.0,17.0,2.0,0.0,0.0,20.0,1.0,0.0,0.0,8.0,0.4,12.0,0.6,12.0,0.6,0.4,3.4464393,4.037401,4.169925,3.0,0.0,0.15,0.0,0.5,0.9,0.0,0.0,0.0,17.0,10.0,7.0,1.0,0.0,3.4992275,0.0,5.2705264,0.5841891,1.4
universe-messaging.ps,nymaim,21.0,18.0,2.0,0.0,0.0,19.0,0.95,1.0,0.05,7.0,0.35,12.0,0.6,12.0,0.6,0.2,3.3841836,4.2479277,4.169925,4.0,0.0,0.2,0.0,0.41666666,0.89,0.0,0.0,0.0,18.0,10.0,8.0,0.0,0.0,3.308271,0.0,4.875263,0.69331515,1.4
showinggeography.vn,nymaim,19.0,16.0,2.0,0.0,0.0,18.0,1.0,0.0,0.0,5.0,0.2777778,13.0,0.7222222,13.0,0.7222222,0.11111111,3.5724313,4.087463,4.0,5.0,0.0,0.2777778,0.0,0.30769232,0.9074074,0.0,0.0,0.0,16.0,9.0,7.0,0.0,0.0,3.4528196,0.0,6.9135294,0.7549934,1.4444444
researcher-nations.am,nymaim,21.0,18.0,2.0,0.0,0.0,19.0,0.95,1.0,0.05,8.0,0.4,11.0,0.55,12.0,0.6,0.35,3.408695,4.2479277,4.169925,3.0,0.0,0.15,0.0,0.41666666,0.895,0.0,0.0,0.0,18.0,10.0,8.0,0.0,0.0,3.308271,0.0,3.7257895,0.45818803,1.4
tony-mobility.la,nymaim,16.0,13.0,2.0,0.0,0.0,14.0,0.93333334,1.0,0.06666667,5.0,0.33333334,9.0,0.6,10.0,0.6666667,0.13333334,3.240224,3.807355,3.7004397,3.0,0.0,0.2,0.0,0.5,0.8888889,0.0,0.0,0.0,13.0,7.5,5.5,0.0,0.0,3.085055,0.0,5.107857,0.9185367,1.5333333
siemensmpegs.biz,nymaim,16.0,12.0,2.0,0.0,0.0,15.0,1.0,0.0,0.0,5.0,0.33333334,10.0,0.6666667,9.0,0.6,0.26666668,3.006239,3.807355,3.7004397,4.0,0.0,0.26666668,0.0,0.44444445,0.8622222,0.0,0.0,0.0,12.0,7.5,4.5,1.0,0.0,2.6258147,0.0,6.2157145,1.0922936,1.5333333
realizedformerly.mx,nymaim,19.0,16.0,2.0,0.0,0.0,18.0,1.0,0.0,0.0,6.0,0.33333334,12.0,0.6666667,12.0,0.6666667,0.33333334,3.4193819,4.087463,4.0,5.0,0.0,0.2777778,0.0,0.33333334,0.89506173,0.0,0.0,0.0,16.0,9.0,7.0,0.0,0.0,3.2806392,0.0,5.567647,0.89709353,1.4444444
returnsgeographic.ps,nymaim,20.0,17.0,2.0,0.0,0.0,19.0,1.0,0.0,0.0,6.0,0.31578946,13.0,0.68421054,13.0,0.68421054,0.21052632,3.5766177,4.169925,4.087463,4.0,0.0,0.21052632,0.0,0.3846154,0.9085873,0.0,0.0,0.0,17.0,9.5,7.5,0.0,0.0,3.5724695,0.0,6.038889,0.51530606,1.4210526
rejected-forbidden.xyz,nymaim,22.0,18.0,2.0,0.0,0.0,20.0,0.95238096,1.0,0.04761905,6.0,0.2857143,14.0,0.6666667,15.0,0.71428573,0.47619048,3.6897037,4.321928,4.2479277,4.0,0.0,0.1904762,0.0,0.2,0.90702945,0.0,0.0,0.0,18.0,10.5,7.5,1.0,0.0,3.350209,0.0,6.159,0.880032,1.3809524
traderlots.tf,nymaim,13.0,10.0,2.0,0.0,0.0,12.0,1.0,0.0,0.0,3.0,0.25,9.0,0.75,9.0,0.75,0.33333334,3.0220551,3.4594316,3.321928,4.0,0.0,0.33333334,0.0,0.22222222,0.8611111,0.0,0.0,0.0,10.0,6.0,4.0,0.0,0.0,2.9219282,0.0,4.7227273,0.75478977,1.6666666
widerhello.id,nymaim,13.0,10.0,2.0,0.0,0.0,12.0,1.0,0.0,0.0,5.0,0.41666666,7.0,0.5833333,8.0,0.6666667,0.33333334,2.9182959,3.2776134,3.321928,2.0,0.0,0.16666667,0.0,0.5,0.8611111,0.0,0.0,0.0,10.0,6.0,4.0,0.0,0.0,2.9219282,0.0,5.489091,0.958957,1.6666666
seniors-lambda.mv,nymaim,17.0,14.0,2.0,0.0,0.0,15.0,0.9375,1.0,0.0625,5.0,0.3125,10.0,0.625,13.0,0.8125,0.3125,3.625,3.7735572,3.807355,3.0,0.0,0.1875,0.0,0.23076923,0.9140625,0.0,0.0,0.0,14.0,8.0,6.0,0.0,0.0,3.5216405,0.0,6.2626667,0.60575825,1.5
strongermodes.ec,nymaim,16.0,13.0,2.0,0.0,0.0,15.0,1.0,0.0,0.0,5.0,0.33333334,10.0,0.6666667,10.0,0.6666667,0.33333334,3.189898,3.807355,3.7004397,3.0,0.0,0.2,0.0,0.4,0.88,0.0,0.0,0.0,13.0,7.5,5.5,0.0,0.0,3.085055,0.0,3.72,0.61174935,1.5333333
therapy-purchasing.su,nymaim,21.0,18.0,2.0,0.0,0.0,19.0,0.95,1.0,0.05,6.0,0.3,13.0,0.65,14.0,0.7,0.2,3.7219281,4.2479277,4.169925,3.0,0.0,0.15,0.0,0.42857143,0.92,0.0,0.0,0.0,18.0,10.0,8.0,0.0,0.0,3.7254806,0.0,5.1463156,0.583887,1.4
womens-emails.net,nymaim,17.0,13.0,2.0,0.0,0.0,15.0,0.9375,1.0,0.0625,6.0,0.375,9.0,0.5625,11.0,0.6875,0.25,3.3278196,3.9068906,3.807355,3.0,0.0,0.1875,0.0,0.36363637,0.890625,0.0,0.0,0.0,13.0,8.0,5.0,1.0,0.0,3.2389011,0.0,5.47,0.6130377,1.5
swiss-input.sc,nymaim,14.0,11.0,2.0,0.0,0.0,12.0,0.9230769,1.0,0.07692308,3.0,0.23076923,9.0,0.6923077,9.0,0.6923077,0.07692308,2.9312088,3.5849626,3.4594316,3.0,0.0,0.23076923,0.0,0.22222222,0.84023666,0.0,0.0,0.0,11.0,6.5,4.5,0.0,0.0,2.845351,0.0,7.5891666,1.093899,1.6153846
tutorialsratios.mo,nymaim,18.0,15.0,2.0,0.0,0.0,17.0,1.0,0.0,0.0,8.0,0.47058824,9.0,0.5294118,9.0,0.5294118,0.11764706,3.057476,4.0,3.9068906,3.0,0.0,0.1764706,0.0,0.6666667,0.8719723,0.0,0.0,0.0,15.0,8.5,6.5,0.0,0.0,2.9232314,0.0,5.125625,0.6508171,1.4705882
worlds-flying.cx,nymaim,16.0,13.0,2.0,0.0,0.0,14.0,0.93333334,1.0,0.06666667,2.0,0.13333334,12.0,0.8,14.0,0.93333334,0.2,3.7735572,3.807355,3.7004397,4.0,0.0,0.26666668,0.0,0.071428575,0.92444444,0.0,0.0,0.0,13.0,7.5,5.5,0.0,0.0,3.5465937,0.0,7.4092855,0.86355865,1.5333333
reproductive-feelings.kz,nymaim,24.0,21.0,2.0,0.0,0.0,22.0,0.95652175,1.0,0.04347826,8.0,0.3478261,14.0,0.6086956,18.0,0.7826087,0.3043478,4.001823,4.4594316,4.3923173,5.0,0.0,0.2173913,0.0,0.16666667,0.92627597,0.0,0.0,0.0,21.0,11.5,9.5,0.0,0.0,3.8208888,0.0,6.2804546,0.48398343,1.3478261
standings-harry.tm,nymaim,18.0,15.0,2.0,0.0,0.0,16.0,0.9411765,1.0,0.05882353,3.0,0.1764706,13.0,0.7647059,12.0,0.7058824,0.1764706,3.4992275,4.0,3.9068906,5.0,0.0,0.29411766,0.0,0.41666666,0.90657437,0.0,0.0,0.0,15.0,8.5,6.5,0.0,0.0,3.3735573,0.0,5.389375,0.62506676,1.4705882
readingeditors.eu,nymaim,17.0,14.0,2.0,0.0,0.0,16.0,1.0,0.0,0.0,8.0,0.5,8.0,0.5,11.0,0.6875,0.375,3.3278196,3.7735572,3.807355,2.0,0.0,0.125,0.0,0.36363637,0.890625,0.0,0.0,0.0,14.0,8.0,6.0,1.0,0.0,3.2359264,0.0,3.038,0.49918917,1.5
verde-contributor.mo,nymaim,20.0,17.0,2.0,0.0,0.0,18.0,0.94736844,1.0,0.05263158,7.0,0.36842105,11.0,0.57894737,13.0,0.68421054,0.2631579,3.5368867,4.169925,4.087463,3.0,0.0,0.15789473,0.0,0.30769232,0.9030471,0.0,0.0,0.0,17.0,9.5,7.5,0.0,0.0,3.4548223,0.0,5.1883335,0.6196089,1.4210526
underlying-massage.org,nymaim,22.0,18.0,2.0,0.0,0.0,20.0,0.95238096,1.0,0.04761905,7.0,0.33333334,13.0,0.61904764,14.0,0.6666667,0.23809524,3.6897037,4.321928,4.2479277,3.0,0.0,0.14285715,0.0,0.42857143,0.9160998,0.0,0.0,0.0,18.0,10.5,7.5,1.0,0.0,3.6143694,0.0,4.953,0.49485478,1.3809524
transmitoffensive.ht,nymaim,20.0,17.0,2.0,0.0,0.0,19.0,1.0,0.0,0.0,6.0,0.31578946,13.0,0.68421054,12.0,0.6315789,0.2631579,3.4713545,4.058814,4.087463,3.0,0.0,0.15789473,0.0,0.5,0.9030471,0.0,0.0,0.0,17.0,9.5,7.5,0.0,0.0,3.3815806,0.0,5.261667,0.581685,1.4210526
traydisorder.biz,nymaim,16.0,12.0,2.0,0.0,0.0,15.0,1.0,0.0,0.0,5.0,0.33333334,10.0,0.6666667,11.0,0.73333335,0.33333334,3.3232315,3.807355,3.7004397,2.0,0.0,0.13333334,0.0,0.27272728,0.8888889,0.0,0.0,0.0,12.0,7.5,4.5,1.0,0.0,3.0220551,0.0,5.412857,0.8384798,1.5333333
sharkliechtenstein.kr,nymaim,21.0,18.0,2.0,0.0,0.0,20.0,1.0,0.0,0.0,6.0,0.3,14.0,0.7,11.0,0.55,0.25,3.3841836,4.1426644,4.169925,3.0,0.0,0.15,0.0,0.72727275,0.9,0.0,0.0,0.0,18.0,10.0,8.0,0.0,0.0,3.350209,0.0,5.7957892,0.59414923,1.4
unixpersonality.ht,nymaim,18.0,15.0,2.0,0.0,0.0,17.0,1.0,0.0,0.0,6.0,0.3529412,11.0,0.64705884,14.0,0.8235294,0.11764706,3.7345216,4.0,3.9068906,4.0,0.0,0.23529412,0.0,0.21428572,0.9204152,0.0,0.0,0.0,15.0,8.5,6.5,0.0,0.0,3.640224,0.0,5.15375,0.48677918,1.4705882
remindgilbert.ki,nymaim,16.0,13.0,2.0,0.0,0.0,15.0,1.0,0.0,0.0,5.0,0.33333334,10.0,0.6666667,11.0,0.73333335,0.26666668,3.3232315,3.807355,3.7004397,3.0,0.0,0.2,0.0,0.27272728,0.8888889,0.0,0.0,0.0,13.0,7.5,5.5,0.0,0.0,3.2389011,0.0,4.865,0.76387227,1.5333333
savernightlife.xyz,nymaim,18.0,14.0,2.0,0.0,0.0,17.0,1.0,0.0,0.0,5.0,0.29411766,12.0,0.7058824,15.0,0.88235295,0.23529412,3.8521688,4.0,3.9068906,4.0,0.0,0.23529412,0.0,0.13333334,0.9273356,0.0,0.0,0.0,14.0,8.5,5.5,1.0,0.0,3.5216405,0.0,7.564375,0.72085834,1.4705882
televisionsmedal.am,nymaim,19.0,16.0,2.0,0.0,0.0,18.0,1.0,0.0,0.0,8.0,0.44444445,10.0,0.5555556,11.0,0.6111111,0.33333334,3.350209,4.087463,4.0,3.0,0.0,0.16666667,0.0,0.54545456,0.89506173,0.0,0.0,0.0,16.0,9.0,7.0,0.0,0.0,3.3278196,0.0,3.7770588,0.5441748,1.4444444
tonynorton.li,nymaim,13.0,10.0,2.0,0.0,0.0,12.0,1.0,0.0,0.0,4.0,0.33333334,8.0,0.6666667,7.0,0.5833333,0.0,2.6258147,3.0957952,3.121928,3.0,0.0,0.25,0.0,0.42857143,0.8194444,0.0,0.0,0.0,10.0,6.0,4.0,0.0,0.0,2.1709507,0.0,4.5045457,1.005556,1.6666666
refined-designated.tj,nymaim,21.0,18.0,2.0,0.0,0.0,19.0,0.95,1.0,0.05,7.0,0.35,12.0,0.6,12.0,0.6,0.45,3.3841836,4.1426644,4.169925,3.0,0.0,0.15,0.0,0.41666666,0.89,0.0,0.0,0.0,18.0,10.0,8.0,0.0,0.0,3.2390978,0.0,5.213158,0.7072698,1.4
witnessmovements.de,nymaim,19.0,16.0,2.0,0.0,0.0,18.0,1.0,0.0,0.0,6.0,0.33333334,12.0,0.6666667,10.0,0.5555556,0.2777778,3.127987,4.087463,4.0,4.0,0.0,0.22222222,0.0,0.5,0.8703704,0.0,0.0,0.0,16.0,9.0,7.0,1.0,0.0,3.0306392,0.0,5.3888235,0.7286318,1.4444444
servedintro.net,nymaim,15.0,11.0,2.0,0.0,0.0,14.0,1.0,0.0,0.0,5.0,0.35714287,9.0,0.64285713,9.0,0.64285713,0.2857143,3.0391486,3.7004397,3.5849626,3.0,0.0,0.21428572,0.0,0.44444445,0.86734694,0.0,0.0,0.0,11.0,7.0,4.0,1.0,0.0,3.0957952,0.0,3.2323077,0.68379563,1.5714285
shown-intranet.by,nymaim,17.0,14.0,2.0,0.0,0.0,15.0,0.9375,1.0,0.0625,4.0,0.25,11.0,0.6875,13.0,0.8125,0.1875,3.5778196,3.9068906,3.807355,3.0,0.0,0.1875,0.0,0.15384616,0.90625,0.0,0.0,0.0,14.0,8.0,6.0,0.0,0.0,3.324863,0.0,5.733333,0.60380125,1.5
sporting-keen.co,nymaim,16.0,13.0,2.0,0.0,0.0,14.0,0.93333334,1.0,0.06666667,5.0,0.33333334,9.0,0.6,12.0,0.8,0.2,3.5068905,3.807355,3.7004397,2.0,0.0,0.13333334,0.0,0.25,0.9066667,0.0,0.0,0.0,13.0,7.5,5.5,1.0,0.0,3.3927474,0.0,5.185,0.6274119,1.5333333
switch-ecology.tf,nymaim,17.0,14.0,2.0,0.0,0.0,15.0,0.9375,1.0,0.0625,4.0,0.25,11.0,0.6875,13.0,0.8125,0.25,3.625,3.9068906,3.807355,4.0,0.0,0.25,0.0,0.23076923,0.9140625,0.0,0.0,0.0,14.0,8.0,6.0,0.0,0.0,3.5216405,0.0,7.371333,0.75008184,1.5
theta-passive.vn,nymaim,16.0,13.0,2.0,0.0,0.0,14.0,0.93333334,1.0,0.06666667,5.0,0.33333334,9.0,0.6,10.0,0.6666667,0.26666668,3.240224,3.807355,3.7004397,2.0,0.0,0.13333334,0.0,0.5,0.8888889,0.0,0.0,0.0,13.0,7.5,5.5,0.0,0.0,3.085055,0.0,4.552857,0.84849244,1.5333333
rush-message.name,nymaim,17.0,12.0,2.0,0.0,0.0,15.0,0.9375,1.0,0.0625,6.0,0.375,9.0,0.5625,10.0,0.625,0.3125,3.1556392,3.7735572,3.807355,2.0,0.0,0.125,0.0,0.4,0.875,0.0,0.0,0.0,12.0,8.0,4.0,0.0,0.0,3.0220551,0.0,5.0693336,0.77404755,1.5
tigerfinish.com,nymaim,15.0,11.0,2.0,0.0,0.0,14.0,1.0,0.0,0.0,5.0,0.35714287,9.0,0.64285713,12.0,0.85714287,0.21428572,3.46772,3.7004397,3.5849626,3.0,0.0,0.21428572,0.0,0.083333336,0.8979592,0.0,0.0,0.0,11.0,7.0,4.0,1.0,0.0,3.0271692,0.0,5.4661536,0.63374007,1.5714285
strict-injured.dk,nymaim,17.0,14.0,2.0,0.0,0.0,15.0,0.9375,1.0,0.0625,4.0,0.25,11.0,0.6875,12.0,0.75,0.25,3.5,3.9068906,3.807355,3.0,0.0,0.1875,0.0,0.33333334,0.90625,0.0,0.0,0.0,14.0,8.0,6.0,0.0,0.0,3.3787835,0.0,5.732,0.79621583,1.5
visit-pins.pro,nymaim,14.0,10.0,2.0,0.0,0.0,12.0,0.9230769,1.0,0.07692308,4.0,0.30769232,8.0,0.61538464,9.0,0.6923077,0.0,3.0269868,3.5849626,3.4594316,4.0,0.0,0.30769232,0.0,0.33333334,0.8639053,0.0,0.0,0.0,10.0,6.5,3.5,0.0,0.0,2.6464393,0.0,4.1583333,1.0400699,1.6153846
sail-mounting.su,nymaim,16.0,13.0,2.0,0.0,0.0,14.0,0.93333334,1.0,0.06666667,6.0,0.4,8.0,0.53333336,11.0,0.73333335,0.06666667,3.3735573,3.807355,3.7004397,3.0,0.0,0.2,0.0,0.36363637,0.8977778,0.0,0.0,0.0,13.0,7.5,5.5,0.0,0.0,3.3927474,0.0,5.379286,0.7008102,1.5333333
turn-harvey.dk,nymaim,14.0,11.0,2.0,0.0,0.0,12.0,0.9230769,1.0,0.07692308,3.0,0.23076923,9.0,0.6923077,12.0,0.9230769,0.23076923,3.5465937,3.5849626,3.4594316,3.0,0.0,0.23076923,0.0,0.083333336,0.9112426,0.0,0.0,0.0,11.0,6.5,4.5,0.0,0.0,3.2776134,0.0,7.3783336,0.8582158,1.6153846
spaces-investigations.com,nymaim,25.0,21.0,2.0,0.0,0.0,23.0,0.9583333,1.0,0.041666668,9.0,0.375,14.0,0.5833333,13.0,0.5416667,0.25,3.5535088,4.349649,4.4594316,3.0,0.0,0.125,0.0,0.61538464,0.90625,0.0,0.0,0.0,21.0,12.0,9.0,1.0,0.0,3.4039896,0.0,4.576522,0.5112911,1.3333334
younger-inline.am,nymaim,17.0,14.0,2.0,0.0,0.0,15.0,0.9375,1.0,0.0625,7.0,0.4375,8.0,0.5,12.0,0.75,0.1875,3.4528196,3.7735572,3.807355,2.0,0.0,0.125,0.0,0.25,0.8984375,0.0,0.0,0.0,14.0,8.0,6.0,0.0,0.0,3.182006,0.0,4.6053333,0.6247623,1.5
widespread-nation.net,nymaim,21.0,17.0,2.0,0.0,0.0,19.0,0.95,1.0,0.05,8.0,0.4,11.0,0.55,12.0,0.6,0.35,3.4464393,4.2479277,4.169925,3.0,0.0,0.15,0.0,0.5,0.9,0.0,0.0,0.0,17.0,10.0,7.0,1.0,0.0,3.4992275,0.0,4.222105,0.5069972,1.4
solely-mentioned.ru,nymaim,19.0,16.0,2.0,0.0,0.0,17.0,0.9444444,1.0,0.055555556,7.0,0.3888889,10.0,0.5555556,13.0,0.7222222,0.22222222,3.5724313,4.087463,4.0,2.0,0.0,0.11111111,0.0,0.30769232,0.9074074,0.0,0.0,0.0,16.0,9.0,7.0,1.0,0.0,3.3278196,0.0,4.4111767,0.4729792,1.4444444
tnbakisbjdb.pw,nymaim,14.0,11.0,2.0,0.0,0.0,13.0,1.0,0.0,0.0,2.0,0.15384616,11.0,0.84615386,11.0,0.84615386,0.3846154,3.3346791,3.5849626,3.4594316,7.0,0.0,0.53846157,0.0,0.09090909,0.88757396,0.0,0.0,0.0,11.0,6.5,4.5,0.0,0.0,3.0271692,0.0,8.851666,1.2792677,1.6153846
startpixel.dk,nymaim,13.0,10.0,2.0,0.0,0.0,12.0,1.0,0.0,0.0,3.0,0.25,9.0,0.75,11.0,0.9166667,0.25,3.4182959,3.4594316,3.321928,3.0,0.0,0.25,0.0,0.09090909,0.9027778,0.0,0.0,0.0,10.0,6.0,4.0,0.0,0.0,3.121928,0.0,6.1645455,0.8121998,1.6666666
dedccfofmlkacmld.org,padcrypt,20.0,16.0,2.0,0.0,0.0,19.0,1.0,0.0,0.0,4.0,0.21052632,15.0,0.7894737,11.0,0.57894737,0.5263158,3.3263605,4.058814,4.087463,4.0,0.0,0.21052632,0.0,0.54545456,0.89196676,0.0,0.0,0.0,16.0,9.5,6.5,1.0,0.0,3.0306392,0.0,7.653333,0.9964178,1.4210526
fmcomaabfabkfoec.com,padcrypt,20.0,16.0,2.0,0.0,0.0,19.0,1.0,0.0,0.0,7.0,0.36842105,12.0,0.6315789,8.0,0.42105263,0.6315789,2.8913782,3.8365917,3.9698157,3.0,0.0,0.15789473,0.0,0.75,0.8587258,0.0,0.0,0.0,16.0,9.5,6.5,1.0,0.0,2.9056392,0.0,6.7005553,1.3637317,1.3157895
foffcdefbncfaofd.co.uk,padcrypt,22.0,16.0,3.0,0.0,0.0,20.0,1.0,0.0,0.0,6.0,0.3,14.0,0.7,10.0,0.5,0.7,2.9709506,4.1426644,4.169925,5.0,0.0,0.25,0.0,0.4,0.84,0.0,0.0,0.0,16.0,6.6666665,6.5996633,0.0,0.0,2.6556392,0.0,8.488421,1.4282334,1.4
macnceabkddaaacb.cc,padcrypt,19.0,16.0,2.0,0.0,0.0,18.0,1.0,0.0,0.0,6.0,0.33333334,12.0,0.6666667,8.0,0.44444445,0.8333333,2.6577427,3.8521688,4.0,4.0,0.0,0.22222222,0.0,0.5,0.80864197,0.0,0.0,0.0,16.0,9.0,7.0,1.0,0.0,2.727217,0.0,7.5841174,1.3739028,1.4444444
dbdfcbckaocbdkek.com,padcrypt,20.0,16.0,2.0,0.0,0.0,19.0,1.0,0.0,0.0,4.0,0.21052632,15.0,0.7894737,9.0,0.47368422,0.68421054,2.97084,3.947703,4.087463,8.0,0.0,0.42105263,0.0,0.5555556,0.8587258,0.0,0.0,0.0,16.0,9.5,6.5,1.0,0.0,2.811278,0.0,8.942778,1.4784154,1.4210526
dffefklcffldffke.com,padcrypt,20.0,16.0,2.0,0.0,0.0,19.0,1.0,0.0,0.0,3.0,0.15789473,16.0,0.84210527,8.0,0.42105263,0.68421054,2.687323,3.6835423,3.9698157,11.0,0.0,0.57894737,0.0,0.75,0.8033241,0.0,0.0,0.0,16.0,9.5,6.5,1.0,0.0,2.2717822,0.0,8.872222,1.7491758,1.4210526
fflnbefcllcclbkb.com,padcrypt,20.0,16.0,2.0,0.0,0.0,19.0,1.0,0.0,0.0,2.0,0.10526316,17.0,0.8947368,9.0,0.47368422,0.57894737,2.9053078,4.058814,4.087463,11.0,0.0,0.57894737,0.0,0.44444445,0.8476454,0.0,0.0,0.0,16.0,9.5,6.5,1.0,0.0,2.6084585,0.0,8.258889,1.5118086,1.4210526
lcbdnbfbaloakmad.org,padcrypt,20.0,16.0,2.0,0.0,0.0,19.0,1.0,0.0,0.0,5.0,0.2631579,14.0,0.7368421,12.0,0.6315789,0.5263158,3.4316235,4.169925,4.087463,8.0,0.0,0.42105263,0.0,0.41666666,0.89750695,0.0,0.0,0.0,16.0,9.5,6.5,1.0,0.0,3.1556392,0.0,7.3616667,0.9305625,1.4210526
afabbnodaodfccab.com,padcrypt,20.0,16.0,2.0,0.0,0.0,19.0,1.0,0.0,0.0,7.0,0.36842105,12.0,0.6315789,8.0,0.42105263,0.7368421,2.8655767,3.947703,4.087463,4.0,0.0,0.21052632,0.0,0.75,0.8531856,0.0,0.0,0.0,16.0,9.5,6.5,1.0,0.0,2.7028196,0.0,7.8705554,1.291252,1.4210526
dkkfldofednfcdkc.com,padcrypt,20.0,16.0,2.0,0.0,0.0,19.0,1.0,0.0,0.0,3.0,0.15789473,16.0,0.84210527,9.0,0.47368422,0.57894737,2.97084,4.058814,4.087463,8.0,0.0,0.42105263,0.0,0.5555556,0.8587258,0.0,0.0,0.0,16.0,9.5,6.5,1.0,0.0,2.7806392,0.0,8.465,1.4195559,1.4210526
fddlbcaaocoeadad.website,padcrypt,24.0,16.0,2.0,0.0,0.0,23.0,1.0,0.0,0.0,10.0,0.4347826,13.0,0.5652174,12.0,0.5217391,0.6956522,3.360306,4.3685226,4.3923173,6.0,0.0,0.26086956,0.0,0.5,0.8884688,0.0,0.0,0.0,16.0,11.5,4.5,0.0,0.0,2.75,0.0,7.1427274,0.7229694,1.3478261
mkafofnnbceffdfa.co.uk,padcrypt,22.0,16.0,3.0,0.0,0.0,20.0,1.0,0.0,0.0,6.0,0.3,14.0,0.7,11.0,0.55,0.6,3.241446,4.2479277,4.169925,5.0,0.0,0.25,0.0,0.54545456,0.875,0.0,0.0,0.0,16.0,6.6666665,6.5996633,0.0,0.0,3.0243974,0.0,8.164737,1.211773,1.4
odcfbbaaadbefaff.org,padcrypt,20.0,16.0,2.0,0.0,0.0,19.0,1.0,0.0,0.0,7.0,0.36842105,12.0,0.6315789,9.0,0.47368422,0.7894737,2.9450388,4.058814,4.087463,5.0,0.0,0.2631579,0.0,0.5555556,0.8531856,0.0,0.0,0.0,16.0,9.5,6.5,1.0,0.0,2.5778196,0.0,8.169444,1.3134387,1.4210526
doclaandcfdaaadf.eu,padcrypt,19.0,16.0,2.0,0.0,0.0,18.0,1.0,0.0,0.0,8.0,0.44444445,10.0,0.5555556,9.0,0.5,0.7777778,2.8582783,3.8077636,4.0,5.0,0.0,0.2777778,0.0,0.44444445,0.8333333,0.0,0.0,0.0,16.0,9.0,7.0,1.0,0.0,2.5243974,0.0,7.251765,1.0898582,1.4444444
lblkllbeconobdcm.com,padcrypt,20.0,16.0,2.0,0.0,0.0,19.0,1.0,0.0,0.0,4.0,0.21052632,15.0,0.7894737,9.0,0.47368422,0.42105263,2.97084,3.947703,4.087463,7.0,0.0,0.36842105,0.0,0.5555556,0.8587258,0.0,0.0,0.0,16.0,9.5,6.5,1.0,0.0,2.9528196,0.0,6.7705555,1.2448144,1.4210526
bfcnffccanednkbc.online,padcrypt,23.0,16.0,2.0,0.0,0.0,22.0,1.0,0.0,0.0,5.0,0.22727273,17.0,0.77272725,11.0,0.5,0.59090906,3.1701348,4.2018414,4.321928,8.0,0.0,0.36363637,0.0,0.45454547,0.8677686,0.0,0.0,0.0,16.0,11.0,5.0,1.0,0.0,2.7806392,0.0,6.7485714,1.0755438,1.3636364
fdabfbklkcfnbkef.de,padcrypt,19.0,16.0,2.0,0.0,0.0,18.0,1.0,0.0,0.0,3.0,0.16666667,15.0,0.8333333,9.0,0.5,0.7222222,2.9749374,3.8521688,4.0,11.0,0.0,0.6111111,0.0,0.5555556,0.8580247,0.0,0.0,0.0,16.0,9.0,7.0,1.0,0.0,2.9056392,0.0,9.201177,1.580345,1.4444444
abbakbmcdanbdbdn.cc,padcrypt,19.0,16.0,2.0,0.0,0.0,18.0,1.0,0.0,0.0,3.0,0.16666667,15.0,0.8333333,7.0,0.3888889,0.7777778,2.6213527,3.9698157,4.0,8.0,0.0,0.44444445,0.0,0.71428573,0.82098764,0.0,0.0,0.0,16.0,9.0,7.0,1.0,0.0,2.5550365,0.0,8.792941,1.647761,1.4444444
kcndbebaoknadcaa.com,padcrypt,20.0,16.0,2.0,0.0,0.0,19.0,1.0,0.0,0.0,7.0,0.36842105,12.0,0.6315789,9.0,0.47368422,0.6315789,3.0503018,4.169925,4.087463,5.0,0.0,0.2631579,0.0,0.7777778,0.8698061,0.0,0.0,0.0,16.0,9.5,6.5,1.0,0.0,2.875,0.0,6.635,1.0774473,1.4210526
afadefomeabcbcnc.co.uk,padcrypt,22.0,16.0,3.0,0.0,0.0,20.0,1.0,0.0,0.0,8.0,0.4,12.0,0.6,11.0,0.55,0.7,3.2841837,4.1426644,4.169925,7.0,0.0,0.35,0.0,0.54545456,0.885,0.0,0.0,0.0,16.0,6.6666665,6.5996633,0.0,0.0,3.0306392,0.0,6.6694736,0.995276,1.4
bobledconcbbkmbo.co.uk,padcrypt,22.0,16.0,3.0,0.0,0.0,20.0,1.0,0.0,0.0,6.0,0.3,14.0,0.7,10.0,0.5,0.5,3.0037017,4.037401,4.169925,7.0,0.0,0.35,0.0,0.4,0.85,0.0,0.0,0.0,16.0,6.6666665,6.5996633,0.0,0.0,2.852217,0.0,6.7352633,1.3632168,1.4
afockbeeaobaeaca.co.uk,padcrypt,22.0,16.0,3.0,0.0,0.0,20.0,1.0,0.0,0.0,12.0,0.6,8.0,0.4,8.0,0.4,0.7,2.828213,4.037401,4.169925,3.0,0.0,0.15,0.0,0.75,0.845,0.0,0.0,0.0,16.0,6.6666665,6.5996633,0.0,0.0,2.602217,0.0,5.8126316,1.1576813,1.4
mconacobbbdekdfa.online,padcrypt,23.0,16.0,2.0,0.0,0.0,22.0,1.0,0.0,0.0,8.0,0.36363637,14.0,0.6363636,12.0,0.54545456,0.54545456,3.4474015,4.106603,4.321928,4.0,0.0,0.18181819,0.0,0.5833333,0.90082645,0.0,0.0,0.0,16.0,11.0,5.0,1.0,0.0,3.2028196,0.0,6.187619,0.7820224,1.3636364
kmkcedmccfkaladc.website,padcrypt,24.0,16.0,2.0,0.0,0.0,23.0,1.0,0.0,0.0,6.0,0.26086956,17.0,0.73913044,13.0,0.5652174,0.5652174,3.5013978,4.4594316,4.3923173,6.0,0.0,0.26086956,0.0,0.46153846,0.89981097,0.0,0.0,0.0,16.0,11.5,4.5,0.0,0.0,2.8278196,0.0,7.355,0.8790073,1.3478261
akflbalnnnoclcna.online,padcrypt,23.0,16.0,2.0,0.0,0.0,22.0,1.0,0.0,0.0,7.0,0.3181818,15.0,0.6818182,10.0,0.45454547,0.36363637,2.992856,4.2970796,4.321928,4.0,0.0,0.18181819,0.0,0.5,0.8471074,0.0,0.0,0.0,16.0,11.0,5.0,1.0,0.0,2.7806392,0.0,6.766667,0.9342597,1.3636364
acflncbanfaacelb.org,padcrypt,20.0,16.0,2.0,0.0,0.0,19.0,1.0,0.0,0.0,6.0,0.31578946,13.0,0.68421054,10.0,0.5263158,0.6315789,3.155565,4.058814,4.087463,6.0,0.0,0.31578946,0.0,0.6,0.87534624,0.0,0.0,0.0,16.0,9.5,6.5,1.0,0.0,2.7028196,0.0,7.2455554,0.99171716,1.4210526
dbdalbaclcnlfobd.org,padcrypt,20.0,16.0,2.0,0.0,0.0,19.0,1.0,0.0,0.0,4.0,0.21052632,15.0,0.7894737,10.0,0.5263158,0.57894737,3.1813664,4.058814,4.087463,6.0,0.0,0.31578946,0.0,0.6,0.88088644,0.0,0.0,0.0,16.0,9.5,6.5,1.0,0.0,2.8584585,0.0,7.1327777,1.0804154,1.4210526
cbbcdbkaamedcaad.online,padcrypt,23.0,16.0,2.0,0.0,0.0,22.0,1.0,0.0,0.0,8.0,0.36363637,14.0,0.6363636,11.0,0.5,0.6818182,3.2655833,4.2970796,4.321928,7.0,0.0,0.3181818,0.0,0.54545456,0.88429755,0.0,0.0,0.0,16.0,11.0,5.0,1.0,0.0,2.6084585,0.0,6.621905,0.89166415,1.3636364
eaclalccablnclka.com,padcrypt,20.0,16.0,2.0,0.0,0.0,19.0,1.0,0.0,0.0,6.0,0.31578946,13.0,0.68421054,9.0,0.47368422,0.57894737,2.7947886,3.947703,4.087463,6.0,0.0,0.31578946,0.0,0.33333334,0.82548475,0.0,0.0,0.0,16.0,9.5,6.5,1.0,0.0,2.5,0.0,5.611111,1.1845273,1.4210526
nacfamfmcddcmbnk.org,padcrypt,20.0,16.0,2.0,0.0,0.0,19.0,1.0,0.0,0.0,3.0,0.15789473,16.0,0.84210527,11.0,0.57894737,0.5263158,3.3263605,4.169925,4.087463,11.0,0.0,0.57894737,0.0,0.54545456,0.89196676,0.0,0.0,0.0,16.0,9.5,6.5,1.0,0.0,2.9056392,0.0,8.505,1.0714215,1.4210526
kmlbenmfmdnadaaf.net,padcrypt,20.0,16.0,2.0,0.0,0.0,19.0,1.0,0.0,0.0,5.0,0.2631579,14.0,0.7368421,10.0,0.5263158,0.5263158,3.1813664,4.169925,4.087463,6.0,0.0,0.31578946,0.0,0.6,0.88088644,0.0,0.0,0.0,16.0,9.5,6.5,1.0,0.0,3.0306392,0.0,7.71,0.96258307,1.4210526
dccmcdcoffkkddac.co,padcrypt,19.0,16.0,2.0,0.0,0.0,18.0,1.0,0.0,0.0,3.0,0.16666667,15.0,0.8333333,7.0,0.3888889,0.7222222,2.530493,3.7345216,4.0,7.0,0.0,0.3888889,0.0,0.71428573,0.7962963,0.0,0.0,0.0,16.0,9.0,7.0,1.0,0.0,2.5243974,0.0,8.7576475,1.7143785,1.4444444
lkalcfaocmkadadl.com,padcrypt,20.0,16.0,2.0,0.0,0.0,19.0,1.0,0.0,0.0,6.0,0.31578946,13.0,0.68421054,8.0,0.42105263,0.5263158,2.9053078,3.8365917,4.087463,3.0,0.0,0.15789473,0.0,0.875,0.8587258,0.0,0.0,0.0,16.0,9.5,6.5,1.0,0.0,2.8278196,0.0,7.778333,1.2093794,1.4210526
fffbeamdanenbfll.info,padcrypt,21.0,16.0,2.0,0.0,0.0,20.0,1.0,0.0,0.0,6.0,0.3,14.0,0.7,10.0,0.5,0.6,3.1037016,4.1426644,4.169925,5.0,0.0,0.25,0.0,0.6,0.865,0.0,0.0,0.0,16.0,10.0,6.0,1.0,0.0,2.875,0.0,6.591579,1.1360021,1.4
eadbdabadmldndab.com,padcrypt,20.0,16.0,2.0,0.0,0.0,19.0,1.0,0.0,0.0,6.0,0.31578946,13.0,0.68421054,9.0,0.47368422,0.7368421,2.8603208,3.8365917,3.9698157,6.0,0.0,0.31578946,0.0,0.44444445,0.8365651,0.0,0.0,0.0,16.0,9.5,6.5,1.0,0.0,2.477217,0.0,6.5816665,1.1971669,1.3157895
edkoackdaaabmeem.com,padcrypt,20.0,16.0,2.0,0.0,0.0,19.0,1.0,0.0,0.0,9.0,0.47368422,10.0,0.5263158,8.0,0.42105263,0.6315789,2.9053078,4.058814,4.087463,3.0,0.0,0.15789473,0.0,0.875,0.8587258,0.0,0.0,0.0,16.0,9.5,6.5,1.0,0.0,2.8278196,0.0,7.3505554,1.0918362,1.4210526
bboemacefccdbaff.com,padcrypt,20.0,16.0,2.0,0.0,0.0,19.0,1.0,0.0,0.0,6.0,0.31578946,13.0,0.68421054,8.0,0.42105263,0.7894737,2.9053078,4.058814,4.087463,5.0,0.0,0.2631579,0.0,0.875,0.8587258,0.0,0.0,0.0,16.0,9.5,6.5,1.0,0.0,2.8584585,0.0,7.4227777,1.3777747,1.4210526
dakfoaboddafdcln.de,padcrypt,19.0,16.0,2.0,0.0,0.0,18.0,1.0,0.0,0.0,6.0,0.33333334,12.0,0.6666667,10.0,0.5555556,0.7222222,3.0385623,3.9698157,4.0,6.0,0.0,0.33333334,0.0,0.4,0.8518519,0.0,0.0,0.0,16.0,9.0,7.0,1.0,0.0,2.9528196,0.0,8.015294,1.106621,1.4444444
ldacndedamfombaf.co.uk,padcrypt,22.0,16.0,3.0,0.0,0.0,20.0,1.0,0.0,0.0,7.0,0.35,13.0,0.65,12.0,0.6,0.6,3.4464393,4.1426644,4.169925,3.0,0.0,0.15,0.0,0.5,0.9,0.0,0.0,0.0,16.0,6.6666665,6.5996633,0.0,0.0,3.1556392,0.0,6.3336844,0.8648935,1.4
dkdblfomadfbfacm.info,padcrypt,21.0,16.0,2.0,0.0,0.0,20.0,1.0,0.0,0.0,5.0,0.25,15.0,0.75,11.0,0.55,0.6,3.2841837,4.1426644,4.169925,6.0,0.0,0.3,0.0,0.54545456,0.885,0.0,0.0,0.0,16.0,10.0,6.0,1.0,0.0,3.0306392,0.0,6.8505263,1.166538,1.4
ckcldaanoeclcdfa.eu,padcrypt,19.0,16.0,2.0,0.0,0.0,18.0,1.0,0.0,0.0,7.0,0.3888889,11.0,0.6111111,10.0,0.5555556,0.6666667,3.127987,3.9698157,4.0,5.0,0.0,0.2777778,0.0,0.5,0.8703704,0.0,0.0,0.0,16.0,9.0,7.0,1.0,0.0,2.9528196,0.0,8.102353,0.9461421,1.4444444
ffdadfbclnocbbdb.com,padcrypt,20.0,16.0,2.0,0.0,0.0,19.0,1.0,0.0,0.0,3.0,0.15789473,16.0,0.84210527,9.0,0.47368422,0.7368421,2.97084,4.058814,4.087463,6.0,0.0,0.31578946,0.0,0.5555556,0.8587258,0.0,0.0,0.0,16.0,9.5,6.5,1.0,0.0,2.7806392,0.0,7.9194446,1.4673053,1.4210526
cbcbnfmadacndcbd.online,padcrypt,23.0,16.0,2.0,0.0,0.0,22.0,1.0,0.0,0.0,5.0,0.22727273,17.0,0.77272725,11.0,0.5,0.6363636,3.2089872,4.165894,4.321928,7.0,0.0,0.3181818,0.0,0.45454547,0.87603307,0.0,0.0,0.0,16.0,11.0,5.0,1.0,0.0,2.6556392,0.0,6.9071426,1.0041506,1.3636364
mbaaadmcfdkeamdn.com,padcrypt,20.0,16.0,2.0,0.0,0.0,19.0,1.0,0.0,0.0,6.0,0.31578946,13.0,0.68421054,10.0,0.5263158,0.6315789,3.0503018,4.058814,4.087463,6.0,0.0,0.31578946,0.0,0.4,0.8587258,0.0,0.0,0.0,16.0,9.5,6.5,1.0,0.0,2.9056392,0.0,7.763889,1.1114628,1.4210526
bmfccknkbccfdkom.co,padcrypt,19.0,16.0,2.0,0.0,0.0,18.0,1.0,0.0,0.0,2.0,0.11111111,16.0,0.8888889,8.0,0.44444445,0.5555556,2.8163402,3.9698157,4.0,14.0,0.0,0.7777778,0.0,0.75,0.83950615,0.0,0.0,0.0,16.0,9.0,7.0,1.0,0.0,2.8278196,0.0,9.185294,1.6878437,1.4444444
lkcacedaldbdlfbm.online,padcrypt,23.0,16.0,2.0,0.0,0.0,22.0,1.0,0.0,0.0,6.0,0.27272728,16.0,0.72727275,12.0,0.54545456,0.54545456,3.4251184,4.3923173,4.321928,8.0,0.0,0.36363637,0.0,0.5833333,0.89669424,0.0,0.0,0.0,16.0,11.0,5.0,1.0,0.0,3.0306392,0.0,6.5352383,0.8105817,1.3636364
adadccmmlaebfaom.org,padcrypt,20.0,16.0,2.0,0.0,0.0,19.0,1.0,0.0,0.0,7.0,0.36842105,12.0,0.6315789,11.0,0.57894737,0.57894737,3.2608283,4.058814,4.087463,6.0,0.0,0.31578946,0.0,0.45454547,0.88088644,0.0,0.0,0.0,16.0,9.5,6.5,1.0,0.0,2.9528196,0.0,7.713889,0.8755557,1.4210526
bkocodaoocfaaooo.info,padcrypt,21.0,16.0,2.0,0.0,0.0,20.0,1.0,0.0,0.0,12.0,0.6,8.0,0.4,9.0,0.45,0.45,2.6841838,3.787144,4.058814,2.0,0.0,0.1,0.0,0.44444445,0.785,0.0,0.0,0.0,16.0,10.0,6.0,1.0,0.0,2.3496017,0.0,8.29579,1.1916202,1.3
bmedldblnkdflflc.info,padcrypt,21.0,16.0,2.0,0.0,0.0,20.0,1.0,0.0,0.0,3.0,0.15,17.0,0.85,11.0,0.55,0.5,3.2464395,4.1426644,4.169925,13.0,0.0,0.65,0.0,0.45454547,0.88,0.0,0.0,0.0,16.0,10.0,6.0,1.0,0.0,2.9528196,0.0,8.1389475,1.1365284,1.4
cdfkoleolmoadcdb.com,padcrypt,20.0,16.0,2.0,0.0,0.0,19.0,1.0,0.0,0.0,6.0,0.31578946,13.0,0.68421054,10.0,0.5263158,0.5263158,3.115834,3.947703,4.087463,5.0,0.0,0.2631579,0.0,0.5,0.8698061,0.0,0.0,0.0,16.0,9.5,6.5,1.0,0.0,3.1556392,0.0,7.4533334,1.0725048,1.4210526
acebfflddomkdbcc.org,padcrypt,20.0,16.0,2.0,0.0,0.0,19.0,1.0,0.0,0.0,4.0,0.21052632,15.0,0.7894737,12.0,0.6315789,0.6315789,3.4316235,4.169925,4.087463,6.0,0.0,0.31578946,0.0,0.41666666,0.89750695,0.0,0.0,0.0,16.0,9.5,6.5,1.0,0.0,3.1556392,0.0,7.7094445,1.0250423,1.4210526
fafeencoclfkldbb.com,padcrypt,20.0,16.0,2.0,0.0,0.0,19.0,1.0,0.0,0.0,5.0,0.2631579,14.0,0.7368421,11.0,0.57894737,0.6315789,3.3263605,4.058814,4.087463,9.0,0.0,0.47368422,0.0,0.54545456,0.89196676,0.0,0.0,0.0,16.0,9.5,6.5,1.0,0.0,3.2028196,0.0,7.763889,1.0560963,1.4210526
aflbmammbbdafbnk.website,padcrypt,24.0,16.0,2.0,0.0,0.0,23.0,1.0,0.0,0.0,6.0,0.26086956,17.0,0.73913044,13.0,0.5652174,0.5652174,3.4314134,4.3685226,4.3923173,5.0,0.0,0.2173913,0.0,0.3846154,0.8884688,0.0,0.0,0.0,16.0,11.5,4.5,0.0,0.0,2.7806392,0.0,8.424091,1.0025035,1.3478261
ddafmnacebfammlb.org,padcrypt,20.0,16.0,2.0,0.0,0.0,19.0,1.0,0.0,0.0,5.0,0.2631579,14.0,0.7368421,12.0,0.6315789,0.57894737,3.4316235,4.169925,4.087463,4.0,0.0,0.21052632,0.0,0.41666666,0.89750695,0.0,0.0,0.0,16.0,9.5,6.5,1.0,0.0,3.0306392,0.0,8.116111,0.8958406,1.4210526
bnelflmaklcmaelc.de,padcrypt,19.0,16.0,2.0,0.0,0.0,18.0,1.0,0.0,0.0,5.0,0.2777778,13.0,0.7222222,10.0,0.5555556,0.5555556,3.127987,3.7345216,4.0,4.0,0.0,0.22222222,0.0,0.5,0.8703704,0.0,0.0,0.0,16.0,9.0,7.0,1.0,0.0,3.0,0.0,7.530588,0.9923802,1.4444444
ffbdknfekodbfnno.com,padcrypt,20.0,16.0,2.0,0.0,0.0,19.0,1.0,0.0,0.0,4.0,0.21052632,15.0,0.7894737,9.0,0.47368422,0.5263158,3.010571,4.169925,4.087463,7.0,0.0,0.36842105,0.0,0.6666667,0.8642659,0.0,0.0,0.0,16.0,9.5,6.5,1.0,0.0,2.7028196,0.0,8.624444,1.3833742,1.4210526
kfkmbbcncnbabfee.info,padcrypt,21.0,16.0,2.0,0.0,0.0,20.0,1.0,0.0,0.0,5.0,0.25,15.0,0.75,10.0,0.5,0.6,3.1464393,4.1426644,4.169925,11.0,0.0,0.55,0.0,0.6,0.875,0.0,0.0,0.0,16.0,10.0,6.0,1.0,0.0,2.875,0.0,8.58,1.2906115,1.4
oeabmoenbnnbfcmn.com,padcrypt,20.0,16.0,2.0,0.0,0.0,19.0,1.0,0.0,0.0,6.0,0.31578946,13.0,0.68421054,8.0,0.42105263,0.47368422,2.8655767,3.947703,4.087463,10.0,0.0,0.5263158,0.0,0.75,0.8531856,0.0,0.0,0.0,16.0,9.5,6.5,1.0,0.0,2.8278196,0.0,7.6605554,1.185158,1.4210526
oacblekmbdbdfkaf.org,padcrypt,20.0,16.0,2.0,0.0,0.0,19.0,1.0,0.0,0.0,5.0,0.2631579,14.0,0.7368421,12.0,0.6315789,0.57894737,3.4713545,4.058814,4.087463,8.0,0.0,0.42105263,0.0,0.5,0.9030471,0.0,0.0,0.0,16.0,9.5,6.5,1.0,0.0,3.2028196,0.0,8.111111,1.0369349,1.4210526
ealfeaaldddnakkb.eu,padcrypt,19.0,16.0,2.0,0.0,0.0,18.0,1.0,0.0,0.0,8.0,0.44444445,10.0,0.5555556,9.0,0.5,0.6666667,2.9749374,3.7345216,4.0,5.0,0.0,0.2777778,0.0,0.5555556,0.8580247,0.0,0.0,0.0,16.0,9.0,7.0,1.0,0.0,2.8278196,0.0,7.477647,1.0579141,1.4444444
eakfkmdcabcfofdb.de,padcrypt,19.0,16.0,2.0,0.0,0.0,18.0,1.0,0.0,0.0,5.0,0.2777778,13.0,0.7222222,9.0,0.5,0.7777778,3.0860486,4.087463,4.0,6.0,0.0,0.33333334,0.0,0.7777778,0.8765432,0.0,0.0,0.0,16.0,9.0,7.0,1.0,0.0,3.0778196,0.0,7.9735293,1.3263079,1.4444444
kfnndcabbcecbcla.net,padcrypt,20.0,16.0,2.0,0.0,0.0,19.0,1.0,0.0,0.0,4.0,0.21052632,15.0,0.7894737,10.0,0.5263158,0.68421054,3.115834,4.058814,4.087463,6.0,0.0,0.31578946,0.0,0.5,0.8698061,0.0,0.0,0.0,16.0,9.5,6.5,1.0,0.0,2.9528196,0.0,6.1755557,1.1086464,1.4210526
occfldnbbcfabaam.info,padcrypt,21.0,16.0,2.0,0.0,0.0,20.0,1.0,0.0,0.0,6.0,0.3,14.0,0.7,10.0,0.5,0.65,3.1709507,4.1426644,4.169925,10.0,0.0,0.5,0.0,0.6,0.88,0.0,0.0,0.0,16.0,10.0,6.0,1.0,0.0,2.9834585,0.0,7.6778946,1.1357244,1.4
ofelemkkkakdbnbc.com,padcrypt,20.0,16.0,2.0,0.0,0.0,19.0,1.0,0.0,0.0,5.0,0.2631579,14.0,0.7368421,11.0,0.57894737,0.47368422,3.300559,4.058814,4.087463,7.0,0.0,0.36842105,0.0,0.54545456,0.88642657,0.0,0.0,0.0,16.0,9.5,6.5,1.0,0.0,3.25,0.0,8.093333,1.1477151,1.4210526
cdbladeblbaflfde.co.uk,padcrypt,22.0,16.0,3.0,0.0,0.0,20.0,1.0,0.0,0.0,6.0,0.3,14.0,0.7,10.0,0.5,0.7,3.208695,4.037401,4.169925,4.0,0.0,0.2,0.0,0.7,0.885,0.0,0.0,0.0,16.0,6.6666665,6.5996633,0.0,0.0,2.7334585,0.0,6.481579,1.1318662,1.4
mnoddoccfafmllbo.com,padcrypt,20.0,16.0,2.0,0.0,0.0,19.0,1.0,0.0,0.0,5.0,0.2631579,14.0,0.7368421,9.0,0.47368422,0.47368422,3.010571,4.058814,4.087463,5.0,0.0,0.2631579,0.0,0.6666667,0.8642659,0.0,0.0,0.0,16.0,9.5,6.5,1.0,0.0,3.0778196,0.0,8.014444,1.1746473,1.4210526
feonfbneafddabdo.com,padcrypt,20.0,16.0,2.0,0.0,0.0,19.0,1.0,0.0,0.0,7.0,0.36842105,12.0,0.6315789,9.0,0.47368422,0.68421054,3.0761032,4.169925,4.087463,4.0,0.0,0.21052632,0.0,0.7777778,0.87534624,0.0,0.0,0.0,16.0,9.5,6.5,1.0,0.0,2.7806392,0.0,6.9944444,1.0759766,1.4210526
kacfamknlnmllkan.com,padcrypt,20.0,16.0,2.0,0.0,0.0,19.0,1.0,0.0,0.0,4.0,0.21052632,15.0,0.7894737,8.0,0.42105263,0.31578946,2.8913782,4.058814,4.087463,9.0,0.0,0.47368422,0.0,0.75,0.8587258,0.0,0.0,0.0,16.0,9.5,6.5,1.0,0.0,2.686278,0.0,8.086111,1.2632185,1.4210526
aabcdnaenldakaca.com,padcrypt,20.0,16.0,2.0,0.0,0.0,19.0,1.0,0.0,0.0,8.0,0.42105263,11.0,0.57894737,10.0,0.5263158,0.68421054,2.97084,4.058814,4.087463,4.0,0.0,0.21052632,0.0,0.4,0.8365651,0.0,0.0,0.0,16.0,9.5,6.5,1.0,0.0,2.6556392,0.0,6.956111,0.9704291,1.4210526
bkdoabdfcebadbcc.eu,padcrypt,19.0,16.0,2.0,0.0,0.0,18.0,1.0,0.0,0.0,6.0,0.33333334,12.0,0.6666667,9.0,0.5,0.8333333,2.9749374,3.9698157,4.0,4.0,0.0,0.22222222,0.0,0.5555556,0.8580247,0.0,0.0,0.0,16.0,9.0,7.0,1.0,0.0,2.7806392,0.0,7.717647,1.3528323,1.4444444
oebndefbcckcdddc.com,padcrypt,20.0,16.0,2.0,0.0,0.0,19.0,1.0,0.0,0.0,4.0,0.21052632,15.0,0.7894737,9.0,0.47368422,0.7368421,2.9000516,3.947703,4.087463,11.0,0.0,0.57894737,0.0,0.5555556,0.84210527,0.0,0.0,0.0,16.0,9.5,6.5,1.0,0.0,2.75,0.0,8.371111,1.3436482,1.4210526
dnddbacdnnefaffk.cc,padcrypt,19.0,16.0,2.0,0.0,0.0,18.0,1.0,0.0,0.0,3.0,0.16666667,15.0,0.8333333,8.0,0.44444445,0.7777778,2.8218882,3.9698157,4.0,5.0,0.0,0.2777778,0.0,0.625,0.845679,0.0,0.0,0.0,16.0,9.0,7.0,1.0,0.0,2.7806392,0.0,8.357647,1.4052731,1.4444444
mnbadffeaambcaaa.com,padcrypt,20.0,16.0,2.0,0.0,0.0,19.0,1.0,0.0,0.0,8.0,0.42105263,11.0,0.57894737,9.0,0.47368422,0.7368421,2.8655767,3.9057646,4.087463,3.0,0.0,0.15789473,0.0,0.5555556,0.83102494,0.0,0.0,0.0,16.0,9.5,6.5,1.0,0.0,2.6556392,0.0,7.0233335,1.1896784,1.4210526
ennanfafmkadackl.com,padcrypt,20.0,16.0,2.0,0.0,0.0,19.0,1.0,0.0,0.0,6.0,0.31578946,13.0,0.68421054,10.0,0.5263158,0.5263158,3.155565,4.169925,4.087463,4.0,0.0,0.21052632,0.0,0.6,0.87534624,0.0,0.0,0.0,16.0,9.5,6.5,1.0,0.0,2.9528196,0.0,7.1905556,0.998968,1.4210526
lfobmfdmeedbdalb.com,padcrypt,20.0,16.0,2.0,0.0,0.0,19.0,1.0,0.0,0.0,5.0,0.2631579,14.0,0.7368421,9.0,0.47368422,0.6315789,3.0761032,4.169925,4.087463,5.0,0.0,0.2631579,0.0,0.7777778,0.87534624,0.0,0.0,0.0,16.0,9.5,6.5,1.0,0.0,2.9056392,0.0,7.3194447,1.2067692,1.4210526
emekmnldokoldafb.com,padcrypt,20.0,16.0,2.0,0.0,0.0,19.0,1.0,0.0,0.0,6.0,0.31578946,13.0,0.68421054,11.0,0.57894737,0.42105263,3.3263605,4.058814,4.087463,5.0,0.0,0.2631579,0.0,0.54545456,0.89196676,0.0,0.0,0.0,16.0,9.5,6.5,1.0,0.0,3.25,0.0,7.865556,0.9247782,1.4210526
medkfcdefkmefkce.co,padcrypt,19.0,16.0,2.0,0.0,0.0,18.0,1.0,0.0,0.0,5.0,0.2777778,13.0,0.7222222,7.0,0.3888889,0.6666667,2.710777,3.7345216,3.875,5.0,0.0,0.2777778,0.0,0.85714287,0.83950615,0.0,0.0,0.0,16.0,9.0,7.0,1.0,0.0,2.5306392,0.0,7.0258822,1.5370133,1.3333334
nlalffdeacecobmm.net,padcrypt,20.0,16.0,2.0,0.0,0.0,19.0,1.0,0.0,0.0,6.0,0.31578946,13.0,0.68421054,11.0,0.57894737,0.57894737,3.3660913,4.169925,4.087463,4.0,0.0,0.21052632,0.0,0.6363636,0.89750695,0.0,0.0,0.0,16.0,9.5,6.5,1.0,0.0,3.25,0.0,5.7683334,0.75898826,1.4210526
mdkakeeldeanfdnc.de,padcrypt,19.0,16.0,2.0,0.0,0.0,18.0,1.0,0.0,0.0,6.0,0.33333334,12.0,0.6666667,9.0,0.5,0.6666667,2.947703,3.9698157,4.0,6.0,0.0,0.33333334,0.0,0.5555556,0.8518519,0.0,0.0,0.0,16.0,9.0,7.0,1.0,0.0,3.0306392,0.0,7.757647,1.058072,1.4444444
kfccfaedfbknaccm.cc,padcrypt,19.0,16.0,2.0,0.0,0.0,18.0,1.0,0.0,0.0,3.0,0.16666667,15.0,0.8333333,9.0,0.5,0.7777778,2.8218882,3.8077636,4.0,5.0,0.0,0.2777778,0.0,0.44444445,0.82098764,0.0,0.0,0.0,16.0,9.0,7.0,1.0,0.0,2.9528196,0.0,8.740588,1.5628345,1.4444444
ebfabfoeabdffbma.info,padcrypt,21.0,16.0,2.0,0.0,0.0,20.0,1.0,0.0,0.0,8.0,0.4,12.0,0.6,9.0,0.45,0.75,2.9037018,3.932138,4.169925,6.0,0.0,0.3,0.0,0.5555556,0.845,0.0,0.0,0.0,16.0,10.0,6.0,1.0,0.0,2.5778196,0.0,7.478421,1.3729676,1.4
emmlcbafocodbfcb.website,padcrypt,24.0,16.0,2.0,0.0,0.0,23.0,1.0,0.0,0.0,7.0,0.3043478,16.0,0.6956522,13.0,0.5652174,0.6086956,3.5013978,4.3685226,4.3923173,6.0,0.0,0.26086956,0.0,0.46153846,0.89981097,0.0,0.0,0.0,16.0,11.5,4.5,0.0,0.0,3.0306392,0.0,7.5854545,0.87458366,1.3478261
cbfecdlbofcdllad.com,padcrypt,20.0,16.0,2.0,0.0,0.0,19.0,1.0,0.0,0.0,4.0,0.21052632,15.0,0.7894737,9.0,0.47368422,0.68421054,3.010571,3.947703,3.9698157,5.0,0.0,0.2631579,0.0,0.6666667,0.8642659,0.0,0.0,0.0,16.0,9.5,6.5,1.0,0.0,2.8584585,0.0,8.117222,1.2522382,1.3157895
fecbaeabdkcbadda.com,padcrypt,20.0,16.0,2.0,0.0,0.0,19.0,1.0,0.0,0.0,7.0,0.36842105,12.0,0.6315789,9.0,0.47368422,0.84210527,2.97084,3.947703,3.9698157,5.0,0.0,0.2631579,0.0,0.5555556,0.8587258,0.0,0.0,0.0,16.0,9.5,6.5,1.0,0.0,2.6556392,0.0,6.667778,1.2213242,1.3157895
fcaccbaddaoclccl.com,padcrypt,20.0,16.0,2.0,0.0,0.0,19.0,1.0,0.0,0.0,5.0,0.2631579,14.0,0.7368421,8.0,0.42105263,0.7368421,2.647592,3.8365917,3.9698157,6.0,0.0,0.31578946,0.0,0.625,0.7977839,0.0,0.0,0.0,16.0,9.5,6.5,1.0,0.0,2.4834585,0.0,6.8305554,1.4167248,1.3157895
caaddefooafonnlc.cc,padcrypt,19.0,16.0,2.0,0.0,0.0,18.0,1.0,0.0,0.0,7.0,0.3888889,11.0,0.6111111,8.0,0.44444445,0.6666667,2.8638263,3.8521688,4.0,6.0,0.0,0.33333334,0.0,0.75,0.8518519,0.0,0.0,0.0,16.0,9.0,7.0,1.0,0.0,2.9056392,0.0,7.5364704,1.0799178,1.4444444
bdcafobmobfnalme.com,padcrypt,20.0,16.0,2.0,0.0,0.0,19.0,1.0,0.0,0.0,6.0,0.31578946,13.0,0.68421054,10.0,0.5263158,0.57894737,3.1813664,4.058814,4.087463,3.0,0.0,0.15789473,0.0,0.6,0.88088644,0.0,0.0,0.0,16.0,9.5,6.5,1.0,0.0,3.2028196,0.0,6.006111,1.1001067,1.4210526
ldnddfbfncdmdkmc.com,padcrypt,20.0,16.0,2.0,0.0,0.0,19.0,1.0,0.0,0.0,1.0,0.05263158,18.0,0.94736844,9.0,0.47368422,0.57894737,2.925853,4.169925,4.087463,17.0,0.0,0.8947368,0.0,0.5555556,0.8476454,0.0,0.0,0.0,16.0,9.5,6.5,1.0,0.0,2.7743974,0.0,8.789444,1.426338,1.4210526
beebnkldfdkfonfa.co.uk,padcrypt,22.0,16.0,3.0,0.0,0.0,20.0,1.0,0.0,0.0,6.0,0.3,14.0,0.7,11.0,0.55,0.55,3.3464394,4.2479277,4.169925,9.0,0.0,0.45,0.0,0.6363636,0.895,0.0,0.0,0.0,16.0,6.6666665,6.5996633,0.0,0.0,3.0778196,0.0,7.8,1.1015183,1.4
lnnlnfacflakoloo.com,padcrypt,20.0,16.0,2.0,0.0,0.0,19.0,1.0,0.0,0.0,6.0,0.31578946,13.0,0.68421054,8.0,0.42105263,0.31578946,2.8397756,4.058814,4.087463,6.0,0.0,0.31578946,0.0,0.75,0.8476454,0.0,0.0,0.0,16.0,9.5,6.5,1.0,0.0,2.6556392,0.0,7.508333,1.1389978,1.4210526
dbcalddmfblkcmdd.cc,padcrypt,19.0,16.0,2.0,0.0,0.0,18.0,1.0,0.0,0.0,1.0,0.055555556,17.0,0.9444444,8.0,0.44444445,0.7222222,2.747167,3.9698157,4.0,14.0,0.0,0.7777778,0.0,0.625,0.8271605,0.0,0.0,0.0,16.0,9.0,7.0,1.0,0.0,2.7743974,0.0,8.8611765,1.6009954,1.4444444
eoafbfblcbbbbfkc.com,padcrypt,20.0,16.0,2.0,0.0,0.0,19.0,1.0,0.0,0.0,4.0,0.21052632,15.0,0.7894737,9.0,0.47368422,0.7368421,2.825846,3.6835423,3.9698157,14.0,0.0,0.7368421,0.0,0.44444445,0.82548475,0.0,0.0,0.0,16.0,9.5,6.5,1.0,0.0,2.6084585,0.0,8.931111,1.6938424,1.3157895
eaoomknfocnafkme.com,padcrypt,20.0,16.0,2.0,0.0,0.0,19.0,1.0,0.0,0.0,8.0,0.42105263,11.0,0.57894737,8.0,0.42105263,0.42105263,2.9450388,4.058814,4.087463,4.0,0.0,0.21052632,0.0,1.0,0.8642659,0.0,0.0,0.0,16.0,9.5,6.5,1.0,0.0,2.9528196,0.0,6.6516666,1.1162096,1.4210526
mnlbdlbcalmedoda.co.uk,padcrypt,22.0,16.0,3.0,0.0,0.0,20.0,1.0,0.0,0.0,6.0,0.3,14.0,0.7,11.0,0.55,0.5,3.3464394,4.1426644,4.169925,8.0,0.0,0.4,0.0,0.6363636,0.895,0.0,0.0,0.0,16.0,6.6666665,6.5996633,0.0,0.0,3.0306392,0.0,7.028421,0.90217865,1.4
emlakcdcebbebcff.info,padcrypt,21.0,16.0,2.0,0.0,0.0,20.0,1.0,0.0,0.0,6.0,0.3,14.0,0.7,12.0,0.6,0.7,3.3709507,4.1426644,4.169925,4.0,0.0,0.2,0.0,0.33333334,0.89,0.0,0.0,0.0,16.0,10.0,6.0,1.0,0.0,2.9834585,0.0,7.553158,1.0406755,1.4
bacammdccdlffmcd.net,padcrypt,20.0,16.0,2.0,0.0,0.0,19.0,1.0,0.0,0.0,3.0,0.15789473,16.0,0.84210527,10.0,0.5263158,0.68421054,3.115834,4.058814,4.087463,13.0,0.0,0.68421054,0.0,0.5,0.8698061,0.0,0.0,0.0,16.0,9.5,6.5,1.0,0.0,2.6556392,0.0,7.8438888,1.1482238,1.4210526
nnlollaabmacdfdc.com,padcrypt,20.0,16.0,2.0,0.0,0.0,19.0,1.0,0.0,0.0,5.0,0.2631579,14.0,0.7368421,9.0,0.47368422,0.5263158,3.0761032,4.169925,4.087463,6.0,0.0,0.31578946,0.0,0.7777778,0.87534624,0.0,0.0,0.0,16.0,9.5,6.5,1.0,0.0,3.0306392,0.0,7.082778,1.0183712,1.4210526
anbdaafccfdolcfd.cc,padcrypt,19.0,16.0,2.0,0.0,0.0,18.0,1.0,0.0,0.0,4.0,0.22222222,14.0,0.7777778,8.0,0.44444445,0.8333333,2.7324638,3.7345216,3.875,6.0,0.0,0.33333334,0.0,0.5,0.8271605,0.0,0.0,0.0,16.0,9.0,7.0,1.0,0.0,2.811278,0.0,8.836471,1.4507322,1.3333334
cffbdodfoaacbaof.cc,padcrypt,19.0,16.0,2.0,0.0,0.0,18.0,1.0,0.0,0.0,6.0,0.33333334,12.0,0.6666667,6.0,0.33333334,0.8333333,2.530493,4.087463,4.0,5.0,0.0,0.2777778,0.0,1.0,0.82098764,0.0,0.0,0.0,16.0,9.0,7.0,1.0,0.0,2.5306392,0.0,8.531765,1.6491375,1.4444444
eoaodoacldlecala.org,padcrypt,20.0,16.0,2.0,0.0,0.0,19.0,1.0,0.0,0.0,10.0,0.5263158,9.0,0.47368422,8.0,0.42105263,0.5263158,2.8397756,3.947703,4.087463,4.0,0.0,0.21052632,0.0,0.75,0.8476454,0.0,0.0,0.0,16.0,9.5,6.5,1.0,0.0,2.5306392,0.0,6.6044445,0.88529515,1.4210526
bbcllmalnmbkmbnc.com,padcrypt,20.0,16.0,2.0,0.0,0.0,19.0,1.0,0.0,0.0,2.0,0.10526316,17.0,0.8947368,8.0,0.42105263,0.42105263,2.8000445,4.058814,4.087463,10.0,0.0,0.5263158,0.0,0.625,0.84210527,0.0,0.0,0.0,16.0,9.5,6.5,1.0,0.0,2.6556392,0.0,8.120556,1.5012525,1.4210526
ocommbbennnnlleo.eu,padcrypt,19.0,16.0,2.0,0.0,0.0,18.0,1.0,0.0,0.0,7.0,0.3888889,11.0,0.6111111,8.0,0.44444445,0.33333334,2.8638263,3.8077636,3.875,6.0,0.0,0.33333334,0.0,0.75,0.8518519,0.0,0.0,0.0,16.0,9.0,7.0,1.0,0.0,2.7028196,0.0,7.612353,1.0205916,1.3333334
bdmeabfbmdbfcclc.com,padcrypt,20.0,16.0,2.0,0.0,0.0,19.0,1.0,0.0,0.0,3.0,0.15789473,16.0,0.84210527,9.0,0.47368422,0.7368421,2.9450388,3.947703,4.087463,12.0,0.0,0.6315789,0.0,0.5555556,0.8531856,0.0,0.0,0.0,16.0,9.5,6.5,1.0,0.0,2.8278196,0.0,7.7316666,1.4793726,1.4210526
mmdedffenabklodc.org,padcrypt,20.0,16.0,2.0,0.0,0.0,19.0,1.0,0.0,0.0,5.0,0.2631579,14.0,0.7368421,13.0,0.68421054,0.5263158,3.5766177,4.169925,4.087463,3.0,0.0,0.15789473,0.0,0.3846154,0.9085873,0.0,0.0,0.0,16.0,9.5,6.5,1.0,0.0,3.3278196,0.0,6.761667,0.78389907,1.4210526
adlnlakkfcflnadk.com,padcrypt,20.0,16.0,2.0,0.0,0.0,19.0,1.0,0.0,0.0,4.0,0.21052632,15.0,0.7894737,9.0,0.47368422,0.47368422,3.0761032,3.947703,4.087463,7.0,0.0,0.36842105,0.0,0.7777778,0.87534624,0.0,0.0,0.0,16.0,9.5,6.5,1.0,0.0,2.7334585,0.0,7.721667,1.1944171,1.4210526
emabmcebbmfnffcd.com,padcrypt,20.0,16.0,2.0,0.0,0.0,19.0,1.0,0.0,0.0,4.0,0.21052632,15.0,0.7894737,9.0,0.47368422,0.68421054,2.97084,4.058814,4.087463,10.0,0.0,0.5263158,0.0,0.5555556,0.8587258,0.0,0.0,0.0,16.0,9.5,6.5,1.0,0.0,2.8584585,0.0,7.798333,1.3927511,1.4210526
afbbockfacldcnan.com,padcrypt,20.0,16.0,2.0,0.0,0.0,19.0,1.0,0.0,0.0,5.0,0.2631579,14.0,0.7368421,10.0,0.5263158,0.6315789,3.155565,4.169925,4.087463,5.0,0.0,0.2631579,0.0,0.6,0.87534624,0.0,0.0,0.0,16.0,9.5,6.5,1.0,0.0,3.0306392,0.0,7.4072223,1.1405443,1.4210526
adcdnodcefbabcob.com,padcrypt,20.0,16.0,2.0,0.0,0.0,19.0,1.0,0.0,0.0,6.0,0.31578946,13.0,0.68421054,9.0,0.47368422,0.7368421,2.97084,3.8365917,3.9698157,4.0,0.0,0.21052632,0.0,0.5555556,0.8587258,0.0,0.0,0.0,16.0,9.5,6.5,1.0,0.0,2.8584585,0.0,6.7577777,1.211309,1.3157895
onfaanmccbccoddk.com,padcrypt,20.0,16.0,2.0,0.0,0.0,19.0,1.0,0.0,0.0,5.0,0.2631579,14.0,0.7368421,9.0,0.47368422,0.57894737,2.965584,3.947703,4.087463,7.0,0.0,0.36842105,0.0,0.6666667,0.8531856,0.0,0.0,0.0,16.0,9.5,6.5,1.0,0.0,3.0,0.0,7.911667,1.2125182,1.4210526
ecffedfffkdfoelf.com,padcrypt,20.0,16.0,2.0,0.0,0.0,19.0,1.0,0.0,0.0,5.0,0.2631579,14.0,0.7368421,8.0,0.42105263,0.7368421,2.647592,3.7946534,4.087463,7.0,0.0,0.36842105,0.0,0.625,0.7977839,0.0,0.0,0.0,16.0,9.5,6.5,1.0,0.0,2.3496017,0.0,7.6955557,1.6472815,1.4210526
daaadkdlbcbdmcca.cc,padcrypt,19.0,16.0,2.0,0.0,0.0,18.0,1.0,0.0,0.0,4.0,0.22222222,14.0,0.7777778,7.0,0.3888889,0.8333333,2.524945,3.8521688,4.0,11.0,0.0,0.6111111,0.0,0.5714286,0.80246913,0.0,0.0,0.0,16.0,9.0,7.0,1.0,0.0,2.5778196,0.0,8.814706,1.5834744,1.4444444
ockfdbbkccbkfcek.online,padcrypt,23.0,16.0,2.0,0.0,0.0,22.0,1.0,0.0,0.0,5.0,0.22727273,17.0,0.77272725,10.0,0.45454547,0.54545456,3.1523912,4.2018414,4.321928,13.0,0.0,0.59090906,0.0,0.7,0.87603307,0.0,0.0,0.0,16.0,11.0,5.0,1.0,0.0,2.5778196,0.0,7.947619,1.3041068,1.3636364
facebcbdlmfodkbf.com,padcrypt,20.0,16.0,2.0,0.0,0.0,19.0,1.0,0.0,0.0,4.0,0.21052632,15.0,0.7894737,10.0,0.5263158,0.68421054,3.1813664,4.169925,4.087463,7.0,0.0,0.36842105,0.0,0.6,0.88088644,0.0,0.0,0.0,16.0,9.5,6.5,1.0,0.0,3.1556392,0.0,8.117778,1.3111036,1.4210526
bdfcfcfbnfleacfc.com,padcrypt,20.0,16.0,2.0,0.0,0.0,19.0,1.0,0.0,0.0,3.0,0.15789473,16.0,0.84210527,10.0,0.5263158,0.7894737,2.9205968,3.6416042,3.8521688,11.0,0.0,0.57894737,0.0,0.3,0.83102494,0.0,0.0,0.0,16.0,9.5,6.5,1.0,0.0,2.6493974,0.0,7.9955554,1.5058937,1.2631578
cmadcafnoaddlaef.co,padcrypt,19.0,16.0,2.0,0.0,0.0,18.0,1.0,0.0,0.0,7.0,0.3888889,11.0,0.6111111,9.0,0.5,0.7222222,2.9749374,3.9698157,4.0,3.0,0.0,0.16666667,0.0,0.5555556,0.8580247,0.0,0.0,0.0,16.0,9.0,7.0,1.0,0.0,2.9528196,0.0,7.247059,1.0291426,1.4444444
deebcbendfacoobe.co,padcrypt,19.0,16.0,2.0,0.0,0.0,18.0,1.0,0.0,0.0,8.0,0.44444445,10.0,0.5555556,8.0,0.44444445,0.7777778,2.8218882,3.8521688,4.0,3.0,0.0,0.16666667,0.0,0.625,0.845679,0.0,0.0,0.0,16.0,9.0,7.0,1.0,0.0,2.8278196,0.0,5.9864707,1.1693743,1.4444444
abobmfflnncaefbf.co.uk,padcrypt,22.0,16.0,3.0,0.0,0.0,20.0,1.0,0.0,0.0,6.0,0.3,14.0,0.7,11.0,0.55,0.6,3.2841837,4.2479277,4.169925,8.0,0.0,0.4,0.0,0.54545456,0.885,0.0,0.0,0.0,16.0,6.6666665,6.5996633,0.0,0.0,2.9528196,0.0,8.2578945,1.1654058,1.4
ooeefeeffdfamooc.co.uk,padcrypt,22.0,16.0,3.0,0.0,0.0,20.0,1.0,0.0,0.0,11.0,0.55,9.0,0.45,9.0,0.45,0.6,2.8414462,3.932138,4.058814,4.0,0.0,0.2,0.0,0.44444445,0.835,0.0,0.0,0.0,16.0,6.6666665,6.5996633,0.0,0.0,2.5,0.0,8.325789,1.1844068,1.3
faeloedkecalkbal.website,padcrypt,24.0,16.0,2.0,0.0,0.0,23.0,1.0,0.0,0.0,10.0,0.4347826,13.0,0.5652174,13.0,0.5652174,0.5652174,3.4314134,4.3685226,4.3923173,3.0,0.0,0.13043478,0.0,0.3846154,0.8884688,0.0,0.0,0.0,16.0,11.5,4.5,0.0,0.0,2.9834585,0.0,6.4668183,0.7083202,1.3478261
eocmdafaoblbbakb.com,padcrypt,20.0,16.0,2.0,0.0,0.0,19.0,1.0,0.0,0.0,7.0,0.36842105,12.0,0.6315789,10.0,0.5263158,0.6315789,3.115834,4.169925,4.087463,4.0,0.0,0.21052632,0.0,0.5,0.8698061,0.0,0.0,0.0,16.0,9.5,6.5,1.0,0.0,3.0778196,0.0,7.993889,1.175383,1.4210526
aemdadbncemfdfmf.co.uk,padcrypt,22.0,16.0,3.0,0.0,0.0,20.0,1.0,0.0,0.0,6.0,0.3,14.0,0.7,11.0,0.55,0.65,3.308695,4.037401,4.169925,7.0,0.0,0.35,0.0,0.54545456,0.89,0.0,0.0,0.0,16.0,6.6666665,6.5996633,0.0,0.0,2.8584585,0.0,7.866316,1.0547652,1.4
eelokcfblnaodcek.org,padcrypt,20.0,16.0,2.0,0.0,0.0,19.0,1.0,0.0,0.0,7.0,0.36842105,12.0,0.6315789,12.0,0.6315789,0.47368422,3.4316235,4.169925,4.087463,6.0,0.0,0.31578946,0.0,0.41666666,0.89750695,0.0,0.0,0.0,16.0,9.5,6.5,1.0,0.0,3.2028196,0.0,7.7433333,0.77389723,1.4210526
bnbcfccdffdnmeaf.net,padcrypt,20.0,16.0,2.0,0.0,0.0,19.0,1.0,0.0,0.0,3.0,0.15789473,16.0,0.84210527,9.0,0.47368422,0.7368421,3.010571,4.169925,4.087463,13.0,0.0,0.68421054,0.0,0.6666667,0.8642659,0.0,0.0,0.0,16.0,9.5,6.5,1.0,0.0,2.8278196,0.0,8.398334,1.2829002,1.4210526
debcndedocbabmea.online,padcrypt,23.0,16.0,2.0,0.0,0.0,22.0,1.0,0.0,0.0,9.0,0.4090909,13.0,0.59090906,10.0,0.45454547,0.6363636,3.1746743,4.2970796,4.321928,4.0,0.0,0.18181819,0.0,0.7,0.8801653,0.0,0.0,0.0,16.0,11.0,5.0,1.0,0.0,2.8584585,0.0,5.232381,0.82500225,1.3636364
eanamccfnabdbbbb.online,padcrypt,23.0,16.0,2.0,0.0,0.0,22.0,1.0,0.0,0.0,7.0,0.3181818,15.0,0.6818182,11.0,0.5,0.6363636,3.1701348,4.0706563,4.221928,6.0,0.0,0.27272728,0.0,0.45454547,0.8677686,0.0,0.0,0.0,16.0,11.0,5.0,1.0,0.0,2.727217,0.0,6.5590477,1.0160762,1.2727273
cbcecconmecekddf.org,padcrypt,20.0,16.0,2.0,0.0,0.0,19.0,1.0,0.0,0.0,5.0,0.2631579,14.0,0.7368421,11.0,0.57894737,0.6315789,3.1761103,3.947703,4.087463,4.0,0.0,0.21052632,0.0,0.36363637,0.8642659,0.0,0.0,0.0,16.0,9.5,6.5,1.0,0.0,2.852217,0.0,6.458889,1.044697,1.4210526
edfcmabaddcamdaa.com,padcrypt,20.0,16.0,2.0,0.0,0.0,19.0,1.0,0.0,0.0,7.0,0.36842105,12.0,0.6315789,8.0,0.42105263,0.7894737,2.7153268,4.169925,4.087463,4.0,0.0,0.21052632,0.0,0.5,0.82548475,0.0,0.0,0.0,16.0,9.5,6.5,1.0,0.0,2.5243974,0.0,6.303889,1.2782574,1.4210526
ccknadancmnoffbm.com,padcrypt,20.0,16.0,2.0,0.0,0.0,19.0,1.0,0.0,0.0,4.0,0.21052632,15.0,0.7894737,9.0,0.47368422,0.5263158,3.010571,4.169925,4.087463,5.0,0.0,0.2631579,0.0,0.6666667,0.8642659,0.0,0.0,0.0,16.0,9.5,6.5,1.0,0.0,3.0306392,0.0,7.695,1.2382708,1.4210526
kcblnbmckoolenmd.net,padcrypt,20.0,16.0,2.0,0.0,0.0,19.0,1.0,0.0,0.0,4.0,0.21052632,15.0,0.7894737,10.0,0.5263158,0.36842105,3.2608283,4.169925,4.087463,9.0,0.0,0.47368422,0.0,0.8,0.89196676,0.0,0.0,0.0,16.0,9.5,6.5,1.0,0.0,3.125,0.0,7.743889,0.9588462,1.4210526
ccnoccedcmemaceo.net,padcrypt,20.0,16.0,2.0,0.0,0.0,19.0,1.0,0.0,0.0,7.0,0.36842105,12.0,0.6315789,8.0,0.42105263,0.6315789,2.6947815,3.947703,4.087463,3.0,0.0,0.15789473,0.0,0.625,0.8144044,0.0,0.0,0.0,16.0,9.5,6.5,1.0,0.0,2.4834585,0.0,5.4755554,1.095729,1.4210526
maafolbdcdnafnnc.org,padcrypt,20.0,16.0,2.0,0.0,0.0,19.0,1.0,0.0,0.0,5.0,0.2631579,14.0,0.7368421,11.0,0.57894737,0.5263158,3.3263605,4.058814,4.087463,6.0,0.0,0.31578946,0.0,0.54545456,0.89196676,0.0,0.0,0.0,16.0,9.5,6.5,1.0,0.0,3.0306392,0.0,7.741667,0.8667925,1.4210526
bocaedafofacmbco.co,padcrypt,19.0,16.0,2.0,0.0,0.0,18.0,1.0,0.0,0.0,8.0,0.44444445,10.0,0.5555556,8.0,0.44444445,0.7222222,2.7946534,3.8521688,4.0,4.0,0.0,0.22222222,0.0,0.625,0.83950615,0.0,0.0,0.0,16.0,9.0,7.0,1.0,0.0,2.8584585,0.0,6.914118,1.2774369,1.4444444
cedfcdkokdokeond.com,padcrypt,20.0,16.0,2.0,0.0,0.0,19.0,1.0,0.0,0.0,6.0,0.31578946,13.0,0.68421054,8.0,0.42105263,0.5263158,2.8000445,4.058814,4.087463,5.0,0.0,0.2631579,0.0,0.625,0.84210527,0.0,0.0,0.0,16.0,9.5,6.5,1.0,0.0,2.6556392,0.0,7.1805553,1.3257781,1.4210526
cbfdafflckoaddca.de,padcrypt,19.0,16.0,2.0,0.0,0.0,18.0,1.0,0.0,0.0,5.0,0.2777778,13.0,0.7222222,9.0,0.5,0.8333333,2.9329994,3.9698157,4.0,5.0,0.0,0.2777778,0.0,0.44444445,0.8518519,0.0,0.0,0.0,16.0,9.0,7.0,1.0,0.0,2.811278,0.0,8.363529,1.3222407,1.4444444
danddfddlenbdcck.com,padcrypt,20.0,16.0,2.0,0.0,0.0,19.0,1.0,0.0,0.0,3.0,0.15789473,16.0,0.84210527,11.0,0.57894737,0.68421054,3.0761032,4.058814,4.087463,7.0,0.0,0.36842105,0.0,0.27272728,0.84210527,0.0,0.0,0.0,16.0,9.5,6.5,1.0,0.0,2.7806392,0.0,7.4477777,1.1590556,1.4210526
dcabbldokddledfk.co.uk,padcrypt,22.0,16.0,3.0,0.0,0.0,20.0,1.0,0.0,0.0,5.0,0.25,15.0,0.75,10.0,0.5,0.6,3.1037016,4.2479277,4.169925,4.0,0.0,0.2,0.0,0.6,0.865,0.0,0.0,0.0,16.0,6.6666665,6.5996633,0.0,0.0,2.8993974,0.0,7.137368,1.2798132,1.4
fflkafcccockfccf.cc,padcrypt,19.0,16.0,2.0,0.0,0.0,18.0,1.0,0.0,0.0,2.0,0.11111111,16.0,0.8888889,6.0,0.33333334,0.7777778,2.0805006,3.3371754,3.7028196,8.0,0.0,0.44444445,0.0,0.5,0.7037037,0.0,0.0,0.0,16.0,9.0,7.0,1.0,0.0,2.1800365,0.0,9.270588,2.2155025,1.2777778
aadllodadoabcfbl.online,padcrypt,23.0,16.0,2.0,0.0,0.0,22.0,1.0,0.0,0.0,9.0,0.4090909,13.0,0.59090906,10.0,0.45454547,0.54545456,3.1180782,4.2018414,4.321928,5.0,0.0,0.22727273,0.0,0.6,0.8719008,0.0,0.0,0.0,16.0,11.0,5.0,1.0,0.0,2.6556392,0.0,6.4161906,0.8686285,1.3636364
kbdfeblemcfkaffc.com,padcrypt,20.0,16.0,2.0,0.0,0.0,19.0,1.0,0.0,0.0,4.0,0.21052632,15.0,0.7894737,10.0,0.5263158,0.68421054,3.155565,4.169925,4.087463,4.0,0.0,0.21052632,0.0,0.6,0.87534624,0.0,0.0,0.0,16.0,9.5,6.5,1.0,0.0,3.0,0.0,8.174444,1.3661951,1.4210526
cefaclbenkfabend.com,padcrypt,20.0,16.0,2.0,0.0,0.0,19.0,1.0,0.0,0.0,6.0,0.31578946,13.0,0.68421054,11.0,0.57894737,0.68421054,3.3263605,3.8365917,3.9698157,3.0,0.0,0.15789473,0.0,0.54545456,0.89196676,0.0,0.0,0.0,16.0,9.5,6.5,1.0,0.0,3.0778196,0.0,5.825,0.934075,1.3157895
ocleebdfnacmbeca.website,padcrypt,24.0,16.0,2.0,0.0,0.0,23.0,1.0,0.0,0.0,9.0,0.39130434,14.0,0.6086956,14.0,0.6086956,0.65217394,3.51837,4.3685226,4.3923173,4.0,0.0,0.17391305,0.0,0.2857143,0.8922495,0.0,0.0,0.0,16.0,11.5,4.5,0.0,0.0,3.1556392,0.0,6.6677275,0.6588007,1.3478261
cakdcfecncmblebd.online,padcrypt,23.0,16.0,2.0,0.0,0.0,22.0,1.0,0.0,0.0,6.0,0.27272728,16.0,0.72727275,12.0,0.54545456,0.59090906,3.3908055,4.3923173,4.321928,6.0,0.0,0.27272728,0.0,0.5,0.892562,0.0,0.0,0.0,16.0,11.0,5.0,1.0,0.0,3.125,0.0,7.005238,0.84009224,1.3636364
foafbnfkdeonaafd.com,padcrypt,20.0,16.0,2.0,0.0,0.0,19.0,1.0,0.0,0.0,7.0,0.36842105,12.0,0.6315789,10.0,0.5263158,0.6315789,3.115834,4.058814,4.087463,6.0,0.0,0.31578946,0.0,0.5,0.8698061,0.0,0.0,0.0,16.0,9.5,6.5,1.0,0.0,2.8278196,0.0,7.63,1.1112305,1.4210526
bclaecbncdkmadml.com,padcrypt,20.0,16.0,2.0,0.0,0.0,19.0,1.0,0.0,0.0,4.0,0.21052632,15.0,0.7894737,10.0,0.5263158,0.57894737,3.155565,4.169925,4.087463,7.0,0.0,0.36842105,0.0,0.6,0.87534624,0.0,0.0,0.0,16.0,9.5,6.5,1.0,0.0,3.0778196,0.0,7.413889,1.1054244,1.4210526
fadonbcccdcmalcf.co,padcrypt,19.0,16.0,2.0,0.0,0.0,18.0,1.0,0.0,0.0,4.0,0.22222222,14.0,0.7777778,9.0,0.5,0.7222222,2.8638263,3.9698157,4.0,8.0,0.0,0.44444445,0.0,0.5555556,0.8271605,0.0,0.0,0.0,16.0,9.0,7.0,1.0,0.0,2.8993974,0.0,7.5217648,1.333303,1.4444444
cbmafklckfcefabf.com,padcrypt,20.0,16.0,2.0,0.0,0.0,19.0,1.0,0.0,0.0,4.0,0.21052632,15.0,0.7894737,9.0,0.47368422,0.68421054,2.9847696,4.058814,4.087463,7.0,0.0,0.36842105,0.0,0.6666667,0.8587258,0.0,0.0,0.0,16.0,9.5,6.5,1.0,0.0,2.8278196,0.0,8.128333,1.5044781,1.4210526
laaddclebffodofm.website,padcrypt,24.0,16.0,2.0,0.0,0.0,23.0,1.0,0.0,0.0,8.0,0.3478261,15.0,0.65217394,13.0,0.5652174,0.6086956,3.5555332,4.3685226,4.3923173,4.0,0.0,0.17391305,0.0,0.53846157,0.9073724,0.0,0.0,0.0,16.0,11.5,4.5,0.0,0.0,3.0306392,0.0,7.2004547,0.7268536,1.3478261
defkakkdcdnmcbab.com,padcrypt,20.0,16.0,2.0,0.0,0.0,19.0,1.0,0.0,0.0,4.0,0.21052632,15.0,0.7894737,10.0,0.5263158,0.6315789,3.1813664,4.169925,4.087463,9.0,0.0,0.47368422,0.0,0.6,0.88088644,0.0,0.0,0.0,16.0,9.5,6.5,1.0,0.0,3.0306392,0.0,8.135555,1.2496494,1.4210526
eadfafbcaccclcfo.com,padcrypt,20.0,16.0,2.0,0.0,0.0,19.0,1.0,0.0,0.0,6.0,0.31578946,13.0,0.68421054,9.0,0.47368422,0.7894737,2.825846,4.058814,4.087463,6.0,0.0,0.31578946,0.0,0.44444445,0.82548475,0.0,0.0,0.0,16.0,9.5,6.5,1.0,0.0,2.6800365,0.0,6.707222,1.3417109,1.4210526
feamfdcfkdeooeff.de,padcrypt,19.0,16.0,2.0,0.0,0.0,18.0,1.0,0.0,0.0,7.0,0.3888889,11.0,0.6111111,8.0,0.44444445,0.7777778,2.705229,3.8521688,4.0,7.0,0.0,0.3888889,0.0,0.5,0.82098764,0.0,0.0,0.0,16.0,9.0,7.0,1.0,0.0,2.727217,0.0,8.322941,1.4180112,1.4444444
ckbbcdoklbfacfcf.com,padcrypt,20.0,16.0,2.0,0.0,0.0,19.0,1.0,0.0,0.0,3.0,0.15789473,16.0,0.84210527,9.0,0.47368422,0.68421054,2.925853,3.947703,3.9698157,6.0,0.0,0.31578946,0.0,0.5555556,0.8476454,0.0,0.0,0.0,16.0,9.5,6.5,1.0,0.0,2.7806392,0.0,8.537222,1.6030575,1.3157895
cdcaofmadckkbfbd.com,padcrypt,20.0,16.0,2.0,0.0,0.0,19.0,1.0,0.0,0.0,4.0,0.21052632,15.0,0.7894737,8.0,0.42105263,0.68421054,2.9450388,3.9057646,4.087463,9.0,0.0,0.47368422,0.0,1.0,0.8642659,0.0,0.0,0.0,16.0,9.5,6.5,1.0,0.0,2.9056392,0.0,8.105,1.4638476,1.4210526
fcfecbbmblknbkcc.com,padcrypt,20.0,16.0,2.0,0.0,0.0,19.0,1.0,0.0,0.0,2.0,0.10526316,17.0,0.8947368,9.0,0.47368422,0.6315789,2.9000516,4.058814,4.087463,13.0,0.0,0.68421054,0.0,0.5555556,0.84210527,0.0,0.0,0.0,16.0,9.5,6.5,1.0,0.0,2.75,0.0,8.572778,1.6282964,1.4210526
mmfnolaaldnckada.website,padcrypt,24.0,16.0,2.0,0.0,0.0,23.0,1.0,0.0,0.0,8.0,0.3478261,15.0,0.65217394,15.0,0.65217394,0.47826087,3.7409532,4.4594316,4.3923173,5.0,0.0,0.2173913,0.0,0.4,0.91493386,0.0,0.0,0.0,16.0,11.5,4.5,0.0,0.0,3.0,0.0,7.519091,0.48488653,1.3478261
mfaclacenmdddfaf.de,padcrypt,19.0,16.0,2.0,0.0,0.0,18.0,1.0,0.0,0.0,5.0,0.2777778,13.0,0.7222222,8.0,0.44444445,0.7777778,2.8638263,3.7345216,4.0,6.0,0.0,0.33333334,0.0,0.75,0.8518519,0.0,0.0,0.0,16.0,9.0,7.0,1.0,0.0,2.8584585,0.0,7.137647,1.2264403,1.4444444
kfblaeacdklfacfm.info,padcrypt,21.0,16.0,2.0,0.0,0.0,20.0,1.0,0.0,0.0,6.0,0.3,14.0,0.7,12.0,0.6,0.6,3.3841836,4.1426644,4.169925,5.0,0.0,0.25,0.0,0.41666666,0.89,0.0,0.0,0.0,16.0,10.0,6.0,1.0,0.0,3.0306392,0.0,7.127895,1.0327709,1.4
bflcbnabmccaklbd.website,padcrypt,24.0,16.0,2.0,0.0,0.0,23.0,1.0,0.0,0.0,5.0,0.2173913,18.0,0.7826087,14.0,0.6086956,0.6086956,3.551191,4.4594316,4.3923173,6.0,0.0,0.26086956,0.0,0.35714287,0.89603025,0.0,0.0,0.0,16.0,11.5,4.5,0.0,0.0,2.9528196,0.0,8.102273,0.91088915,1.3478261
lnkfffmbakkbdmbc.com,padcrypt,20.0,16.0,2.0,0.0,0.0,19.0,1.0,0.0,0.0,2.0,0.10526316,17.0,0.8947368,10.0,0.5263158,0.5263158,3.1416354,3.947703,4.087463,8.0,0.0,0.42105263,0.0,0.5,0.87534624,0.0,0.0,0.0,16.0,9.5,6.5,1.0,0.0,2.9834585,0.0,8.89,1.5047328,1.4210526
enddmkkdkddfebld.online,padcrypt,23.0,16.0,2.0,0.0,0.0,22.0,1.0,0.0,0.0,5.0,0.22727273,17.0,0.77272725,10.0,0.45454547,0.5,3.015139,4.2018414,4.321928,11.0,0.0,0.5,0.0,0.5,0.8512397,0.0,0.0,0.0,16.0,11.0,5.0,1.0,0.0,2.6084585,0.0,7.2295237,1.153082,1.3636364
faaafcofnaddnfnm.co.uk,padcrypt,22.0,16.0,3.0,0.0,0.0,20.0,1.0,0.0,0.0,7.0,0.35,13.0,0.65,9.0,0.45,0.6,2.9841838,3.932138,4.169925,7.0,0.0,0.35,0.0,0.6666667,0.86,0.0,0.0,0.0,16.0,6.6666665,6.5996633,0.0,0.0,2.5778196,0.0,8.124737,1.1894199,1.4
cfckldmcdnedamdn.info,padcrypt,21.0,16.0,2.0,0.0,0.0,20.0,1.0,0.0,0.0,4.0,0.2,16.0,0.8,11.0,0.55,0.55,3.2464395,4.1426644,4.169925,10.0,0.0,0.5,0.0,0.45454547,0.88,0.0,0.0,0.0,16.0,10.0,6.0,1.0,0.0,2.9528196,0.0,8.13,0.99595535,1.4
dfmmfmcbknlncemc.online,padcrypt,23.0,16.0,2.0,0.0,0.0,22.0,1.0,0.0,0.0,4.0,0.18181819,18.0,0.8181818,11.0,0.5,0.4090909,3.2433004,4.106603,4.321928,13.0,0.0,0.59090906,0.0,0.54545456,0.8801653,0.0,0.0,0.0,16.0,11.0,5.0,1.0,0.0,2.9528196,0.0,7.567619,1.015738,1.3636364
fbfbkfaelbkdfbmb.org,padcrypt,20.0,16.0,2.0,0.0,0.0,19.0,1.0,0.0,0.0,3.0,0.15789473,16.0,0.84210527,11.0,0.57894737,0.6315789,3.110578,3.7946534,4.087463,8.0,0.0,0.42105263,0.0,0.27272728,0.8531856,0.0,0.0,0.0,16.0,9.5,6.5,1.0,0.0,2.6493974,0.0,9.180555,1.5524088,1.4210526
mkfldadamcfaaabe.com,padcrypt,20.0,16.0,2.0,0.0,0.0,19.0,1.0,0.0,0.0,7.0,0.36842105,12.0,0.6315789,10.0,0.5263158,0.68421054,3.070847,3.947703,4.087463,5.0,0.0,0.2631579,0.0,0.5,0.8587258,0.0,0.0,0.0,16.0,9.5,6.5,1.0,0.0,2.8993974,0.0,7.5277777,1.1094495,1.4210526
lomafccnkfdkanbf.com,padcrypt,20.0,16.0,2.0,0.0,0.0,19.0,1.0,0.0,0.0,4.0,0.21052632,15.0,0.7894737,10.0,0.5263158,0.5263158,3.2210972,3.947703,4.087463,8.0,0.0,0.42105263,0.0,0.7,0.88642657,0.0,0.0,0.0,16.0,9.5,6.5,1.0,0.0,3.2028196,0.0,7.6477776,1.1900698,1.4210526
kbbaaaknmfacbelb.com,padcrypt,20.0,16.0,2.0,0.0,0.0,19.0,1.0,0.0,0.0,6.0,0.31578946,13.0,0.68421054,10.0,0.5263158,0.6315789,3.0900328,4.058814,4.087463,4.0,0.0,0.21052632,0.0,0.5,0.8642659,0.0,0.0,0.0,16.0,9.5,6.5,1.0,0.0,2.875,0.0,7.8188887,1.2492669,1.4210526
dkadandnacdlbada.co,padcrypt,19.0,16.0,2.0,0.0,0.0,18.0,1.0,0.0,0.0,6.0,0.33333334,12.0,0.6666667,8.0,0.44444445,0.7222222,2.6577427,3.7345216,3.875,4.0,0.0,0.22222222,0.0,0.5,0.80864197,0.0,0.0,0.0,16.0,9.0,7.0,1.0,0.0,2.423795,0.0,6.2717648,1.2528577,1.3333334
okdalafoomekfadb.online,padcrypt,23.0,16.0,2.0,0.0,0.0,22.0,1.0,0.0,0.0,10.0,0.45454547,12.0,0.54545456,11.0,0.5,0.45454547,3.3342094,4.3923173,4.321928,2.0,0.0,0.09090909,0.0,0.72727275,0.892562,0.0,0.0,0.0,16.0,11.0,5.0,1.0,0.0,3.0306392,0.0,6.571429,0.7914292,1.3636364
beffcdebdceboana.de,padcrypt,19.0,16.0,2.0,0.0,0.0,18.0,1.0,0.0,0.0,7.0,0.3888889,11.0,0.6111111,8.0,0.44444445,0.8888889,2.8638263,3.8521688,4.0,4.0,0.0,0.22222222,0.0,0.75,0.8518519,0.0,0.0,0.0,16.0,9.0,7.0,1.0,0.0,2.9056392,0.0,7.075294,1.2166674,1.4444444
afofnfeldeklanfk.com,padcrypt,20.0,16.0,2.0,0.0,0.0,19.0,1.0,0.0,0.0,6.0,0.31578946,13.0,0.68421054,10.0,0.5263158,0.5263158,3.195296,4.058814,4.087463,4.0,0.0,0.21052632,0.0,0.7,0.88088644,0.0,0.0,0.0,16.0,9.5,6.5,1.0,0.0,2.875,0.0,7.2394443,1.0596439,1.4210526
baccadboffamcnbf.org,padcrypt,20.0,16.0,2.0,0.0,0.0,19.0,1.0,0.0,0.0,5.0,0.2631579,14.0,0.7368421,10.0,0.5263158,0.68421054,3.1416354,4.169925,4.087463,5.0,0.0,0.2631579,0.0,0.5,0.87534624,0.0,0.0,0.0,16.0,9.5,6.5,1.0,0.0,2.811278,0.0,7.4383335,1.2230254,1.4210526
lbodalbbbffmnebn.co.uk,padcrypt,22.0,16.0,3.0,0.0,0.0,20.0,1.0,0.0,0.0,5.0,0.25,15.0,0.75,12.0,0.6,0.55,3.3414462,4.037401,4.169925,8.0,0.0,0.4,0.0,0.41666666,0.88,0.0,0.0,0.0,16.0,6.6666665,6.5996633,0.0,0.0,2.8993974,0.0,8.456316,1.1440347,1.4
aelcnalldfcldfdl.eu,padcrypt,19.0,16.0,2.0,0.0,0.0,18.0,1.0,0.0,0.0,5.0,0.2777778,13.0,0.7222222,8.0,0.44444445,0.6111111,2.8163402,3.8521688,3.875,10.0,0.0,0.5555556,0.0,0.75,0.83950615,0.0,0.0,0.0,16.0,9.0,7.0,1.0,0.0,2.602217,0.0,7.972353,1.1793091,1.3333334
bfcdmndmcklcdbmc.eu,padcrypt,19.0,16.0,2.0,0.0,0.0,18.0,1.0,0.0,0.0,2.0,0.11111111,16.0,0.8888889,10.0,0.5555556,0.6111111,3.0860486,3.7345216,4.0,16.0,0.0,0.8888889,0.0,0.4,0.86419755,0.0,0.0,0.0,16.0,9.0,7.0,1.0,0.0,2.7806392,0.0,9.121177,1.3532534,1.4444444
alanmbebaacaamcd.website,padcrypt,24.0,16.0,2.0,0.0,0.0,23.0,1.0,0.0,0.0,10.0,0.4347826,13.0,0.5652174,12.0,0.5217391,0.65217394,3.2618425,4.2776136,4.3923173,4.0,0.0,0.17391305,0.0,0.41666666,0.8695652,0.0,0.0,0.0,16.0,11.5,4.5,0.0,0.0,2.6556392,0.0,6.5672727,0.77465993,1.3478261
lkkeedllmamfcfmc.com,padcrypt,20.0,16.0,2.0,0.0,0.0,19.0,1.0,0.0,0.0,4.0,0.21052632,15.0,0.7894737,9.0,0.47368422,0.47368422,3.010571,4.169925,4.087463,7.0,0.0,0.36842105,0.0,0.6666667,0.8642659,0.0,0.0,0.0,16.0,9.5,6.5,1.0,0.0,2.9056392,0.0,8.1,1.2635227,1.4210526
addcnolnmflccmad.com,padcrypt,20.0,16.0,2.0,0.0,0.0,19.0,1.0,0.0,0.0,4.0,0.21052632,15.0,0.7894737,8.0,0.42105263,0.5263158,2.9053078,3.947703,4.087463,8.0,0.0,0.42105263,0.0,0.875,0.8587258,0.0,0.0,0.0,16.0,9.5,6.5,1.0,0.0,2.9056392,0.0,7.463889,1.1635382,1.4210526
bafnkocdaeacfcfd.com,padcrypt,20.0,16.0,2.0,0.0,0.0,19.0,1.0,0.0,0.0,6.0,0.31578946,13.0,0.68421054,10.0,0.5263158,0.7368421,3.115834,4.058814,4.087463,6.0,0.0,0.31578946,0.0,0.5,0.8698061,0.0,0.0,0.0,16.0,9.5,6.5,1.0,0.0,2.9834585,0.0,7.793889,1.158459,1.4210526
dffdbbcdofnfcbeb.com,padcrypt,20.0,16.0,2.0,0.0,0.0,19.0,1.0,0.0,0.0,3.0,0.15789473,16.0,0.84210527,8.0,0.42105263,0.7894737,2.8000445,4.058814,4.087463,8.0,0.0,0.42105263,0.0,0.625,0.84210527,0.0,0.0,0.0,16.0,9.5,6.5,1.0,0.0,2.5778196,0.0,8.588889,1.6376984,1.4210526
faedceleddcfbccf.com,padcrypt,20.0,16.0,2.0,0.0,0.0,19.0,1.0,0.0,0.0,5.0,0.2631579,14.0,0.7368421,9.0,0.47368422,0.84210527,2.886122,3.8365917,4.087463,9.0,0.0,0.47368422,0.0,0.44444445,0.84210527,0.0,0.0,0.0,16.0,9.5,6.5,1.0,0.0,2.6084585,0.0,7.1477776,1.3074932,1.4210526
ekldabacbmoaffel.eu,padcrypt,19.0,16.0,2.0,0.0,0.0,18.0,1.0,0.0,0.0,8.0,0.44444445,10.0,0.5555556,11.0,0.6111111,0.6666667,3.308271,4.087463,4.0,3.0,0.0,0.16666667,0.0,0.45454547,0.8888889,0.0,0.0,0.0,16.0,9.0,7.0,1.0,0.0,3.2028196,0.0,7.670588,0.9302916,1.4444444
caaomfcabkmcmoac.com,padcrypt,20.0,16.0,2.0,0.0,0.0,19.0,1.0,0.0,0.0,7.0,0.36842105,12.0,0.6315789,7.0,0.36842105,0.57894737,2.5445313,3.947703,4.087463,5.0,0.0,0.2631579,0.0,0.5714286,0.8088643,0.0,0.0,0.0,16.0,9.5,6.5,1.0,0.0,2.5778196,0.0,7.071111,1.4971853,1.4210526
ckmdnkbfacebblkd.de,padcrypt,19.0,16.0,2.0,0.0,0.0,18.0,1.0,0.0,0.0,3.0,0.16666667,15.0,0.8333333,10.0,0.5555556,0.6666667,3.1552215,4.087463,4.0,8.0,0.0,0.44444445,0.0,0.5,0.8765432,0.0,0.0,0.0,16.0,9.0,7.0,1.0,0.0,3.1556392,0.0,8.435294,1.321475,1.4444444
dcccclafdfoaafaf.com,padcrypt,20.0,16.0,2.0,0.0,0.0,19.0,1.0,0.0,0.0,6.0,0.31578946,13.0,0.68421054,7.0,0.36842105,0.7894737,2.5842621,3.6416042,3.9698157,6.0,0.0,0.31578946,0.0,0.71428573,0.8144044,0.0,0.0,0.0,16.0,9.5,6.5,1.0,0.0,2.375,0.0,8.175555,1.5101569,1.3157895
monbeddbnlnbbeda.online,padcrypt,23.0,16.0,2.0,0.0,0.0,22.0,1.0,0.0,0.0,7.0,0.3181818,15.0,0.6818182,9.0,0.4090909,0.5,2.9540036,3.916127,4.221928,8.0,0.0,0.36363637,0.0,0.6666667,0.8553719,0.0,0.0,0.0,16.0,11.0,5.0,1.0,0.0,2.7806392,0.0,6.534762,1.023173,1.2727273
dckddfmkaldobbcf.info,padcrypt,21.0,16.0,2.0,0.0,0.0,20.0,1.0,0.0,0.0,4.0,0.2,16.0,0.8,11.0,0.55,0.6,3.2841837,4.2479277,4.169925,8.0,0.0,0.4,0.0,0.54545456,0.885,0.0,0.0,0.0,16.0,10.0,6.0,1.0,0.0,3.0,0.0,7.91,1.2105813,1.4
cfafcocacobdcfec.com,padcrypt,20.0,16.0,2.0,0.0,0.0,19.0,1.0,0.0,0.0,6.0,0.31578946,13.0,0.68421054,8.0,0.42105263,0.7894737,2.6078613,3.7946534,4.087463,4.0,0.0,0.21052632,0.0,0.5,0.7922438,0.0,0.0,0.0,16.0,9.5,6.5,1.0,0.0,2.4834585,0.0,6.7327776,1.5208187,1.4210526
okfmnlcccefflnmc.org,padcrypt,20.0,16.0,2.0,0.0,0.0,19.0,1.0,0.0,0.0,3.0,0.15789473,16.0,0.84210527,10.0,0.5263158,0.42105263,3.155565,4.058814,4.087463,8.0,0.0,0.42105263,0.0,0.6,0.87534624,0.0,0.0,0.0,16.0,9.5,6.5,1.0,0.0,2.8278196,0.0,8.7711115,1.1563312,1.4210526
kmdcfdalcnadaacf.cc,padcrypt,19.0,16.0,2.0,0.0,0.0,18.0,1.0,0.0,0.0,4.0,0.22222222,14.0,0.7777778,8.0,0.44444445,0.7777778,2.705229,3.8521688,4.0,6.0,0.0,0.33333334,0.0,0.5,0.82098764,0.0,0.0,0.0,16.0,9.0,7.0,1.0,0.0,2.7806392,0.0,8.378235,1.4273126,1.4444444
cdakmlcdbdddbafd.de,padcrypt,19.0,16.0,2.0,0.0,0.0,18.0,1.0,0.0,0.0,3.0,0.16666667,15.0,0.8333333,9.0,0.5,0.8333333,2.7448425,3.5724695,4.0,10.0,0.0,0.5555556,0.0,0.44444445,0.7962963,0.0,0.0,0.0,16.0,9.0,7.0,1.0,0.0,2.6556392,0.0,9.19647,1.486351,1.4444444
aolflfbnncmeddco.co,padcrypt,19.0,16.0,2.0,0.0,0.0,18.0,1.0,0.0,0.0,5.0,0.2777778,13.0,0.7222222,10.0,0.5555556,0.5555556,3.1971598,3.8521688,4.0,9.0,0.0,0.5,0.0,0.6,0.88271606,0.0,0.0,0.0,16.0,9.0,7.0,1.0,0.0,3.25,0.0,7.6217647,0.97545546,1.4444444
fbabffkaddcafbbf.website,padcrypt,24.0,16.0,2.0,0.0,0.0,23.0,1.0,0.0,0.0,6.0,0.26086956,17.0,0.73913044,11.0,0.47826087,0.7826087,3.1333807,4.2776136,4.3923173,5.0,0.0,0.2173913,0.0,0.45454547,0.8620038,0.0,0.0,0.0,16.0,11.5,4.5,0.0,0.0,2.352217,0.0,7.8204546,1.3497497,1.3478261
ffcncdldlbbdcdlo.com,padcrypt,20.0,16.0,2.0,0.0,0.0,19.0,1.0,0.0,0.0,2.0,0.10526316,17.0,0.8947368,8.0,0.42105263,0.6315789,2.8397756,3.7946534,3.9698157,15.0,0.0,0.7894737,0.0,0.75,0.8476454,0.0,0.0,0.0,16.0,9.5,6.5,1.0,0.0,2.6556392,0.0,8.568889,1.4367136,1.3157895
kfddabmealnbokcm.info,padcrypt,21.0,16.0,2.0,0.0,0.0,20.0,1.0,0.0,0.0,6.0,0.3,14.0,0.7,12.0,0.6,0.5,3.521928,4.2479277,4.169925,4.0,0.0,0.2,0.0,0.6666667,0.91,0.0,0.0,0.0,16.0,10.0,6.0,1.0,0.0,3.375,0.0,7.3889475,0.88068944,1.4
bccabbdkfenadddf.website,padcrypt,24.0,16.0,2.0,0.0,0.0,23.0,1.0,0.0,0.0,6.0,0.26086956,17.0,0.73913044,12.0,0.5217391,0.73913044,3.360306,4.3685226,4.3923173,5.0,0.0,0.2173913,0.0,0.5,0.8884688,0.0,0.0,0.0,16.0,11.5,4.5,0.0,0.0,2.8278196,0.0,7.422727,1.0066705,1.3478261
clcnnfmebffdaofd.com,padcrypt,20.0,16.0,2.0,0.0,0.0,19.0,1.0,0.0,0.0,4.0,0.21052632,15.0,0.7894737,10.0,0.5263158,0.6315789,3.155565,4.058814,4.087463,7.0,0.0,0.36842105,0.0,0.6,0.87534624,0.0,0.0,0.0,16.0,9.5,6.5,1.0,0.0,3.125,0.0,8.505,1.1689389,1.4210526
nmacfcmnfkfeonkf.cc,padcrypt,19.0,16.0,2.0,0.0,0.0,18.0,1.0,0.0,0.0,3.0,0.16666667,15.0,0.8333333,8.0,0.44444445,0.5555556,2.7946534,3.8521688,4.0,8.0,0.0,0.44444445,0.0,0.625,0.83950615,0.0,0.0,0.0,16.0,9.0,7.0,1.0,0.0,2.8278196,0.0,8.726471,1.5142957,1.4444444
fbmockanaadallkf.com,padcrypt,20.0,16.0,2.0,0.0,0.0,19.0,1.0,0.0,0.0,6.0,0.31578946,13.0,0.68421054,10.0,0.5263158,0.5263158,3.195296,4.169925,4.087463,5.0,0.0,0.2631579,0.0,0.7,0.88088644,0.0,0.0,0.0,16.0,9.5,6.5,1.0,0.0,3.125,0.0,6.973889,1.080406,1.4210526
kdkaaemboemlaffm.cc,padcrypt,19.0,16.0,2.0,0.0,0.0,18.0,1.0,0.0,0.0,6.0,0.33333334,12.0,0.6666667,10.0,0.5555556,0.6111111,3.1971598,3.9698157,4.0,5.0,0.0,0.2777778,0.0,0.6,0.88271606,0.0,0.0,0.0,16.0,9.0,7.0,1.0,0.0,3.0306392,0.0,8.902941,1.1070704,1.4444444
ddbdmmlokfcnoakl.com,padcrypt,20.0,16.0,2.0,0.0,0.0,19.0,1.0,0.0,0.0,4.0,0.21052632,15.0,0.7894737,10.0,0.5263158,0.42105263,3.1813664,4.169925,4.087463,7.0,0.0,0.36842105,0.0,0.6,0.88088644,0.0,0.0,0.0,16.0,9.5,6.5,1.0,0.0,3.2028196,0.0,8.538333,1.1408226,1.4210526
zznbzsfox.cc,pykspa,12.0,9.0,2.0,0.0,0.0,11.0,1.0,0.0,0.0,1.0,0.09090909,10.0,0.90909094,8.0,0.72727275,0.36363637,2.845351,3.321928,3.169925,7.0,0.0,0.6363636,0.0,0.25,0.8429752,0.0,0.0,0.0,9.0,5.5,3.5,1.0,0.0,2.6416042,0.0,9.365,2.2321718,1.7272727
egngayeoya.info,pykspa,15.0,10.0,2.0,0.0,0.0,14.0,1.0,0.0,0.0,7.0,0.5,7.0,0.5,8.0,0.5714286,0.35714287,2.950212,3.7004397,3.5849626,3.0,0.0,0.21428572,0.0,0.75,0.86734694,0.0,0.0,0.0,10.0,7.0,3.0,1.0,0.0,2.521928,0.0,8.296154,1.0027765,1.5714285
oqgimwiugkeq.net,pykspa,16.0,12.0,2.0,0.0,0.0,15.0,1.0,0.0,0.0,6.0,0.4,9.0,0.6,11.0,0.73333335,0.13333334,3.3735573,3.807355,3.7004397,2.0,0.0,0.13333334,0.0,0.36363637,0.8977778,0.0,0.0,0.0,12.0,7.5,4.5,1.0,0.0,3.0849626,0.0,8.184286,1.1882304,1.5333333
emhetanansnan.org,pykspa,17.0,13.0,2.0,0.0,0.0,16.0,1.0,0.0,0.0,6.0,0.375,10.0,0.625,10.0,0.625,0.3125,3.0778196,3.4565647,3.6644979,3.0,0.0,0.1875,0.0,0.3,0.859375,0.0,0.0,0.0,13.0,8.0,5.0,1.0,0.0,2.5654483,0.0,4.224,0.6500077,1.375
eupkocuiwcymao.info,pykspa,19.0,14.0,2.0,0.0,0.0,18.0,1.0,0.0,0.0,9.0,0.5,9.0,0.5,13.0,0.7222222,0.2777778,3.5724313,4.087463,4.0,4.0,0.0,0.22222222,0.0,0.30769232,0.9074074,0.0,0.0,0.0,14.0,9.0,5.0,1.0,0.0,3.3787835,0.0,7.805294,0.76960194,1.4444444
gctclsuiwcymao.net,pykspa,18.0,14.0,2.0,0.0,0.0,17.0,1.0,0.0,0.0,5.0,0.29411766,12.0,0.7058824,14.0,0.8235294,0.29411766,3.6901164,4.0,3.9068906,6.0,0.0,0.3529412,0.0,0.14285715,0.9134948,0.0,0.0,0.0,14.0,8.5,5.5,1.0,0.0,3.46772,0.0,6.850625,0.5633787,1.4705882
qssyswiugkeq.net,pykspa,16.0,12.0,2.0,0.0,0.0,15.0,1.0,0.0,0.0,4.0,0.26666668,11.0,0.73333335,11.0,0.73333335,0.13333334,3.3232315,3.807355,3.7004397,6.0,0.0,0.4,0.0,0.27272728,0.8888889,0.0,0.0,0.0,12.0,7.5,4.5,1.0,0.0,3.0220551,0.0,8.495714,1.1715782,1.5333333
jmuybafox.com,pykspa,13.0,9.0,2.0,0.0,0.0,12.0,1.0,0.0,0.0,4.0,0.33333334,8.0,0.6666667,10.0,0.8333333,0.33333334,3.251629,3.4594316,3.321928,2.0,0.0,0.16666667,0.0,0.2,0.8888889,0.0,0.0,0.0,9.0,6.0,3.0,1.0,0.0,3.169925,0.0,7.606364,1.4594011,1.6666666
acrqcadsholapet.com,pykspa,19.0,15.0,2.0,0.0,0.0,18.0,1.0,0.0,0.0,6.0,0.33333334,12.0,0.6666667,13.0,0.7222222,0.44444445,3.530493,4.087463,4.0,4.0,0.0,0.22222222,0.0,0.23076923,0.90123457,0.0,0.0,0.0,15.0,9.0,6.0,1.0,0.0,3.4565647,0.0,5.5264707,0.70101273,1.4444444
gubqxadsholapet.org,pykspa,19.0,15.0,2.0,0.0,0.0,18.0,1.0,0.0,0.0,6.0,0.33333334,12.0,0.6666667,15.0,0.8333333,0.2777778,3.8365917,4.087463,4.0,3.0,0.0,0.16666667,0.0,0.2,0.9259259,0.0,0.0,0.0,15.0,9.0,6.0,1.0,0.0,3.7735572,0.0,6.5164704,0.71516657,1.4444444
afduekdsholapet.org,pykspa,19.0,15.0,2.0,0.0,0.0,18.0,1.0,0.0,0.0,7.0,0.3888889,11.0,0.6111111,14.0,0.7777778,0.3888889,3.7254806,4.087463,4.0,4.0,0.0,0.22222222,0.0,0.2857143,0.9197531,0.0,0.0,0.0,15.0,9.0,6.0,1.0,0.0,3.5068905,0.0,6.917647,0.5017494,1.4444444
cdcyjanansnan.org,pykspa,17.0,13.0,2.0,0.0,0.0,16.0,1.0,0.0,0.0,4.0,0.25,12.0,0.75,10.0,0.625,0.375,3.0778196,3.4565647,3.6644979,5.0,0.0,0.3125,0.0,0.3,0.859375,0.0,0.0,0.0,13.0,8.0,5.0,1.0,0.0,2.5654483,0.0,5.7013335,0.97026,1.375
wavmegeoya.net,pykspa,14.0,10.0,2.0,0.0,0.0,13.0,1.0,0.0,0.0,6.0,0.46153846,7.0,0.53846157,10.0,0.7692308,0.3846154,3.180833,3.5849626,3.4594316,2.0,0.0,0.15384616,0.0,0.2,0.87573963,0.0,0.0,0.0,10.0,6.5,3.5,1.0,0.0,2.9219282,0.0,7.015,0.8433916,1.6153846
jepktkn.com,pykspa,11.0,7.0,2.0,0.0,0.0,10.0,1.0,0.0,0.0,2.0,0.2,8.0,0.8,9.0,0.9,0.2,3.121928,3.169925,3.0,6.0,0.0,0.6,0.0,0.11111111,0.88,0.0,0.0,0.0,7.0,5.0,2.0,1.0,0.0,2.5216405,0.0,7.89,1.3255872,1.8
keasreiq.biz,pykspa,12.0,8.0,2.0,0.0,0.0,11.0,1.0,0.0,0.0,5.0,0.45454547,6.0,0.54545456,9.0,0.8181818,0.36363637,3.0957952,3.321928,3.169925,2.0,0.0,0.18181819,0.0,0.22222222,0.87603307,0.0,0.0,0.0,8.0,5.5,2.5,1.0,0.0,2.75,0.0,7.037,1.3431098,1.7272727
ehdvxsdsholapet.com,pykspa,19.0,15.0,2.0,0.0,0.0,18.0,1.0,0.0,0.0,5.0,0.2777778,13.0,0.7222222,13.0,0.7222222,0.33333334,3.6143694,4.087463,4.0,8.0,0.0,0.44444445,0.0,0.3846154,0.91358024,0.0,0.0,0.0,15.0,9.0,6.0,1.0,0.0,3.3735573,0.0,7.0341177,0.6932218,1.4444444
youvpsdsholapet.cc,pykspa,18.0,15.0,2.0,0.0,0.0,17.0,1.0,0.0,0.0,5.0,0.29411766,12.0,0.7058824,13.0,0.7647059,0.29411766,3.6168747,4.0,3.9068906,6.0,0.0,0.3529412,0.0,0.30769232,0.9134948,0.0,0.0,0.0,15.0,8.5,6.5,1.0,0.0,3.5068905,0.0,7.238125,0.67761785,1.4705882
pvbypcn.cc,pykspa,10.0,7.0,2.0,0.0,0.0,9.0,1.0,0.0,0.0,0.0,0.0,9.0,1.0,6.0,0.6666667,0.44444445,2.4193819,3.0,2.807355,9.0,0.0,1.0,0.0,0.33333334,0.79012346,0.0,0.0,0.0,7.0,4.5,2.5,1.0,0.0,2.5216405,0.0,10.0,2.034105,1.8888888
zxskwafox.org,pykspa,13.0,9.0,2.0,0.0,0.0,12.0,1.0,0.0,0.0,3.0,0.25,9.0,0.75,10.0,0.8333333,0.16666667,3.251629,3.4594316,3.321928,5.0,0.0,0.41666666,0.0,0.2,0.8888889,0.0,0.0,0.0,9.0,6.0,3.0,1.0,0.0,2.947703,0.0,8.704545,1.5812137,1.6666666
mkfqck.net,pykspa,10.0,6.0,2.0,0.0,0.0,9.0,1.0,0.0,0.0,1.0,0.11111111,8.0,0.8888889,8.0,0.8888889,0.33333334,2.947703,3.0,2.807355,7.0,0.0,0.7777778,0.0,0.125,0.86419755,0.0,0.0,0.0,6.0,4.5,1.5,1.0,0.0,2.251629,0.0,8.27875,1.6851375,1.8888888
artlsufqbex.org,pykspa,15.0,11.0,2.0,0.0,0.0,14.0,1.0,0.0,0.0,4.0,0.2857143,10.0,0.71428573,13.0,0.9285714,0.2857143,3.6644979,3.7004397,3.5849626,4.0,0.0,0.2857143,0.0,0.07692308,0.9183673,0.0,0.0,0.0,11.0,7.0,4.0,1.0,0.0,3.4594316,0.0,7.3415384,0.9087495,1.5714285
ooffqguiwcymao.info,pykspa,19.0,14.0,2.0,0.0,0.0,18.0,1.0,0.0,0.0,8.0,0.44444445,10.0,0.5555556,12.0,0.6666667,0.2777778,3.350209,4.087463,4.0,4.0,0.0,0.22222222,0.0,0.25,0.88271606,0.0,0.0,0.0,14.0,9.0,5.0,1.0,0.0,3.324863,0.0,8.11,1.1199429,1.4444444
yuqoyueoya.net,pykspa,14.0,10.0,2.0,0.0,0.0,13.0,1.0,0.0,0.0,7.0,0.53846157,6.0,0.46153846,8.0,0.61538464,0.23076923,2.8731406,3.251629,3.4594316,1.0,0.0,0.07692308,0.0,0.5,0.852071,0.0,0.0,0.0,10.0,6.5,3.5,1.0,0.0,2.4464393,0.0,8.1575,1.2638574,1.6153846
gapilguiwcymao.info,pykspa,19.0,14.0,2.0,0.0,0.0,18.0,1.0,0.0,0.0,8.0,0.44444445,10.0,0.5555556,13.0,0.7222222,0.22222222,3.5724313,4.087463,4.0,4.0,0.0,0.22222222,0.0,0.30769232,0.9074074,0.0,0.0,0.0,14.0,9.0,5.0,1.0,0.0,3.3787835,0.0,7.0441175,0.75504655,1.4444444
rzvwpcn.org,pykspa,11.0,7.0,2.0,0.0,0.0,10.0,1.0,0.0,0.0,1.0,0.1,9.0,0.9,9.0,0.9,0.1,3.121928,3.169925,3.0,7.0,0.0,0.7,0.0,0.11111111,0.88,0.0,0.0,0.0,7.0,5.0,2.0,1.0,0.0,2.807355,0.0,8.485556,1.4546164,1.8
quiydsdsholapet.cc,pykspa,18.0,15.0,2.0,0.0,0.0,17.0,1.0,0.0,0.0,5.0,0.29411766,12.0,0.7058824,14.0,0.8235294,0.3529412,3.7345216,3.875,3.9068906,6.0,0.0,0.3529412,0.0,0.21428572,0.9204152,0.0,0.0,0.0,15.0,8.5,6.5,1.0,0.0,3.640224,0.0,7.395,0.6693982,1.4705882
bjnbbwfox.com,pykspa,13.0,9.0,2.0,0.0,0.0,12.0,1.0,0.0,0.0,2.0,0.16666667,10.0,0.8333333,9.0,0.75,0.41666666,3.0220551,3.4594316,3.321928,7.0,0.0,0.5833333,0.0,0.22222222,0.8611111,0.0,0.0,0.0,9.0,6.0,3.0,1.0,0.0,2.6416042,0.0,8.163636,1.7799485,1.6666666
paaarifox.org,pykspa,13.0,9.0,2.0,0.0,0.0,12.0,1.0,0.0,0.0,6.0,0.5,6.0,0.5,8.0,0.6666667,0.33333334,2.8553886,3.2776134,3.321928,2.0,0.0,0.16666667,0.0,0.375,0.8472222,0.0,0.0,0.0,9.0,6.0,3.0,1.0,0.0,2.6416042,0.0,6.3,1.1982924,1.6666666
jlyctafox.com,pykspa,13.0,9.0,2.0,0.0,0.0,12.0,1.0,0.0,0.0,3.0,0.25,9.0,0.75,10.0,0.8333333,0.33333334,3.251629,3.4594316,3.321928,5.0,0.0,0.41666666,0.0,0.2,0.8888889,0.0,0.0,0.0,9.0,6.0,3.0,1.0,0.0,3.169925,0.0,6.4672728,1.3015226,1.6666666
trhklgn.com,pykspa,11.0,7.0,2.0,0.0,0.0,10.0,1.0,0.0,0.0,1.0,0.1,9.0,0.9,10.0,1.0,0.1,3.321928,3.169925,3.0,8.0,0.0,0.8,0.0,0.0,0.9,0.0,0.0,0.0,7.0,5.0,2.0,1.0,0.0,2.807355,0.0,7.691111,0.936452,1.8
lqpyjgn.com,pykspa,11.0,7.0,2.0,0.0,0.0,10.0,1.0,0.0,0.0,1.0,0.1,9.0,0.9,10.0,1.0,0.1,3.321928,3.169925,3.0,8.0,0.0,0.8,0.0,0.0,0.9,0.0,0.0,0.0,7.0,5.0,2.0,1.0,0.0,2.807355,0.0,8.461111,1.49952,1.8
gqdymsuiwcymao.net,pykspa,18.0,14.0,2.0,0.0,0.0,17.0,1.0,0.0,0.0,5.0,0.29411766,12.0,0.7058824,15.0,0.88235295,0.23529412,3.8521688,3.875,3.9068906,6.0,0.0,0.3529412,0.0,0.13333334,0.9273356,0.0,0.0,0.0,14.0,8.5,5.5,1.0,0.0,3.5216405,0.0,7.545,0.68716717,1.4705882
kosiceiq.net,pykspa,12.0,8.0,2.0,0.0,0.0,11.0,1.0,0.0,0.0,5.0,0.45454547,6.0,0.54545456,9.0,0.8181818,0.27272728,3.0957952,3.321928,3.169925,2.0,0.0,0.18181819,0.0,0.22222222,0.87603307,0.0,0.0,0.0,8.0,5.5,2.5,1.0,0.0,2.75,0.0,6.496,0.999193,1.7272727
smlrkueoya.info,pykspa,15.0,10.0,2.0,0.0,0.0,14.0,1.0,0.0,0.0,6.0,0.42857143,8.0,0.5714286,13.0,0.9285714,0.21428572,3.6644979,3.7004397,3.5849626,5.0,0.0,0.35714287,0.0,0.07692308,0.9183673,0.0,0.0,0.0,10.0,7.0,3.0,1.0,0.0,3.321928,0.0,8.861539,0.55301356,1.5714285
cothzsdsholapet.org,pykspa,19.0,15.0,2.0,0.0,0.0,18.0,1.0,0.0,0.0,5.0,0.2777778,13.0,0.7222222,13.0,0.7222222,0.22222222,3.5724313,4.087463,4.0,7.0,0.0,0.3888889,0.0,0.30769232,0.9074074,0.0,0.0,0.0,15.0,9.0,6.0,1.0,0.0,3.3735573,0.0,5.574706,0.64579034,1.4444444
mrccnmnansnan.org,pykspa,17.0,13.0,2.0,0.0,0.0,16.0,1.0,0.0,0.0,3.0,0.1875,13.0,0.8125,8.0,0.5,0.25,2.7743974,3.640224,3.6644979,7.0,0.0,0.4375,0.0,0.625,0.828125,0.0,0.0,0.0,13.0,8.0,5.0,1.0,0.0,2.345852,0.0,6.6193333,1.0264398,1.375
gphwjufqbex.cc,pykspa,14.0,11.0,2.0,0.0,0.0,13.0,1.0,0.0,0.0,2.0,0.15384616,11.0,0.84615386,12.0,0.9230769,0.3846154,3.5465937,3.5849626,3.4594316,5.0,0.0,0.3846154,0.0,0.083333336,0.9112426,0.0,0.0,0.0,11.0,6.5,4.5,1.0,0.0,3.4594316,0.0,9.034166,1.6060079,1.6153846
iqtsmufqbex.com,pykspa,15.0,11.0,2.0,0.0,0.0,14.0,1.0,0.0,0.0,4.0,0.2857143,10.0,0.71428573,12.0,0.85714287,0.2857143,3.5216405,3.7004397,3.5849626,4.0,0.0,0.2857143,0.0,0.16666667,0.90816325,0.0,0.0,0.0,11.0,7.0,4.0,1.0,0.0,3.2776134,0.0,8.0430765,1.32362,1.5714285
egnqdguiwcymao.biz,pykspa,18.0,14.0,2.0,0.0,0.0,17.0,1.0,0.0,0.0,6.0,0.3529412,11.0,0.64705884,15.0,0.88235295,0.29411766,3.8521688,4.0,3.9068906,5.0,0.0,0.29411766,0.0,0.13333334,0.9273356,0.0,0.0,0.0,14.0,8.5,5.5,1.0,0.0,3.6644979,0.0,8.199375,0.911837,1.4705882
kttmvufqbex.org,pykspa,15.0,11.0,2.0,0.0,0.0,14.0,1.0,0.0,0.0,3.0,0.21428572,11.0,0.78571427,13.0,0.9285714,0.21428572,3.6644979,3.7004397,3.5849626,5.0,0.0,0.35714287,0.0,0.07692308,0.9183673,0.0,0.0,0.0,11.0,7.0,4.0,1.0,0.0,3.2776134,0.0,8.50077,1.1953841,1.5714285
gykuxiiugkeq.info,pykspa,17.0,12.0,2.0,0.0,0.0,16.0,1.0,0.0,0.0,7.0,0.4375,9.0,0.5625,11.0,0.6875,0.125,3.3278196,3.9068906,3.807355,3.0,0.0,0.1875,0.0,0.36363637,0.890625,0.0,0.0,0.0,12.0,8.0,4.0,1.0,0.0,2.9182959,0.0,9.013333,1.3451838,1.5
aurqia.biz,pykspa,10.0,6.0,2.0,0.0,0.0,9.0,1.0,0.0,0.0,5.0,0.5555556,4.0,0.44444445,7.0,0.7777778,0.33333334,2.7254806,3.0,2.807355,2.0,0.0,0.22222222,0.0,0.2857143,0.83950615,0.0,0.0,0.0,6.0,4.5,1.5,1.0,0.0,2.251629,0.0,7.1725,1.7479951,1.8888888
gibwocuiwcymao.biz,pykspa,18.0,14.0,2.0,0.0,0.0,17.0,1.0,0.0,0.0,7.0,0.4117647,10.0,0.5882353,11.0,0.64705884,0.29411766,3.3371754,4.0,3.9068906,4.0,0.0,0.23529412,0.0,0.45454547,0.8927336,0.0,0.0,0.0,14.0,8.5,5.5,1.0,0.0,3.2359264,0.0,7.130625,1.2116224,1.4705882
sufyfk.net,pykspa,10.0,6.0,2.0,0.0,0.0,9.0,1.0,0.0,0.0,2.0,0.22222222,7.0,0.7777778,8.0,0.8888889,0.33333334,2.947703,3.0,2.807355,5.0,0.0,0.5555556,0.0,0.125,0.86419755,0.0,0.0,0.0,6.0,4.5,1.5,1.0,0.0,2.251629,0.0,8.27875,1.3430996,1.8888888
tgfengn.com,pykspa,11.0,7.0,2.0,0.0,0.0,10.0,1.0,0.0,0.0,2.0,0.2,8.0,0.8,8.0,0.8,0.3,2.9219282,3.169925,3.0,4.0,0.0,0.4,0.0,0.25,0.86,0.0,0.0,0.0,7.0,5.0,2.0,1.0,0.0,2.2359264,0.0,6.7411113,1.1540755,1.8
qxmkxanansnan.org,pykspa,17.0,13.0,2.0,0.0,0.0,16.0,1.0,0.0,0.0,4.0,0.25,12.0,0.75,10.0,0.625,0.1875,3.0778196,3.4565647,3.6644979,5.0,0.0,0.3125,0.0,0.3,0.859375,0.0,0.0,0.0,13.0,8.0,5.0,1.0,0.0,2.5654483,0.0,6.0633335,1.2929517,1.375
pmtuogn.cc,pykspa,10.0,7.0,2.0,0.0,0.0,9.0,1.0,0.0,0.0,2.0,0.22222222,7.0,0.7777778,8.0,0.8888889,0.22222222,2.947703,3.0,2.807355,4.0,0.0,0.44444445,0.0,0.125,0.86419755,0.0,0.0,0.0,7.0,4.5,2.5,1.0,0.0,2.807355,0.0,9.31,1.2253302,1.8888888
wexkna.info,pykspa,11.0,6.0,2.0,0.0,0.0,10.0,1.0,0.0,0.0,4.0,0.4,6.0,0.6,9.0,0.9,0.3,3.121928,3.169925,3.0,3.0,0.0,0.3,0.0,0.11111111,0.88,0.0,0.0,0.0,6.0,5.0,1.0,1.0,0.0,2.5849626,0.0,6.9566665,1.201257,1.8
wswcnsuiwcymao.biz,pykspa,18.0,14.0,2.0,0.0,0.0,17.0,1.0,0.0,0.0,5.0,0.29411766,12.0,0.7058824,12.0,0.7058824,0.23529412,3.4548223,3.875,3.9068906,6.0,0.0,0.3529412,0.0,0.33333334,0.899654,0.0,0.0,0.0,14.0,8.5,5.5,1.0,0.0,3.182006,0.0,7.768125,1.0541573,1.4705882
cioctmiq.biz,pykspa,12.0,8.0,2.0,0.0,0.0,11.0,1.0,0.0,0.0,4.0,0.36363637,7.0,0.6363636,8.0,0.72727275,0.27272728,2.845351,3.321928,3.169925,3.0,0.0,0.27272728,0.0,0.25,0.8429752,0.0,0.0,0.0,8.0,5.5,2.5,1.0,0.0,2.5,0.0,6.958,1.6732603,1.7272727
gycshkdsholapet.org,pykspa,19.0,15.0,2.0,0.0,0.0,18.0,1.0,0.0,0.0,4.0,0.22222222,14.0,0.7777778,14.0,0.7777778,0.22222222,3.7254806,3.9698157,4.0,9.0,0.0,0.5,0.0,0.2857143,0.9197531,0.0,0.0,0.0,15.0,9.0,6.0,1.0,0.0,3.640224,0.0,6.917647,0.5900104,1.4444444
kwwmvqeoya.net,pykspa,14.0,10.0,2.0,0.0,0.0,13.0,1.0,0.0,0.0,4.0,0.30769232,9.0,0.6923077,11.0,0.84615386,0.23076923,3.3927474,3.5849626,3.4594316,6.0,0.0,0.46153846,0.0,0.18181819,0.8994083,0.0,0.0,0.0,10.0,6.5,3.5,1.0,0.0,3.121928,0.0,8.1575,1.1417121,1.6153846
eggyoo.biz,pykspa,10.0,6.0,2.0,0.0,0.0,9.0,1.0,0.0,0.0,4.0,0.44444445,5.0,0.5555556,7.0,0.7777778,0.22222222,2.7254806,3.0,2.807355,3.0,0.0,0.33333334,0.0,0.2857143,0.83950615,0.0,0.0,0.0,6.0,4.5,1.5,1.0,0.0,1.9182959,0.0,8.565,1.6372085,1.8888888
iaaqqo.info,pykspa,11.0,6.0,2.0,0.0,0.0,10.0,1.0,0.0,0.0,6.0,0.6,4.0,0.4,6.0,0.6,0.3,2.521928,3.169925,3.0,2.0,0.0,0.2,0.0,0.6666667,0.82,0.0,0.0,0.0,6.0,5.0,1.0,1.0,0.0,1.9182959,0.0,7.7588887,1.7212518,1.8
ciuurenansnan.com,pykspa,17.0,13.0,2.0,0.0,0.0,16.0,1.0,0.0,0.0,7.0,0.4375,9.0,0.5625,10.0,0.625,0.3125,3.125,3.640224,3.6644979,3.0,0.0,0.1875,0.0,0.4,0.8671875,0.0,0.0,0.0,13.0,8.0,5.0,1.0,0.0,2.7773628,0.0,5.1586666,0.728497,1.375
lphkhifox.com,pykspa,13.0,9.0,2.0,0.0,0.0,12.0,1.0,0.0,0.0,3.0,0.25,9.0,0.75,10.0,0.8333333,0.16666667,3.251629,3.4594316,3.321928,5.0,0.0,0.41666666,0.0,0.2,0.8888889,0.0,0.0,0.0,9.0,6.0,3.0,1.0,0.0,2.947703,0.0,7.0209093,1.307938,1.6666666
wiyadkdsholapet.cc,pykspa,18.0,15.0,2.0,0.0,0.0,17.0,1.0,0.0,0.0,5.0,0.29411766,12.0,0.7058824,14.0,0.8235294,0.4117647,3.7345216,4.0,3.9068906,5.0,0.0,0.29411766,0.0,0.21428572,0.9204152,0.0,0.0,0.0,15.0,8.5,6.5,1.0,0.0,3.640224,0.0,7.288125,0.6007448,1.4705882
vzhkxgn.org,pykspa,11.0,7.0,2.0,0.0,0.0,10.0,1.0,0.0,0.0,1.0,0.1,9.0,0.9,9.0,0.9,0.0,3.121928,3.169925,3.0,7.0,0.0,0.7,0.0,0.11111111,0.88,0.0,0.0,0.0,7.0,5.0,2.0,1.0,0.0,2.807355,0.0,8.485556,1.7464467,1.8
oeqeymnansnan.com,pykspa,17.0,13.0,2.0,0.0,0.0,16.0,1.0,0.0,0.0,6.0,0.375,10.0,0.625,9.0,0.5625,0.3125,3.0,3.640224,3.6644979,3.0,0.0,0.1875,0.0,0.5555556,0.859375,0.0,0.0,0.0,13.0,8.0,5.0,1.0,0.0,2.7773628,0.0,6.6046667,0.9713863,1.375
owwyoaiq.info,pykspa,13.0,8.0,2.0,0.0,0.0,12.0,1.0,0.0,0.0,6.0,0.5,6.0,0.5,8.0,0.6666667,0.16666667,2.8553886,3.4594316,3.321928,3.0,0.0,0.25,0.0,0.375,0.8472222,0.0,0.0,0.0,8.0,6.0,2.0,1.0,0.0,2.5,0.0,8.119091,1.4224128,1.6666666
qeaqaaygiw.org,pykspa,14.0,10.0,2.0,0.0,0.0,13.0,1.0,0.0,0.0,6.0,0.46153846,7.0,0.53846157,9.0,0.6923077,0.30769232,3.0269868,3.5849626,3.4594316,2.0,0.0,0.15384616,0.0,0.33333334,0.8639053,0.0,0.0,0.0,10.0,6.5,3.5,1.0,0.0,2.6464393,0.0,7.6925,1.3935909,1.6153846
aqoemsuiwcymao.net,pykspa,18.0,14.0,2.0,0.0,0.0,17.0,1.0,0.0,0.0,8.0,0.47058824,9.0,0.5294118,13.0,0.7647059,0.29411766,3.6168747,4.0,3.9068906,4.0,0.0,0.23529412,0.0,0.30769232,0.9134948,0.0,0.0,0.0,14.0,8.5,5.5,1.0,0.0,3.3787835,0.0,7.17375,0.63822234,1.4705882
wyqcgiiugkeq.net,pykspa,16.0,12.0,2.0,0.0,0.0,15.0,1.0,0.0,0.0,5.0,0.33333334,10.0,0.6666667,11.0,0.73333335,0.2,3.3735573,3.807355,3.7004397,5.0,0.0,0.33333334,0.0,0.36363637,0.8977778,0.0,0.0,0.0,12.0,7.5,4.5,1.0,0.0,3.0849626,0.0,8.566428,1.2780353,1.5333333
lhnsbifox.com,pykspa,13.0,9.0,2.0,0.0,0.0,12.0,1.0,0.0,0.0,3.0,0.25,9.0,0.75,11.0,0.9166667,0.25,3.4182959,3.4594316,3.321928,5.0,0.0,0.41666666,0.0,0.09090909,0.9027778,0.0,0.0,0.0,9.0,6.0,3.0,1.0,0.0,3.169925,0.0,6.498182,1.0268198,1.6666666
jfrpdcn.com,pykspa,11.0,7.0,2.0,0.0,0.0,10.0,1.0,0.0,0.0,1.0,0.1,9.0,0.9,9.0,0.9,0.4,3.121928,3.169925,3.0,8.0,0.0,0.8,0.0,0.11111111,0.88,0.0,0.0,0.0,7.0,5.0,2.0,1.0,0.0,2.807355,0.0,7.83,1.3445702,1.8
wgfrpguiwcymao.biz,pykspa,18.0,14.0,2.0,0.0,0.0,17.0,1.0,0.0,0.0,5.0,0.29411766,12.0,0.7058824,14.0,0.8235294,0.23529412,3.7345216,4.0,3.9068906,6.0,0.0,0.3529412,0.0,0.21428572,0.9204152,0.0,0.0,0.0,14.0,8.5,5.5,1.0,0.0,3.5216405,0.0,7.844375,1.020135,1.4705882
abfugadsholapet.com,pykspa,19.0,15.0,2.0,0.0,0.0,18.0,1.0,0.0,0.0,7.0,0.3888889,11.0,0.6111111,15.0,0.8333333,0.44444445,3.7946534,4.087463,4.0,3.0,0.0,0.16666667,0.0,0.13333334,0.9197531,0.0,0.0,0.0,15.0,9.0,6.0,1.0,0.0,3.589898,0.0,5.977647,0.5115741,1.4444444
ghkgpenansnan.com,pykspa,17.0,13.0,2.0,0.0,0.0,16.0,1.0,0.0,0.0,4.0,0.25,12.0,0.75,11.0,0.6875,0.25,3.25,3.640224,3.6644979,5.0,0.0,0.3125,0.0,0.27272728,0.875,0.0,0.0,0.0,13.0,8.0,5.0,1.0,0.0,2.7773628,0.0,5.6406665,0.8475067,1.375
wktfcyfqbex.cc,pykspa,14.0,11.0,2.0,0.0,0.0,13.0,1.0,0.0,0.0,1.0,0.07692308,12.0,0.9230769,10.0,0.7692308,0.53846157,3.180833,3.5849626,3.4594316,9.0,0.0,0.6923077,0.0,0.2,0.87573963,0.0,0.0,0.0,11.0,6.5,4.5,1.0,0.0,3.2776134,0.0,8.581667,1.7832793,1.6153846
evdqaufqbex.org,pykspa,15.0,11.0,2.0,0.0,0.0,14.0,1.0,0.0,0.0,5.0,0.35714287,9.0,0.64285713,12.0,0.85714287,0.42857143,3.5216405,3.7004397,3.5849626,3.0,0.0,0.21428572,0.0,0.16666667,0.90816325,0.0,0.0,0.0,11.0,7.0,4.0,1.0,0.0,3.0957952,0.0,8.053077,1.3611151,1.5714285
ruhqpgn.org,pykspa,11.0,7.0,2.0,0.0,0.0,10.0,1.0,0.0,0.0,2.0,0.2,8.0,0.8,8.0,0.8,0.0,2.9219282,3.169925,3.0,5.0,0.0,0.5,0.0,0.25,0.86,0.0,0.0,0.0,7.0,5.0,2.0,1.0,0.0,2.807355,0.0,8.485556,1.4784118,1.8
imggywiq.net,pykspa,12.0,8.0,2.0,0.0,0.0,11.0,1.0,0.0,0.0,3.0,0.27272728,8.0,0.72727275,9.0,0.8181818,0.09090909,3.0957952,3.321928,3.169925,5.0,0.0,0.45454547,0.0,0.22222222,0.87603307,0.0,0.0,0.0,8.0,5.5,2.5,1.0,0.0,2.5,0.0,8.088,1.331502,1.7272727
dctkfcn.org,pykspa,11.0,7.0,2.0,0.0,0.0,10.0,1.0,0.0,0.0,1.0,0.1,9.0,0.9,9.0,0.9,0.4,3.121928,3.169925,3.0,7.0,0.0,0.7,0.0,0.11111111,0.88,0.0,0.0,0.0,7.0,5.0,2.0,1.0,0.0,2.5216405,0.0,7.903333,1.1724473,1.8
ghpadkdsholapet.cc,pykspa,18.0,15.0,2.0,0.0,0.0,17.0,1.0,0.0,0.0,4.0,0.23529412,13.0,0.7647059,12.0,0.7058824,0.4117647,3.4992275,4.0,3.9068906,5.0,0.0,0.29411766,0.0,0.41666666,0.90657437,0.0,0.0,0.0,15.0,8.5,6.5,1.0,0.0,3.3735573,0.0,6.896875,0.78094983,1.4705882
luaogwfox.cc,pykspa,12.0,9.0,2.0,0.0,0.0,11.0,1.0,0.0,0.0,4.0,0.36363637,7.0,0.6363636,9.0,0.8181818,0.36363637,3.0957952,3.321928,3.169925,3.0,0.0,0.27272728,0.0,0.22222222,0.87603307,0.0,0.0,0.0,9.0,5.5,3.5,1.0,0.0,2.947703,0.0,9.365,1.3576543,1.7272727
wqcqcsdsholapet.cc,pykspa,18.0,15.0,2.0,0.0,0.0,17.0,1.0,0.0,0.0,3.0,0.1764706,14.0,0.8235294,12.0,0.7058824,0.4117647,3.3815806,3.875,3.9068906,9.0,0.0,0.5294118,0.0,0.25,0.8858132,0.0,0.0,0.0,15.0,8.5,6.5,1.0,0.0,3.5068905,0.0,7.714375,1.1258321,1.4705882
jucdwafox.org,pykspa,13.0,9.0,2.0,0.0,0.0,12.0,1.0,0.0,0.0,4.0,0.33333334,8.0,0.6666667,11.0,0.9166667,0.33333334,3.4182959,3.4594316,3.321928,3.0,0.0,0.25,0.0,0.09090909,0.9027778,0.0,0.0,0.0,9.0,6.0,3.0,1.0,0.0,3.169925,0.0,8.704545,1.2365819,1.6666666
mkbxko.biz,pykspa,10.0,6.0,2.0,0.0,0.0,9.0,1.0,0.0,0.0,2.0,0.22222222,7.0,0.7777778,7.0,0.7777778,0.22222222,2.7254806,3.0,2.807355,5.0,0.0,0.5555556,0.0,0.2857143,0.83950615,0.0,0.0,0.0,6.0,4.5,1.5,1.0,0.0,2.251629,0.0,8.565,2.2378464,1.8888888
shtfbufqbex.com,pykspa,15.0,11.0,2.0,0.0,0.0,14.0,1.0,0.0,0.0,3.0,0.21428572,11.0,0.78571427,12.0,0.85714287,0.42857143,3.5216405,3.7004397,3.5849626,5.0,0.0,0.35714287,0.0,0.16666667,0.90816325,0.0,0.0,0.0,11.0,7.0,4.0,1.0,0.0,3.0957952,0.0,7.5730767,1.3047982,1.5714285
vavmdkn.org,pykspa,11.0,7.0,2.0,0.0,0.0,10.0,1.0,0.0,0.0,2.0,0.2,8.0,0.8,9.0,0.9,0.2,3.121928,3.169925,3.0,5.0,0.0,0.5,0.0,0.11111111,0.88,0.0,0.0,0.0,7.0,5.0,2.0,1.0,0.0,2.5216405,0.0,8.485556,1.2744442,1.8
sytsmodsholapet.com,pykspa,19.0,15.0,2.0,0.0,0.0,18.0,1.0,0.0,0.0,5.0,0.2777778,13.0,0.7222222,12.0,0.6666667,0.22222222,3.4193819,4.087463,4.0,5.0,0.0,0.2777778,0.0,0.33333334,0.89506173,0.0,0.0,0.0,15.0,9.0,6.0,1.0,0.0,3.3232315,0.0,6.6688237,0.62457097,1.4444444
medmqqfqbex.org,pykspa,15.0,11.0,2.0,0.0,0.0,14.0,1.0,0.0,0.0,3.0,0.21428572,11.0,0.78571427,10.0,0.71428573,0.35714287,3.182006,3.7004397,3.5849626,7.0,0.0,0.5,0.0,0.3,0.877551,0.0,0.0,0.0,11.0,7.0,4.0,1.0,0.0,2.6635327,0.0,7.333846,1.7828797,1.5714285
cqfsukuiwcymao.info,pykspa,19.0,14.0,2.0,0.0,0.0,18.0,1.0,0.0,0.0,7.0,0.3888889,11.0,0.6111111,13.0,0.7222222,0.2777778,3.6143694,4.087463,4.0,4.0,0.0,0.22222222,0.0,0.3846154,0.91358024,0.0,0.0,0.0,14.0,9.0,5.0,1.0,0.0,3.5216405,0.0,8.11,0.9733685,1.4444444
uwjiisuiwcymao.info,pykspa,19.0,14.0,2.0,0.0,0.0,18.0,1.0,0.0,0.0,9.0,0.5,9.0,0.5,12.0,0.6666667,0.16666667,3.3921473,4.087463,4.0,4.0,0.0,0.22222222,0.0,0.33333334,0.8888889,0.0,0.0,0.0,14.0,9.0,5.0,1.0,0.0,3.182006,0.0,7.66,0.94815534,1.4444444
lernbcqsi.net,pykspa,13.0,9.0,2.0,0.0,0.0,12.0,1.0,0.0,0.0,3.0,0.25,9.0,0.75,10.0,0.8333333,0.33333334,3.251629,3.4594316,3.321928,6.0,0.0,0.5,0.0,0.2,0.8888889,0.0,0.0,0.0,9.0,6.0,3.0,1.0,0.0,3.169925,0.0,5.860909,0.88894916,1.6666666
cgqyqgeoya.biz,pykspa,14.0,10.0,2.0,0.0,0.0,13.0,1.0,0.0,0.0,4.0,0.30769232,9.0,0.6923077,10.0,0.7692308,0.30769232,3.2389011,3.5849626,3.4594316,6.0,0.0,0.46153846,0.0,0.3,0.88757396,0.0,0.0,0.0,10.0,6.5,3.5,1.0,0.0,2.7219281,0.0,8.459167,1.6825321,1.6153846
gciauwiugkeq.info,pykspa,17.0,12.0,2.0,0.0,0.0,16.0,1.0,0.0,0.0,8.0,0.5,8.0,0.5,12.0,0.75,0.25,3.4528196,3.9068906,3.807355,2.0,0.0,0.125,0.0,0.25,0.8984375,0.0,0.0,0.0,12.0,8.0,4.0,1.0,0.0,3.0849626,0.0,8.6553335,1.0329489,1.5
oniuhkdsholapet.org,pykspa,19.0,15.0,2.0,0.0,0.0,18.0,1.0,0.0,0.0,7.0,0.3888889,11.0,0.6111111,15.0,0.8333333,0.16666667,3.7946534,4.087463,4.0,5.0,0.0,0.2777778,0.0,0.13333334,0.9197531,0.0,0.0,0.0,15.0,9.0,6.0,1.0,0.0,3.640224,0.0,6.4364705,0.41421473,1.4444444
gqcumwiq.info,pykspa,13.0,8.0,2.0,0.0,0.0,12.0,1.0,0.0,0.0,4.0,0.33333334,8.0,0.6666667,10.0,0.8333333,0.16666667,3.251629,3.4594316,3.321928,3.0,0.0,0.25,0.0,0.2,0.8888889,0.0,0.0,0.0,8.0,6.0,2.0,1.0,0.0,2.75,0.0,8.654546,1.5189282,1.6666666
romugwfox.org,pykspa,13.0,9.0,2.0,0.0,0.0,12.0,1.0,0.0,0.0,4.0,0.33333334,8.0,0.6666667,8.0,0.6666667,0.083333336,2.8553886,3.4594316,3.321928,3.0,0.0,0.25,0.0,0.375,0.8472222,0.0,0.0,0.0,9.0,6.0,3.0,1.0,0.0,2.947703,0.0,7.451818,1.4670304,1.6666666
mrrebenansnan.org,pykspa,17.0,13.0,2.0,0.0,0.0,16.0,1.0,0.0,0.0,5.0,0.3125,11.0,0.6875,9.0,0.5625,0.3125,2.9528196,3.640224,3.6644979,3.0,0.0,0.1875,0.0,0.44444445,0.8515625,0.0,0.0,0.0,13.0,8.0,5.0,1.0,0.0,2.6235166,0.0,5.142,0.80130047,1.375
egiwvmnansnan.cc,pykspa,16.0,13.0,2.0,0.0,0.0,15.0,1.0,0.0,0.0,4.0,0.26666668,11.0,0.73333335,10.0,0.6666667,0.33333334,3.1068907,3.5216405,3.5465937,4.0,0.0,0.26666668,0.0,0.3,0.8622222,0.0,0.0,0.0,13.0,7.5,5.5,1.0,0.0,2.9312088,0.0,6.9014287,0.94217604,1.4
nmnsxgn.com,pykspa,11.0,7.0,2.0,0.0,0.0,10.0,1.0,0.0,0.0,1.0,0.1,9.0,0.9,7.0,0.7,0.1,2.6464393,3.169925,3.0,8.0,0.0,0.8,0.0,0.2857143,0.82,0.0,0.0,0.0,7.0,5.0,2.0,1.0,0.0,2.1280854,0.0,7.6944447,1.4748771,1.8
limdzafox.com,pykspa,13.0,9.0,2.0,0.0,0.0,12.0,1.0,0.0,0.0,4.0,0.33333334,8.0,0.6666667,10.0,0.8333333,0.33333334,3.251629,3.4594316,3.321928,3.0,0.0,0.25,0.0,0.2,0.8888889,0.0,0.0,0.0,9.0,6.0,3.0,1.0,0.0,3.169925,0.0,7.03,1.3068209,1.6666666
oebmqgeoya.info,pykspa,15.0,10.0,2.0,0.0,0.0,14.0,1.0,0.0,0.0,7.0,0.5,7.0,0.5,11.0,0.78571427,0.35714287,3.324863,3.7004397,3.5849626,4.0,0.0,0.2857143,0.0,0.18181819,0.8877551,0.0,0.0,0.0,10.0,7.0,3.0,1.0,0.0,2.9219282,0.0,8.36,0.98361427,1.5714285
woieriiugkeq.net,pykspa,16.0,12.0,2.0,0.0,0.0,15.0,1.0,0.0,0.0,8.0,0.53333336,7.0,0.46666667,11.0,0.73333335,0.2,3.2729056,3.807355,3.7004397,2.0,0.0,0.13333334,0.0,0.18181819,0.88,0.0,0.0,0.0,12.0,7.5,4.5,1.0,0.0,3.0220551,0.0,7.5085716,0.89797294,1.5333333
seewmiiugkeq.net,pykspa,16.0,12.0,2.0,0.0,0.0,15.0,1.0,0.0,0.0,7.0,0.46666667,8.0,0.53333336,11.0,0.73333335,0.26666668,3.240224,3.807355,3.7004397,2.0,0.0,0.13333334,0.0,0.18181819,0.8711111,0.0,0.0,0.0,12.0,7.5,4.5,1.0,0.0,3.0220551,0.0,8.028571,0.9409016,1.5333333
ouvwnyfqbex.cc,pykspa,14.0,11.0,2.0,0.0,0.0,13.0,1.0,0.0,0.0,3.0,0.23076923,10.0,0.7692308,12.0,0.9230769,0.3846154,3.5465937,3.5849626,3.4594316,7.0,0.0,0.53846157,0.0,0.083333336,0.9112426,0.0,0.0,0.0,11.0,6.5,4.5,1.0,0.0,3.4594316,0.0,8.399167,1.4131234,1.6153846
mkqutiiugkeq.net,pykspa,16.0,12.0,2.0,0.0,0.0,15.0,1.0,0.0,0.0,6.0,0.4,9.0,0.6,9.0,0.6,0.13333334,3.1068907,3.807355,3.7004397,3.0,0.0,0.2,0.0,0.6666667,0.88,0.0,0.0,0.0,12.0,7.5,4.5,1.0,0.0,2.9182959,0.0,8.455714,1.3732661,1.5333333
ehzgygfqbex.com,pykspa,15.0,11.0,2.0,0.0,0.0,14.0,1.0,0.0,0.0,3.0,0.21428572,11.0,0.78571427,12.0,0.85714287,0.35714287,3.5216405,3.7004397,3.5849626,8.0,0.0,0.5714286,0.0,0.16666667,0.90816325,0.0,0.0,0.0,11.0,7.0,4.0,1.0,0.0,3.0957952,0.0,8.0430765,1.4739282,1.5714285
qesacmiq.biz,pykspa,12.0,8.0,2.0,0.0,0.0,11.0,1.0,0.0,0.0,4.0,0.36363637,7.0,0.6363636,9.0,0.8181818,0.36363637,3.0957952,3.321928,3.169925,2.0,0.0,0.18181819,0.0,0.22222222,0.87603307,0.0,0.0,0.0,8.0,5.5,2.5,1.0,0.0,2.75,0.0,6.657,1.6710331,1.7272727
wqqhnadsholapet.cc,pykspa,18.0,15.0,2.0,0.0,0.0,17.0,1.0,0.0,0.0,4.0,0.23529412,13.0,0.7647059,13.0,0.7647059,0.3529412,3.6168747,4.0,3.9068906,5.0,0.0,0.29411766,0.0,0.30769232,0.9134948,0.0,0.0,0.0,15.0,8.5,6.5,1.0,0.0,3.5068905,0.0,6.86625,0.913452,1.4705882
mvbdkqfqbex.com,pykspa,15.0,11.0,2.0,0.0,0.0,14.0,1.0,0.0,0.0,2.0,0.14285715,12.0,0.85714287,11.0,0.78571427,0.42857143,3.3787835,3.7004397,3.5849626,9.0,0.0,0.64285713,0.0,0.27272728,0.8979592,0.0,0.0,0.0,11.0,7.0,4.0,1.0,0.0,3.0957952,0.0,8.0430765,1.767383,1.5714285
iibpoueoya.info,pykspa,15.0,10.0,2.0,0.0,0.0,14.0,1.0,0.0,0.0,9.0,0.64285713,5.0,0.35714287,10.0,0.71428573,0.2857143,3.1280854,3.7004397,3.5849626,2.0,0.0,0.14285715,0.0,0.2,0.86734694,0.0,0.0,0.0,10.0,7.0,3.0,1.0,0.0,2.9219282,0.0,7.772308,0.9184969,1.5714285
ywnksguiwcymao.net,pykspa,18.0,14.0,2.0,0.0,0.0,17.0,1.0,0.0,0.0,5.0,0.29411766,12.0,0.7058824,14.0,0.8235294,0.1764706,3.7345216,4.0,3.9068906,6.0,0.0,0.3529412,0.0,0.21428572,0.9204152,0.0,0.0,0.0,14.0,8.5,5.5,1.0,0.0,3.5216405,0.0,7.545,0.66915834,1.4705882
ymtzls.net,pykspa,10.0,6.0,2.0,0.0,0.0,9.0,1.0,0.0,0.0,1.0,0.11111111,8.0,0.8888889,8.0,0.8888889,0.11111111,2.947703,3.0,2.807355,7.0,0.0,0.7777778,0.0,0.125,0.86419755,0.0,0.0,0.0,6.0,4.5,1.5,1.0,0.0,2.5849626,0.0,8.27875,1.2170948,1.8888888
owlvfguiwcymao.net,pykspa,18.0,14.0,2.0,0.0,0.0,17.0,1.0,0.0,0.0,6.0,0.3529412,11.0,0.64705884,15.0,0.88235295,0.23529412,3.8521688,4.0,3.9068906,5.0,0.0,0.29411766,0.0,0.13333334,0.9273356,0.0,0.0,0.0,14.0,8.5,5.5,1.0,0.0,3.5216405,0.0,7.176875,0.6296081,1.4705882
zeguxwfox.cc,pykspa,12.0,9.0,2.0,0.0,0.0,11.0,1.0,0.0,0.0,3.0,0.27272728,8.0,0.72727275,9.0,0.8181818,0.36363637,3.0957952,3.321928,3.169925,3.0,0.0,0.27272728,0.0,0.22222222,0.87603307,0.0,0.0,0.0,9.0,5.5,3.5,1.0,0.0,2.947703,0.0,9.365,1.8464795,1.7272727
vmnmpgn.com,pykspa,11.0,7.0,2.0,0.0,0.0,10.0,1.0,0.0,0.0,1.0,0.1,9.0,0.9,7.0,0.7,0.1,2.6464393,3.169925,3.0,8.0,0.0,0.8,0.0,0.2857143,0.82,0.0,0.0,0.0,7.0,5.0,2.0,1.0,0.0,2.2359264,0.0,7.868889,1.569283,1.8
uafskgeoya.net,pykspa,14.0,10.0,2.0,0.0,0.0,13.0,1.0,0.0,0.0,6.0,0.46153846,7.0,0.53846157,11.0,0.84615386,0.3846154,3.3927474,3.5849626,3.4594316,4.0,0.0,0.30769232,0.0,0.18181819,0.8994083,0.0,0.0,0.0,10.0,6.5,3.5,1.0,0.0,3.121928,0.0,7.6141667,0.7166879,1.6153846
ycfkfkdsholapet.com,pykspa,19.0,15.0,2.0,0.0,0.0,18.0,1.0,0.0,0.0,4.0,0.22222222,14.0,0.7777778,14.0,0.7777778,0.3888889,3.7254806,3.9698157,4.0,9.0,0.0,0.5,0.0,0.2857143,0.9197531,0.0,0.0,0.0,15.0,9.0,6.0,1.0,0.0,3.640224,0.0,7.0341177,0.77554685,1.4444444
purgfgn.org,pykspa,11.0,7.0,2.0,0.0,0.0,10.0,1.0,0.0,0.0,2.0,0.2,8.0,0.8,7.0,0.7,0.1,2.6464393,2.947703,3.0,5.0,0.0,0.5,0.0,0.2857143,0.82,0.0,0.0,0.0,7.0,5.0,2.0,1.0,0.0,2.5216405,0.0,7.2833333,1.5163193,1.8
kytpskuiwcymao.biz,pykspa,18.0,14.0,2.0,0.0,0.0,17.0,1.0,0.0,0.0,5.0,0.29411766,12.0,0.7058824,14.0,0.8235294,0.1764706,3.7345216,4.0,3.9068906,6.0,0.0,0.3529412,0.0,0.21428572,0.9204152,0.0,0.0,0.0,14.0,8.5,5.5,1.0,0.0,3.5216405,0.0,8.199375,0.98068935,1.4705882
mqsceyeoya.net,pykspa,14.0,10.0,2.0,0.0,0.0,13.0,1.0,0.0,0.0,5.0,0.3846154,8.0,0.61538464,10.0,0.7692308,0.3846154,3.180833,3.5849626,3.4594316,4.0,0.0,0.30769232,0.0,0.2,0.87573963,0.0,0.0,0.0,10.0,6.5,3.5,1.0,0.0,2.9219282,0.0,7.574167,0.9424046,1.6153846
ygogakuiwcymao.biz,pykspa,18.0,14.0,2.0,0.0,0.0,17.0,1.0,0.0,0.0,7.0,0.4117647,10.0,0.5882353,12.0,0.7058824,0.23529412,3.4992275,4.0,3.9068906,4.0,0.0,0.23529412,0.0,0.41666666,0.90657437,0.0,0.0,0.0,14.0,8.5,5.5,1.0,0.0,3.2359264,0.0,8.199375,1.0964974,1.4705882
eumeisuiwcymao.biz,pykspa,18.0,14.0,2.0,0.0,0.0,17.0,1.0,0.0,0.0,9.0,0.5294118,8.0,0.47058824,12.0,0.7058824,0.29411766,3.4548223,4.0,3.9068906,4.0,0.0,0.23529412,0.0,0.33333334,0.899654,0.0,0.0,0.0,14.0,8.5,5.5,1.0,0.0,3.2359264,0.0,7.271875,0.89550424,1.4705882
wplgjuh.net,pykspa,11.0,7.0,2.0,0.0,0.0,10.0,1.0,0.0,0.0,2.0,0.2,8.0,0.8,10.0,1.0,0.1,3.321928,3.169925,3.0,5.0,0.0,0.5,0.0,0.0,0.9,0.0,0.0,0.0,7.0,5.0,2.0,1.0,0.0,2.807355,0.0,7.7833333,1.1452032,1.8
iqycowiugkeq.biz,pykspa,16.0,12.0,2.0,0.0,0.0,15.0,1.0,0.0,0.0,6.0,0.4,9.0,0.6,12.0,0.8,0.2,3.4565647,3.807355,3.7004397,3.0,0.0,0.2,0.0,0.16666667,0.8977778,0.0,0.0,0.0,12.0,7.5,4.5,1.0,0.0,3.251629,0.0,8.640715,1.4815086,1.5333333
wkmhpodsholapet.com,pykspa,19.0,15.0,2.0,0.0,0.0,18.0,1.0,0.0,0.0,5.0,0.2777778,13.0,0.7222222,13.0,0.7222222,0.22222222,3.5724313,4.087463,4.0,5.0,0.0,0.2777778,0.0,0.30769232,0.9074074,0.0,0.0,0.0,15.0,9.0,6.0,1.0,0.0,3.5068905,0.0,6.6494117,0.7272897,1.4444444
zzfjpsfox.org,pykspa,13.0,9.0,2.0,0.0,0.0,12.0,1.0,0.0,0.0,2.0,0.16666667,10.0,0.8333333,9.0,0.75,0.16666667,3.0849626,3.4594316,3.321928,7.0,0.0,0.5833333,0.0,0.33333334,0.875,0.0,0.0,0.0,9.0,6.0,3.0,1.0,0.0,2.7254806,0.0,8.704545,1.9269619,1.6666666
guucawiq.net,pykspa,12.0,8.0,2.0,0.0,0.0,11.0,1.0,0.0,0.0,5.0,0.45454547,6.0,0.54545456,10.0,0.90909094,0.27272728,3.2776134,3.321928,3.169925,2.0,0.0,0.18181819,0.0,0.1,0.892562,0.0,0.0,0.0,8.0,5.5,2.5,1.0,0.0,2.75,0.0,7.958,1.0993634,1.7272727
ockwkwiq.biz,pykspa,12.0,8.0,2.0,0.0,0.0,11.0,1.0,0.0,0.0,3.0,0.27272728,8.0,0.72727275,8.0,0.72727275,0.18181819,2.9139771,3.121928,3.169925,5.0,0.0,0.45454547,0.0,0.375,0.8595041,0.0,0.0,0.0,8.0,5.5,2.5,1.0,0.0,2.5,0.0,8.89,2.0129967,1.7272727
ejtszyfqbex.com,pykspa,15.0,11.0,2.0,0.0,0.0,14.0,1.0,0.0,0.0,3.0,0.21428572,11.0,0.78571427,13.0,0.9285714,0.35714287,3.6644979,3.7004397,3.5849626,8.0,0.0,0.5714286,0.0,0.07692308,0.9183673,0.0,0.0,0.0,11.0,7.0,4.0,1.0,0.0,3.2776134,0.0,8.0430765,1.3390121,1.5714285
yuteiwnansnan.cc,pykspa,16.0,13.0,2.0,0.0,0.0,15.0,1.0,0.0,0.0,5.0,0.33333334,10.0,0.6666667,10.0,0.6666667,0.33333334,3.1068907,3.5216405,3.5465937,3.0,0.0,0.2,0.0,0.3,0.8622222,0.0,0.0,0.0,13.0,7.5,5.5,1.0,0.0,2.9312088,0.0,6.832143,0.8298831,1.4
aowcswiugkeq.biz,pykspa,16.0,12.0,2.0,0.0,0.0,15.0,1.0,0.0,0.0,6.0,0.4,9.0,0.6,13.0,0.8666667,0.26666668,3.640224,3.807355,3.7004397,4.0,0.0,0.26666668,0.0,0.15384616,0.91555554,0.0,0.0,0.0,12.0,7.5,4.5,1.0,0.0,3.4182959,0.0,9.156428,1.1192915,1.5333333
worwck.biz,pykspa,10.0,6.0,2.0,0.0,0.0,9.0,1.0,0.0,0.0,2.0,0.22222222,7.0,0.7777778,8.0,0.8888889,0.22222222,2.947703,3.0,2.807355,5.0,0.0,0.5555556,0.0,0.125,0.86419755,0.0,0.0,0.0,6.0,4.5,1.5,1.0,0.0,2.251629,0.0,7.57,1.7399775,1.8888888
apmejodsholapet.com,pykspa,19.0,15.0,2.0,0.0,0.0,18.0,1.0,0.0,0.0,7.0,0.3888889,11.0,0.6111111,12.0,0.6666667,0.33333334,3.4613202,3.9698157,4.0,3.0,0.0,0.16666667,0.0,0.41666666,0.90123457,0.0,0.0,0.0,15.0,9.0,6.0,1.0,0.0,3.3735573,0.0,6.312941,0.70056397,1.4444444
ocskesiugkeq.info,pykspa,17.0,12.0,2.0,0.0,0.0,16.0,1.0,0.0,0.0,7.0,0.4375,9.0,0.5625,11.0,0.6875,0.25,3.375,3.7735572,3.807355,3.0,0.0,0.1875,0.0,0.45454547,0.8984375,0.0,0.0,0.0,12.0,8.0,4.0,1.0,0.0,3.0849626,0.0,7.65,0.96151125,1.5
odnzxwnansnan.org,pykspa,17.0,13.0,2.0,0.0,0.0,16.0,1.0,0.0,0.0,4.0,0.25,12.0,0.75,10.0,0.625,0.1875,3.0243974,3.640224,3.6644979,6.0,0.0,0.375,0.0,0.3,0.84375,0.0,0.0,0.0,13.0,8.0,5.0,1.0,0.0,2.6535442,0.0,6.6193333,1.1307939,1.375
kmokcyeoya.info,pykspa,15.0,10.0,2.0,0.0,0.0,14.0,1.0,0.0,0.0,6.0,0.42857143,8.0,0.5714286,10.0,0.71428573,0.2857143,3.182006,3.7004397,3.5849626,3.0,0.0,0.21428572,0.0,0.3,0.877551,0.0,0.0,0.0,10.0,7.0,3.0,1.0,0.0,2.7219281,0.0,7.9661536,1.0654274,1.5714285
ymdzfgeoya.info,pykspa,15.0,10.0,2.0,0.0,0.0,14.0,1.0,0.0,0.0,5.0,0.35714287,9.0,0.64285713,11.0,0.78571427,0.35714287,3.3787835,3.7004397,3.5849626,6.0,0.0,0.42857143,0.0,0.27272728,0.8979592,0.0,0.0,0.0,10.0,7.0,3.0,1.0,0.0,3.121928,0.0,8.36,1.1014258,1.5714285
gvuuhsdsholapet.org,pykspa,19.0,15.0,2.0,0.0,0.0,18.0,1.0,0.0,0.0,6.0,0.33333334,12.0,0.6666667,13.0,0.7222222,0.16666667,3.6143694,4.087463,4.0,5.0,0.0,0.2777778,0.0,0.3846154,0.91358024,0.0,0.0,0.0,15.0,9.0,6.0,1.0,0.0,3.5068905,0.0,6.917647,0.6406597,1.4444444
mhzuwmnansnan.cc,pykspa,16.0,13.0,2.0,0.0,0.0,15.0,1.0,0.0,0.0,3.0,0.2,12.0,0.8,9.0,0.6,0.26666668,2.9735572,3.5216405,3.5465937,3.0,0.0,0.2,0.0,0.44444445,0.85333335,0.0,0.0,0.0,13.0,7.5,5.5,1.0,0.0,2.7773628,0.0,7.3514285,1.2297562,1.4
yoaiukuiwcymao.info,pykspa,19.0,14.0,2.0,0.0,0.0,18.0,1.0,0.0,0.0,10.0,0.5555556,8.0,0.44444445,11.0,0.6111111,0.22222222,3.308271,4.087463,4.0,4.0,0.0,0.22222222,0.0,0.45454547,0.8888889,0.0,0.0,0.0,14.0,9.0,5.0,1.0,0.0,3.0930693,0.0,8.11,0.93304235,1.4444444
ywlttkdsholapet.cc,pykspa,18.0,15.0,2.0,0.0,0.0,17.0,1.0,0.0,0.0,3.0,0.1764706,14.0,0.8235294,13.0,0.7647059,0.29411766,3.5724695,4.0,3.9068906,9.0,0.0,0.5294118,0.0,0.23076923,0.90657437,0.0,0.0,0.0,15.0,8.5,6.5,1.0,0.0,3.4565647,0.0,7.385625,0.7036269,1.4705882
crdokufqbex.org,pykspa,15.0,11.0,2.0,0.0,0.0,14.0,1.0,0.0,0.0,4.0,0.2857143,10.0,0.71428573,12.0,0.85714287,0.35714287,3.5216405,3.7004397,3.5849626,3.0,0.0,0.21428572,0.0,0.16666667,0.90816325,0.0,0.0,0.0,11.0,7.0,4.0,1.0,0.0,3.4594316,0.0,7.633077,1.2097995,1.5714285
smqayaiugkeq.info,pykspa,17.0,12.0,2.0,0.0,0.0,16.0,1.0,0.0,0.0,7.0,0.4375,9.0,0.5625,13.0,0.8125,0.25,3.625,3.9068906,3.807355,3.0,0.0,0.1875,0.0,0.23076923,0.9140625,0.0,0.0,0.0,12.0,8.0,4.0,1.0,0.0,3.251629,0.0,9.013333,0.98209137,1.5
aiykqk.info,pykspa,11.0,6.0,2.0,0.0,0.0,10.0,1.0,0.0,0.0,4.0,0.4,6.0,0.6,8.0,0.8,0.2,2.9219282,3.169925,3.0,4.0,0.0,0.4,0.0,0.25,0.86,0.0,0.0,0.0,6.0,5.0,1.0,1.0,0.0,2.251629,0.0,8.355556,1.5904634,1.8
kadamueoya.biz,pykspa,14.0,10.0,2.0,0.0,0.0,13.0,1.0,0.0,0.0,7.0,0.53846157,6.0,0.46153846,11.0,0.84615386,0.46153846,3.3346791,3.5849626,3.4594316,1.0,0.0,0.07692308,0.0,0.09090909,0.88757396,0.0,0.0,0.0,10.0,6.5,3.5,1.0,0.0,2.8464394,0.0,7.9691668,1.0462986,1.6153846
esqawmiq.info,pykspa,13.0,8.0,2.0,0.0,0.0,12.0,1.0,0.0,0.0,5.0,0.41666666,7.0,0.5833333,10.0,0.8333333,0.25,3.251629,3.4594316,3.321928,2.0,0.0,0.16666667,0.0,0.2,0.8888889,0.0,0.0,0.0,8.0,6.0,2.0,1.0,0.0,2.75,0.0,7.3445454,1.2520713,1.6666666
wasnvk.net,pykspa,10.0,6.0,2.0,0.0,0.0,9.0,1.0,0.0,0.0,2.0,0.22222222,7.0,0.7777778,8.0,0.8888889,0.22222222,2.947703,3.0,2.807355,5.0,0.0,0.5555556,0.0,0.125,0.86419755,0.0,0.0,0.0,6.0,4.5,1.5,1.0,0.0,2.5849626,0.0,7.33375,1.1164448,1.8888888
kciwlueoya.net,pykspa,14.0,10.0,2.0,0.0,0.0,13.0,1.0,0.0,0.0,6.0,0.46153846,7.0,0.53846157,12.0,0.9230769,0.30769232,3.5465937,3.5849626,3.4594316,2.0,0.0,0.15384616,0.0,0.083333336,0.9112426,0.0,0.0,0.0,10.0,6.5,3.5,1.0,0.0,3.321928,0.0,8.1575,0.62841225,1.6153846
qqzuxa.net,pykspa,10.0,6.0,2.0,0.0,0.0,9.0,1.0,0.0,0.0,3.0,0.33333334,6.0,0.6666667,8.0,0.8888889,0.22222222,2.947703,3.0,2.807355,3.0,0.0,0.33333334,0.0,0.125,0.86419755,0.0,0.0,0.0,6.0,4.5,1.5,1.0,0.0,2.251629,0.0,7.23625,2.0493305,1.8888888
kucznodsholapet.org,pykspa,19.0,15.0,2.0,0.0,0.0,18.0,1.0,0.0,0.0,6.0,0.33333334,12.0,0.6666667,16.0,0.8888889,0.22222222,3.9057646,4.087463,4.0,3.0,0.0,0.16666667,0.0,0.0625,0.9259259,0.0,0.0,0.0,15.0,9.0,6.0,1.0,0.0,3.7735572,0.0,6.5805883,0.5040438,1.4444444
kckkeiiugkeq.biz,pykspa,16.0,12.0,2.0,0.0,0.0,15.0,1.0,0.0,0.0,6.0,0.4,9.0,0.6,9.0,0.6,0.26666668,2.9232314,3.6644979,3.7004397,4.0,0.0,0.26666668,0.0,0.33333334,0.84444445,0.0,0.0,0.0,12.0,7.5,4.5,1.0,0.0,2.5849626,0.0,9.577143,1.7613975,1.5333333
qgeqxwiugkeq.info,pykspa,17.0,12.0,2.0,0.0,0.0,16.0,1.0,0.0,0.0,6.0,0.375,10.0,0.625,11.0,0.6875,0.1875,3.3278196,3.7735572,3.807355,3.0,0.0,0.1875,0.0,0.36363637,0.890625,0.0,0.0,0.0,12.0,8.0,4.0,1.0,0.0,2.8553886,0.0,8.578667,1.5901753,1.5
qeyoxyeoya.net,pykspa,14.0,10.0,2.0,0.0,0.0,13.0,1.0,0.0,0.0,6.0,0.46153846,7.0,0.53846157,8.0,0.61538464,0.30769232,2.8150723,3.5849626,3.4594316,2.0,0.0,0.15384616,0.0,0.375,0.84023666,0.0,0.0,0.0,10.0,6.5,3.5,1.0,0.0,2.4464393,0.0,8.1575,1.3744029,1.6153846
qqaquueoya.info,pykspa,15.0,10.0,2.0,0.0,0.0,14.0,1.0,0.0,0.0,8.0,0.5714286,6.0,0.42857143,9.0,0.64285713,0.2857143,3.0391486,3.7004397,3.5849626,2.0,0.0,0.14285715,0.0,0.44444445,0.86734694,0.0,0.0,0.0,10.0,7.0,3.0,1.0,0.0,2.4464393,0.0,8.861539,1.5323093,1.5714285
cezonqfqbex.cc,pykspa,14.0,11.0,2.0,0.0,0.0,13.0,1.0,0.0,0.0,3.0,0.23076923,10.0,0.7692308,9.0,0.6923077,0.53846157,3.0269868,3.5849626,3.4594316,5.0,0.0,0.3846154,0.0,0.33333334,0.8639053,0.0,0.0,0.0,11.0,6.5,4.5,1.0,0.0,3.0957952,0.0,7.7691665,1.9078033,1.6153846
qeusns.info,pykspa,11.0,6.0,2.0,0.0,0.0,10.0,1.0,0.0,0.0,4.0,0.4,6.0,0.6,8.0,0.8,0.2,2.9219282,3.169925,3.0,3.0,0.0,0.3,0.0,0.25,0.86,0.0,0.0,0.0,6.0,5.0,1.0,1.0,0.0,2.251629,0.0,6.1833334,1.1793382,1.8
amiuwyeoya.info,pykspa,15.0,10.0,2.0,0.0,0.0,14.0,1.0,0.0,0.0,8.0,0.5714286,6.0,0.42857143,10.0,0.71428573,0.2857143,3.2359264,3.7004397,3.5849626,2.0,0.0,0.14285715,0.0,0.4,0.8877551,0.0,0.0,0.0,10.0,7.0,3.0,1.0,0.0,2.9219282,0.0,7.9415383,0.8869784,1.5714285
cwhihkdsholapet.com,pykspa,19.0,15.0,2.0,0.0,0.0,18.0,1.0,0.0,0.0,5.0,0.2777778,13.0,0.7222222,14.0,0.7777778,0.2777778,3.6835423,4.087463,4.0,5.0,0.0,0.2777778,0.0,0.21428572,0.91358024,0.0,0.0,0.0,15.0,9.0,6.0,1.0,0.0,3.589898,0.0,6.618235,0.64657474,1.4444444
smzwqodsholapet.com,pykspa,19.0,15.0,2.0,0.0,0.0,18.0,1.0,0.0,0.0,5.0,0.2777778,13.0,0.7222222,14.0,0.7777778,0.22222222,3.6835423,4.087463,4.0,5.0,0.0,0.2777778,0.0,0.21428572,0.91358024,0.0,0.0,0.0,15.0,9.0,6.0,1.0,0.0,3.640224,0.0,7.0341177,0.8075514,1.4444444
prvqrsn.org,pykspa,11.0,7.0,2.0,0.0,0.0,10.0,1.0,0.0,0.0,1.0,0.1,9.0,0.9,8.0,0.8,0.0,2.8464394,3.169925,3.0,7.0,0.0,0.7,0.0,0.125,0.84,0.0,0.0,0.0,7.0,5.0,2.0,1.0,0.0,2.5216405,0.0,6.9688888,1.4490249,1.8
ekwihkuiwcymao.net,pykspa,18.0,14.0,2.0,0.0,0.0,17.0,1.0,0.0,0.0,7.0,0.4117647,10.0,0.5882353,13.0,0.7647059,0.23529412,3.6168747,4.0,3.9068906,4.0,0.0,0.23529412,0.0,0.30769232,0.9134948,0.0,0.0,0.0,14.0,8.5,5.5,1.0,0.0,3.3787835,0.0,7.545,0.7410314,1.4705882
pcegtafox.cc,pykspa,12.0,9.0,2.0,0.0,0.0,11.0,1.0,0.0,0.0,3.0,0.27272728,8.0,0.72727275,9.0,0.8181818,0.54545456,3.0271692,3.321928,3.169925,3.0,0.0,0.27272728,0.0,0.11111111,0.8595041,0.0,0.0,0.0,9.0,5.5,3.5,1.0,0.0,3.169925,0.0,8.018,1.3301374,1.7272727
wjdgayfqbex.com,pykspa,15.0,11.0,2.0,0.0,0.0,14.0,1.0,0.0,0.0,3.0,0.21428572,11.0,0.78571427,14.0,1.0,0.42857143,3.807355,3.7004397,3.5849626,4.0,0.0,0.2857143,0.0,0.0,0.9285714,0.0,0.0,0.0,11.0,7.0,4.0,1.0,0.0,3.4594316,0.0,8.0430765,1.2526143,1.5714285
wvjcwufqbex.com,pykspa,15.0,11.0,2.0,0.0,0.0,14.0,1.0,0.0,0.0,3.0,0.21428572,11.0,0.78571427,12.0,0.85714287,0.35714287,3.5216405,3.7004397,3.5849626,5.0,0.0,0.35714287,0.0,0.16666667,0.90816325,0.0,0.0,0.0,11.0,7.0,4.0,1.0,0.0,3.2776134,0.0,8.0430765,1.586201,1.5714285
jvruosn.cc,pykspa,10.0,7.0,2.0,0.0,0.0,9.0,1.0,0.0,0.0,2.0,0.22222222,7.0,0.7777778,8.0,0.8888889,0.22222222,2.947703,3.0,2.807355,4.0,0.0,0.44444445,0.0,0.125,0.86419755,0.0,0.0,0.0,7.0,4.5,2.5,1.0,0.0,2.807355,0.0,10.0,1.3758777,1.8888888
ymkgraiq.net,pykspa,12.0,8.0,2.0,0.0,0.0,11.0,1.0,0.0,0.0,3.0,0.27272728,8.0,0.72727275,11.0,1.0,0.18181819,3.4594316,3.321928,3.169925,5.0,0.0,0.45454547,0.0,0.0,0.90909094,0.0,0.0,0.0,8.0,5.5,2.5,1.0,0.0,3.0,0.0,7.32,0.9879865,1.7272727
iwlgwkuiwcymao.info,pykspa,19.0,14.0,2.0,0.0,0.0,18.0,1.0,0.0,0.0,7.0,0.3888889,11.0,0.6111111,13.0,0.7222222,0.16666667,3.530493,3.9698157,4.0,5.0,0.0,0.2777778,0.0,0.23076923,0.90123457,0.0,0.0,0.0,14.0,9.0,5.0,1.0,0.0,3.324863,0.0,8.11,0.91590047,1.4444444
sjlmfufqbex.com,pykspa,15.0,11.0,2.0,0.0,0.0,14.0,1.0,0.0,0.0,3.0,0.21428572,11.0,0.78571427,12.0,0.85714287,0.35714287,3.5216405,3.7004397,3.5849626,5.0,0.0,0.35714287,0.0,0.16666667,0.90816325,0.0,0.0,0.0,11.0,7.0,4.0,1.0,0.0,3.2776134,0.0,7.6515384,1.397287,1.5714285
iumarwiugkeq.net,pykspa,16.0,12.0,2.0,0.0,0.0,15.0,1.0,0.0,0.0,7.0,0.46666667,8.0,0.53333336,12.0,0.8,0.2,3.5068905,3.6644979,3.7004397,2.0,0.0,0.13333334,0.0,0.25,0.9066667,0.0,0.0,0.0,12.0,7.5,4.5,1.0,0.0,3.251629,0.0,7.989286,0.85057575,1.5333333
vknstgn.com,pykspa,11.0,7.0,2.0,0.0,0.0,10.0,1.0,0.0,0.0,1.0,0.1,9.0,0.9,9.0,0.9,0.1,3.121928,3.169925,3.0,8.0,0.0,0.8,0.0,0.11111111,0.88,0.0,0.0,0.0,7.0,5.0,2.0,1.0,0.0,2.5216405,0.0,6.8355556,1.1269077,1.8
tuuqpifox.com,pykspa,13.0,9.0,2.0,0.0,0.0,12.0,1.0,0.0,0.0,5.0,0.41666666,7.0,0.5833333,10.0,0.8333333,0.16666667,3.251629,3.4594316,3.321928,2.0,0.0,0.16666667,0.0,0.2,0.8888889,0.0,0.0,0.0,9.0,6.0,3.0,1.0,0.0,2.947703,0.0,6.61,1.3973806,1.6666666
sflkmufqbex.com,pykspa,15.0,11.0,2.0,0.0,0.0,14.0,1.0,0.0,0.0,3.0,0.21428572,11.0,0.78571427,12.0,0.85714287,0.35714287,3.5216405,3.7004397,3.5849626,5.0,0.0,0.35714287,0.0,0.16666667,0.90816325,0.0,0.0,0.0,11.0,7.0,4.0,1.0,0.0,3.2776134,0.0,8.0430765,1.3331484,1.5714285
weecvaiq.info,pykspa,13.0,8.0,2.0,0.0,0.0,12.0,1.0,0.0,0.0,6.0,0.5,6.0,0.5,10.0,0.8333333,0.41666666,3.251629,3.4594316,3.321928,2.0,0.0,0.16666667,0.0,0.2,0.8888889,0.0,0.0,0.0,8.0,6.0,2.0,1.0,0.0,2.75,0.0,8.068182,1.0975245,1.6666666
meqeieiq.net,pykspa,12.0,8.0,2.0,0.0,0.0,11.0,1.0,0.0,0.0,6.0,0.54545456,5.0,0.45454547,6.0,0.54545456,0.36363637,2.3685226,3.121928,3.169925,2.0,0.0,0.18181819,0.0,0.5,0.7768595,0.0,0.0,0.0,8.0,5.5,2.5,1.0,0.0,1.905639,0.0,7.904,1.6005921,1.7272727
szdenufqbex.cc,pykspa,14.0,11.0,2.0,0.0,0.0,13.0,1.0,0.0,0.0,3.0,0.23076923,10.0,0.7692308,11.0,0.84615386,0.53846157,3.3927474,3.5849626,3.4594316,3.0,0.0,0.23076923,0.0,0.18181819,0.8994083,0.0,0.0,0.0,11.0,6.5,4.5,1.0,0.0,3.2776134,0.0,7.7291665,1.4439683,1.6153846
ujdsokdsholapet.cc,pykspa,18.0,15.0,2.0,0.0,0.0,17.0,1.0,0.0,0.0,5.0,0.29411766,12.0,0.7058824,13.0,0.7647059,0.3529412,3.6168747,3.875,3.9068906,4.0,0.0,0.23529412,0.0,0.30769232,0.9134948,0.0,0.0,0.0,15.0,8.5,6.5,1.0,0.0,3.5068905,0.0,7.321875,0.71547115,1.4705882
fxnjcgn.com,pykspa,11.0,7.0,2.0,0.0,0.0,10.0,1.0,0.0,0.0,1.0,0.1,9.0,0.9,8.0,0.8,0.3,2.9219282,3.169925,3.0,8.0,0.0,0.8,0.0,0.25,0.86,0.0,0.0,0.0,7.0,5.0,2.0,1.0,0.0,2.5216405,0.0,8.461111,1.6895882,1.8
cqcucs.info,pykspa,11.0,6.0,2.0,0.0,0.0,10.0,1.0,0.0,0.0,3.0,0.3,7.0,0.7,8.0,0.8,0.4,2.8464394,3.169925,3.0,3.0,0.0,0.3,0.0,0.125,0.84,0.0,0.0,0.0,6.0,5.0,1.0,1.0,0.0,1.7924813,0.0,7.551111,1.510417,1.8
sgmscueoya.biz,pykspa,14.0,10.0,2.0,0.0,0.0,13.0,1.0,0.0,0.0,5.0,0.3846154,8.0,0.61538464,12.0,0.9230769,0.30769232,3.5465937,3.5849626,3.4594316,5.0,0.0,0.3846154,0.0,0.083333336,0.9112426,0.0,0.0,0.0,10.0,6.5,3.5,1.0,0.0,3.121928,0.0,9.0025,0.8905939,1.6153846
wcrtkcuiwcymao.info,pykspa,19.0,14.0,2.0,0.0,0.0,18.0,1.0,0.0,0.0,6.0,0.33333334,12.0,0.6666667,13.0,0.7222222,0.2777778,3.5724313,3.9698157,4.0,6.0,0.0,0.33333334,0.0,0.30769232,0.9074074,0.0,0.0,0.0,14.0,9.0,5.0,1.0,0.0,3.324863,0.0,7.347647,0.82066983,1.4444444
xycuzifox.com,pykspa,13.0,9.0,2.0,0.0,0.0,12.0,1.0,0.0,0.0,4.0,0.33333334,8.0,0.6666667,9.0,0.75,0.25,3.0849626,3.4594316,3.321928,3.0,0.0,0.25,0.0,0.33333334,0.875,0.0,0.0,0.0,9.0,6.0,3.0,1.0,0.0,2.947703,0.0,7.663636,1.7455723,1.6666666
gjiiladsholapet.com,pykspa,19.0,15.0,2.0,0.0,0.0,18.0,1.0,0.0,0.0,7.0,0.3888889,11.0,0.6111111,14.0,0.7777778,0.2777778,3.7254806,3.9698157,4.0,3.0,0.0,0.16666667,0.0,0.2857143,0.9197531,0.0,0.0,0.0,15.0,9.0,6.0,1.0,0.0,3.5068905,0.0,5.8241177,0.52789617,1.4444444
zwdcqgn.org,pykspa,11.0,7.0,2.0,0.0,0.0,10.0,1.0,0.0,0.0,1.0,0.1,9.0,0.9,9.0,0.9,0.2,3.121928,3.169925,3.0,7.0,0.0,0.7,0.0,0.11111111,0.88,0.0,0.0,0.0,7.0,5.0,2.0,1.0,0.0,2.807355,0.0,8.485556,1.6604441,1.8
mgzapa.biz,pykspa,10.0,6.0,2.0,0.0,0.0,9.0,1.0,0.0,0.0,3.0,0.33333334,6.0,0.6666667,7.0,0.7777778,0.33333334,2.7254806,3.0,2.807355,3.0,0.0,0.33333334,0.0,0.2857143,0.83950615,0.0,0.0,0.0,6.0,4.5,1.5,1.0,0.0,2.251629,0.0,7.0875,1.9596851,1.8888888
qqzmskuiwcymao.info,pykspa,19.0,14.0,2.0,0.0,0.0,18.0,1.0,0.0,0.0,6.0,0.33333334,12.0,0.6666667,14.0,0.7777778,0.16666667,3.7254806,4.087463,4.0,6.0,0.0,0.33333334,0.0,0.2857143,0.9197531,0.0,0.0,0.0,14.0,9.0,5.0,1.0,0.0,3.5216405,0.0,8.11,1.1280627,1.4444444
kcugok.net,pykspa,10.0,6.0,2.0,0.0,0.0,9.0,1.0,0.0,0.0,3.0,0.33333334,6.0,0.6666667,8.0,0.8888889,0.22222222,2.947703,3.0,2.807355,2.0,0.0,0.22222222,0.0,0.125,0.86419755,0.0,0.0,0.0,6.0,4.5,1.5,1.0,0.0,2.251629,0.0,8.27875,1.2431521,1.8888888
ibiolmnansnan.com,pykspa,17.0,13.0,2.0,0.0,0.0,16.0,1.0,0.0,0.0,6.0,0.375,10.0,0.625,9.0,0.5625,0.25,3.0,3.640224,3.6644979,3.0,0.0,0.1875,0.0,0.5555556,0.859375,0.0,0.0,0.0,13.0,8.0,5.0,1.0,0.0,2.7773628,0.0,5.320667,0.86462593,1.375
curcbguiwcymao.net,pykspa,18.0,14.0,2.0,0.0,0.0,17.0,1.0,0.0,0.0,6.0,0.3529412,11.0,0.64705884,14.0,0.8235294,0.3529412,3.6901164,4.0,3.9068906,4.0,0.0,0.23529412,0.0,0.14285715,0.9134948,0.0,0.0,0.0,14.0,8.5,5.5,1.0,0.0,3.324863,0.0,7.215,0.6822122,1.4705882
yavzkgeoya.info,pykspa,15.0,10.0,2.0,0.0,0.0,14.0,1.0,0.0,0.0,6.0,0.42857143,8.0,0.5714286,11.0,0.78571427,0.2857143,3.3787835,3.5465937,3.5849626,4.0,0.0,0.2857143,0.0,0.27272728,0.8979592,0.0,0.0,0.0,10.0,7.0,3.0,1.0,0.0,2.9219282,0.0,8.36,1.1183852,1.5714285
qcycxguiwcymao.info,pykspa,19.0,14.0,2.0,0.0,0.0,18.0,1.0,0.0,0.0,6.0,0.33333334,12.0,0.6666667,13.0,0.7222222,0.2777778,3.5724313,3.9698157,4.0,6.0,0.0,0.33333334,0.0,0.30769232,0.9074074,0.0,0.0,0.0,14.0,9.0,5.0,1.0,0.0,3.324863,0.0,7.7905884,1.1144285,1.4444444
aazwjk.info,pykspa,11.0,6.0,2.0,0.0,0.0,10.0,1.0,0.0,0.0,4.0,0.4,6.0,0.6,9.0,0.9,0.3,3.121928,3.169925,3.0,4.0,0.0,0.4,0.0,0.11111111,0.88,0.0,0.0,0.0,6.0,5.0,1.0,1.0,0.0,2.251629,0.0,8.355556,1.5070621,1.8
badwnifox.com,pykspa,13.0,9.0,2.0,0.0,0.0,12.0,1.0,0.0,0.0,4.0,0.33333334,8.0,0.6666667,11.0,0.9166667,0.41666666,3.4182959,3.4594316,3.321928,3.0,0.0,0.25,0.0,0.09090909,0.9027778,0.0,0.0,0.0,9.0,6.0,3.0,1.0,0.0,3.169925,0.0,6.4863634,1.0814493,1.6666666
ckuysa.info,pykspa,11.0,6.0,2.0,0.0,0.0,10.0,1.0,0.0,0.0,4.0,0.4,6.0,0.6,10.0,1.0,0.3,3.321928,3.169925,3.0,2.0,0.0,0.2,0.0,0.0,0.9,0.0,0.0,0.0,6.0,5.0,1.0,1.0,0.0,2.5849626,0.0,7.6422224,0.9580254,1.8
eaaksaiq.info,pykspa,13.0,8.0,2.0,0.0,0.0,12.0,1.0,0.0,0.0,7.0,0.5833333,5.0,0.41666666,9.0,0.75,0.41666666,3.0220551,3.4594316,3.321928,2.0,0.0,0.16666667,0.0,0.22222222,0.8611111,0.0,0.0,0.0,8.0,6.0,2.0,1.0,0.0,2.4056392,0.0,7.3554544,1.0595406,1.6666666
aypkakuiwcymao.biz,pykspa,18.0,14.0,2.0,0.0,0.0,17.0,1.0,0.0,0.0,7.0,0.4117647,10.0,0.5882353,12.0,0.7058824,0.29411766,3.4548223,4.0,3.9068906,4.0,0.0,0.23529412,0.0,0.33333334,0.899654,0.0,0.0,0.0,14.0,8.5,5.5,1.0,0.0,3.182006,0.0,8.199375,1.1558994,1.4705882
uyyguueoya.biz,pykspa,14.0,10.0,2.0,0.0,0.0,13.0,1.0,0.0,0.0,7.0,0.53846157,6.0,0.46153846,9.0,0.6923077,0.23076923,2.9689186,3.5849626,3.4594316,3.0,0.0,0.23076923,0.0,0.22222222,0.852071,0.0,0.0,0.0,10.0,6.5,3.5,1.0,0.0,2.3709507,0.0,9.0025,1.4775358,1.6153846
utvkyyfqbex.org,pykspa,15.0,11.0,2.0,0.0,0.0,14.0,1.0,0.0,0.0,3.0,0.21428572,11.0,0.78571427,13.0,0.9285714,0.21428572,3.6644979,3.7004397,3.5849626,8.0,0.0,0.5714286,0.0,0.07692308,0.9183673,0.0,0.0,0.0,11.0,7.0,4.0,1.0,0.0,3.2776134,0.0,8.50077,1.3165559,1.5714285
oznevadsholapet.org,pykspa,19.0,15.0,2.0,0.0,0.0,18.0,1.0,0.0,0.0,7.0,0.3888889,11.0,0.6111111,14.0,0.7777778,0.2777778,3.6835423,4.087463,4.0,3.0,0.0,0.16666667,0.0,0.21428572,0.91358024,0.0,0.0,0.0,15.0,9.0,6.0,1.0,0.0,3.5068905,0.0,5.7523527,0.5512835,1.4444444
aazauk.net,pykspa,10.0,6.0,2.0,0.0,0.0,9.0,1.0,0.0,0.0,5.0,0.5555556,4.0,0.44444445,7.0,0.7777778,0.44444445,2.6416042,3.0,2.807355,2.0,0.0,0.22222222,0.0,0.14285715,0.8148148,0.0,0.0,0.0,6.0,4.5,1.5,1.0,0.0,1.7924813,0.0,8.27875,1.363783,1.8888888
mukutaiugkeq.net,pykspa,16.0,12.0,2.0,0.0,0.0,15.0,1.0,0.0,0.0,7.0,0.46666667,8.0,0.53333336,10.0,0.6666667,0.2,3.189898,3.807355,3.7004397,2.0,0.0,0.13333334,0.0,0.4,0.88,0.0,0.0,0.0,12.0,7.5,4.5,1.0,0.0,3.0220551,0.0,8.554286,1.1246092,1.5333333
aqestenansnan.org,pykspa,17.0,13.0,2.0,0.0,0.0,16.0,1.0,0.0,0.0,6.0,0.375,10.0,0.625,9.0,0.5625,0.3125,2.9528196,3.640224,3.6644979,3.0,0.0,0.1875,0.0,0.44444445,0.8515625,0.0,0.0,0.0,13.0,8.0,5.0,1.0,0.0,2.4116023,0.0,4.542,0.83722365,1.375
kyldmadsholapet.org,pykspa,19.0,15.0,2.0,0.0,0.0,18.0,1.0,0.0,0.0,5.0,0.2777778,13.0,0.7222222,14.0,0.7777778,0.2777778,3.7254806,4.087463,4.0,5.0,0.0,0.2777778,0.0,0.2857143,0.9197531,0.0,0.0,0.0,15.0,9.0,6.0,1.0,0.0,3.5068905,0.0,6.1170588,0.5318601,1.4444444
mujwqyfqbex.org,pykspa,15.0,11.0,2.0,0.0,0.0,14.0,1.0,0.0,0.0,3.0,0.21428572,11.0,0.78571427,13.0,0.9285714,0.21428572,3.6644979,3.7004397,3.5849626,7.0,0.0,0.5,0.0,0.07692308,0.9183673,0.0,0.0,0.0,11.0,7.0,4.0,1.0,0.0,3.2776134,0.0,8.50077,1.5546982,1.5714285
bxhsjwfox.cc,pykspa,12.0,9.0,2.0,0.0,0.0,11.0,1.0,0.0,0.0,1.0,0.09090909,10.0,0.90909094,9.0,0.8181818,0.36363637,3.0957952,3.321928,3.169925,7.0,0.0,0.6363636,0.0,0.22222222,0.87603307,0.0,0.0,0.0,9.0,5.5,3.5,1.0,0.0,2.947703,0.0,9.365,1.8766954,1.7272727
qgkcowiq.biz,pykspa,12.0,8.0,2.0,0.0,0.0,11.0,1.0,0.0,0.0,3.0,0.27272728,8.0,0.72727275,9.0,0.8181818,0.18181819,3.0957952,3.321928,3.169925,4.0,0.0,0.36363637,0.0,0.22222222,0.87603307,0.0,0.0,0.0,8.0,5.5,2.5,1.0,0.0,2.75,0.0,8.097,2.0134788,1.7272727
fjvgrsfox.com,pykspa,13.0,9.0,2.0,0.0,0.0,12.0,1.0,0.0,0.0,2.0,0.16666667,10.0,0.8333333,10.0,0.8333333,0.25,3.251629,3.4594316,3.321928,7.0,0.0,0.5833333,0.0,0.2,0.8888889,0.0,0.0,0.0,9.0,6.0,3.0,1.0,0.0,2.947703,0.0,6.9881816,1.4826806,1.6666666
cisamsukiguakmqi.org,ramdo,20.0,16.0,2.0,0.0,0.0,19.0,1.0,0.0,0.0,8.0,0.42105263,11.0,0.57894737,11.0,0.57894737,0.15789473,3.3660913,4.169925,4.087463,3.0,0.0,0.15789473,0.0,0.6363636,0.89750695,0.0,0.0,0.0,16.0,9.5,6.5,1.0,0.0,3.0778196,0.0,8.041667,0.99809855,1.4210526
iuceocasukasgauw.org,ramdo,20.0,16.0,2.0,0.0,0.0,19.0,1.0,0.0,0.0,10.0,0.5263158,9.0,0.47368422,11.0,0.57894737,0.31578946,3.3263605,4.058814,4.087463,2.0,0.0,0.10526316,0.0,0.54545456,0.89196676,0.0,0.0,0.0,16.0,9.5,6.5,1.0,0.0,3.1556392,0.0,7.3627777,0.78900194,1.4210526
qgegamwuycagwkag.org,ramdo,20.0,16.0,2.0,0.0,0.0,19.0,1.0,0.0,0.0,6.0,0.31578946,13.0,0.68421054,12.0,0.6315789,0.2631579,3.2813735,4.058814,4.087463,3.0,0.0,0.15789473,0.0,0.25,0.8698061,0.0,0.0,0.0,16.0,9.5,6.5,1.0,0.0,3.0778196,0.0,7.913889,1.2311935,1.4210526
myqqoioagauqymww.org,ramdo,20.0,16.0,2.0,0.0,0.0,19.0,1.0,0.0,0.0,7.0,0.36842105,12.0,0.6315789,10.0,0.5263158,0.10526316,3.2210972,4.169925,4.087463,5.0,0.0,0.2631579,0.0,0.7,0.88642657,0.0,0.0,0.0,16.0,9.5,6.5,1.0,0.0,3.0778196,0.0,8.518333,1.4578391,1.4210526
iueicaemmeciywyw.org,ramdo,20.0,16.0,2.0,0.0,0.0,19.0,1.0,0.0,0.0,9.0,0.47368422,10.0,0.5263158,11.0,0.57894737,0.31578946,3.3263605,4.058814,4.087463,4.0,0.0,0.21052632,0.0,0.54545456,0.89196676,0.0,0.0,0.0,16.0,9.5,6.5,1.0,0.0,2.9056392,0.0,7.401111,0.85994315,1.4210526
yaacacoaiuouakwo.org,ramdo,20.0,16.0,2.0,0.0,0.0,19.0,1.0,0.0,0.0,12.0,0.6315789,7.0,0.36842105,10.0,0.5263158,0.36842105,3.0053148,4.058814,4.087463,2.0,0.0,0.10526316,0.0,0.4,0.8476454,0.0,0.0,0.0,16.0,9.5,6.5,1.0,0.0,2.727217,0.0,7.312778,0.9803874,1.4210526
cegukeakeuuqooou.org,ramdo,20.0,16.0,2.0,0.0,0.0,19.0,1.0,0.0,0.0,12.0,0.6315789,7.0,0.36842105,9.0,0.47368422,0.2631579,2.9450388,3.947703,4.087463,2.0,0.0,0.10526316,0.0,0.5555556,0.8531856,0.0,0.0,0.0,16.0,9.5,6.5,1.0,0.0,2.7806392,0.0,8.3116665,1.2062626,1.4210526
uoayyyuuesayiuua.org,ramdo,20.0,16.0,2.0,0.0,0.0,19.0,1.0,0.0,0.0,12.0,0.6315789,7.0,0.36842105,9.0,0.47368422,0.21052632,2.8603208,3.8365917,4.087463,3.0,0.0,0.15789473,0.0,0.44444445,0.8365651,0.0,0.0,0.0,16.0,9.5,6.5,1.0,0.0,2.477217,0.0,8.758333,1.1556814,1.4210526
uooqksmoeooksqms.org,ramdo,20.0,16.0,2.0,0.0,0.0,19.0,1.0,0.0,0.0,8.0,0.42105263,11.0,0.57894737,9.0,0.47368422,0.05263158,2.8655767,3.947703,4.087463,5.0,0.0,0.2631579,0.0,0.5555556,0.83102494,0.0,0.0,0.0,16.0,9.5,6.5,1.0,0.0,2.602217,0.0,8.867222,1.3407995,1.4210526
wsyqouwauawsacao.org,ramdo,20.0,16.0,2.0,0.0,0.0,19.0,1.0,0.0,0.0,9.0,0.47368422,10.0,0.5263158,10.0,0.5263158,0.2631579,3.115834,4.058814,4.087463,4.0,0.0,0.21052632,0.0,0.5,0.8698061,0.0,0.0,0.0,16.0,9.5,6.5,1.0,0.0,2.8278196,0.0,8.040556,1.097769,1.4210526
occqqmiiksessogc.org,ramdo,20.0,16.0,2.0,0.0,0.0,19.0,1.0,0.0,0.0,6.0,0.31578946,13.0,0.68421054,10.0,0.5263158,0.21052632,3.1813664,4.169925,4.087463,5.0,0.0,0.2631579,0.0,0.6,0.88088644,0.0,0.0,0.0,16.0,9.5,6.5,1.0,0.0,3.0306392,0.0,6.6172223,1.164222,1.4210526
iqeummsyogyaccuu.org,ramdo,20.0,16.0,2.0,0.0,0.0,19.0,1.0,0.0,0.0,8.0,0.42105263,11.0,0.57894737,12.0,0.6315789,0.21052632,3.4713545,4.169925,4.087463,4.0,0.0,0.21052632,0.0,0.5,0.9030471,0.0,0.0,0.0,16.0,9.5,6.5,1.0,0.0,3.3278196,0.0,9.19,0.94441664,1.4210526
eissgusqsgiqgoqq.org,ramdo,20.0,16.0,2.0,0.0,0.0,19.0,1.0,0.0,0.0,6.0,0.31578946,13.0,0.68421054,8.0,0.42105263,0.05263158,2.7742434,4.058814,4.087463,4.0,0.0,0.21052632,0.0,0.625,0.8365651,0.0,0.0,0.0,16.0,9.5,6.5,1.0,0.0,2.5778196,0.0,8.080556,1.6914861,1.4210526
aeguemkoqcgoeyss.org,ramdo,20.0,16.0,2.0,0.0,0.0,19.0,1.0,0.0,0.0,8.0,0.42105263,11.0,0.57894737,12.0,0.6315789,0.2631579,3.3918927,4.169925,4.087463,3.0,0.0,0.15789473,0.0,0.33333334,0.89196676,0.0,0.0,0.0,16.0,9.5,6.5,1.0,0.0,3.3278196,0.0,8.477222,0.86265016,1.4210526
mckassguokuaagcy.org,ramdo,20.0,16.0,2.0,0.0,0.0,19.0,1.0,0.0,0.0,7.0,0.36842105,12.0,0.6315789,10.0,0.5263158,0.2631579,3.2210972,4.169925,4.087463,3.0,0.0,0.15789473,0.0,0.7,0.88642657,0.0,0.0,0.0,16.0,9.5,6.5,1.0,0.0,3.0778196,0.0,8.131667,1.0180833,1.4210526
ceuqausaimcqwkma.org,ramdo,20.0,16.0,2.0,0.0,0.0,19.0,1.0,0.0,0.0,8.0,0.42105263,11.0,0.57894737,13.0,0.68421054,0.31578946,3.5766177,4.169925,4.087463,6.0,0.0,0.31578946,0.0,0.3846154,0.9085873,0.0,0.0,0.0,16.0,9.5,6.5,1.0,0.0,3.2028196,0.0,7.8405557,0.9626245,1.4210526
gqiwqquyskucgkww.org,ramdo,20.0,16.0,2.0,0.0,0.0,19.0,1.0,0.0,0.0,4.0,0.21052632,15.0,0.7894737,11.0,0.57894737,0.05263158,3.2866294,4.169925,4.087463,5.0,0.0,0.2631579,0.0,0.45454547,0.88642657,0.0,0.0,0.0,16.0,9.5,6.5,1.0,0.0,3.0306392,0.0,9.248889,1.6662979,1.4210526
cesmmoqsmwkwyesu.org,ramdo,20.0,16.0,2.0,0.0,0.0,19.0,1.0,0.0,0.0,5.0,0.2631579,14.0,0.7368421,12.0,0.6315789,0.15789473,3.4316235,3.947703,4.087463,7.0,0.0,0.36842105,0.0,0.41666666,0.89750695,0.0,0.0,0.0,16.0,9.5,6.5,1.0,0.0,3.1556392,0.0,7.935,0.9828401,1.4210526
cisemkywwimyymee.org,ramdo,20.0,16.0,2.0,0.0,0.0,19.0,1.0,0.0,0.0,6.0,0.31578946,13.0,0.68421054,11.0,0.57894737,0.21052632,3.2866294,4.169925,4.087463,5.0,0.0,0.2631579,0.0,0.45454547,0.88642657,0.0,0.0,0.0,16.0,9.5,6.5,1.0,0.0,2.8584585,0.0,7.6955557,1.0034647,1.4210526
uosyeaeisqgymsus.org,ramdo,20.0,16.0,2.0,0.0,0.0,19.0,1.0,0.0,0.0,8.0,0.42105263,11.0,0.57894737,11.0,0.57894737,0.15789473,3.300559,4.169925,4.087463,6.0,0.0,0.31578946,0.0,0.54545456,0.88642657,0.0,0.0,0.0,16.0,9.5,6.5,1.0,0.0,3.125,0.0,8.049444,0.8696218,1.4210526
aeoyucgeiquoeasm.org,ramdo,20.0,16.0,2.0,0.0,0.0,19.0,1.0,0.0,0.0,11.0,0.57894737,8.0,0.42105263,12.0,0.6315789,0.31578946,3.4316235,4.169925,4.087463,2.0,0.0,0.10526316,0.0,0.41666666,0.89750695,0.0,0.0,0.0,16.0,9.5,6.5,1.0,0.0,3.3278196,0.0,7.9966664,0.72894895,1.4210526
mykukwoogeaqwkkq.org,ramdo,20.0,16.0,2.0,0.0,0.0,19.0,1.0,0.0,0.0,6.0,0.31578946,13.0,0.68421054,11.0,0.57894737,0.10526316,3.2608283,4.169925,4.087463,5.0,0.0,0.2631579,0.0,0.45454547,0.88088644,0.0,0.0,0.0,16.0,9.5,6.5,1.0,0.0,3.125,0.0,8.449445,1.4740044,1.4210526
eiikaqcawamkayma.org,ramdo,20.0,16.0,2.0,0.0,0.0,19.0,1.0,0.0,0.0,9.0,0.47368422,10.0,0.5263158,12.0,0.6315789,0.36842105,3.3211043,4.058814,4.087463,2.0,0.0,0.10526316,0.0,0.33333334,0.87534624,0.0,0.0,0.0,16.0,9.5,6.5,1.0,0.0,2.8993974,0.0,8.217778,0.9877363,1.4210526
wsyokyuauyogeqiq.org,ramdo,20.0,16.0,2.0,0.0,0.0,19.0,1.0,0.0,0.0,8.0,0.42105263,11.0,0.57894737,12.0,0.6315789,0.10526316,3.4316235,4.058814,4.087463,3.0,0.0,0.15789473,0.0,0.41666666,0.89750695,0.0,0.0,0.0,16.0,9.5,6.5,1.0,0.0,3.3278196,0.0,9.198889,1.1568701,1.4210526
gmaagaqsigyawmyc.org,ramdo,20.0,16.0,2.0,0.0,0.0,19.0,1.0,0.0,0.0,6.0,0.31578946,13.0,0.68421054,11.0,0.57894737,0.2631579,3.195296,4.169925,4.087463,4.0,0.0,0.21052632,0.0,0.36363637,0.8698061,0.0,0.0,0.0,16.0,9.5,6.5,1.0,0.0,2.9528196,0.0,8.077778,1.1609586,1.4210526
ogkwcwaqiuumkseg.org,ramdo,20.0,16.0,2.0,0.0,0.0,19.0,1.0,0.0,0.0,7.0,0.36842105,12.0,0.6315789,13.0,0.68421054,0.15789473,3.5766177,4.169925,4.087463,5.0,0.0,0.2631579,0.0,0.3846154,0.9085873,0.0,0.0,0.0,16.0,9.5,6.5,1.0,0.0,3.5,0.0,9.1472225,0.9872983,1.4210526
uogwyimssmwisgco.org,ramdo,20.0,16.0,2.0,0.0,0.0,19.0,1.0,0.0,0.0,6.0,0.31578946,13.0,0.68421054,10.0,0.5263158,0.05263158,3.1813664,4.169925,4.087463,5.0,0.0,0.2631579,0.0,0.6,0.88088644,0.0,0.0,0.0,16.0,9.5,6.5,1.0,0.0,3.0778196,0.0,8.032778,1.0113171,1.4210526
somuesqoeogmeeqa.org,ramdo,20.0,16.0,2.0,0.0,0.0,19.0,1.0,0.0,0.0,10.0,0.5263158,9.0,0.47368422,9.0,0.47368422,0.2631579,2.9847696,4.169925,4.087463,2.0,0.0,0.10526316,0.0,0.6666667,0.8587258,0.0,0.0,0.0,16.0,9.5,6.5,1.0,0.0,2.8278196,0.0,7.9983335,1.0864861,1.4210526
ceewomsciygqckci.org,ramdo,20.0,16.0,2.0,0.0,0.0,19.0,1.0,0.0,0.0,6.0,0.31578946,13.0,0.68421054,12.0,0.6315789,0.31578946,3.4058223,4.058814,4.087463,6.0,0.0,0.31578946,0.0,0.41666666,0.89196676,0.0,0.0,0.0,16.0,9.5,6.5,1.0,0.0,3.25,0.0,8.063889,1.005041,1.4210526
usiikaecmoycwcqa.org,ramdo,20.0,16.0,2.0,0.0,0.0,19.0,1.0,0.0,0.0,8.0,0.42105263,11.0,0.57894737,14.0,0.7368421,0.31578946,3.6818807,4.169925,4.087463,5.0,0.0,0.2631579,0.0,0.2857143,0.9141274,0.0,0.0,0.0,16.0,9.5,6.5,1.0,0.0,3.4528196,0.0,7.8683333,0.75342405,1.4210526
aeoigmwqcaoqwoac.org,ramdo,20.0,16.0,2.0,0.0,0.0,19.0,1.0,0.0,0.0,9.0,0.47368422,10.0,0.5263158,10.0,0.5263158,0.31578946,3.155565,4.169925,4.087463,5.0,0.0,0.2631579,0.0,0.6,0.87534624,0.0,0.0,0.0,16.0,9.5,6.5,1.0,0.0,3.0306392,0.0,8.107223,1.1675553,1.4210526
eiwuayceikayymuo.org,ramdo,20.0,16.0,2.0,0.0,0.0,19.0,1.0,0.0,0.0,10.0,0.5263158,9.0,0.47368422,12.0,0.6315789,0.2631579,3.4713545,3.947703,4.087463,3.0,0.0,0.15789473,0.0,0.5,0.9030471,0.0,0.0,0.0,16.0,9.5,6.5,1.0,0.0,3.2028196,0.0,8.885555,0.79255325,1.4210526
kyqmaagygummsioi.org,ramdo,20.0,16.0,2.0,0.0,0.0,19.0,1.0,0.0,0.0,7.0,0.36842105,12.0,0.6315789,11.0,0.57894737,0.10526316,3.3263605,4.058814,4.087463,4.0,0.0,0.21052632,0.0,0.54545456,0.89196676,0.0,0.0,0.0,16.0,9.5,6.5,1.0,0.0,3.2028196,0.0,7.6233335,1.0840985,1.4210526
eimyecokqimwaaaq.org,ramdo,20.0,16.0,2.0,0.0,0.0,19.0,1.0,0.0,0.0,9.0,0.47368422,10.0,0.5263158,12.0,0.6315789,0.31578946,3.4713545,3.947703,4.087463,2.0,0.0,0.10526316,0.0,0.5,0.9030471,0.0,0.0,0.0,16.0,9.5,6.5,1.0,0.0,3.2028196,0.0,8.207222,0.96660024,1.4210526
emoaqaoqeoaqemek.org,ramdo,20.0,16.0,2.0,0.0,0.0,19.0,1.0,0.0,0.0,11.0,0.57894737,8.0,0.42105263,8.0,0.42105263,0.36842105,2.8000445,3.7254806,3.9698157,2.0,0.0,0.10526316,0.0,0.625,0.84210527,0.0,0.0,0.0,16.0,9.5,6.5,1.0,0.0,2.4834585,0.0,8.156667,1.3666046,1.3157895
ciqwimeeyayygcow.org,ramdo,20.0,16.0,2.0,0.0,0.0,19.0,1.0,0.0,0.0,7.0,0.36842105,12.0,0.6315789,11.0,0.57894737,0.2631579,3.3660913,4.169925,4.087463,4.0,0.0,0.21052632,0.0,0.6363636,0.89750695,0.0,0.0,0.0,16.0,9.5,6.5,1.0,0.0,3.2028196,0.0,7.823889,1.0591625,1.4210526
eikiiuceygkkkcim.org,ramdo,20.0,16.0,2.0,0.0,0.0,19.0,1.0,0.0,0.0,8.0,0.42105263,11.0,0.57894737,10.0,0.5263158,0.21052632,3.0900328,4.058814,4.087463,6.0,0.0,0.31578946,0.0,0.5,0.8642659,0.0,0.0,0.0,16.0,9.5,6.5,1.0,0.0,2.75,0.0,8.243333,1.2038323,1.4210526
mcmemqegcyayeaia.org,ramdo,20.0,16.0,2.0,0.0,0.0,19.0,1.0,0.0,0.0,8.0,0.42105263,11.0,0.57894737,10.0,0.5263158,0.42105263,3.1813664,4.169925,4.087463,3.0,0.0,0.15789473,0.0,0.6,0.88088644,0.0,0.0,0.0,16.0,9.5,6.5,1.0,0.0,2.8584585,0.0,7.7944446,1.0236993,1.4210526
uoyakoyuqueeocgg.org,ramdo,20.0,16.0,2.0,0.0,0.0,19.0,1.0,0.0,0.0,10.0,0.5263158,9.0,0.47368422,10.0,0.5263158,0.21052632,3.115834,4.058814,4.087463,3.0,0.0,0.15789473,0.0,0.5,0.8698061,0.0,0.0,0.0,16.0,9.5,6.5,1.0,0.0,3.0306392,0.0,9.273334,1.1732223,1.4210526
eiqaqywcyswkassw.org,ramdo,20.0,16.0,2.0,0.0,0.0,19.0,1.0,0.0,0.0,5.0,0.2631579,14.0,0.7368421,12.0,0.6315789,0.21052632,3.4316235,4.058814,4.087463,8.0,0.0,0.42105263,0.0,0.41666666,0.89750695,0.0,0.0,0.0,16.0,9.5,6.5,1.0,0.0,3.0306392,0.0,8.122222,1.1402018,1.4210526
iqyiskeomsqugyyc.org,ramdo,20.0,16.0,2.0,0.0,0.0,19.0,1.0,0.0,0.0,6.0,0.31578946,13.0,0.68421054,12.0,0.6315789,0.10526316,3.4713545,4.169925,4.087463,4.0,0.0,0.21052632,0.0,0.5,0.9030471,0.0,0.0,0.0,16.0,9.5,6.5,1.0,0.0,3.3278196,0.0,8.366667,1.1214712,1.4210526
qkwomaomukkkuwgm.org,ramdo,20.0,16.0,2.0,0.0,0.0,19.0,1.0,0.0,0.0,6.0,0.31578946,13.0,0.68421054,9.0,0.47368422,0.05263158,3.010571,3.947703,4.087463,3.0,0.0,0.15789473,0.0,0.6666667,0.8642659,0.0,0.0,0.0,16.0,9.5,6.5,1.0,0.0,2.8278196,0.0,7.79,1.5498314,1.4210526
soyimmcuiwiqyesa.org,ramdo,20.0,16.0,2.0,0.0,0.0,19.0,1.0,0.0,0.0,8.0,0.42105263,11.0,0.57894737,13.0,0.68421054,0.15789473,3.5766177,4.169925,4.087463,3.0,0.0,0.15789473,0.0,0.3846154,0.9085873,0.0,0.0,0.0,16.0,9.5,6.5,1.0,0.0,3.3278196,0.0,7.8283334,0.7761179,1.4210526
yaieswukigoyyses.org,ramdo,20.0,16.0,2.0,0.0,0.0,19.0,1.0,0.0,0.0,8.0,0.42105263,11.0,0.57894737,11.0,0.57894737,0.15789473,3.3263605,4.058814,4.087463,3.0,0.0,0.15789473,0.0,0.54545456,0.89196676,0.0,0.0,0.0,16.0,9.5,6.5,1.0,0.0,3.1556392,0.0,7.9061112,0.828146,1.4210526
ciaiiccsuyemqeiu.org,ramdo,20.0,16.0,2.0,0.0,0.0,19.0,1.0,0.0,0.0,10.0,0.5263158,9.0,0.47368422,12.0,0.6315789,0.31578946,3.3660913,4.169925,4.087463,3.0,0.0,0.15789473,0.0,0.33333334,0.88642657,0.0,0.0,0.0,16.0,9.5,6.5,1.0,0.0,2.9528196,0.0,8.542222,0.85663104,1.4210526
iukeasycosukskqq.org,ramdo,20.0,16.0,2.0,0.0,0.0,19.0,1.0,0.0,0.0,7.0,0.36842105,12.0,0.6315789,12.0,0.6315789,0.15789473,3.4316235,4.058814,4.087463,5.0,0.0,0.2631579,0.0,0.41666666,0.89750695,0.0,0.0,0.0,16.0,9.5,6.5,1.0,0.0,3.1556392,0.0,8.302778,1.1095586,1.4210526
gqwsemioyusggsaa.org,ramdo,20.0,16.0,2.0,0.0,0.0,19.0,1.0,0.0,0.0,7.0,0.36842105,12.0,0.6315789,12.0,0.6315789,0.15789473,3.3660913,4.169925,4.087463,4.0,0.0,0.21052632,0.0,0.33333334,0.88642657,0.0,0.0,0.0,16.0,9.5,6.5,1.0,0.0,3.2806392,0.0,7.3777776,0.9179286,1.4210526
wskygeckymiswycc.org,ramdo,20.0,16.0,2.0,0.0,0.0,19.0,1.0,0.0,0.0,3.0,0.15789473,16.0,0.84210527,11.0,0.57894737,0.21052632,3.3263605,4.058814,4.087463,5.0,0.0,0.2631579,0.0,0.54545456,0.89196676,0.0,0.0,0.0,16.0,9.5,6.5,1.0,0.0,3.0306392,0.0,7.66,1.1500912,1.4210526
ocuqiokeyeiweusg.org,ramdo,20.0,16.0,2.0,0.0,0.0,19.0,1.0,0.0,0.0,10.0,0.5263158,9.0,0.47368422,12.0,0.6315789,0.21052632,3.4316235,4.169925,4.087463,2.0,0.0,0.10526316,0.0,0.41666666,0.89750695,0.0,0.0,0.0,16.0,9.5,6.5,1.0,0.0,3.3278196,0.0,8.545,0.8674283,1.4210526
usukigkgsakicume.org,ramdo,20.0,16.0,2.0,0.0,0.0,19.0,1.0,0.0,0.0,8.0,0.42105263,11.0,0.57894737,11.0,0.57894737,0.15789473,3.2866294,4.058814,4.087463,4.0,0.0,0.21052632,0.0,0.45454547,0.88642657,0.0,0.0,0.0,16.0,9.5,6.5,1.0,0.0,3.0306392,0.0,8.113889,1.0005193,1.4210526
gqkaiouigwgmysmk.org,ramdo,20.0,16.0,2.0,0.0,0.0,19.0,1.0,0.0,0.0,6.0,0.31578946,13.0,0.68421054,12.0,0.6315789,0.05263158,3.4058223,4.169925,4.087463,8.0,0.0,0.42105263,0.0,0.41666666,0.89196676,0.0,0.0,0.0,16.0,9.5,6.5,1.0,0.0,3.3278196,0.0,8.426111,1.1433865,1.4210526
ocyaswguygickmyk.org,ramdo,20.0,16.0,2.0,0.0,0.0,19.0,1.0,0.0,0.0,5.0,0.2631579,14.0,0.7368421,12.0,0.6315789,0.15789473,3.4316235,4.169925,4.087463,5.0,0.0,0.2631579,0.0,0.41666666,0.89750695,0.0,0.0,0.0,16.0,9.5,6.5,1.0,0.0,3.3278196,0.0,7.811111,1.064971,1.4210526
yaokakueewoesiew.org,ramdo,20.0,16.0,2.0,0.0,0.0,19.0,1.0,0.0,0.0,11.0,0.57894737,8.0,0.42105263,11.0,0.57894737,0.31578946,3.2608283,3.947703,3.9698157,2.0,0.0,0.10526316,0.0,0.45454547,0.88088644,0.0,0.0,0.0,16.0,9.5,6.5,1.0,0.0,3.0,0.0,8.088333,0.78866893,1.3157895
yaeguowiaakqqqae.org,ramdo,20.0,16.0,2.0,0.0,0.0,19.0,1.0,0.0,0.0,10.0,0.5263158,9.0,0.47368422,11.0,0.57894737,0.31578946,3.2608283,3.947703,4.087463,4.0,0.0,0.21052632,0.0,0.45454547,0.88088644,0.0,0.0,0.0,16.0,9.5,6.5,1.0,0.0,3.0778196,0.0,8.935555,1.2386729,1.4210526
ceqsokswaoccmwow.org,ramdo,20.0,16.0,2.0,0.0,0.0,19.0,1.0,0.0,0.0,6.0,0.31578946,13.0,0.68421054,11.0,0.57894737,0.2631579,3.2210972,4.058814,4.087463,4.0,0.0,0.21052632,0.0,0.36363637,0.87534624,0.0,0.0,0.0,16.0,9.5,6.5,1.0,0.0,2.9834585,0.0,7.583889,1.1003395,1.4210526
qgqqscimceiimsci.org,ramdo,20.0,16.0,2.0,0.0,0.0,19.0,1.0,0.0,0.0,6.0,0.31578946,13.0,0.68421054,9.0,0.47368422,0.21052632,3.010571,3.8365917,3.9698157,6.0,0.0,0.31578946,0.0,0.6666667,0.8642659,0.0,0.0,0.0,16.0,9.5,6.5,1.0,0.0,2.6556392,0.0,8.15,1.4357653,1.3157895
mywaayumskysmsqm.org,ramdo,20.0,16.0,2.0,0.0,0.0,19.0,1.0,0.0,0.0,4.0,0.21052632,15.0,0.7894737,11.0,0.57894737,0.10526316,3.2210972,4.058814,4.087463,9.0,0.0,0.47368422,0.0,0.36363637,0.87534624,0.0,0.0,0.0,16.0,9.5,6.5,1.0,0.0,2.7806392,0.0,9.216111,1.2148585,1.4210526
skmwksksowkiieuw.org,ramdo,20.0,16.0,2.0,0.0,0.0,19.0,1.0,0.0,0.0,6.0,0.31578946,13.0,0.68421054,10.0,0.5263158,0.05263158,3.115834,3.8365917,4.087463,8.0,0.0,0.42105263,0.0,0.5,0.8698061,0.0,0.0,0.0,16.0,9.5,6.5,1.0,0.0,2.7806392,0.0,8.572778,1.1914368,1.4210526
emcsuooeeogkqygw.org,ramdo,20.0,16.0,2.0,0.0,0.0,19.0,1.0,0.0,0.0,8.0,0.42105263,11.0,0.57894737,12.0,0.6315789,0.21052632,3.3263605,4.169925,4.087463,6.0,0.0,0.31578946,0.0,0.25,0.88088644,0.0,0.0,0.0,16.0,9.5,6.5,1.0,0.0,3.2806392,0.0,8.918889,0.9872156,1.4210526
gmwqeawiegyukkqq.org,ramdo,20.0,16.0,2.0,0.0,0.0,19.0,1.0,0.0,0.0,6.0,0.31578946,13.0,0.68421054,12.0,0.6315789,0.15789473,3.4316235,4.169925,4.087463,4.0,0.0,0.21052632,0.0,0.41666666,0.89750695,0.0,0.0,0.0,16.0,9.5,6.5,1.0,0.0,3.2028196,0.0,9.123889,1.4096564,1.4210526
uskikuwiosioegsa.org,ramdo,20.0,16.0,2.0,0.0,0.0,19.0,1.0,0.0,0.0,10.0,0.5263158,9.0,0.47368422,10.0,0.5263158,0.10526316,3.1813664,4.058814,4.087463,2.0,0.0,0.10526316,0.0,0.6,0.88088644,0.0,0.0,0.0,16.0,9.5,6.5,1.0,0.0,3.0306392,0.0,7.3594446,0.87336,1.4210526
qgsimeagykoqqakw.org,ramdo,20.0,16.0,2.0,0.0,0.0,19.0,1.0,0.0,0.0,6.0,0.31578946,13.0,0.68421054,12.0,0.6315789,0.15789473,3.4316235,4.169925,4.087463,3.0,0.0,0.15789473,0.0,0.41666666,0.89750695,0.0,0.0,0.0,16.0,9.5,6.5,1.0,0.0,3.3278196,0.0,7.41,1.3032376,1.4210526
uoyscemoquckicqs.org,ramdo,20.0,16.0,2.0,0.0,0.0,19.0,1.0,0.0,0.0,7.0,0.36842105,12.0,0.6315789,12.0,0.6315789,0.21052632,3.4316235,4.169925,4.087463,3.0,0.0,0.15789473,0.0,0.41666666,0.89750695,0.0,0.0,0.0,16.0,9.5,6.5,1.0,0.0,3.2028196,0.0,7.7577777,1.073669,1.4210526
skwogqgciukqkcuq.org,ramdo,20.0,16.0,2.0,0.0,0.0,19.0,1.0,0.0,0.0,5.0,0.2631579,14.0,0.7368421,10.0,0.5263158,0.10526316,3.1813664,4.169925,4.087463,4.0,0.0,0.21052632,0.0,0.6,0.88088644,0.0,0.0,0.0,16.0,9.5,6.5,1.0,0.0,3.0306392,0.0,9.248889,1.6527824,1.4210526
gqyokwwekiikskcc.org,ramdo,20.0,16.0,2.0,0.0,0.0,19.0,1.0,0.0,0.0,5.0,0.2631579,14.0,0.7368421,11.0,0.57894737,0.15789473,3.300559,4.169925,4.087463,5.0,0.0,0.2631579,0.0,0.54545456,0.88642657,0.0,0.0,0.0,16.0,9.5,6.5,1.0,0.0,3.125,0.0,8.873333,1.2984291,1.4210526
ogsgwgmowocgiasw.org,ramdo,20.0,16.0,2.0,0.0,0.0,19.0,1.0,0.0,0.0,6.0,0.31578946,13.0,0.68421054,9.0,0.47368422,0.10526316,2.8603208,4.058814,4.087463,6.0,0.0,0.31578946,0.0,0.44444445,0.8365651,0.0,0.0,0.0,16.0,9.5,6.5,1.0,0.0,2.7806392,0.0,6.9083333,1.2554862,1.4210526
usemooiuycaawyye.org,ramdo,20.0,16.0,2.0,0.0,0.0,19.0,1.0,0.0,0.0,10.0,0.5263158,9.0,0.47368422,12.0,0.6315789,0.2631579,3.4316235,4.169925,4.087463,3.0,0.0,0.15789473,0.0,0.41666666,0.89750695,0.0,0.0,0.0,16.0,9.5,6.5,1.0,0.0,3.2028196,0.0,7.8022223,0.72239274,1.4210526
aacgqoawcscmggow.org,ramdo,20.0,16.0,2.0,0.0,0.0,19.0,1.0,0.0,0.0,6.0,0.31578946,13.0,0.68421054,9.0,0.47368422,0.31578946,2.97084,4.169925,4.087463,7.0,0.0,0.36842105,0.0,0.5555556,0.8587258,0.0,0.0,0.0,16.0,9.5,6.5,1.0,0.0,2.8584585,0.0,8.550555,1.2937928,1.4210526
uoomwyykyyukoygi.org,ramdo,20.0,16.0,2.0,0.0,0.0,19.0,1.0,0.0,0.0,7.0,0.36842105,12.0,0.6315789,9.0,0.47368422,0.0,2.9000516,4.058814,4.087463,7.0,0.0,0.36842105,0.0,0.5555556,0.84210527,0.0,0.0,0.0,16.0,9.5,6.5,1.0,0.0,2.727217,0.0,8.415,1.4644016,1.4210526
skysiyocquiayaso.org,ramdo,20.0,16.0,2.0,0.0,0.0,19.0,1.0,0.0,0.0,8.0,0.42105263,11.0,0.57894737,11.0,0.57894737,0.15789473,3.2866294,4.169925,4.087463,4.0,0.0,0.21052632,0.0,0.45454547,0.88642657,0.0,0.0,0.0,16.0,9.5,6.5,1.0,0.0,3.0306392,0.0,7.52,0.96996516,1.4210526
eigeukemwuaskywa.org,ramdo,20.0,16.0,2.0,0.0,0.0,19.0,1.0,0.0,0.0,9.0,0.47368422,10.0,0.5263158,12.0,0.6315789,0.2631579,3.4713545,4.169925,4.087463,4.0,0.0,0.21052632,0.0,0.5,0.9030471,0.0,0.0,0.0,16.0,9.5,6.5,1.0,0.0,3.2028196,0.0,8.448889,0.80873656,1.4210526
yauokgiskwoosqmo.org,ramdo,20.0,16.0,2.0,0.0,0.0,19.0,1.0,0.0,0.0,8.0,0.42105263,11.0,0.57894737,12.0,0.6315789,0.05263158,3.3211043,4.058814,4.087463,3.0,0.0,0.15789473,0.0,0.33333334,0.87534624,0.0,0.0,0.0,16.0,9.5,6.5,1.0,0.0,3.25,0.0,8.128889,1.0251487,1.4210526
iqagsmiymgwcamse.org,ramdo,20.0,16.0,2.0,0.0,0.0,19.0,1.0,0.0,0.0,6.0,0.31578946,13.0,0.68421054,12.0,0.6315789,0.21052632,3.4316235,4.169925,4.087463,5.0,0.0,0.2631579,0.0,0.41666666,0.89750695,0.0,0.0,0.0,16.0,9.5,6.5,1.0,0.0,3.2028196,0.0,7.8105555,0.9185237,1.4210526
cisskkgckiycukow.org,ramdo,20.0,16.0,2.0,0.0,0.0,19.0,1.0,0.0,0.0,5.0,0.2631579,14.0,0.7368421,10.0,0.5263158,0.15789473,3.155565,4.169925,4.087463,7.0,0.0,0.36842105,0.0,0.6,0.87534624,0.0,0.0,0.0,16.0,9.5,6.5,1.0,0.0,2.9528196,0.0,8.091666,1.2503905,1.4210526
cekaosekgmuwioue.org,ramdo,20.0,16.0,2.0,0.0,0.0,19.0,1.0,0.0,0.0,10.0,0.5263158,9.0,0.47368422,12.0,0.6315789,0.2631579,3.4316235,4.058814,4.087463,3.0,0.0,0.15789473,0.0,0.41666666,0.89750695,0.0,0.0,0.0,16.0,9.5,6.5,1.0,0.0,3.3278196,0.0,7.9072223,0.7408355,1.4210526
yaiiciocikaussmu.org,ramdo,20.0,16.0,2.0,0.0,0.0,19.0,1.0,0.0,0.0,10.0,0.5263158,9.0,0.47368422,11.0,0.57894737,0.21052632,3.300559,4.058814,4.087463,3.0,0.0,0.15789473,0.0,0.54545456,0.88642657,0.0,0.0,0.0,16.0,9.5,6.5,1.0,0.0,3.0,0.0,7.4627776,0.7936753,1.4210526
kyseesuimuwmkkko.org,ramdo,20.0,16.0,2.0,0.0,0.0,19.0,1.0,0.0,0.0,7.0,0.36842105,12.0,0.6315789,11.0,0.57894737,0.10526316,3.300559,4.058814,4.087463,5.0,0.0,0.2631579,0.0,0.54545456,0.88642657,0.0,0.0,0.0,16.0,9.5,6.5,1.0,0.0,3.0,0.0,8.12,1.043994,1.4210526
skmyyqsyqmmgcoim.org,ramdo,20.0,16.0,2.0,0.0,0.0,19.0,1.0,0.0,0.0,3.0,0.15789473,16.0,0.84210527,10.0,0.5263158,0.05263158,3.155565,4.058814,4.087463,13.0,0.0,0.68421054,0.0,0.6,0.87534624,0.0,0.0,0.0,16.0,9.5,6.5,1.0,0.0,2.9528196,0.0,8.517777,1.4455546,1.4210526
gquiccymquuayusq.org,ramdo,20.0,16.0,2.0,0.0,0.0,19.0,1.0,0.0,0.0,7.0,0.36842105,12.0,0.6315789,11.0,0.57894737,0.15789473,3.2608283,4.058814,4.087463,5.0,0.0,0.2631579,0.0,0.45454547,0.88088644,0.0,0.0,0.0,16.0,9.5,6.5,1.0,0.0,2.9528196,0.0,8.284445,1.4585665,1.4210526
aeagggggkuwkckau.org,ramdo,20.0,16.0,2.0,0.0,0.0,19.0,1.0,0.0,0.0,7.0,0.36842105,12.0,0.6315789,9.0,0.47368422,0.2631579,2.825846,3.7254806,3.8077636,6.0,0.0,0.31578946,0.0,0.44444445,0.82548475,0.0,0.0,0.0,16.0,9.5,6.5,1.0,0.0,2.5550365,0.0,8.821111,1.4570836,1.2631578
wssumqauycqmciok.org,ramdo,20.0,16.0,2.0,0.0,0.0,19.0,1.0,0.0,0.0,6.0,0.31578946,13.0,0.68421054,13.0,0.68421054,0.15789473,3.6163485,4.169925,4.087463,5.0,0.0,0.2631579,0.0,0.46153846,0.9141274,0.0,0.0,0.0,16.0,9.5,6.5,1.0,0.0,3.375,0.0,8.728333,1.0326662,1.4210526
iqeigiqswakgemwk.org,ramdo,20.0,16.0,2.0,0.0,0.0,19.0,1.0,0.0,0.0,7.0,0.36842105,12.0,0.6315789,11.0,0.57894737,0.15789473,3.3263605,4.058814,4.087463,3.0,0.0,0.15789473,0.0,0.54545456,0.89196676,0.0,0.0,0.0,16.0,9.5,6.5,1.0,0.0,3.0778196,0.0,8.518888,1.2116325,1.4210526
qkegsocskmsucoci.org,ramdo,20.0,16.0,2.0,0.0,0.0,19.0,1.0,0.0,0.0,6.0,0.31578946,13.0,0.68421054,11.0,0.57894737,0.21052632,3.2866294,4.058814,4.087463,5.0,0.0,0.2631579,0.0,0.45454547,0.88642657,0.0,0.0,0.0,16.0,9.5,6.5,1.0,0.0,3.1556392,0.0,7.807778,1.0353235,1.4210526
ywykeggueqkeocus.org,ramdo,20.0,16.0,2.0,0.0,0.0,19.0,1.0,0.0,0.0,7.0,0.36842105,12.0,0.6315789,11.0,0.57894737,0.21052632,3.3263605,4.058814,4.087463,4.0,0.0,0.21052632,0.0,0.54545456,0.89196676,0.0,0.0,0.0,16.0,9.5,6.5,1.0,0.0,3.2028196,0.0,8.623889,1.1434289,1.4210526
wsqsmmayeyweeyio.org,ramdo,20.0,16.0,2.0,0.0,0.0,19.0,1.0,0.0,0.0,7.0,0.36842105,12.0,0.6315789,11.0,0.57894737,0.21052632,3.3263605,4.058814,4.087463,6.0,0.0,0.31578946,0.0,0.54545456,0.89196676,0.0,0.0,0.0,16.0,9.5,6.5,1.0,0.0,3.0306392,0.0,8.756111,0.9578277,1.4210526
wwageyiywscgawoa.org,ramdo,20.0,16.0,2.0,0.0,0.0,19.0,1.0,0.0,0.0,7.0,0.36842105,12.0,0.6315789,10.0,0.5263158,0.2631579,3.115834,4.169925,4.087463,5.0,0.0,0.2631579,0.0,0.5,0.8698061,0.0,0.0,0.0,16.0,9.5,6.5,1.0,0.0,2.9528196,0.0,8.583889,1.1005744,1.4210526
kuogiygeweicagqe.org,ramdo,20.0,16.0,2.0,0.0,0.0,19.0,1.0,0.0,0.0,9.0,0.47368422,10.0,0.5263158,12.0,0.6315789,0.2631579,3.3660913,4.169925,4.087463,2.0,0.0,0.10526316,0.0,0.33333334,0.88642657,0.0,0.0,0.0,16.0,9.5,6.5,1.0,0.0,3.2806392,0.0,7.786111,0.9857455,1.4210526
uokgqiiceaiokwgk.org,ramdo,20.0,16.0,2.0,0.0,0.0,19.0,1.0,0.0,0.0,9.0,0.47368422,10.0,0.5263158,11.0,0.57894737,0.15789473,3.2468987,4.058814,4.087463,4.0,0.0,0.21052632,0.0,0.36363637,0.88088644,0.0,0.0,0.0,16.0,9.5,6.5,1.0,0.0,3.1556392,0.0,7.9166665,1.15677,1.4210526
cecyawgoqkocoieg.org,ramdo,20.0,16.0,2.0,0.0,0.0,19.0,1.0,0.0,0.0,8.0,0.42105263,11.0,0.57894737,11.0,0.57894737,0.31578946,3.2210972,4.058814,4.087463,2.0,0.0,0.10526316,0.0,0.36363637,0.87534624,0.0,0.0,0.0,16.0,9.5,6.5,1.0,0.0,3.1556392,0.0,7.8233333,1.0830084,1.4210526
kykiqoyawggiqqsw.org,ramdo,20.0,16.0,2.0,0.0,0.0,19.0,1.0,0.0,0.0,5.0,0.2631579,14.0,0.7368421,10.0,0.5263158,0.05263158,3.2210972,4.058814,4.087463,4.0,0.0,0.21052632,0.0,0.7,0.88642657,0.0,0.0,0.0,16.0,9.5,6.5,1.0,0.0,3.0778196,0.0,8.898889,1.5787336,1.4210526
qkccyiecmgsgoage.org,ramdo,20.0,16.0,2.0,0.0,0.0,19.0,1.0,0.0,0.0,6.0,0.31578946,13.0,0.68421054,12.0,0.6315789,0.31578946,3.3660913,4.169925,4.087463,5.0,0.0,0.2631579,0.0,0.33333334,0.88642657,0.0,0.0,0.0,16.0,9.5,6.5,1.0,0.0,3.2806392,0.0,8.236111,1.0164948,1.4210526
mccgsaoiugqmgykq.org,ramdo,20.0,16.0,2.0,0.0,0.0,19.0,1.0,0.0,0.0,5.0,0.2631579,14.0,0.7368421,12.0,0.6315789,0.15789473,3.4058223,4.169925,4.087463,7.0,0.0,0.36842105,0.0,0.41666666,0.89196676,0.0,0.0,0.0,16.0,9.5,6.5,1.0,0.0,3.3278196,0.0,9.204445,1.2406662,1.4210526
ogqoyewqiasukkyu.org,ramdo,20.0,16.0,2.0,0.0,0.0,19.0,1.0,0.0,0.0,8.0,0.42105263,11.0,0.57894737,12.0,0.6315789,0.10526316,3.4713545,4.169925,4.087463,3.0,0.0,0.15789473,0.0,0.5,0.9030471,0.0,0.0,0.0,16.0,9.5,6.5,1.0,0.0,3.375,0.0,8.842778,1.1486847,1.4210526
mcogossymqkeqmuo.org,ramdo,20.0,16.0,2.0,0.0,0.0,19.0,1.0,0.0,0.0,6.0,0.31578946,13.0,0.68421054,11.0,0.57894737,0.10526316,3.2608283,4.169925,4.087463,6.0,0.0,0.31578946,0.0,0.45454547,0.88088644,0.0,0.0,0.0,16.0,9.5,6.5,1.0,0.0,3.1556392,0.0,8.755,1.2011197,1.4210526
yausgoigusscqcoa.org,ramdo,20.0,16.0,2.0,0.0,0.0,19.0,1.0,0.0,0.0,8.0,0.42105263,11.0,0.57894737,10.0,0.5263158,0.21052632,3.1813664,4.058814,4.087463,5.0,0.0,0.2631579,0.0,0.6,0.88088644,0.0,0.0,0.0,16.0,9.5,6.5,1.0,0.0,3.0778196,0.0,8.153889,1.0132129,1.4210526
aauougskuigaqmag.org,ramdo,20.0,16.0,2.0,0.0,0.0,19.0,1.0,0.0,0.0,10.0,0.5263158,9.0,0.47368422,10.0,0.5263158,0.21052632,3.0503018,4.169925,4.087463,3.0,0.0,0.15789473,0.0,0.4,0.8587258,0.0,0.0,0.0,16.0,9.5,6.5,1.0,0.0,2.9056392,0.0,8.173889,1.1658645,1.4210526
eiwciykwkyycmugw.org,ramdo,20.0,16.0,2.0,0.0,0.0,19.0,1.0,0.0,0.0,5.0,0.2631579,14.0,0.7368421,11.0,0.57894737,0.15789473,3.3263605,4.169925,4.087463,8.0,0.0,0.42105263,0.0,0.54545456,0.89196676,0.0,0.0,0.0,16.0,9.5,6.5,1.0,0.0,3.0306392,0.0,9.248889,1.2270463,1.4210526
kyweowiukaocuegg.org,ramdo,20.0,16.0,2.0,0.0,0.0,19.0,1.0,0.0,0.0,9.0,0.47368422,10.0,0.5263158,11.0,0.57894737,0.21052632,3.3263605,4.169925,4.087463,3.0,0.0,0.15789473,0.0,0.54545456,0.89196676,0.0,0.0,0.0,16.0,9.5,6.5,1.0,0.0,3.25,0.0,8.946111,0.9880061,1.4210526
uogkewamkimyosga.org,ramdo,20.0,16.0,2.0,0.0,0.0,19.0,1.0,0.0,0.0,8.0,0.42105263,11.0,0.57894737,12.0,0.6315789,0.15789473,3.4316235,4.169925,4.087463,2.0,0.0,0.10526316,0.0,0.41666666,0.89750695,0.0,0.0,0.0,16.0,9.5,6.5,1.0,0.0,3.375,0.0,8.953889,0.85598034,1.4210526
uocamwugasueuoaq.org,ramdo,20.0,16.0,2.0,0.0,0.0,19.0,1.0,0.0,0.0,11.0,0.57894737,8.0,0.42105263,11.0,0.57894737,0.2631579,3.2210972,4.058814,4.087463,2.0,0.0,0.10526316,0.0,0.36363637,0.87534624,0.0,0.0,0.0,16.0,9.5,6.5,1.0,0.0,3.0778196,0.0,8.173889,0.98139626,1.4210526
qgeyeeoymkugiqyg.org,ramdo,20.0,16.0,2.0,0.0,0.0,19.0,1.0,0.0,0.0,7.0,0.36842105,12.0,0.6315789,10.0,0.5263158,0.15789473,3.115834,4.169925,4.087463,3.0,0.0,0.15789473,0.0,0.5,0.8698061,0.0,0.0,0.0,16.0,9.5,6.5,1.0,0.0,2.9834585,0.0,8.848889,1.3985246,1.4210526
emqeckumqwwmueww.org,ramdo,20.0,16.0,2.0,0.0,0.0,19.0,1.0,0.0,0.0,6.0,0.31578946,13.0,0.68421054,10.0,0.5263158,0.21052632,3.115834,3.947703,4.087463,5.0,0.0,0.2631579,0.0,0.5,0.8698061,0.0,0.0,0.0,16.0,9.5,6.5,1.0,0.0,2.6556392,0.0,8.560555,1.4838599,1.4210526
skiueuoqgwsgkacm.org,ramdo,20.0,16.0,2.0,0.0,0.0,19.0,1.0,0.0,0.0,7.0,0.36842105,12.0,0.6315789,13.0,0.68421054,0.15789473,3.5766177,4.169925,4.087463,6.0,0.0,0.31578946,0.0,0.3846154,0.9085873,0.0,0.0,0.0,16.0,9.5,6.5,1.0,0.0,3.5,0.0,8.845,0.9128528,1.4210526
cesiquwowgaakeqq.org,ramdo,20.0,16.0,2.0,0.0,0.0,19.0,1.0,0.0,0.0,8.0,0.42105263,11.0,0.57894737,12.0,0.6315789,0.2631579,3.4713545,4.169925,4.087463,2.0,0.0,0.10526316,0.0,0.5,0.9030471,0.0,0.0,0.0,16.0,9.5,6.5,1.0,0.0,3.3278196,0.0,7.6844444,1.1573397,1.4210526
ciqiiasgyaawyoek.org,ramdo,20.0,16.0,2.0,0.0,0.0,19.0,1.0,0.0,0.0,9.0,0.47368422,10.0,0.5263158,12.0,0.6315789,0.2631579,3.4316235,4.169925,4.087463,3.0,0.0,0.15789473,0.0,0.41666666,0.89750695,0.0,0.0,0.0,16.0,9.5,6.5,1.0,0.0,3.2806392,0.0,8.842778,0.87928,1.4210526
somwokggwuegcggo.org,ramdo,20.0,16.0,2.0,0.0,0.0,19.0,1.0,0.0,0.0,6.0,0.31578946,13.0,0.68421054,10.0,0.5263158,0.10526316,2.9053078,4.058814,4.087463,4.0,0.0,0.21052632,0.0,0.3,0.82548475,0.0,0.0,0.0,16.0,9.5,6.5,1.0,0.0,2.852217,0.0,8.531667,1.3192693,1.4210526
qkqgcimwqwquaams.org,ramdo,20.0,16.0,2.0,0.0,0.0,19.0,1.0,0.0,0.0,5.0,0.2631579,14.0,0.7368421,12.0,0.6315789,0.15789473,3.4058223,4.058814,4.087463,5.0,0.0,0.2631579,0.0,0.41666666,0.89196676,0.0,0.0,0.0,16.0,9.5,6.5,1.0,0.0,3.125,0.0,8.605,1.5067676,1.4210526
oguosiwaiwyaaocs.org,ramdo,20.0,16.0,2.0,0.0,0.0,19.0,1.0,0.0,0.0,10.0,0.5263158,9.0,0.47368422,10.0,0.5263158,0.21052632,3.155565,4.058814,4.087463,2.0,0.0,0.10526316,0.0,0.6,0.87534624,0.0,0.0,0.0,16.0,9.5,6.5,1.0,0.0,3.0306392,0.0,8.5222225,0.8571735,1.4210526
aamuyccgmgmauqki.org,ramdo,20.0,16.0,2.0,0.0,0.0,19.0,1.0,0.0,0.0,7.0,0.36842105,12.0,0.6315789,11.0,0.57894737,0.2631579,3.2866294,4.058814,4.087463,7.0,0.0,0.36842105,0.0,0.45454547,0.88642657,0.0,0.0,0.0,16.0,9.5,6.5,1.0,0.0,3.0306392,0.0,8.446111,1.1614282,1.4210526
kuaqwkasssowuawq.org,ramdo,20.0,16.0,2.0,0.0,0.0,19.0,1.0,0.0,0.0,7.0,0.36842105,12.0,0.6315789,9.0,0.47368422,0.15789473,3.0761032,3.947703,4.087463,3.0,0.0,0.15789473,0.0,0.7777778,0.87534624,0.0,0.0,0.0,16.0,9.5,6.5,1.0,0.0,2.7334585,0.0,7.655,1.3734143,1.4210526
qgsswaaymqeoikma.org,ramdo,20.0,16.0,2.0,0.0,0.0,19.0,1.0,0.0,0.0,7.0,0.36842105,12.0,0.6315789,12.0,0.6315789,0.21052632,3.4713545,4.169925,4.087463,5.0,0.0,0.2631579,0.0,0.5,0.9030471,0.0,0.0,0.0,16.0,9.5,6.5,1.0,0.0,3.3278196,0.0,8.492222,0.990165,1.4210526
ogoycueoususyioq.org,ramdo,20.0,16.0,2.0,0.0,0.0,19.0,1.0,0.0,0.0,10.0,0.5263158,9.0,0.47368422,10.0,0.5263158,0.10526316,3.070847,4.058814,4.087463,2.0,0.0,0.10526316,0.0,0.5,0.8587258,0.0,0.0,0.0,16.0,9.5,6.5,1.0,0.0,2.9528196,0.0,8.108889,1.0868045,1.4210526
skeigoimyokcyiya.org,ramdo,20.0,16.0,2.0,0.0,0.0,19.0,1.0,0.0,0.0,8.0,0.42105263,11.0,0.57894737,11.0,0.57894737,0.15789473,3.2866294,4.169925,4.087463,3.0,0.0,0.15789473,0.0,0.45454547,0.88642657,0.0,0.0,0.0,16.0,9.5,6.5,1.0,0.0,3.1556392,0.0,8.962222,0.9420775,1.4210526
aemaasqcmigaocmg.org,ramdo,20.0,16.0,2.0,0.0,0.0,19.0,1.0,0.0,0.0,8.0,0.42105263,11.0,0.57894737,10.0,0.5263158,0.36842105,3.115834,4.058814,4.087463,4.0,0.0,0.21052632,0.0,0.5,0.8698061,0.0,0.0,0.0,16.0,9.5,6.5,1.0,0.0,2.9528196,0.0,7.7916665,1.0161383,1.4210526
qgogyqqimeiiqsug.org,ramdo,20.0,16.0,2.0,0.0,0.0,19.0,1.0,0.0,0.0,7.0,0.36842105,12.0,0.6315789,10.0,0.5263158,0.05263158,3.0503018,4.058814,4.087463,4.0,0.0,0.21052632,0.0,0.4,0.8587258,0.0,0.0,0.0,16.0,9.5,6.5,1.0,0.0,2.9056392,0.0,8.864445,1.6215417,1.4210526
aeuwakqauqeyqack.org,ramdo,20.0,16.0,2.0,0.0,0.0,19.0,1.0,0.0,0.0,9.0,0.47368422,10.0,0.5263158,11.0,0.57894737,0.36842105,3.2608283,4.058814,4.087463,2.0,0.0,0.10526316,0.0,0.45454547,0.88088644,0.0,0.0,0.0,16.0,9.5,6.5,1.0,0.0,2.8278196,0.0,9.19,1.3480251,1.4210526
qkwmciyiqseoiweo.org,ramdo,20.0,16.0,2.0,0.0,0.0,19.0,1.0,0.0,0.0,8.0,0.42105263,11.0,0.57894737,12.0,0.6315789,0.15789473,3.4316235,4.058814,4.087463,5.0,0.0,0.2631579,0.0,0.41666666,0.89750695,0.0,0.0,0.0,16.0,9.5,6.5,1.0,0.0,3.2028196,0.0,9.1472225,1.0492113,1.4210526
iqsgsgcgeecmskeu.org,ramdo,20.0,16.0,2.0,0.0,0.0,19.0,1.0,0.0,0.0,6.0,0.31578946,13.0,0.68421054,11.0,0.57894737,0.2631579,3.2210972,4.058814,4.087463,7.0,0.0,0.36842105,0.0,0.36363637,0.87534624,0.0,0.0,0.0,16.0,9.5,6.5,1.0,0.0,2.9834585,0.0,8.840555,1.0350128,1.4210526
wwsoqimwqsocsoyi.org,ramdo,20.0,16.0,2.0,0.0,0.0,19.0,1.0,0.0,0.0,6.0,0.31578946,13.0,0.68421054,10.0,0.5263158,0.05263158,3.115834,3.9057646,4.087463,4.0,0.0,0.21052632,0.0,0.5,0.8698061,0.0,0.0,0.0,16.0,9.5,6.5,1.0,0.0,2.8584585,0.0,7.5016665,1.2794249,1.4210526
qkewaqimysecguwm.org,ramdo,20.0,16.0,2.0,0.0,0.0,19.0,1.0,0.0,0.0,6.0,0.31578946,13.0,0.68421054,14.0,0.7368421,0.21052632,3.7216117,4.169925,4.087463,3.0,0.0,0.15789473,0.0,0.35714287,0.9196676,0.0,0.0,0.0,16.0,9.5,6.5,1.0,0.0,3.5,0.0,8.146667,0.9751709,1.4210526
myqokaksgocqcwuw.org,ramdo,20.0,16.0,2.0,0.0,0.0,19.0,1.0,0.0,0.0,5.0,0.2631579,14.0,0.7368421,12.0,0.6315789,0.15789473,3.4713545,4.169925,4.087463,4.0,0.0,0.21052632,0.0,0.5,0.9030471,0.0,0.0,0.0,16.0,9.5,6.5,1.0,0.0,3.375,0.0,8.961111,1.259575,1.4210526
aeiqwcgumiuokkcm.org,ramdo,20.0,16.0,2.0,0.0,0.0,19.0,1.0,0.0,0.0,8.0,0.42105263,11.0,0.57894737,12.0,0.6315789,0.21052632,3.5110855,4.169925,4.087463,4.0,0.0,0.21052632,0.0,0.5833333,0.9085873,0.0,0.0,0.0,16.0,9.5,6.5,1.0,0.0,3.375,0.0,8.861667,0.99720854,1.4210526
ywgsoeqsgggqiyie.org,ramdo,20.0,16.0,2.0,0.0,0.0,19.0,1.0,0.0,0.0,6.0,0.31578946,13.0,0.68421054,9.0,0.47368422,0.10526316,3.0053148,4.058814,4.087463,6.0,0.0,0.31578946,0.0,0.7777778,0.8587258,0.0,0.0,0.0,16.0,9.5,6.5,1.0,0.0,2.875,0.0,9.212222,1.390912,1.4210526
aegyuceuwicwaqas.org,ramdo,20.0,16.0,2.0,0.0,0.0,19.0,1.0,0.0,0.0,9.0,0.47368422,10.0,0.5263158,12.0,0.6315789,0.36842105,3.4713545,4.169925,4.087463,2.0,0.0,0.10526316,0.0,0.5,0.9030471,0.0,0.0,0.0,16.0,9.5,6.5,1.0,0.0,3.2028196,0.0,8.012777,0.8650425,1.4210526
emwakguiqgmmaiwe.org,ramdo,20.0,16.0,2.0,0.0,0.0,19.0,1.0,0.0,0.0,8.0,0.42105263,11.0,0.57894737,11.0,0.57894737,0.21052632,3.3263605,4.169925,4.087463,4.0,0.0,0.21052632,0.0,0.54545456,0.89196676,0.0,0.0,0.0,16.0,9.5,6.5,1.0,0.0,3.0778196,0.0,8.57,1.0630585,1.4210526
aayigekiwygamkck.org,ramdo,20.0,16.0,2.0,0.0,0.0,19.0,1.0,0.0,0.0,7.0,0.36842105,12.0,0.6315789,11.0,0.57894737,0.2631579,3.2866294,4.169925,4.087463,4.0,0.0,0.21052632,0.0,0.45454547,0.88642657,0.0,0.0,0.0,16.0,9.5,6.5,1.0,0.0,3.0306392,0.0,8.888889,1.0779667,1.4210526
mcoeumqqgawmiyek.org,ramdo,20.0,16.0,2.0,0.0,0.0,19.0,1.0,0.0,0.0,7.0,0.36842105,12.0,0.6315789,13.0,0.68421054,0.21052632,3.5766177,4.169925,4.087463,4.0,0.0,0.21052632,0.0,0.3846154,0.9085873,0.0,0.0,0.0,16.0,9.5,6.5,1.0,0.0,3.4528196,0.0,8.805555,1.0442865,1.4210526
uskisukykycaiocg.org,ramdo,20.0,16.0,2.0,0.0,0.0,19.0,1.0,0.0,0.0,7.0,0.36842105,12.0,0.6315789,10.0,0.5263158,0.15789473,3.2608283,4.058814,4.087463,5.0,0.0,0.2631579,0.0,0.8,0.89196676,0.0,0.0,0.0,16.0,9.5,6.5,1.0,0.0,3.0778196,0.0,7.7505555,1.0718454,1.4210526
kyayuemykawqucum.org,ramdo,20.0,16.0,2.0,0.0,0.0,19.0,1.0,0.0,0.0,7.0,0.36842105,12.0,0.6315789,12.0,0.6315789,0.21052632,3.4316235,4.169925,4.087463,3.0,0.0,0.15789473,0.0,0.41666666,0.89750695,0.0,0.0,0.0,16.0,9.5,6.5,1.0,0.0,3.0306392,0.0,8.886111,1.1750789,1.4210526
cewwwamuseigamkc.org,ramdo,20.0,16.0,2.0,0.0,0.0,19.0,1.0,0.0,0.0,7.0,0.36842105,12.0,0.6315789,12.0,0.6315789,0.31578946,3.4713545,3.947703,4.087463,3.0,0.0,0.15789473,0.0,0.5,0.9030471,0.0,0.0,0.0,16.0,9.5,6.5,1.0,0.0,3.2028196,0.0,7.4366665,0.8389702,1.4210526
yaeikcgckqmmkqco.org,ramdo,20.0,16.0,2.0,0.0,0.0,19.0,1.0,0.0,0.0,5.0,0.2631579,14.0,0.7368421,11.0,0.57894737,0.2631579,3.3263605,4.058814,4.087463,11.0,0.0,0.57894737,0.0,0.54545456,0.89196676,0.0,0.0,0.0,16.0,9.5,6.5,1.0,0.0,3.1556392,0.0,8.873333,1.3417416,1.4210526
wwgauikamoqyqmws.org,ramdo,20.0,16.0,2.0,0.0,0.0,19.0,1.0,0.0,0.0,6.0,0.31578946,13.0,0.68421054,12.0,0.6315789,0.10526316,3.4713545,4.169925,4.087463,6.0,0.0,0.31578946,0.0,0.5,0.9030471,0.0,0.0,0.0,16.0,9.5,6.5,1.0,0.0,3.3278196,0.0,7.9866667,1.2034602,1.4210526
wwkiwococgsgguwe.org,ramdo,20.0,16.0,2.0,0.0,0.0,19.0,1.0,0.0,0.0,6.0,0.31578946,13.0,0.68421054,10.0,0.5263158,0.15789473,3.0503018,4.058814,4.087463,5.0,0.0,0.2631579,0.0,0.4,0.8587258,0.0,0.0,0.0,16.0,9.5,6.5,1.0,0.0,2.9528196,0.0,8.2722225,1.2593945,1.4210526
gmasayiggsqayqcq.org,ramdo,20.0,16.0,2.0,0.0,0.0,19.0,1.0,0.0,0.0,5.0,0.2631579,14.0,0.7368421,10.0,0.5263158,0.21052632,3.115834,4.058814,4.087463,4.0,0.0,0.21052632,0.0,0.5,0.8698061,0.0,0.0,0.0,16.0,9.5,6.5,1.0,0.0,2.8584585,0.0,8.407222,1.456953,1.4210526
soyiyeegagwcwsoo.org,ramdo,20.0,16.0,2.0,0.0,0.0,19.0,1.0,0.0,0.0,8.0,0.42105263,11.0,0.57894737,10.0,0.5263158,0.21052632,3.155565,3.947703,4.087463,5.0,0.0,0.2631579,0.0,0.6,0.87534624,0.0,0.0,0.0,16.0,9.5,6.5,1.0,0.0,3.0778196,0.0,8.560555,0.91624695,1.4210526
kymkwiyuucaiiywe.org,ramdo,20.0,16.0,2.0,0.0,0.0,19.0,1.0,0.0,0.0,8.0,0.42105263,11.0,0.57894737,12.0,0.6315789,0.15789473,3.4316235,4.058814,4.087463,5.0,0.0,0.2631579,0.0,0.41666666,0.89750695,0.0,0.0,0.0,16.0,9.5,6.5,1.0,0.0,3.0306392,0.0,9.191667,1.0163727,1.4210526
ywyygwsoawekaeic.org,ramdo,20.0,16.0,2.0,0.0,0.0,19.0,1.0,0.0,0.0,7.0,0.36842105,12.0,0.6315789,11.0,0.57894737,0.2631579,3.3263605,4.169925,4.087463,7.0,0.0,0.36842105,0.0,0.54545456,0.89196676,0.0,0.0,0.0,16.0,9.5,6.5,1.0,0.0,3.1556392,0.0,8.420555,0.9676826,1.4210526
wwykicmugaqcscom.org,ramdo,20.0,16.0,2.0,0.0,0.0,19.0,1.0,0.0,0.0,5.0,0.2631579,14.0,0.7368421,13.0,0.68421054,0.21052632,3.5766177,4.169925,4.087463,4.0,0.0,0.21052632,0.0,0.3846154,0.9085873,0.0,0.0,0.0,16.0,9.5,6.5,1.0,0.0,3.4528196,0.0,8.056111,1.0216569,1.4210526
occquyygqawagsuw.org,ramdo,20.0,16.0,2.0,0.0,0.0,19.0,1.0,0.0,0.0,6.0,0.31578946,13.0,0.68421054,10.0,0.5263158,0.21052632,3.2608283,4.169925,4.087463,4.0,0.0,0.21052632,0.0,0.8,0.89196676,0.0,0.0,0.0,16.0,9.5,6.5,1.0,0.0,3.125,0.0,8.658334,1.3473383,1.4210526
wscimakiocewackg.org,ramdo,20.0,16.0,2.0,0.0,0.0,19.0,1.0,0.0,0.0,7.0,0.36842105,12.0,0.6315789,11.0,0.57894737,0.31578946,3.3660913,4.169925,4.087463,3.0,0.0,0.15789473,0.0,0.6363636,0.89750695,0.0,0.0,0.0,16.0,9.5,6.5,1.0,0.0,3.2028196,0.0,7.411111,0.9079105,1.4210526
mcoyiouceequegso.org,ramdo,20.0,16.0,2.0,0.0,0.0,19.0,1.0,0.0,0.0,10.0,0.5263158,9.0,0.47368422,11.0,0.57894737,0.2631579,3.2608283,4.169925,4.087463,2.0,0.0,0.10526316,0.0,0.45454547,0.88088644,0.0,0.0,0.0,16.0,9.5,6.5,1.0,0.0,3.1556392,0.0,7.571111,0.9040839,1.4210526
mcoowwyiaacugigk.org,ramdo,20.0,16.0,2.0,0.0,0.0,19.0,1.0,0.0,0.0,8.0,0.42105263,11.0,0.57894737,11.0,0.57894737,0.21052632,3.3263605,4.169925,4.087463,3.0,0.0,0.15789473,0.0,0.54545456,0.89196676,0.0,0.0,0.0,16.0,9.5,6.5,1.0,0.0,3.25,0.0,7.8133335,0.9852291,1.4210526
gmguwqyuiimyeugo.org,ramdo,20.0,16.0,2.0,0.0,0.0,19.0,1.0,0.0,0.0,8.0,0.42105263,11.0,0.57894737,10.0,0.5263158,0.05263158,3.155565,4.169925,4.087463,3.0,0.0,0.15789473,0.0,0.6,0.87534624,0.0,0.0,0.0,16.0,9.5,6.5,1.0,0.0,3.0306392,0.0,8.98,1.2794878,1.4210526
aaecgwskckascmom.org,ramdo,20.0,16.0,2.0,0.0,0.0,19.0,1.0,0.0,0.0,6.0,0.31578946,13.0,0.68421054,10.0,0.5263158,0.36842105,3.2210972,4.058814,4.087463,7.0,0.0,0.36842105,0.0,0.7,0.88642657,0.0,0.0,0.0,16.0,9.5,6.5,1.0,0.0,3.0306392,0.0,7.7244444,0.95743495,1.4210526
ceiooqgcesqgmyyu.org,ramdo,20.0,16.0,2.0,0.0,0.0,19.0,1.0,0.0,0.0,7.0,0.36842105,12.0,0.6315789,11.0,0.57894737,0.21052632,3.3263605,3.947703,4.087463,6.0,0.0,0.31578946,0.0,0.54545456,0.89196676,0.0,0.0,0.0,16.0,9.5,6.5,1.0,0.0,3.25,0.0,7.9094443,1.1423708,1.4210526
ceywucaeyeqacusk.org,ramdo,20.0,16.0,2.0,0.0,0.0,19.0,1.0,0.0,0.0,8.0,0.42105263,11.0,0.57894737,12.0,0.6315789,0.42105263,3.4316235,4.058814,4.087463,2.0,0.0,0.10526316,0.0,0.41666666,0.89750695,0.0,0.0,0.0,16.0,9.5,6.5,1.0,0.0,3.0306392,0.0,8.131111,0.9433759,1.4210526
ceoiwsoqyemkcsoa.org,ramdo,20.0,16.0,2.0,0.0,0.0,19.0,1.0,0.0,0.0,8.0,0.42105263,11.0,0.57894737,13.0,0.68421054,0.2631579,3.5110855,4.058814,4.087463,4.0,0.0,0.21052632,0.0,0.30769232,0.89750695,0.0,0.0,0.0,16.0,9.5,6.5,1.0,0.0,3.3278196,0.0,8.144444,0.76414436,1.4210526
wwmccwggkgiomcee.org,ramdo,20.0,16.0,2.0,0.0,0.0,19.0,1.0,0.0,0.0,5.0,0.2631579,14.0,0.7368421,9.0,0.47368422,0.2631579,3.010571,4.058814,4.087463,10.0,0.0,0.5263158,0.0,0.6666667,0.8642659,0.0,0.0,0.0,16.0,9.5,6.5,1.0,0.0,2.8584585,0.0,8.026111,1.2926997,1.4210526
myaeukgsaqgauucq.org,ramdo,20.0,16.0,2.0,0.0,0.0,19.0,1.0,0.0,0.0,8.0,0.42105263,11.0,0.57894737,12.0,0.6315789,0.2631579,3.3918927,4.169925,4.087463,3.0,0.0,0.15789473,0.0,0.33333334,0.89196676,0.0,0.0,0.0,16.0,9.5,6.5,1.0,0.0,3.1556392,0.0,9.204445,1.1452377,1.4210526
qgeaugmucmeuciwy.org,ramdo,20.0,16.0,2.0,0.0,0.0,19.0,1.0,0.0,0.0,8.0,0.42105263,11.0,0.57894737,12.0,0.6315789,0.2631579,3.4316235,4.058814,4.087463,2.0,0.0,0.10526316,0.0,0.41666666,0.89750695,0.0,0.0,0.0,16.0,9.5,6.5,1.0,0.0,3.2028196,0.0,8.362223,1.0214401,1.4210526
wwieayaywgqkewia.org,ramdo,20.0,16.0,2.0,0.0,0.0,19.0,1.0,0.0,0.0,8.0,0.42105263,11.0,0.57894737,10.0,0.5263158,0.2631579,3.155565,3.947703,4.087463,5.0,0.0,0.2631579,0.0,0.6,0.87534624,0.0,0.0,0.0,16.0,9.5,6.5,1.0,0.0,2.8278196,0.0,8.825556,1.22617,1.4210526
ywkieaagyoackiko.org,ramdo,20.0,16.0,2.0,0.0,0.0,19.0,1.0,0.0,0.0,9.0,0.47368422,10.0,0.5263158,10.0,0.5263158,0.2631579,3.1813664,4.058814,4.087463,3.0,0.0,0.15789473,0.0,0.6,0.88088644,0.0,0.0,0.0,16.0,9.5,6.5,1.0,0.0,3.0306392,0.0,8.163333,1.0424954,1.4210526
eiusyqwwikcowuec.org,ramdo,20.0,16.0,2.0,0.0,0.0,19.0,1.0,0.0,0.0,8.0,0.42105263,11.0,0.57894737,12.0,0.6315789,0.21052632,3.4713545,4.058814,4.087463,5.0,0.0,0.2631579,0.0,0.5,0.9030471,0.0,0.0,0.0,16.0,9.5,6.5,1.0,0.0,3.2028196,0.0,7.486111,0.9944958,1.4210526
gmsimoaoweccycgg.org,ramdo,20.0,16.0,2.0,0.0,0.0,19.0,1.0,0.0,0.0,6.0,0.31578946,13.0,0.68421054,11.0,0.57894737,0.2631579,3.2210972,4.169925,4.087463,6.0,0.0,0.31578946,0.0,0.36363637,0.87534624,0.0,0.0,0.0,16.0,9.5,6.5,1.0,0.0,3.1556392,0.0,7.529444,0.98682517,1.4210526
ocsisiwusgckuumm.org,ramdo,20.0,16.0,2.0,0.0,0.0,19.0,1.0,0.0,0.0,7.0,0.36842105,12.0,0.6315789,10.0,0.5263158,0.10526316,3.2210972,4.058814,4.087463,4.0,0.0,0.21052632,0.0,0.7,0.88642657,0.0,0.0,0.0,16.0,9.5,6.5,1.0,0.0,3.0306392,0.0,7.3983335,0.9976512,1.4210526
soqsceskkaascyuu.org,ramdo,20.0,16.0,2.0,0.0,0.0,19.0,1.0,0.0,0.0,7.0,0.36842105,12.0,0.6315789,11.0,0.57894737,0.2631579,3.300559,4.058814,4.087463,3.0,0.0,0.15789473,0.0,0.54545456,0.88642657,0.0,0.0,0.0,16.0,9.5,6.5,1.0,0.0,3.0,0.0,7.6555557,0.9663548,1.4210526
gmqywquweuuyaugo.org,ramdo,20.0,16.0,2.0,0.0,0.0,19.0,1.0,0.0,0.0,8.0,0.42105263,11.0,0.57894737,10.0,0.5263158,0.10526316,3.155565,4.169925,4.087463,6.0,0.0,0.31578946,0.0,0.6,0.87534624,0.0,0.0,0.0,16.0,9.5,6.5,1.0,0.0,3.0,0.0,9.561111,1.4451882,1.4210526
qgewsgsqsmcmokwq.org,ramdo,20.0,16.0,2.0,0.0,0.0,19.0,1.0,0.0,0.0,3.0,0.15789473,16.0,0.84210527,10.0,0.5263158,0.10526316,3.1813664,4.169925,4.087463,9.0,0.0,0.47368422,0.0,0.6,0.88088644,0.0,0.0,0.0,16.0,9.5,6.5,1.0,0.0,3.0306392,0.0,8.8538885,1.4909513,1.4210526
ocouqeeswqcuiaek.org,ramdo,20.0,16.0,2.0,0.0,0.0,19.0,1.0,0.0,0.0,10.0,0.5263158,9.0,0.47368422,12.0,0.6315789,0.31578946,3.4316235,4.169925,4.087463,4.0,0.0,0.21052632,0.0,0.41666666,0.89750695,0.0,0.0,0.0,16.0,9.5,6.5,1.0,0.0,3.2028196,0.0,7.4205556,0.94752544,1.4210526
mycyguuscaeiusis.org,ramdo,20.0,16.0,2.0,0.0,0.0,19.0,1.0,0.0,0.0,8.0,0.42105263,11.0,0.57894737,11.0,0.57894737,0.21052632,3.3263605,4.058814,4.087463,5.0,0.0,0.2631579,0.0,0.54545456,0.89196676,0.0,0.0,0.0,16.0,9.5,6.5,1.0,0.0,3.0306392,0.0,7.1127777,0.83244556,1.4210526
qgumekcyawsqaksg.org,ramdo,20.0,16.0,2.0,0.0,0.0,19.0,1.0,0.0,0.0,5.0,0.2631579,14.0,0.7368421,13.0,0.68421054,0.21052632,3.5766177,4.169925,4.087463,3.0,0.0,0.15789473,0.0,0.3846154,0.9085873,0.0,0.0,0.0,16.0,9.5,6.5,1.0,0.0,3.375,0.0,8.86,1.1060516,1.4210526
wwmgcccuqqykcuci.org,ramdo,20.0,16.0,2.0,0.0,0.0,19.0,1.0,0.0,0.0,4.0,0.21052632,15.0,0.7894737,11.0,0.57894737,0.2631579,3.215841,3.947703,4.087463,7.0,0.0,0.36842105,0.0,0.45454547,0.8698061,0.0,0.0,0.0,16.0,9.5,6.5,1.0,0.0,2.8993974,0.0,9.133333,1.5430602,1.4210526
gqyycmqccmyuyies.org,ramdo,20.0,16.0,2.0,0.0,0.0,19.0,1.0,0.0,0.0,4.0,0.21052632,15.0,0.7894737,11.0,0.57894737,0.21052632,3.2608283,4.058814,4.087463,11.0,0.0,0.57894737,0.0,0.45454547,0.88088644,0.0,0.0,0.0,16.0,9.5,6.5,1.0,0.0,2.9528196,0.0,8.766111,1.3783661,1.4210526
emggiokkwmcwmaci.org,ramdo,20.0,16.0,2.0,0.0,0.0,19.0,1.0,0.0,0.0,6.0,0.31578946,13.0,0.68421054,10.0,0.5263158,0.21052632,3.2210972,3.947703,4.087463,7.0,0.0,0.36842105,0.0,0.7,0.88642657,0.0,0.0,0.0,16.0,9.5,6.5,1.0,0.0,3.0778196,0.0,7.277222,1.1193948,1.4210526
eimmogcawcmsycsu.org,ramdo,20.0,16.0,2.0,0.0,0.0,19.0,1.0,0.0,0.0,6.0,0.31578946,13.0,0.68421054,12.0,0.6315789,0.2631579,3.4316235,4.169925,4.087463,7.0,0.0,0.36842105,0.0,0.41666666,0.89750695,0.0,0.0,0.0,16.0,9.5,6.5,1.0,0.0,3.2806392,0.0,8.549444,0.8106653,1.4210526
uoeywiqwcqykacms.org,ramdo,20.0,16.0,2.0,0.0,0.0,19.0,1.0,0.0,0.0,6.0,0.31578946,13.0,0.68421054,14.0,0.7368421,0.21052632,3.7216117,4.169925,4.087463,6.0,0.0,0.31578946,0.0,0.35714287,0.9196676,0.0,0.0,0.0,16.0,9.5,6.5,1.0,0.0,3.5,0.0,8.841111,1.0001324,1.4210526
aaicywqgkouoqukg.org,ramdo,20.0,16.0,2.0,0.0,0.0,19.0,1.0,0.0,0.0,8.0,0.42105263,11.0,0.57894737,11.0,0.57894737,0.15789473,3.3263605,4.169925,4.087463,6.0,0.0,0.31578946,0.0,0.54545456,0.89196676,0.0,0.0,0.0,16.0,9.5,6.5,1.0,0.0,3.25,0.0,8.445556,1.2950188,1.4210526
usaakguigcusksia.org,ramdo,20.0,16.0,2.0,0.0,0.0,19.0,1.0,0.0,0.0,9.0,0.47368422,10.0,0.5263158,9.0,0.47368422,0.21052632,3.0363722,4.058814,4.087463,3.0,0.0,0.15789473,0.0,0.6666667,0.8698061,0.0,0.0,0.0,16.0,9.5,6.5,1.0,0.0,2.7334585,0.0,7.618889,1.0442729,1.4210526
wsswkcmqesamimom.org,ramdo,20.0,16.0,2.0,0.0,0.0,19.0,1.0,0.0,0.0,5.0,0.2631579,14.0,0.7368421,12.0,0.6315789,0.15789473,3.3660913,4.058814,4.087463,8.0,0.0,0.42105263,0.0,0.33333334,0.88642657,0.0,0.0,0.0,16.0,9.5,6.5,1.0,0.0,3.0778196,0.0,6.3333335,0.9823435,1.4210526
myoweyqyggqiymoc.org,ramdo,20.0,16.0,2.0,0.0,0.0,19.0,1.0,0.0,0.0,5.0,0.2631579,14.0,0.7368421,10.0,0.5263158,0.10526316,3.115834,4.169925,4.087463,6.0,0.0,0.31578946,0.0,0.5,0.8698061,0.0,0.0,0.0,16.0,9.5,6.5,1.0,0.0,3.0,0.0,8.2,1.4772625,1.4210526
ywssuicecmukamuq.org,ramdo,20.0,16.0,2.0,0.0,0.0,19.0,1.0,0.0,0.0,7.0,0.36842105,12.0,0.6315789,14.0,0.7368421,0.21052632,3.6818807,4.058814,4.087463,4.0,0.0,0.21052632,0.0,0.2857143,0.9141274,0.0,0.0,0.0,16.0,9.5,6.5,1.0,0.0,3.3278196,0.0,7.4244447,0.8355092,1.4210526
aaygqaguwimssoou.org,ramdo,20.0,16.0,2.0,0.0,0.0,19.0,1.0,0.0,0.0,9.0,0.47368422,10.0,0.5263158,11.0,0.57894737,0.15789473,3.2866294,4.169925,4.087463,3.0,0.0,0.15789473,0.0,0.45454547,0.88642657,0.0,0.0,0.0,16.0,9.5,6.5,1.0,0.0,3.2028196,0.0,7.783889,0.9626433,1.4210526
qgmwcqgmioawgous.org,ramdo,20.0,16.0,2.0,0.0,0.0,19.0,1.0,0.0,0.0,6.0,0.31578946,13.0,0.68421054,11.0,0.57894737,0.10526316,3.2608283,3.947703,3.9698157,8.0,0.0,0.42105263,0.0,0.45454547,0.88088644,0.0,0.0,0.0,16.0,9.5,6.5,1.0,0.0,3.2028196,0.0,7.706111,1.2858495,1.4210526
iqgyqasaoeysegyw.org,ramdo,20.0,16.0,2.0,0.0,0.0,19.0,1.0,0.0,0.0,7.0,0.36842105,12.0,0.6315789,10.0,0.5263158,0.21052632,3.2210972,4.058814,4.087463,4.0,0.0,0.21052632,0.0,0.7,0.88642657,0.0,0.0,0.0,16.0,9.5,6.5,1.0,0.0,3.0778196,0.0,8.058333,1.1710966,1.4210526
gmscgikwugigcmau.org,ramdo,20.0,16.0,2.0,0.0,0.0,19.0,1.0,0.0,0.0,6.0,0.31578946,13.0,0.68421054,11.0,0.57894737,0.15789473,3.215841,4.058814,4.087463,5.0,0.0,0.2631579,0.0,0.45454547,0.8698061,0.0,0.0,0.0,16.0,9.5,6.5,1.0,0.0,3.0,0.0,8.197222,1.1331179,1.4210526
iuacsismoyqswmwg.org,ramdo,20.0,16.0,2.0,0.0,0.0,19.0,1.0,0.0,0.0,6.0,0.31578946,13.0,0.68421054,12.0,0.6315789,0.10526316,3.4713545,4.169925,4.087463,7.0,0.0,0.36842105,0.0,0.5,0.9030471,0.0,0.0,0.0,16.0,9.5,6.5,1.0,0.0,3.3278196,0.0,8.017777,0.92354834,1.4210526
iqcoywiwucccqakw.org,ramdo,20.0,16.0,2.0,0.0,0.0,19.0,1.0,0.0,0.0,6.0,0.31578946,13.0,0.68421054,11.0,0.57894737,0.2631579,3.2608283,4.058814,4.087463,4.0,0.0,0.21052632,0.0,0.45454547,0.88088644,0.0,0.0,0.0,16.0,9.5,6.5,1.0,0.0,2.9528196,0.0,8.847777,1.395163,1.4210526
iuukoomqmyckeqgk.org,ramdo,20.0,16.0,2.0,0.0,0.0,19.0,1.0,0.0,0.0,7.0,0.36842105,12.0,0.6315789,11.0,0.57894737,0.10526316,3.3263605,4.058814,4.087463,6.0,0.0,0.31578946,0.0,0.54545456,0.89196676,0.0,0.0,0.0,16.0,9.5,6.5,1.0,0.0,3.2028196,0.0,9.192778,1.3365623,1.4210526
qgiowimwcoqsiyeo.org,ramdo,20.0,16.0,2.0,0.0,0.0,19.0,1.0,0.0,0.0,8.0,0.42105263,11.0,0.57894737,11.0,0.57894737,0.10526316,3.2608283,4.169925,4.087463,3.0,0.0,0.15789473,0.0,0.45454547,0.88088644,0.0,0.0,0.0,16.0,9.5,6.5,1.0,0.0,3.1556392,0.0,7.3555555,1.1535646,1.4210526
soigmqkqwososcqm.org,ramdo,20.0,16.0,2.0,0.0,0.0,19.0,1.0,0.0,0.0,5.0,0.2631579,14.0,0.7368421,10.0,0.5263158,0.05263158,3.115834,3.947703,4.087463,6.0,0.0,0.31578946,0.0,0.5,0.8698061,0.0,0.0,0.0,16.0,9.5,6.5,1.0,0.0,2.9834585,0.0,8.206111,1.4234394,1.4210526
gmaciqqqucyyaauw.org,ramdo,20.0,16.0,2.0,0.0,0.0,19.0,1.0,0.0,0.0,7.0,0.36842105,12.0,0.6315789,11.0,0.57894737,0.2631579,3.3263605,4.058814,4.087463,3.0,0.0,0.15789473,0.0,0.54545456,0.89196676,0.0,0.0,0.0,16.0,9.5,6.5,1.0,0.0,3.0306392,0.0,8.198889,1.3933598,1.4210526
ywocwiccoousygog.org,ramdo,20.0,16.0,2.0,0.0,0.0,19.0,1.0,0.0,0.0,7.0,0.36842105,12.0,0.6315789,9.0,0.47368422,0.15789473,2.925853,4.058814,4.087463,3.0,0.0,0.15789473,0.0,0.5555556,0.8476454,0.0,0.0,0.0,16.0,9.5,6.5,1.0,0.0,2.8278196,0.0,7.4455557,1.2454311,1.4210526
emqieqseoaycgoci.org,ramdo,20.0,16.0,2.0,0.0,0.0,19.0,1.0,0.0,0.0,9.0,0.47368422,10.0,0.5263158,11.0,0.57894737,0.31578946,3.3263605,4.169925,4.087463,3.0,0.0,0.15789473,0.0,0.54545456,0.89196676,0.0,0.0,0.0,16.0,9.5,6.5,1.0,0.0,3.2028196,0.0,8.101666,0.9577342,1.4210526
qkikaqcaimqkicaw.org,ramdo,20.0,16.0,2.0,0.0,0.0,19.0,1.0,0.0,0.0,7.0,0.36842105,12.0,0.6315789,10.0,0.5263158,0.2631579,3.1416354,3.8365917,3.9698157,3.0,0.0,0.15789473,0.0,0.5,0.87534624,0.0,0.0,0.0,16.0,9.5,6.5,1.0,0.0,2.686278,0.0,7.5355554,1.5236391,1.4210526
soyigqgssuqemawe.org,ramdo,20.0,16.0,2.0,0.0,0.0,19.0,1.0,0.0,0.0,7.0,0.36842105,12.0,0.6315789,12.0,0.6315789,0.15789473,3.4316235,4.169925,4.087463,5.0,0.0,0.2631579,0.0,0.41666666,0.89750695,0.0,0.0,0.0,16.0,9.5,6.5,1.0,0.0,3.3278196,0.0,8.1,0.9799924,1.4210526
skgsiakikqqmgkms.org,ramdo,20.0,16.0,2.0,0.0,0.0,19.0,1.0,0.0,0.0,4.0,0.21052632,15.0,0.7894737,9.0,0.47368422,0.05263158,3.010571,4.169925,4.087463,8.0,0.0,0.42105263,0.0,0.6666667,0.8642659,0.0,0.0,0.0,16.0,9.5,6.5,1.0,0.0,2.7028196,0.0,8.225,1.5301774,1.4210526
mykasgqcsiessqie.org,ramdo,20.0,16.0,2.0,0.0,0.0,19.0,1.0,0.0,0.0,6.0,0.31578946,13.0,0.68421054,12.0,0.6315789,0.21052632,3.4058223,4.058814,4.087463,5.0,0.0,0.2631579,0.0,0.41666666,0.89196676,0.0,0.0,0.0,16.0,9.5,6.5,1.0,0.0,3.125,0.0,7.887778,0.96713895,1.4210526
uosaqwkmqummwweo.org,ramdo,20.0,16.0,2.0,0.0,0.0,19.0,1.0,0.0,0.0,7.0,0.36842105,12.0,0.6315789,11.0,0.57894737,0.10526316,3.2866294,4.169925,4.087463,5.0,0.0,0.2631579,0.0,0.45454547,0.88642657,0.0,0.0,0.0,16.0,9.5,6.5,1.0,0.0,3.0306392,0.0,9.204445,1.2692581,1.4210526
gqyuwwqygqecoage.org,ramdo,20.0,16.0,2.0,0.0,0.0,19.0,1.0,0.0,0.0,6.0,0.31578946,13.0,0.68421054,10.0,0.5263158,0.21052632,3.155565,3.947703,4.087463,6.0,0.0,0.31578946,0.0,0.6,0.87534624,0.0,0.0,0.0,16.0,9.5,6.5,1.0,0.0,3.0306392,0.0,8.136666,1.5428815,1.4210526
emqcgukqemkemksa.org,ramdo,20.0,16.0,2.0,0.0,0.0,19.0,1.0,0.0,0.0,6.0,0.31578946,13.0,0.68421054,11.0,0.57894737,0.2631579,3.2866294,3.7946534,3.9698157,4.0,0.0,0.21052632,0.0,0.45454547,0.88642657,0.0,0.0,0.0,16.0,9.5,6.5,1.0,0.0,2.9834585,0.0,8.214444,1.2557148,1.3157895
eiqoygugeykmisgm.org,ramdo,20.0,16.0,2.0,0.0,0.0,19.0,1.0,0.0,0.0,7.0,0.36842105,12.0,0.6315789,11.0,0.57894737,0.10526316,3.300559,4.169925,4.087463,3.0,0.0,0.15789473,0.0,0.54545456,0.88642657,0.0,0.0,0.0,16.0,9.5,6.5,1.0,0.0,3.2028196,0.0,8.074445,1.0948155,1.4210526
emwemwkgseesqeck.org,ramdo,20.0,16.0,2.0,0.0,0.0,19.0,1.0,0.0,0.0,6.0,0.31578946,13.0,0.68421054,10.0,0.5263158,0.31578946,3.110578,3.947703,3.9698157,5.0,0.0,0.2631579,0.0,0.6,0.8642659,0.0,0.0,0.0,16.0,9.5,6.5,1.0,0.0,2.7743974,0.0,7.682778,1.1484582,1.4210526
yasyiammyikesimu.org,ramdo,20.0,16.0,2.0,0.0,0.0,19.0,1.0,0.0,0.0,8.0,0.42105263,11.0,0.57894737,11.0,0.57894737,0.15789473,3.2866294,4.058814,4.087463,3.0,0.0,0.15789473,0.0,0.45454547,0.88642657,0.0,0.0,0.0,16.0,9.5,6.5,1.0,0.0,2.8584585,0.0,7.1005554,0.8779727,1.4210526
iumqokmiqeekokay.org,ramdo,20.0,16.0,2.0,0.0,0.0,19.0,1.0,0.0,0.0,9.0,0.47368422,10.0,0.5263158,11.0,0.57894737,0.15789473,3.3263605,4.058814,4.087463,2.0,0.0,0.10526316,0.0,0.54545456,0.89196676,0.0,0.0,0.0,16.0,9.5,6.5,1.0,0.0,3.0778196,0.0,9.206667,1.1754684,1.4210526
mywgkscgeawoyomq.org,ramdo,20.0,16.0,2.0,0.0,0.0,19.0,1.0,0.0,0.0,5.0,0.2631579,14.0,0.7368421,12.0,0.6315789,0.15789473,3.4316235,4.169925,4.087463,8.0,0.0,0.42105263,0.0,0.41666666,0.89750695,0.0,0.0,0.0,16.0,9.5,6.5,1.0,0.0,3.375,0.0,8.081111,1.0922692,1.4210526
qgegwekssqqeweea.org,ramdo,20.0,16.0,2.0,0.0,0.0,19.0,1.0,0.0,0.0,7.0,0.36842105,12.0,0.6315789,9.0,0.47368422,0.31578946,2.925853,4.058814,4.087463,5.0,0.0,0.2631579,0.0,0.5555556,0.8476454,0.0,0.0,0.0,16.0,9.5,6.5,1.0,0.0,2.602217,0.0,8.356667,1.4585824,1.4210526
ciwsskoiggyskikq.org,ramdo,20.0,16.0,2.0,0.0,0.0,19.0,1.0,0.0,0.0,5.0,0.2631579,14.0,0.7368421,10.0,0.5263158,0.05263158,3.1416354,4.058814,4.087463,5.0,0.0,0.2631579,0.0,0.5,0.87534624,0.0,0.0,0.0,16.0,9.5,6.5,1.0,0.0,2.9834585,0.0,8.869445,1.2844965,1.4210526
qgseegaaqoqayago.org,ramdo,20.0,16.0,2.0,0.0,0.0,19.0,1.0,0.0,0.0,9.0,0.47368422,10.0,0.5263158,8.0,0.42105263,0.31578946,2.8000445,4.169925,4.087463,3.0,0.0,0.15789473,0.0,0.625,0.84210527,0.0,0.0,0.0,16.0,9.5,6.5,1.0,0.0,2.6556392,0.0,8.844444,1.4635082,1.4210526
emcscwqcouyucaiq.org,ramdo,20.0,16.0,2.0,0.0,0.0,19.0,1.0,0.0,0.0,7.0,0.36842105,12.0,0.6315789,13.0,0.68421054,0.31578946,3.5110855,4.169925,4.087463,7.0,0.0,0.36842105,0.0,0.30769232,0.89750695,0.0,0.0,0.0,16.0,9.5,6.5,1.0,0.0,3.25,0.0,8.037222,1.0454427,1.4210526
iqmqicsmmukacmwc.org,ramdo,20.0,16.0,2.0,0.0,0.0,19.0,1.0,0.0,0.0,5.0,0.2631579,14.0,0.7368421,12.0,0.6315789,0.21052632,3.3660913,4.169925,4.087463,4.0,0.0,0.21052632,0.0,0.33333334,0.88642657,0.0,0.0,0.0,16.0,9.5,6.5,1.0,0.0,2.9528196,0.0,8.398334,1.2423296,1.4210526
vefygxlomebi.com,ramnit,16.0,12.0,2.0,0.0,0.0,15.0,1.0,0.0,0.0,5.0,0.33333334,10.0,0.6666667,12.0,0.8,0.33333334,3.5068905,3.6644979,3.7004397,5.0,0.0,0.33333334,0.0,0.25,0.9066667,0.0,0.0,0.0,12.0,7.5,4.5,1.0,0.0,3.4182959,0.0,6.2107143,1.0425286,1.5333333
rcmwrtpqwxx.com,ramnit,15.0,11.0,2.0,0.0,0.0,14.0,1.0,0.0,0.0,1.0,0.071428575,13.0,0.9285714,9.0,0.64285713,0.14285715,3.0930693,3.7004397,3.5849626,12.0,0.0,0.85714287,0.0,0.5555556,0.877551,0.0,0.0,0.0,11.0,7.0,4.0,1.0,0.0,2.9139771,0.0,8.359231,1.6713514,1.5714285
kdybblfs.com,ramnit,12.0,8.0,2.0,0.0,0.0,11.0,1.0,0.0,0.0,1.0,0.09090909,10.0,0.90909094,10.0,0.90909094,0.45454547,3.2776134,3.321928,3.169925,9.0,0.0,0.8181818,0.0,0.1,0.892562,0.0,0.0,0.0,8.0,5.5,2.5,1.0,0.0,2.75,0.0,8.076,1.3192322,1.7272727
sgnqknucyhhgg.com,ramnit,17.0,13.0,2.0,0.0,0.0,16.0,1.0,0.0,0.0,2.0,0.125,14.0,0.875,11.0,0.6875,0.125,3.3278196,3.9068906,3.807355,7.0,0.0,0.4375,0.0,0.36363637,0.890625,0.0,0.0,0.0,13.0,8.0,5.0,1.0,0.0,3.0269868,0.0,8.714666,1.2632227,1.5
asqjfosugfxiw.com,ramnit,17.0,13.0,2.0,0.0,0.0,16.0,1.0,0.0,0.0,5.0,0.3125,11.0,0.6875,13.0,0.8125,0.25,3.625,3.9068906,3.807355,4.0,0.0,0.25,0.0,0.23076923,0.9140625,0.0,0.0,0.0,13.0,8.0,5.0,1.0,0.0,3.3927474,0.0,8.149333,1.1719837,1.5
wqndtrxx.com,ramnit,12.0,8.0,2.0,0.0,0.0,11.0,1.0,0.0,0.0,1.0,0.09090909,10.0,0.90909094,10.0,0.90909094,0.18181819,3.2776134,3.321928,3.169925,9.0,0.0,0.8181818,0.0,0.1,0.892562,0.0,0.0,0.0,8.0,5.5,2.5,1.0,0.0,2.75,0.0,7.128,1.5389476,1.7272727
avpantpunto.com,ramnit,15.0,11.0,2.0,0.0,0.0,14.0,1.0,0.0,0.0,5.0,0.35714287,9.0,0.64285713,9.0,0.64285713,0.21428572,3.0930693,3.5465937,3.5849626,3.0,0.0,0.21428572,0.0,0.5555556,0.877551,0.0,0.0,0.0,11.0,7.0,4.0,1.0,0.0,2.732159,0.0,4.7446156,0.9591223,1.5714285
bhlqchlicidnwxifnv.com,ramnit,22.0,18.0,2.0,0.0,0.0,21.0,1.0,0.0,0.0,4.0,0.1904762,17.0,0.8095238,14.0,0.6666667,0.2857143,3.6537566,4.221928,4.2479277,7.0,0.0,0.33333334,0.0,0.35714287,0.91156465,0.0,0.0,0.0,18.0,10.5,7.5,1.0,0.0,3.4613202,0.0,7.7565,1.0479057,1.3809524
mgsanvlj.com,ramnit,12.0,8.0,2.0,0.0,0.0,11.0,1.0,0.0,0.0,2.0,0.18181819,9.0,0.8181818,10.0,0.90909094,0.18181819,3.2776134,3.321928,3.169925,5.0,0.0,0.45454547,0.0,0.1,0.892562,0.0,0.0,0.0,8.0,5.5,2.5,1.0,0.0,3.0,0.0,7.139,1.1288176,1.7272727
ccxwckborlax.com,ramnit,16.0,12.0,2.0,0.0,0.0,15.0,1.0,0.0,0.0,3.0,0.2,12.0,0.8,10.0,0.6666667,0.4,3.1068907,3.807355,3.7004397,7.0,0.0,0.46666667,0.0,0.3,0.8622222,0.0,0.0,0.0,12.0,7.5,4.5,1.0,0.0,3.0220551,0.0,7.9628572,1.46827,1.5333333
gawxccot.com,ramnit,12.0,8.0,2.0,0.0,0.0,11.0,1.0,0.0,0.0,3.0,0.27272728,8.0,0.72727275,8.0,0.72727275,0.36363637,2.845351,3.121928,3.169925,4.0,0.0,0.36363637,0.0,0.25,0.8429752,0.0,0.0,0.0,8.0,5.5,2.5,1.0,0.0,2.75,0.0,7.206,1.4395639,1.7272727
xntaaxiie.com,ramnit,13.0,9.0,2.0,0.0,0.0,12.0,1.0,0.0,0.0,6.0,0.5,6.0,0.5,9.0,0.75,0.33333334,3.0849626,3.4594316,3.321928,3.0,0.0,0.25,0.0,0.33333334,0.875,0.0,0.0,0.0,9.0,6.0,3.0,1.0,0.0,2.5032582,0.0,6.8927274,1.0837198,1.6666666
drcowrkmdm.com,ramnit,14.0,10.0,2.0,0.0,0.0,13.0,1.0,0.0,0.0,2.0,0.15384616,11.0,0.84615386,7.0,0.53846157,0.30769232,2.7192945,3.4182959,3.4594316,7.0,0.0,0.53846157,0.0,0.71428573,0.84023666,0.0,0.0,0.0,10.0,6.5,3.5,1.0,0.0,2.7219281,0.0,7.7533336,1.4317144,1.6153846
nvumgekwgklgl.com,ramnit,17.0,13.0,2.0,0.0,0.0,16.0,1.0,0.0,0.0,3.0,0.1875,13.0,0.8125,11.0,0.6875,0.125,3.3278196,3.9068906,3.807355,8.0,0.0,0.5,0.0,0.36363637,0.890625,0.0,0.0,0.0,13.0,8.0,5.0,1.0,0.0,3.0269868,0.0,8.305333,1.1917956,1.5
ssmxrouuxasb.com,ramnit,16.0,12.0,2.0,0.0,0.0,15.0,1.0,0.0,0.0,5.0,0.33333334,10.0,0.6666667,9.0,0.6,0.2,3.0565648,3.807355,3.7004397,5.0,0.0,0.33333334,0.0,0.5555556,0.8711111,0.0,0.0,0.0,12.0,7.5,4.5,1.0,0.0,2.8553886,0.0,6.895,1.2570188,1.5333333
sqtldipbwvfpgoikgjg.com,ramnit,23.0,19.0,2.0,0.0,0.0,22.0,1.0,0.0,0.0,4.0,0.18181819,18.0,0.8181818,17.0,0.77272725,0.18181819,3.9705732,4.3923173,4.321928,7.0,0.0,0.3181818,0.0,0.23529412,0.92975205,0.0,0.0,0.0,19.0,11.0,8.0,1.0,0.0,3.787144,0.0,8.534286,0.9140391,1.3636364
icfulcrlow.com,ramnit,14.0,10.0,2.0,0.0,0.0,13.0,1.0,0.0,0.0,4.0,0.30769232,9.0,0.6923077,9.0,0.6923077,0.30769232,3.0269868,3.5849626,3.4594316,4.0,0.0,0.30769232,0.0,0.33333334,0.8639053,0.0,0.0,0.0,10.0,6.5,3.5,1.0,0.0,2.9219282,0.0,5.8858333,1.1664199,1.6153846
xxledqqkwjywwpcp.com,ramnit,20.0,16.0,2.0,0.0,0.0,19.0,1.0,0.0,0.0,2.0,0.10526316,17.0,0.8947368,13.0,0.68421054,0.21052632,3.5766177,4.058814,4.087463,13.0,0.0,0.68421054,0.0,0.3846154,0.9085873,0.0,0.0,0.0,16.0,9.5,6.5,1.0,0.0,3.3278196,0.0,8.360556,1.6070508,1.4210526
qapeinxx.com,ramnit,12.0,8.0,2.0,0.0,0.0,11.0,1.0,0.0,0.0,4.0,0.36363637,7.0,0.6363636,10.0,0.90909094,0.27272728,3.2776134,3.321928,3.169925,4.0,0.0,0.36363637,0.0,0.1,0.892562,0.0,0.0,0.0,8.0,5.5,2.5,1.0,0.0,2.75,0.0,6.63,1.4069031,1.7272727
awjnwros.com,ramnit,12.0,8.0,2.0,0.0,0.0,11.0,1.0,0.0,0.0,3.0,0.27272728,8.0,0.72727275,9.0,0.8181818,0.18181819,3.0957952,3.321928,3.169925,5.0,0.0,0.45454547,0.0,0.22222222,0.87603307,0.0,0.0,0.0,8.0,5.5,2.5,1.0,0.0,2.75,0.0,7.9,1.1352874,1.7272727
repmcldhsq.com,ramnit,14.0,10.0,2.0,0.0,0.0,13.0,1.0,0.0,0.0,2.0,0.15384616,11.0,0.84615386,11.0,0.84615386,0.30769232,3.3927474,3.5849626,3.4594316,9.0,0.0,0.6923077,0.0,0.18181819,0.8994083,0.0,0.0,0.0,10.0,6.5,3.5,1.0,0.0,3.321928,0.0,7.238333,1.0241213,1.6153846
sixytodxegqwqouff.com,ramnit,21.0,17.0,2.0,0.0,0.0,20.0,1.0,0.0,0.0,6.0,0.3,14.0,0.7,15.0,0.75,0.25,3.7841837,4.2479277,4.169925,4.0,0.0,0.2,0.0,0.26666668,0.92,0.0,0.0,0.0,17.0,10.0,7.0,1.0,0.0,3.6168747,0.0,8.071579,1.1191622,1.4
cnqfdmreuikfn.com,ramnit,17.0,13.0,2.0,0.0,0.0,16.0,1.0,0.0,0.0,4.0,0.25,12.0,0.75,12.0,0.75,0.375,3.5,3.9068906,3.807355,7.0,0.0,0.4375,0.0,0.33333334,0.90625,0.0,0.0,0.0,13.0,8.0,5.0,1.0,0.0,3.3927474,0.0,7.84,1.0333856,1.5
gushgpfkhjvffmcyk.com,ramnit,21.0,17.0,2.0,0.0,0.0,20.0,1.0,0.0,0.0,2.0,0.1,18.0,0.9,13.0,0.65,0.25,3.5841837,4.2479277,4.169925,16.0,0.0,0.8,0.0,0.46153846,0.91,0.0,0.0,0.0,17.0,10.0,7.0,1.0,0.0,3.4548223,0.0,8.700526,1.3063776,1.4
atyynbdthscm.com,ramnit,16.0,12.0,2.0,0.0,0.0,15.0,1.0,0.0,0.0,2.0,0.13333334,13.0,0.8666667,11.0,0.73333335,0.33333334,3.3735573,3.807355,3.7004397,12.0,0.0,0.8,0.0,0.36363637,0.8977778,0.0,0.0,0.0,12.0,7.5,4.5,1.0,0.0,3.251629,0.0,7.3814287,0.91162634,1.5333333
riggxmncox.com,ramnit,14.0,10.0,2.0,0.0,0.0,13.0,1.0,0.0,0.0,3.0,0.23076923,10.0,0.7692308,8.0,0.61538464,0.15384616,2.9312088,3.4182959,3.4594316,6.0,0.0,0.46153846,0.0,0.625,0.8639053,0.0,0.0,0.0,10.0,6.5,3.5,1.0,0.0,2.9219282,0.0,7.6525,1.4857554,1.6153846
cpnqagufqgwwj.com,ramnit,17.0,13.0,2.0,0.0,0.0,16.0,1.0,0.0,0.0,3.0,0.1875,13.0,0.8125,12.0,0.75,0.25,3.5,3.9068906,3.807355,7.0,0.0,0.4375,0.0,0.33333334,0.90625,0.0,0.0,0.0,13.0,8.0,5.0,1.0,0.0,3.2389011,0.0,8.713333,1.4796658,1.5
miblsaqqt.com,ramnit,13.0,9.0,2.0,0.0,0.0,12.0,1.0,0.0,0.0,3.0,0.25,9.0,0.75,10.0,0.8333333,0.25,3.251629,3.4594316,3.321928,4.0,0.0,0.33333334,0.0,0.2,0.8888889,0.0,0.0,0.0,9.0,6.0,3.0,1.0,0.0,2.947703,0.0,7.0872726,1.3225487,1.6666666
fpwfbxmp.com,ramnit,12.0,8.0,2.0,0.0,0.0,11.0,1.0,0.0,0.0,1.0,0.09090909,10.0,0.90909094,8.0,0.72727275,0.36363637,2.9139771,3.321928,3.169925,9.0,0.0,0.8181818,0.0,0.375,0.8595041,0.0,0.0,0.0,8.0,5.5,2.5,1.0,0.0,2.5,0.0,8.082,1.8669965,1.7272727
qlmhkvgwnsv.com,ramnit,15.0,11.0,2.0,0.0,0.0,14.0,1.0,0.0,0.0,1.0,0.071428575,13.0,0.9285714,12.0,0.85714287,0.071428575,3.5216405,3.7004397,3.5849626,12.0,0.0,0.85714287,0.0,0.16666667,0.90816325,0.0,0.0,0.0,11.0,7.0,4.0,1.0,0.0,3.2776134,0.0,8.403846,1.2757248,1.5714285
lxbbjachkxotrkylfub.com,ramnit,23.0,19.0,2.0,0.0,0.0,22.0,1.0,0.0,0.0,4.0,0.18181819,18.0,0.8181818,15.0,0.6818182,0.3181818,3.788755,4.3923173,4.321928,6.0,0.0,0.27272728,0.0,0.4,0.9214876,0.0,0.0,0.0,19.0,11.0,8.0,1.0,0.0,3.6818807,0.0,7.8561907,1.1057674,1.3636364
tywftljq.com,ramnit,12.0,8.0,2.0,0.0,0.0,11.0,1.0,0.0,0.0,1.0,0.09090909,10.0,0.90909094,10.0,0.90909094,0.18181819,3.2776134,3.321928,3.169925,9.0,0.0,0.8181818,0.0,0.1,0.892562,0.0,0.0,0.0,8.0,5.5,2.5,1.0,0.0,2.75,0.0,8.012,1.4922059,1.7272727
morhjipdcwne.com,ramnit,16.0,12.0,2.0,0.0,0.0,15.0,1.0,0.0,0.0,4.0,0.26666668,11.0,0.73333335,12.0,0.8,0.26666668,3.5068905,3.807355,3.7004397,5.0,0.0,0.33333334,0.0,0.25,0.9066667,0.0,0.0,0.0,12.0,7.5,4.5,1.0,0.0,3.5849626,0.0,6.6585712,0.87427807,1.5333333
vgsehots.com,ramnit,12.0,8.0,2.0,0.0,0.0,11.0,1.0,0.0,0.0,3.0,0.27272728,8.0,0.72727275,9.0,0.8181818,0.18181819,3.0957952,3.321928,3.169925,3.0,0.0,0.27272728,0.0,0.22222222,0.87603307,0.0,0.0,0.0,8.0,5.5,2.5,1.0,0.0,2.75,0.0,6.567,0.9589883,1.7272727
xgvbbdff.com,ramnit,12.0,8.0,2.0,0.0,0.0,11.0,1.0,0.0,0.0,1.0,0.09090909,10.0,0.90909094,9.0,0.8181818,0.54545456,3.0957952,3.321928,3.169925,9.0,0.0,0.8181818,0.0,0.22222222,0.87603307,0.0,0.0,0.0,8.0,5.5,2.5,1.0,0.0,2.5,0.0,8.615,1.8027978,1.7272727
wdjwnqiualkbapofta.com,ramnit,22.0,18.0,2.0,0.0,0.0,21.0,1.0,0.0,0.0,7.0,0.33333334,14.0,0.6666667,17.0,0.8095238,0.33333334,3.975418,4.321928,4.2479277,6.0,0.0,0.2857143,0.0,0.1764706,0.9297052,0.0,0.0,0.0,18.0,10.5,7.5,1.0,0.0,3.7946534,0.0,7.397,0.74241245,1.3809524
ffkbcmpooej.com,ramnit,15.0,11.0,2.0,0.0,0.0,14.0,1.0,0.0,0.0,4.0,0.2857143,10.0,0.71428573,9.0,0.64285713,0.42857143,3.0391486,3.7004397,3.5849626,7.0,0.0,0.5,0.0,0.44444445,0.86734694,0.0,0.0,0.0,11.0,7.0,4.0,1.0,0.0,3.0957952,0.0,8.021539,1.465898,1.5714285
yyxqlgvvoyoc.com,ramnit,16.0,12.0,2.0,0.0,0.0,15.0,1.0,0.0,0.0,3.0,0.2,12.0,0.8,9.0,0.6,0.13333334,3.006239,3.807355,3.7004397,8.0,0.0,0.53333336,0.0,0.44444445,0.8622222,0.0,0.0,0.0,12.0,7.5,4.5,1.0,0.0,2.8553886,0.0,8.640715,1.7280105,1.5333333
fttccqnpyjtc.com,ramnit,16.0,12.0,2.0,0.0,0.0,15.0,1.0,0.0,0.0,1.0,0.06666667,14.0,0.93333334,10.0,0.6666667,0.33333334,3.0565648,3.5216405,3.5465937,13.0,0.0,0.8666667,0.0,0.2,0.85333335,0.0,0.0,0.0,12.0,7.5,4.5,1.0,0.0,2.7924812,0.0,9.010715,1.4807978,1.4
tsfhfbcxjcawn.com,ramnit,17.0,13.0,2.0,0.0,0.0,16.0,1.0,0.0,0.0,2.0,0.125,14.0,0.875,13.0,0.8125,0.4375,3.5778196,3.9068906,3.807355,10.0,0.0,0.625,0.0,0.15384616,0.90625,0.0,0.0,0.0,13.0,8.0,5.0,1.0,0.0,3.3927474,0.0,8.633333,1.1447977,1.5
egrmlyjjgpurfolsr.com,ramnit,21.0,17.0,2.0,0.0,0.0,20.0,1.0,0.0,0.0,4.0,0.2,16.0,0.8,13.0,0.65,0.15,3.5841837,4.2479277,4.169925,9.0,0.0,0.45,0.0,0.46153846,0.91,0.0,0.0,0.0,17.0,10.0,7.0,1.0,0.0,3.4548223,0.0,7.39,0.92540485,1.4
rjbhhhqohvirjqubd.com,ramnit,21.0,17.0,2.0,0.0,0.0,20.0,1.0,0.0,0.0,4.0,0.2,16.0,0.8,12.0,0.6,0.2,3.4219282,4.037401,4.169925,7.0,0.0,0.35,0.0,0.5,0.895,0.0,0.0,0.0,17.0,10.0,7.0,1.0,0.0,3.1462865,0.0,8.973158,1.4565146,1.4
vupqdisrqiduynmjqs.com,ramnit,22.0,18.0,2.0,0.0,0.0,21.0,1.0,0.0,0.0,5.0,0.23809524,16.0,0.7619048,14.0,0.6666667,0.14285715,3.6897037,4.321928,4.2479277,7.0,0.0,0.33333334,0.0,0.42857143,0.9160998,0.0,0.0,0.0,18.0,10.5,7.5,1.0,0.0,3.4613202,0.0,8.308,1.1633977,1.3809524
utymyglpeteh.com,ramnit,16.0,12.0,2.0,0.0,0.0,15.0,1.0,0.0,0.0,4.0,0.26666668,11.0,0.73333335,11.0,0.73333335,0.2,3.3735573,3.807355,3.7004397,7.0,0.0,0.46666667,0.0,0.36363637,0.8977778,0.0,0.0,0.0,12.0,7.5,4.5,1.0,0.0,3.0849626,0.0,6.7764287,0.88871604,1.5333333
xoklslsrquqnsngtviu.com,ramnit,23.0,19.0,2.0,0.0,0.0,22.0,1.0,0.0,0.0,5.0,0.22727273,17.0,0.77272725,15.0,0.6818182,0.045454547,3.788755,4.2970796,4.321928,7.0,0.0,0.3181818,0.0,0.4,0.9214876,0.0,0.0,0.0,19.0,11.0,8.0,1.0,0.0,3.5766177,0.0,8.392381,0.8539926,1.3636364
wijudytevnmxlti.com,ramnit,19.0,15.0,2.0,0.0,0.0,18.0,1.0,0.0,0.0,5.0,0.2777778,13.0,0.7222222,15.0,0.8333333,0.16666667,3.8365917,4.087463,4.0,6.0,0.0,0.33333334,0.0,0.2,0.9259259,0.0,0.0,0.0,15.0,9.0,6.0,1.0,0.0,3.640224,0.0,7.2305884,0.7763523,1.4444444
tjavranlbsgy.com,ramnit,16.0,12.0,2.0,0.0,0.0,15.0,1.0,0.0,0.0,3.0,0.2,12.0,0.8,14.0,0.93333334,0.26666668,3.7735572,3.807355,3.7004397,7.0,0.0,0.46666667,0.0,0.071428575,0.92444444,0.0,0.0,0.0,12.0,7.5,4.5,1.0,0.0,3.4182959,0.0,7.9114285,0.7200004,1.5333333
dvfturrpb.com,ramnit,13.0,9.0,2.0,0.0,0.0,12.0,1.0,0.0,0.0,2.0,0.16666667,10.0,0.8333333,11.0,0.9166667,0.33333334,3.4182959,3.4594316,3.321928,5.0,0.0,0.41666666,0.0,0.09090909,0.9027778,0.0,0.0,0.0,9.0,6.0,3.0,1.0,0.0,2.947703,0.0,7.759091,1.0625794,1.6666666
fbswgqhgbqmonj.com,ramnit,18.0,14.0,2.0,0.0,0.0,17.0,1.0,0.0,0.0,2.0,0.11764706,15.0,0.88235295,12.0,0.7058824,0.23529412,3.4992275,4.0,3.9068906,11.0,0.0,0.64705884,0.0,0.41666666,0.90657437,0.0,0.0,0.0,14.0,8.5,5.5,1.0,0.0,3.3787835,0.0,8.235,1.4561536,1.4705882
xmgvxxuoi.com,ramnit,13.0,9.0,2.0,0.0,0.0,12.0,1.0,0.0,0.0,4.0,0.33333334,8.0,0.6666667,8.0,0.6666667,0.083333336,2.8553886,3.4594316,3.321928,6.0,0.0,0.5,0.0,0.375,0.8472222,0.0,0.0,0.0,9.0,6.0,3.0,1.0,0.0,2.6416042,0.0,8.101818,1.87468,1.6666666
kvskkgapftm.com,ramnit,15.0,11.0,2.0,0.0,0.0,14.0,1.0,0.0,0.0,2.0,0.14285715,12.0,0.85714287,11.0,0.78571427,0.21428572,3.324863,3.7004397,3.5849626,6.0,0.0,0.42857143,0.0,0.18181819,0.8877551,0.0,0.0,0.0,11.0,7.0,4.0,1.0,0.0,3.0271692,0.0,8.544616,1.2680916,1.5714285
ljnkgjictp.com,ramnit,14.0,10.0,2.0,0.0,0.0,13.0,1.0,0.0,0.0,2.0,0.15384616,11.0,0.84615386,11.0,0.84615386,0.15384616,3.3927474,3.5849626,3.4594316,6.0,0.0,0.46153846,0.0,0.18181819,0.8994083,0.0,0.0,0.0,10.0,6.5,3.5,1.0,0.0,3.121928,0.0,7.8233333,1.2291869,1.6153846
ybyhtytwlxhada.com,ramnit,18.0,14.0,2.0,0.0,0.0,17.0,1.0,0.0,0.0,3.0,0.1764706,14.0,0.8235294,12.0,0.7058824,0.29411766,3.4548223,4.0,3.9068906,11.0,0.0,0.64705884,0.0,0.33333334,0.899654,0.0,0.0,0.0,14.0,8.5,5.5,1.0,0.0,3.0391486,0.0,7.453125,1.0669438,1.4705882
ofcnjjloqkve.com,ramnit,16.0,12.0,2.0,0.0,0.0,15.0,1.0,0.0,0.0,4.0,0.26666668,11.0,0.73333335,11.0,0.73333335,0.26666668,3.3232315,3.807355,3.7004397,6.0,0.0,0.4,0.0,0.27272728,0.8888889,0.0,0.0,0.0,12.0,7.5,4.5,1.0,0.0,3.251629,0.0,7.6621428,1.4125735,1.5333333
oufgrrkclssa.com,ramnit,16.0,12.0,2.0,0.0,0.0,15.0,1.0,0.0,0.0,4.0,0.26666668,11.0,0.73333335,11.0,0.73333335,0.26666668,3.3735573,3.807355,3.7004397,9.0,0.0,0.6,0.0,0.36363637,0.8977778,0.0,0.0,0.0,12.0,7.5,4.5,1.0,0.0,3.251629,0.0,6.1635714,0.83895683,1.5333333
ufjdykyssrmfipk.com,ramnit,19.0,15.0,2.0,0.0,0.0,18.0,1.0,0.0,0.0,3.0,0.16666667,15.0,0.8333333,13.0,0.7222222,0.22222222,3.6143694,4.087463,4.0,11.0,0.0,0.6111111,0.0,0.3846154,0.91358024,0.0,0.0,0.0,15.0,9.0,6.0,1.0,0.0,3.3735573,0.0,8.084118,1.0772535,1.4444444
omvddpsm.com,ramnit,12.0,8.0,2.0,0.0,0.0,11.0,1.0,0.0,0.0,2.0,0.18181819,9.0,0.8181818,7.0,0.6363636,0.27272728,2.6635327,3.121928,3.169925,8.0,0.0,0.72727275,0.0,0.42857143,0.8264463,0.0,0.0,0.0,8.0,5.5,2.5,1.0,0.0,2.5,0.0,7.952,1.4838065,1.7272727
mwtitbynu.com,ramnit,13.0,9.0,2.0,0.0,0.0,12.0,1.0,0.0,0.0,3.0,0.25,9.0,0.75,10.0,0.8333333,0.16666667,3.251629,3.4594316,3.321928,4.0,0.0,0.33333334,0.0,0.2,0.8888889,0.0,0.0,0.0,9.0,6.0,3.0,1.0,0.0,2.947703,0.0,7.319091,1.0437275,1.6666666
uahobwyi.com,ramnit,12.0,8.0,2.0,0.0,0.0,11.0,1.0,0.0,0.0,5.0,0.45454547,6.0,0.54545456,10.0,0.90909094,0.27272728,3.2776134,3.321928,3.169925,3.0,0.0,0.27272728,0.0,0.1,0.892562,0.0,0.0,0.0,8.0,5.5,2.5,1.0,0.0,3.0,0.0,6.74,1.0527036,1.7272727
fibgexlxqrd.com,ramnit,15.0,11.0,2.0,0.0,0.0,14.0,1.0,0.0,0.0,3.0,0.21428572,11.0,0.78571427,13.0,0.9285714,0.35714287,3.6644979,3.7004397,3.5849626,7.0,0.0,0.5,0.0,0.07692308,0.9183673,0.0,0.0,0.0,11.0,7.0,4.0,1.0,0.0,3.2776134,0.0,7.5046153,1.2297117,1.5714285
pgimipksl.com,ramnit,13.0,9.0,2.0,0.0,0.0,12.0,1.0,0.0,0.0,3.0,0.25,9.0,0.75,9.0,0.75,0.083333336,3.0849626,3.4594316,3.321928,5.0,0.0,0.41666666,0.0,0.33333334,0.875,0.0,0.0,0.0,9.0,6.0,3.0,1.0,0.0,2.7254806,0.0,6.629091,1.1853325,1.6666666
ldfpvugxtubfowtwric.com,ramnit,23.0,19.0,2.0,0.0,0.0,22.0,1.0,0.0,0.0,5.0,0.22727273,17.0,0.77272725,16.0,0.72727275,0.27272728,3.9139771,4.3923173,4.321928,5.0,0.0,0.22727273,0.0,0.375,0.92975205,0.0,0.0,0.0,19.0,11.0,8.0,1.0,0.0,3.826875,0.0,7.8219047,0.82750773,1.3636364
jgtmrdxfiyuxa.com,ramnit,17.0,13.0,2.0,0.0,0.0,16.0,1.0,0.0,0.0,4.0,0.25,12.0,0.75,14.0,0.875,0.25,3.75,3.9068906,3.807355,8.0,0.0,0.5,0.0,0.14285715,0.921875,0.0,0.0,0.0,13.0,8.0,5.0,1.0,0.0,3.5465937,0.0,8.216,1.0518018,1.5
tfdtmdijlokxcj.com,ramnit,18.0,14.0,2.0,0.0,0.0,17.0,1.0,0.0,0.0,3.0,0.1764706,14.0,0.8235294,11.0,0.64705884,0.29411766,3.3815806,4.0,3.9068906,6.0,0.0,0.3529412,0.0,0.54545456,0.899654,0.0,0.0,0.0,14.0,8.5,5.5,1.0,0.0,3.3787835,0.0,8.303125,1.2623029,1.4705882
gatylhii.com,ramnit,12.0,8.0,2.0,0.0,0.0,11.0,1.0,0.0,0.0,4.0,0.36363637,7.0,0.6363636,10.0,0.90909094,0.18181819,3.2776134,3.321928,3.169925,4.0,0.0,0.36363637,0.0,0.1,0.892562,0.0,0.0,0.0,8.0,5.5,2.5,1.0,0.0,2.75,0.0,5.798,0.87024707,1.7272727
qtcmqmylt.com,ramnit,13.0,9.0,2.0,0.0,0.0,12.0,1.0,0.0,0.0,1.0,0.083333336,11.0,0.9166667,7.0,0.5833333,0.16666667,2.688722,3.2776134,3.321928,10.0,0.0,0.8333333,0.0,0.5714286,0.8333333,0.0,0.0,0.0,9.0,6.0,3.0,1.0,0.0,2.5032582,0.0,8.262728,1.8350034,1.6666666
gxpempnvtexgja.com,ramnit,18.0,14.0,2.0,0.0,0.0,17.0,1.0,0.0,0.0,4.0,0.23529412,13.0,0.7647059,12.0,0.7058824,0.23529412,3.4992275,4.0,3.9068906,5.0,0.0,0.29411766,0.0,0.41666666,0.90657437,0.0,0.0,0.0,14.0,8.5,5.5,1.0,0.0,3.2359264,0.0,6.7975,1.1701369,1.4705882
dolpoubqmejcbyvyon.com,ramnit,22.0,18.0,2.0,0.0,0.0,21.0,1.0,0.0,0.0,6.0,0.2857143,15.0,0.71428573,14.0,0.6666667,0.2857143,3.6304126,4.321928,4.2479277,6.0,0.0,0.2857143,0.0,0.35714287,0.90702945,0.0,0.0,0.0,18.0,10.5,7.5,1.0,0.0,3.6835423,0.0,7.259,1.0502733,1.3809524
gjkdyorakldhem.com,ramnit,18.0,14.0,2.0,0.0,0.0,17.0,1.0,0.0,0.0,4.0,0.23529412,13.0,0.7647059,13.0,0.7647059,0.29411766,3.6168747,4.0,3.9068906,5.0,0.0,0.29411766,0.0,0.30769232,0.9134948,0.0,0.0,0.0,14.0,8.5,5.5,1.0,0.0,3.5216405,0.0,7.2925,0.8990599,1.4705882
wietcphax.com,ramnit,13.0,9.0,2.0,0.0,0.0,12.0,1.0,0.0,0.0,4.0,0.33333334,8.0,0.6666667,11.0,0.9166667,0.33333334,3.4182959,3.4594316,3.321928,4.0,0.0,0.33333334,0.0,0.09090909,0.9027778,0.0,0.0,0.0,9.0,6.0,3.0,1.0,0.0,3.169925,0.0,7.470909,0.96975696,1.6666666
yyeohhrtfylwfkuyai.com,ramnit,22.0,18.0,2.0,0.0,0.0,21.0,1.0,0.0,0.0,6.0,0.2857143,15.0,0.71428573,15.0,0.71428573,0.23809524,3.7256508,4.321928,4.2479277,10.0,0.0,0.47619048,0.0,0.26666668,0.91156465,0.0,0.0,0.0,18.0,10.5,7.5,1.0,0.0,3.5032582,0.0,8.582,0.8099055,1.3809524
sjxaivyvhiquhkm.com,ramnit,19.0,15.0,2.0,0.0,0.0,18.0,1.0,0.0,0.0,5.0,0.2777778,13.0,0.7222222,14.0,0.7777778,0.11111111,3.7254806,4.087463,4.0,4.0,0.0,0.22222222,0.0,0.2857143,0.9197531,0.0,0.0,0.0,15.0,9.0,6.0,1.0,0.0,3.5068905,0.0,8.416471,1.192803,1.4444444
jyhgbuxgesewmajc.com,ramnit,20.0,16.0,2.0,0.0,0.0,19.0,1.0,0.0,0.0,5.0,0.2631579,14.0,0.7368421,14.0,0.7368421,0.31578946,3.7216117,4.169925,4.087463,5.0,0.0,0.2631579,0.0,0.35714287,0.9196676,0.0,0.0,0.0,16.0,9.5,6.5,1.0,0.0,3.625,0.0,7.2916665,1.0380045,1.4210526
rcdrwitkqajrjhacf.com,ramnit,21.0,17.0,2.0,0.0,0.0,20.0,1.0,0.0,0.0,4.0,0.2,16.0,0.8,14.0,0.7,0.35,3.6464393,4.2479277,4.169925,5.0,0.0,0.25,0.0,0.2857143,0.91,0.0,0.0,0.0,17.0,10.0,7.0,1.0,0.0,3.4548223,0.0,8.121579,1.0274284,1.4
nvsgajhivvn.com,ramnit,15.0,11.0,2.0,0.0,0.0,14.0,1.0,0.0,0.0,3.0,0.21428572,11.0,0.78571427,11.0,0.78571427,0.14285715,3.324863,3.7004397,3.5849626,4.0,0.0,0.2857143,0.0,0.18181819,0.8877551,0.0,0.0,0.0,11.0,7.0,4.0,1.0,0.0,2.845351,0.0,7.9292307,1.1843902,1.5714285
irkcgoxhmniitnb.com,ramnit,19.0,15.0,2.0,0.0,0.0,18.0,1.0,0.0,0.0,5.0,0.2777778,13.0,0.7222222,12.0,0.6666667,0.16666667,3.4613202,4.087463,4.0,4.0,0.0,0.22222222,0.0,0.41666666,0.90123457,0.0,0.0,0.0,15.0,9.0,6.0,1.0,0.0,3.4565647,0.0,8.727058,0.9128842,1.4444444
hffklvnyhmnp.com,ramnit,16.0,12.0,2.0,0.0,0.0,15.0,1.0,0.0,0.0,1.0,0.06666667,14.0,0.93333334,11.0,0.73333335,0.2,3.3735573,3.807355,3.7004397,13.0,0.0,0.8666667,0.0,0.36363637,0.8977778,0.0,0.0,0.0,12.0,7.5,4.5,1.0,0.0,3.0849626,0.0,9.010715,1.2349044,1.5333333
jtsoadwkhdbblgeyu.com,ramnit,21.0,17.0,2.0,0.0,0.0,20.0,1.0,0.0,0.0,5.0,0.25,15.0,0.75,17.0,0.85,0.35,4.0219283,4.2479277,4.169925,9.0,0.0,0.45,0.0,0.1764706,0.935,0.0,0.0,0.0,17.0,10.0,7.0,1.0,0.0,3.8521688,0.0,7.9547367,0.6412105,1.4
qihcpikjxkwvbldp.com,ramnit,20.0,16.0,2.0,0.0,0.0,19.0,1.0,0.0,0.0,3.0,0.15789473,16.0,0.84210527,15.0,0.7894737,0.21052632,3.826875,4.169925,4.087463,11.0,0.0,0.57894737,0.0,0.26666668,0.92520773,0.0,0.0,0.0,16.0,9.5,6.5,1.0,0.0,3.625,0.0,8.307222,1.2412933,1.4210526
ilhamdhm.com,ramnit,12.0,8.0,2.0,0.0,0.0,11.0,1.0,0.0,0.0,3.0,0.27272728,8.0,0.72727275,8.0,0.72727275,0.27272728,2.845351,3.321928,3.169925,5.0,0.0,0.45454547,0.0,0.25,0.8429752,0.0,0.0,0.0,8.0,5.5,2.5,1.0,0.0,2.5,0.0,6.622,1.2303171,1.7272727
xenwvllrfykko.com,ramnit,17.0,13.0,2.0,0.0,0.0,16.0,1.0,0.0,0.0,3.0,0.1875,13.0,0.8125,13.0,0.8125,0.1875,3.625,3.9068906,3.807355,10.0,0.0,0.625,0.0,0.23076923,0.9140625,0.0,0.0,0.0,13.0,8.0,5.0,1.0,0.0,3.3927474,0.0,8.189333,1.0347499,1.5
wgolyofrdssykseyi.com,ramnit,21.0,17.0,2.0,0.0,0.0,20.0,1.0,0.0,0.0,5.0,0.25,15.0,0.75,14.0,0.7,0.2,3.608695,4.2479277,4.169925,8.0,0.0,0.4,0.0,0.21428572,0.905,0.0,0.0,0.0,17.0,10.0,7.0,1.0,0.0,3.4104173,0.0,7.1636844,0.7476677,1.4
xdiiuqujovteiwntc.com,ramnit,21.0,17.0,2.0,0.0,0.0,20.0,1.0,0.0,0.0,8.0,0.4,12.0,0.6,14.0,0.7,0.2,3.6841838,4.2479277,4.169925,5.0,0.0,0.25,0.0,0.35714287,0.915,0.0,0.0,0.0,17.0,10.0,7.0,1.0,0.0,3.5724695,0.0,8.152632,0.92673415,1.4
aafvmmdrm.com,ramnit,13.0,9.0,2.0,0.0,0.0,12.0,1.0,0.0,0.0,3.0,0.25,9.0,0.75,8.0,0.6666667,0.41666666,2.751629,3.4594316,3.321928,8.0,0.0,0.6666667,0.0,0.25,0.8194444,0.0,0.0,0.0,9.0,6.0,3.0,1.0,0.0,2.4193819,0.0,8.740909,1.4101039,1.6666666
yeuunkawgqh.com,ramnit,15.0,11.0,2.0,0.0,0.0,14.0,1.0,0.0,0.0,5.0,0.35714287,9.0,0.64285713,13.0,0.9285714,0.21428572,3.6644979,3.7004397,3.5849626,5.0,0.0,0.35714287,0.0,0.07692308,0.9183673,0.0,0.0,0.0,11.0,7.0,4.0,1.0,0.0,3.2776134,0.0,8.442307,0.99344814,1.5714285
gkkhjspfkkh.com,ramnit,15.0,11.0,2.0,0.0,0.0,14.0,1.0,0.0,0.0,1.0,0.071428575,13.0,0.9285714,10.0,0.71428573,0.14285715,3.0930693,3.3927474,3.4182959,12.0,0.0,0.85714287,0.0,0.2,0.85714287,0.0,0.0,0.0,11.0,7.0,4.0,1.0,0.0,2.5503407,0.0,8.435385,1.6723361,1.4285715
kpcvuiyckthdikgykfr.com,ramnit,23.0,19.0,2.0,0.0,0.0,22.0,1.0,0.0,0.0,4.0,0.18181819,18.0,0.8181818,15.0,0.6818182,0.22727273,3.697846,4.3923173,4.321928,7.0,0.0,0.3181818,0.0,0.26666668,0.90909094,0.0,0.0,0.0,19.0,11.0,8.0,1.0,0.0,3.5110855,0.0,7.851905,1.0317357,1.3636364
fetjouexcsmpj.com,ramnit,17.0,13.0,2.0,0.0,0.0,16.0,1.0,0.0,0.0,5.0,0.3125,11.0,0.6875,11.0,0.6875,0.3125,3.375,3.9068906,3.807355,7.0,0.0,0.4375,0.0,0.45454547,0.8984375,0.0,0.0,0.0,13.0,8.0,5.0,1.0,0.0,3.3927474,0.0,7.384,1.1779361,1.5
xbhuemgas.com,ramnit,13.0,9.0,2.0,0.0,0.0,12.0,1.0,0.0,0.0,4.0,0.33333334,8.0,0.6666667,11.0,0.9166667,0.33333334,3.4182959,3.4594316,3.321928,3.0,0.0,0.25,0.0,0.09090909,0.9027778,0.0,0.0,0.0,9.0,6.0,3.0,1.0,0.0,3.169925,0.0,7.5136366,1.030841,1.6666666
grudxgpuhxwqthietti.com,ramnit,23.0,19.0,2.0,0.0,0.0,22.0,1.0,0.0,0.0,6.0,0.27272728,16.0,0.72727275,15.0,0.6818182,0.13636364,3.788755,4.3923173,4.321928,6.0,0.0,0.27272728,0.0,0.4,0.9214876,0.0,0.0,0.0,19.0,11.0,8.0,1.0,0.0,3.4713545,0.0,7.0161905,0.89689356,1.3636364
pilpiqeixhixqll.com,ramnit,19.0,15.0,2.0,0.0,0.0,18.0,1.0,0.0,0.0,6.0,0.33333334,12.0,0.6666667,10.0,0.5555556,0.11111111,3.127987,3.8521688,4.0,5.0,0.0,0.2777778,0.0,0.5,0.8703704,0.0,0.0,0.0,15.0,9.0,6.0,1.0,0.0,2.6565647,0.0,7.644706,1.4964288,1.4444444
psaygktdecr.com,ramnit,15.0,11.0,2.0,0.0,0.0,14.0,1.0,0.0,0.0,3.0,0.21428572,11.0,0.78571427,13.0,0.9285714,0.35714287,3.6644979,3.7004397,3.5849626,5.0,0.0,0.35714287,0.0,0.07692308,0.9183673,0.0,0.0,0.0,11.0,7.0,4.0,1.0,0.0,3.4594316,0.0,6.943846,0.6753845,1.5714285
gmcmgbhgeu.com,ramnit,14.0,10.0,2.0,0.0,0.0,13.0,1.0,0.0,0.0,3.0,0.23076923,10.0,0.7692308,8.0,0.61538464,0.30769232,2.8150723,3.5849626,3.4594316,8.0,0.0,0.61538464,0.0,0.375,0.84023666,0.0,0.0,0.0,10.0,6.5,3.5,1.0,0.0,2.6464393,0.0,8.3025,1.4909283,1.6153846
anxuxdjhpy.com,ramnit,14.0,10.0,2.0,0.0,0.0,13.0,1.0,0.0,0.0,3.0,0.23076923,10.0,0.7692308,12.0,0.9230769,0.23076923,3.5465937,3.5849626,3.4594316,7.0,0.0,0.53846157,0.0,0.083333336,0.9112426,0.0,0.0,0.0,10.0,6.5,3.5,1.0,0.0,3.121928,0.0,8.150833,1.2932436,1.6153846
fjwpmgvdihxupipv.com,ramnit,20.0,16.0,2.0,0.0,0.0,19.0,1.0,0.0,0.0,4.0,0.21052632,15.0,0.7894737,14.0,0.7368421,0.15789473,3.6818807,4.169925,4.087463,8.0,0.0,0.42105263,0.0,0.2857143,0.9141274,0.0,0.0,0.0,16.0,9.5,6.5,1.0,0.0,3.4528196,0.0,8.239445,1.2226384,1.4210526
tjxtbxdqkwyxgfubooc.com,ramnit,23.0,19.0,2.0,0.0,0.0,22.0,1.0,0.0,0.0,4.0,0.18181819,18.0,0.8181818,15.0,0.6818182,0.27272728,3.7544417,4.3923173,4.321928,14.0,0.0,0.6363636,0.0,0.33333334,0.91735536,0.0,0.0,0.0,19.0,11.0,8.0,1.0,0.0,3.6818807,0.0,8.851429,1.3280318,1.3636364
dlaqnntsvrdxrgpdx.com,ramnit,21.0,17.0,2.0,0.0,0.0,20.0,1.0,0.0,0.0,2.0,0.1,18.0,0.9,15.0,0.75,0.25,3.7841837,4.1426644,4.169925,15.0,0.0,0.75,0.0,0.26666668,0.92,0.0,0.0,0.0,17.0,10.0,7.0,1.0,0.0,3.4548223,0.0,8.524736,0.8853773,1.4
osjxctfnge.com,ramnit,14.0,10.0,2.0,0.0,0.0,13.0,1.0,0.0,0.0,3.0,0.23076923,10.0,0.7692308,11.0,0.84615386,0.30769232,3.3927474,3.5849626,3.4594316,8.0,0.0,0.61538464,0.0,0.18181819,0.8994083,0.0,0.0,0.0,10.0,6.5,3.5,1.0,0.0,3.321928,0.0,6.715833,1.0800544,1.6153846
yqybvtgvjhok.com,ramnit,16.0,12.0,2.0,0.0,0.0,15.0,1.0,0.0,0.0,2.0,0.13333334,13.0,0.8666667,12.0,0.8,0.13333334,3.5068905,3.807355,3.7004397,10.0,0.0,0.6666667,0.0,0.25,0.9066667,0.0,0.0,0.0,12.0,7.5,4.5,1.0,0.0,3.251629,0.0,8.570714,1.479982,1.5333333
ayaivcgqwwtqbaunj.com,ramnit,21.0,17.0,2.0,0.0,0.0,20.0,1.0,0.0,0.0,6.0,0.3,14.0,0.7,15.0,0.75,0.3,3.7841837,4.2479277,4.169925,9.0,0.0,0.45,0.0,0.26666668,0.92,0.0,0.0,0.0,17.0,10.0,7.0,1.0,0.0,3.5724695,0.0,8.29579,1.0686805,1.4
ldlotssqyx.com,ramnit,14.0,10.0,2.0,0.0,0.0,13.0,1.0,0.0,0.0,2.0,0.15384616,11.0,0.84615386,10.0,0.7692308,0.15384616,3.2389011,3.5849626,3.4594316,7.0,0.0,0.53846157,0.0,0.3,0.88757396,0.0,0.0,0.0,10.0,6.5,3.5,1.0,0.0,2.9219282,0.0,7.105,1.2048105,1.6153846
pwvpiffbhqrplgkgn.com,ramnit,21.0,17.0,2.0,0.0,0.0,20.0,1.0,0.0,0.0,2.0,0.1,18.0,0.9,16.0,0.8,0.2,3.8841836,4.2479277,4.169925,13.0,0.0,0.65,0.0,0.1875,0.925,0.0,0.0,0.0,17.0,10.0,7.0,1.0,0.0,3.5724695,0.0,8.336843,1.0449638,1.4
avxadqchjgdiyycobi.com,ramnit,22.0,18.0,2.0,0.0,0.0,21.0,1.0,0.0,0.0,6.0,0.2857143,15.0,0.71428573,14.0,0.6666667,0.3809524,3.6897037,4.221928,4.2479277,7.0,0.0,0.33333334,0.0,0.42857143,0.9160998,0.0,0.0,0.0,18.0,10.5,7.5,1.0,0.0,3.6143694,0.0,7.0715,1.0974804,1.3809524
dbjgiiafwfnasgdb.com,ramnit,20.0,16.0,2.0,0.0,0.0,19.0,1.0,0.0,0.0,5.0,0.2631579,14.0,0.7368421,13.0,0.68421054,0.47368422,3.6163485,4.058814,4.087463,5.0,0.0,0.2631579,0.0,0.46153846,0.9141274,0.0,0.0,0.0,16.0,9.5,6.5,1.0,0.0,3.25,0.0,7.7872224,0.9566497,1.4210526
nlfurxanklqbvopk.com,ramnit,20.0,16.0,2.0,0.0,0.0,19.0,1.0,0.0,0.0,4.0,0.21052632,15.0,0.7894737,15.0,0.7894737,0.21052632,3.826875,4.169925,4.087463,6.0,0.0,0.31578946,0.0,0.26666668,0.92520773,0.0,0.0,0.0,16.0,9.5,6.5,1.0,0.0,3.625,0.0,7.852778,0.9851232,1.4210526
bghemoxbikvjy.com,ramnit,17.0,13.0,2.0,0.0,0.0,16.0,1.0,0.0,0.0,4.0,0.25,12.0,0.75,13.0,0.8125,0.25,3.625,3.9068906,3.807355,5.0,0.0,0.3125,0.0,0.23076923,0.9140625,0.0,0.0,0.0,13.0,8.0,5.0,1.0,0.0,3.5465937,0.0,6.956,1.2236931,1.5
lcpamkslhbrj.com,ramnit,16.0,12.0,2.0,0.0,0.0,15.0,1.0,0.0,0.0,2.0,0.13333334,13.0,0.8666667,12.0,0.8,0.26666668,3.5068905,3.807355,3.7004397,9.0,0.0,0.6,0.0,0.25,0.9066667,0.0,0.0,0.0,12.0,7.5,4.5,1.0,0.0,3.4182959,0.0,8.165,1.0072472,1.5333333
ekalqpwmvngmxklpvq.com,ramnit,22.0,18.0,2.0,0.0,0.0,21.0,1.0,0.0,0.0,3.0,0.14285715,18.0,0.85714287,14.0,0.6666667,0.14285715,3.6897037,4.321928,4.2479277,16.0,0.0,0.7619048,0.0,0.42857143,0.9160998,0.0,0.0,0.0,18.0,10.5,7.5,1.0,0.0,3.5032582,0.0,8.574,1.2741737,1.3809524
bqqquvogoouhos.com,ramnit,18.0,14.0,2.0,0.0,0.0,17.0,1.0,0.0,0.0,7.0,0.4117647,10.0,0.5882353,10.0,0.5882353,0.11764706,3.0071964,3.875,3.9068906,4.0,0.0,0.23529412,0.0,0.3,0.8442907,0.0,0.0,0.0,14.0,8.5,5.5,1.0,0.0,2.7534344,0.0,8.273125,1.6392426,1.4705882
hugmcubmuwjvypuakx.com,ramnit,22.0,18.0,2.0,0.0,0.0,21.0,1.0,0.0,0.0,6.0,0.2857143,15.0,0.71428573,15.0,0.71428573,0.1904762,3.6897037,4.321928,4.2479277,5.0,0.0,0.23809524,0.0,0.2,0.90702945,0.0,0.0,0.0,18.0,10.5,7.5,1.0,0.0,3.6143694,0.0,9.0305,1.1932697,1.3809524
dfsunphbqaordsm.com,ramnit,19.0,15.0,2.0,0.0,0.0,18.0,1.0,0.0,0.0,4.0,0.22222222,14.0,0.7777778,14.0,0.7777778,0.33333334,3.7254806,4.087463,4.0,5.0,0.0,0.2777778,0.0,0.2857143,0.9197531,0.0,0.0,0.0,15.0,9.0,6.0,1.0,0.0,3.640224,0.0,8.344118,0.789406,1.4444444
xoepgtahwmo.com,ramnit,15.0,11.0,2.0,0.0,0.0,14.0,1.0,0.0,0.0,5.0,0.35714287,9.0,0.64285713,11.0,0.78571427,0.21428572,3.324863,3.7004397,3.5849626,3.0,0.0,0.21428572,0.0,0.18181819,0.8877551,0.0,0.0,0.0,11.0,7.0,4.0,1.0,0.0,3.2776134,0.0,7.165385,0.99740696,1.5714285
wuotaeersrnhmtrv.com,ramnit,20.0,16.0,2.0,0.0,0.0,19.0,1.0,0.0,0.0,6.0,0.31578946,13.0,0.68421054,13.0,0.68421054,0.21052632,3.5766177,4.169925,4.087463,10.0,0.0,0.5263158,0.0,0.3846154,0.9085873,0.0,0.0,0.0,16.0,9.5,6.5,1.0,0.0,3.4528196,0.0,7.252222,0.53213894,1.4210526
mqecffcpjtowam.com,ramnit,18.0,14.0,2.0,0.0,0.0,17.0,1.0,0.0,0.0,4.0,0.23529412,13.0,0.7647059,11.0,0.64705884,0.4117647,3.2927701,4.0,3.9068906,7.0,0.0,0.4117647,0.0,0.36363637,0.8858132,0.0,0.0,0.0,14.0,8.5,5.5,1.0,0.0,3.3787835,0.0,7.51875,1.3112772,1.4705882
khljpbvlryoelphuh.com,ramnit,21.0,17.0,2.0,0.0,0.0,20.0,1.0,0.0,0.0,4.0,0.2,16.0,0.8,14.0,0.7,0.15,3.6464393,4.2479277,4.169925,10.0,0.0,0.5,0.0,0.2857143,0.91,0.0,0.0,0.0,17.0,10.0,7.0,1.0,0.0,3.4104173,0.0,8.596842,0.97329205,1.4
mopvlpmrvptqvpflnp.com,ramnit,22.0,18.0,2.0,0.0,0.0,21.0,1.0,0.0,0.0,2.0,0.0952381,19.0,0.9047619,11.0,0.52380955,0.0952381,3.1961548,4.221928,4.2479277,17.0,0.0,0.8095238,0.0,0.45454547,0.8707483,0.0,0.0,0.0,18.0,10.5,7.5,1.0,0.0,3.0385623,0.0,8.6925,1.3994104,1.3809524
nmhfyemyjxdu.com,ramnit,16.0,12.0,2.0,0.0,0.0,15.0,1.0,0.0,0.0,3.0,0.2,12.0,0.8,12.0,0.8,0.26666668,3.4565647,3.807355,3.7004397,5.0,0.0,0.33333334,0.0,0.16666667,0.8977778,0.0,0.0,0.0,12.0,7.5,4.5,1.0,0.0,3.251629,0.0,8.586429,1.2405472,1.5333333
awcsibowcwbwxlfa.com,ramnit,20.0,16.0,2.0,0.0,0.0,19.0,1.0,0.0,0.0,5.0,0.2631579,14.0,0.7368421,11.0,0.57894737,0.42105263,3.2608283,4.058814,4.087463,8.0,0.0,0.42105263,0.0,0.45454547,0.88088644,0.0,0.0,0.0,16.0,9.5,6.5,1.0,0.0,3.125,0.0,8.13,1.2597735,1.4210526
engvilyqxoaejilb.com,ramnit,20.0,16.0,2.0,0.0,0.0,19.0,1.0,0.0,0.0,7.0,0.36842105,12.0,0.6315789,15.0,0.7894737,0.2631579,3.826875,4.058814,4.087463,4.0,0.0,0.21052632,0.0,0.26666668,0.92520773,0.0,0.0,0.0,16.0,9.5,6.5,1.0,0.0,3.625,0.0,6.8944445,0.85478926,1.4210526
uiflcxvitxwyv.com,ramnit,17.0,13.0,2.0,0.0,0.0,16.0,1.0,0.0,0.0,4.0,0.25,12.0,0.75,12.0,0.75,0.1875,3.5,3.9068906,3.807355,6.0,0.0,0.375,0.0,0.33333334,0.90625,0.0,0.0,0.0,13.0,8.0,5.0,1.0,0.0,3.2389011,0.0,7.4726667,1.3047153,1.5
qmclipalnp.com,ramnit,14.0,10.0,2.0,0.0,0.0,13.0,1.0,0.0,0.0,3.0,0.23076923,10.0,0.7692308,9.0,0.6923077,0.23076923,3.085055,3.5849626,3.4594316,4.0,0.0,0.30769232,0.0,0.44444445,0.87573963,0.0,0.0,0.0,10.0,6.5,3.5,1.0,0.0,2.9219282,0.0,6.1983333,1.2618271,1.6153846
sholiado.com,ramnit,12.0,8.0,2.0,0.0,0.0,11.0,1.0,0.0,0.0,5.0,0.45454547,6.0,0.54545456,9.0,0.8181818,0.27272728,3.0271692,3.321928,3.169925,2.0,0.0,0.18181819,0.0,0.11111111,0.8595041,0.0,0.0,0.0,8.0,5.5,2.5,1.0,0.0,2.75,0.0,4.406,0.85958135,1.7272727
idddccedomplippxc.com,ramnit,21.0,17.0,2.0,0.0,0.0,20.0,1.0,0.0,0.0,5.0,0.25,15.0,0.75,9.0,0.45,0.45,2.9841838,3.932138,4.169925,5.0,0.0,0.25,0.0,0.6666667,0.86,0.0,0.0,0.0,17.0,10.0,7.0,1.0,0.0,2.939829,0.0,5.9957895,1.2804078,1.4
pehwhltxlkfhtoiut.com,ramnit,21.0,17.0,2.0,0.0,0.0,20.0,1.0,0.0,0.0,5.0,0.25,15.0,0.75,14.0,0.7,0.15,3.6464393,4.2479277,4.169925,11.0,0.0,0.55,0.0,0.2857143,0.91,0.0,0.0,0.0,17.0,10.0,7.0,1.0,0.0,3.4104173,0.0,8.243684,0.82853234,1.4
crhyhxuk.com,ramnit,12.0,8.0,2.0,0.0,0.0,11.0,1.0,0.0,0.0,2.0,0.18181819,9.0,0.8181818,9.0,0.8181818,0.18181819,3.0957952,3.321928,3.169925,6.0,0.0,0.54545456,0.0,0.22222222,0.87603307,0.0,0.0,0.0,8.0,5.5,2.5,1.0,0.0,2.75,0.0,8.067,1.4819849,1.7272727
yntpjgrnphycvsjq.com,ramnit,20.0,16.0,2.0,0.0,0.0,19.0,1.0,0.0,0.0,1.0,0.05263158,18.0,0.94736844,14.0,0.7368421,0.10526316,3.7216117,4.169925,4.087463,17.0,0.0,0.8947368,0.0,0.35714287,0.9196676,0.0,0.0,0.0,16.0,9.5,6.5,1.0,0.0,3.5,0.0,8.486667,1.1146048,1.4210526
ukeirwoh.com,ramnit,12.0,8.0,2.0,0.0,0.0,11.0,1.0,0.0,0.0,5.0,0.45454547,6.0,0.54545456,10.0,0.90909094,0.18181819,3.2776134,3.321928,3.169925,2.0,0.0,0.18181819,0.0,0.1,0.892562,0.0,0.0,0.0,8.0,5.5,2.5,1.0,0.0,3.0,0.0,8.053,0.93382925,1.7272727
hrtqdkabdvsrpvte.com,ramnit,20.0,16.0,2.0,0.0,0.0,19.0,1.0,0.0,0.0,3.0,0.15789473,16.0,0.84210527,15.0,0.7894737,0.31578946,3.826875,4.169925,4.087463,8.0,0.0,0.42105263,0.0,0.26666668,0.92520773,0.0,0.0,0.0,16.0,9.5,6.5,1.0,0.0,3.5,0.0,7.7166667,0.7828033,1.4210526
ndtdktwnkplaavqsfa.com,ramnit,22.0,18.0,2.0,0.0,0.0,21.0,1.0,0.0,0.0,4.0,0.1904762,17.0,0.8095238,15.0,0.71428573,0.33333334,3.784942,4.321928,4.2479277,11.0,0.0,0.52380955,0.0,0.33333334,0.9206349,0.0,0.0,0.0,18.0,10.5,7.5,1.0,0.0,3.4613202,0.0,7.929,0.7748163,1.3809524
hshebouslmhpxh.com,ramnit,18.0,14.0,2.0,0.0,0.0,17.0,1.0,0.0,0.0,4.0,0.23529412,13.0,0.7647059,11.0,0.64705884,0.1764706,3.2639334,4.0,3.9068906,8.0,0.0,0.47058824,0.0,0.36363637,0.8788927,0.0,0.0,0.0,14.0,8.5,5.5,1.0,0.0,3.0930693,0.0,7.78375,1.1000623,1.4705882
sjolcaml.com,ramnit,12.0,8.0,2.0,0.0,0.0,11.0,1.0,0.0,0.0,3.0,0.27272728,8.0,0.72727275,7.0,0.6363636,0.27272728,2.732159,3.121928,3.169925,3.0,0.0,0.27272728,0.0,0.5714286,0.8429752,0.0,0.0,0.0,8.0,5.5,2.5,1.0,0.0,2.75,0.0,6.828,1.3398329,1.7272727
ijowwgsyjvneag.com,ramnit,18.0,14.0,2.0,0.0,0.0,17.0,1.0,0.0,0.0,5.0,0.29411766,12.0,0.7058824,13.0,0.7647059,0.1764706,3.6168747,4.0,3.9068906,8.0,0.0,0.47058824,0.0,0.30769232,0.9134948,0.0,0.0,0.0,14.0,8.5,5.5,1.0,0.0,3.3787835,0.0,7.485625,0.9940409,1.4705882
pmdglcxuxqxc.com,ramnit,16.0,12.0,2.0,0.0,0.0,15.0,1.0,0.0,0.0,2.0,0.13333334,13.0,0.8666667,10.0,0.6666667,0.26666668,3.1395721,3.807355,3.7004397,7.0,0.0,0.46666667,0.0,0.3,0.8711111,0.0,0.0,0.0,12.0,7.5,4.5,1.0,0.0,3.0220551,0.0,8.65,1.7917879,1.5333333
pjweypnjv.com,ramnit,13.0,9.0,2.0,0.0,0.0,12.0,1.0,0.0,0.0,2.0,0.16666667,10.0,0.8333333,10.0,0.8333333,0.16666667,3.251629,3.4594316,3.321928,6.0,0.0,0.5,0.0,0.2,0.8888889,0.0,0.0,0.0,9.0,6.0,3.0,1.0,0.0,2.7254806,0.0,8.740909,1.4978609,1.6666666
tkjyvrjliyubw.com,ramnit,17.0,13.0,2.0,0.0,0.0,16.0,1.0,0.0,0.0,3.0,0.1875,13.0,0.8125,14.0,0.875,0.125,3.75,3.9068906,3.807355,8.0,0.0,0.5,0.0,0.14285715,0.921875,0.0,0.0,0.0,13.0,8.0,5.0,1.0,0.0,3.3927474,0.0,8.602,1.1232883,1.5
qjxvkkdwbiawacembir.com,ramnit,23.0,19.0,2.0,0.0,0.0,22.0,1.0,0.0,0.0,6.0,0.27272728,16.0,0.72727275,15.0,0.6818182,0.36363637,3.823068,4.2970796,4.321928,9.0,0.0,0.4090909,0.0,0.46666667,0.92561984,0.0,0.0,0.0,19.0,11.0,8.0,1.0,0.0,3.7216117,0.0,7.5866666,1.0636597,1.3636364
pcjdfshkcugflyffwma.com,ramnit,23.0,19.0,2.0,0.0,0.0,22.0,1.0,0.0,0.0,3.0,0.13636364,19.0,0.8636364,16.0,0.72727275,0.4090909,3.788755,4.3923173,4.321928,9.0,0.0,0.4090909,0.0,0.1875,0.91322315,0.0,0.0,0.0,19.0,11.0,8.0,1.0,0.0,3.7216117,0.0,8.368095,1.0282893,1.3636364
ldksbrjfo.com,ramnit,13.0,9.0,2.0,0.0,0.0,12.0,1.0,0.0,0.0,2.0,0.16666667,10.0,0.8333333,11.0,0.9166667,0.33333334,3.4182959,3.4594316,3.321928,8.0,0.0,0.6666667,0.0,0.09090909,0.9027778,0.0,0.0,0.0,9.0,6.0,3.0,1.0,0.0,3.169925,0.0,7.692727,1.1207137,1.6666666
dxhrxrndhjdaglamg.com,ramnit,21.0,17.0,2.0,0.0,0.0,20.0,1.0,0.0,0.0,3.0,0.15,17.0,0.85,12.0,0.6,0.3,3.4841838,4.2479277,4.169925,11.0,0.0,0.55,0.0,0.5833333,0.905,0.0,0.0,0.0,17.0,10.0,7.0,1.0,0.0,3.2195282,0.0,7.6505265,1.0780321,1.4
pwrtadkqbwqxywmkh.com,ramnit,21.0,17.0,2.0,0.0,0.0,20.0,1.0,0.0,0.0,2.0,0.1,18.0,0.9,15.0,0.75,0.2,3.7841837,4.2479277,4.169925,13.0,0.0,0.65,0.0,0.26666668,0.92,0.0,0.0,0.0,17.0,10.0,7.0,1.0,0.0,3.5724695,0.0,8.177895,1.2728422,1.4
fnprtdlewwgrvmjwnig.com,ramnit,23.0,19.0,2.0,0.0,0.0,22.0,1.0,0.0,0.0,3.0,0.13636364,19.0,0.8636364,16.0,0.72727275,0.18181819,3.879664,4.3923173,4.321928,9.0,0.0,0.4090909,0.0,0.3125,0.92561984,0.0,0.0,0.0,19.0,11.0,8.0,1.0,0.0,3.6818807,0.0,8.014762,0.74286157,1.3636364
rkgjptpyodjiybhcblj.com,ramnit,23.0,19.0,2.0,0.0,0.0,22.0,1.0,0.0,0.0,3.0,0.13636364,19.0,0.8636364,15.0,0.6818182,0.22727273,3.788755,4.3923173,4.321928,8.0,0.0,0.36363637,0.0,0.4,0.9214876,0.0,0.0,0.0,19.0,11.0,8.0,1.0,0.0,3.6818807,0.0,9.08381,1.0693017,1.3636364
cvrxhykbpo.com,ramnit,14.0,10.0,2.0,0.0,0.0,13.0,1.0,0.0,0.0,2.0,0.15384616,11.0,0.84615386,11.0,0.84615386,0.23076923,3.3927474,3.5849626,3.4594316,9.0,0.0,0.6923077,0.0,0.18181819,0.8994083,0.0,0.0,0.0,10.0,6.5,3.5,1.0,0.0,3.321928,0.0,7.869167,1.3443314,1.6153846
eknsvpogof.com,ramnit,14.0,10.0,2.0,0.0,0.0,13.0,1.0,0.0,0.0,4.0,0.30769232,9.0,0.6923077,11.0,0.84615386,0.23076923,3.3346791,3.5849626,3.4594316,5.0,0.0,0.3846154,0.0,0.09090909,0.88757396,0.0,0.0,0.0,10.0,6.5,3.5,1.0,0.0,3.121928,0.0,7.7258334,0.9932305,1.6153846
xpieiamcdbedhoxr.com,ramnit,20.0,16.0,2.0,0.0,0.0,19.0,1.0,0.0,0.0,7.0,0.36842105,12.0,0.6315789,12.0,0.6315789,0.42105263,3.5110855,4.169925,4.087463,4.0,0.0,0.21052632,0.0,0.5833333,0.9085873,0.0,0.0,0.0,16.0,9.5,6.5,1.0,0.0,3.5,0.0,7.18,0.9087338,1.4210526
vdvuvjqr.com,ramnit,12.0,8.0,2.0,0.0,0.0,11.0,1.0,0.0,0.0,2.0,0.18181819,9.0,0.8181818,9.0,0.8181818,0.18181819,3.0271692,3.321928,3.169925,5.0,0.0,0.45454547,0.0,0.11111111,0.8595041,0.0,0.0,0.0,8.0,5.5,2.5,1.0,0.0,2.4056392,0.0,8.615,1.8675798,1.7272727
byemhpaislayrk.com,ramnit,18.0,14.0,2.0,0.0,0.0,17.0,1.0,0.0,0.0,5.0,0.29411766,12.0,0.7058824,14.0,0.8235294,0.29411766,3.7345216,4.0,3.9068906,4.0,0.0,0.23529412,0.0,0.21428572,0.9204152,0.0,0.0,0.0,14.0,8.5,5.5,1.0,0.0,3.5216405,0.0,7.470625,0.6632744,1.4705882
bbovpqoywr.com,ramnit,14.0,10.0,2.0,0.0,0.0,13.0,1.0,0.0,0.0,3.0,0.23076923,10.0,0.7692308,10.0,0.7692308,0.23076923,3.180833,3.5849626,3.4594316,4.0,0.0,0.30769232,0.0,0.2,0.87573963,0.0,0.0,0.0,10.0,6.5,3.5,1.0,0.0,2.9219282,0.0,8.845834,1.5018928,1.6153846
xtlctubpuyy.com,ramnit,15.0,11.0,2.0,0.0,0.0,14.0,1.0,0.0,0.0,3.0,0.21428572,11.0,0.78571427,10.0,0.71428573,0.21428572,3.2359264,3.7004397,3.5849626,5.0,0.0,0.35714287,0.0,0.4,0.8877551,0.0,0.0,0.0,11.0,7.0,4.0,1.0,0.0,2.9139771,0.0,7.6807694,1.297064,1.5714285
hjpehkjhsaah.com,ramnit,16.0,12.0,2.0,0.0,0.0,15.0,1.0,0.0,0.0,4.0,0.26666668,11.0,0.73333335,10.0,0.6666667,0.26666668,3.1068907,3.807355,3.7004397,5.0,0.0,0.33333334,0.0,0.3,0.8622222,0.0,0.0,0.0,12.0,7.5,4.5,1.0,0.0,2.5849626,0.0,8.1,1.318659,1.5333333
dlkorrtundbuov.com,ramnit,18.0,14.0,2.0,0.0,0.0,17.0,1.0,0.0,0.0,5.0,0.29411766,12.0,0.7058824,12.0,0.7058824,0.23529412,3.4548223,4.0,3.9068906,3.0,0.0,0.1764706,0.0,0.33333334,0.899654,0.0,0.0,0.0,14.0,8.5,5.5,1.0,0.0,3.2359264,0.0,6.55,0.8503479,1.4705882
igncrvdirhochic.com,ramnit,19.0,15.0,2.0,0.0,0.0,18.0,1.0,0.0,0.0,5.0,0.2777778,13.0,0.7222222,10.0,0.5555556,0.2777778,3.127987,4.087463,4.0,6.0,0.0,0.33333334,0.0,0.5,0.8703704,0.0,0.0,0.0,15.0,9.0,6.0,1.0,0.0,3.006239,0.0,6.650588,1.0420716,1.4444444
bqohhgnxpgghp.com,ramnit,17.0,13.0,2.0,0.0,0.0,16.0,1.0,0.0,0.0,2.0,0.125,14.0,0.875,10.0,0.625,0.125,3.1556392,3.9068906,3.807355,11.0,0.0,0.6875,0.0,0.4,0.875,0.0,0.0,0.0,13.0,8.0,5.0,1.0,0.0,2.8150723,0.0,9.076667,1.5567461,1.5
hyhwrwtpesknr.com,ramnit,17.0,13.0,2.0,0.0,0.0,16.0,1.0,0.0,0.0,2.0,0.125,14.0,0.875,13.0,0.8125,0.125,3.625,3.9068906,3.807355,8.0,0.0,0.5,0.0,0.23076923,0.9140625,0.0,0.0,0.0,13.0,8.0,5.0,1.0,0.0,3.2389011,0.0,8.119333,0.77528244,1.5
bpjvyxkswwk.com,ramnit,15.0,11.0,2.0,0.0,0.0,14.0,1.0,0.0,0.0,1.0,0.071428575,13.0,0.9285714,12.0,0.85714287,0.14285715,3.5216405,3.7004397,3.5849626,12.0,0.0,0.85714287,0.0,0.16666667,0.90816325,0.0,0.0,0.0,11.0,7.0,4.0,1.0,0.0,3.0957952,0.0,8.934615,1.5531244,1.5714285
qoldjfsvvoks.com,ramnit,16.0,12.0,2.0,0.0,0.0,15.0,1.0,0.0,0.0,3.0,0.2,12.0,0.8,11.0,0.73333335,0.2,3.3232315,3.807355,3.7004397,7.0,0.0,0.46666667,0.0,0.27272728,0.8888889,0.0,0.0,0.0,12.0,7.5,4.5,1.0,0.0,3.0849626,0.0,8.607857,1.3654759,1.5333333
meidvuboxmggscovlfw.com,ramnit,23.0,19.0,2.0,0.0,0.0,22.0,1.0,0.0,0.0,6.0,0.27272728,16.0,0.72727275,15.0,0.6818182,0.27272728,3.7544417,4.2970796,4.321928,6.0,0.0,0.27272728,0.0,0.33333334,0.91735536,0.0,0.0,0.0,19.0,11.0,8.0,1.0,0.0,3.826875,0.0,8.379524,0.89896727,1.3636364
cidkyaiurknulttr.com,ramnit,20.0,16.0,2.0,0.0,0.0,19.0,1.0,0.0,0.0,6.0,0.31578946,13.0,0.68421054,13.0,0.68421054,0.21052632,3.6163485,4.169925,4.087463,5.0,0.0,0.2631579,0.0,0.46153846,0.9141274,0.0,0.0,0.0,16.0,9.5,6.5,1.0,0.0,3.375,0.0,7.645,0.6745342,1.4210526
gbkievdjh.com,ramnit,13.0,9.0,2.0,0.0,0.0,12.0,1.0,0.0,0.0,3.0,0.25,9.0,0.75,12.0,1.0,0.33333334,3.5849626,3.4594316,3.321928,5.0,0.0,0.41666666,0.0,0.0,0.9166667,0.0,0.0,0.0,9.0,6.0,3.0,1.0,0.0,3.169925,0.0,8.211818,1.1348557,1.6666666
jgpyvotqbqjk.com,ramnit,16.0,12.0,2.0,0.0,0.0,15.0,1.0,0.0,0.0,2.0,0.13333334,13.0,0.8666667,12.0,0.8,0.13333334,3.5068905,3.807355,3.7004397,7.0,0.0,0.46666667,0.0,0.25,0.9066667,0.0,0.0,0.0,12.0,7.5,4.5,1.0,0.0,3.251629,0.0,8.52,1.68269,1.5333333
vhbtlfdwibqvmuwp.com,ramnit,20.0,16.0,2.0,0.0,0.0,19.0,1.0,0.0,0.0,3.0,0.15789473,16.0,0.84210527,15.0,0.7894737,0.2631579,3.826875,4.169925,4.087463,8.0,0.0,0.42105263,0.0,0.26666668,0.92520773,0.0,0.0,0.0,16.0,9.5,6.5,1.0,0.0,3.625,0.0,9.230556,1.099239,1.4210526
jmlhtoocysffkra.com,ramnit,19.0,15.0,2.0,0.0,0.0,18.0,1.0,0.0,0.0,4.0,0.22222222,14.0,0.7777778,13.0,0.7222222,0.2777778,3.5724313,4.087463,4.0,7.0,0.0,0.3888889,0.0,0.30769232,0.9074074,0.0,0.0,0.0,15.0,9.0,6.0,1.0,0.0,3.640224,0.0,7.287059,0.9010583,1.4444444
peripjtxg.com,ramnit,13.0,9.0,2.0,0.0,0.0,12.0,1.0,0.0,0.0,3.0,0.25,9.0,0.75,11.0,0.9166667,0.16666667,3.4182959,3.4594316,3.321928,6.0,0.0,0.5,0.0,0.09090909,0.9027778,0.0,0.0,0.0,9.0,6.0,3.0,1.0,0.0,2.947703,0.0,6.2845454,1.1299865,1.6666666
wwdfeungwo.com,ramnit,14.0,10.0,2.0,0.0,0.0,13.0,1.0,0.0,0.0,4.0,0.30769232,9.0,0.6923077,10.0,0.7692308,0.30769232,3.180833,3.5849626,3.4594316,4.0,0.0,0.30769232,0.0,0.2,0.87573963,0.0,0.0,0.0,10.0,6.5,3.5,1.0,0.0,2.8464394,0.0,6.8,1.1828859,1.6153846
prqerbwwjvw.com,ramnit,15.0,11.0,2.0,0.0,0.0,14.0,1.0,0.0,0.0,2.0,0.14285715,12.0,0.85714287,11.0,0.78571427,0.21428572,3.324863,3.7004397,3.5849626,8.0,0.0,0.5714286,0.0,0.18181819,0.8877551,0.0,0.0,0.0,11.0,7.0,4.0,1.0,0.0,2.845351,0.0,7.773846,1.4945772,1.5714285
jkxpfhecogxinej.com,ramnit,19.0,15.0,2.0,0.0,0.0,18.0,1.0,0.0,0.0,5.0,0.2777778,13.0,0.7222222,13.0,0.7222222,0.2777778,3.6143694,3.9698157,4.0,6.0,0.0,0.33333334,0.0,0.3846154,0.91358024,0.0,0.0,0.0,15.0,9.0,6.0,1.0,0.0,3.5068905,0.0,6.957647,1.1933585,1.4444444
ftaxjwxcfiantaxcdjn.com,ramnit,23.0,19.0,2.0,0.0,0.0,22.0,1.0,0.0,0.0,5.0,0.22727273,17.0,0.77272725,12.0,0.54545456,0.4090909,3.4474015,4.106603,4.221928,6.0,0.0,0.27272728,0.0,0.5833333,0.90082645,0.0,0.0,0.0,19.0,11.0,8.0,1.0,0.0,3.2210972,0.0,7.4219046,1.2531968,1.2727273
xrjqepkhxtddnrskwai.com,ramnit,23.0,19.0,2.0,0.0,0.0,22.0,1.0,0.0,0.0,4.0,0.18181819,18.0,0.8181818,18.0,0.8181818,0.22727273,4.095795,4.3923173,4.321928,12.0,0.0,0.54545456,0.0,0.22222222,0.93801653,0.0,0.0,0.0,19.0,11.0,8.0,1.0,0.0,3.826875,0.0,8.43,0.7656565,1.3636364
cbxmgghmpkyuub.com,ramnit,18.0,14.0,2.0,0.0,0.0,17.0,1.0,0.0,0.0,3.0,0.1764706,14.0,0.8235294,11.0,0.64705884,0.23529412,3.3371754,4.0,3.9068906,11.0,0.0,0.64705884,0.0,0.45454547,0.8927336,0.0,0.0,0.0,14.0,8.5,5.5,1.0,0.0,3.2359264,0.0,8.80125,1.43645,1.4705882
vmcyjocu.com,ramnit,12.0,8.0,2.0,0.0,0.0,11.0,1.0,0.0,0.0,3.0,0.27272728,8.0,0.72727275,7.0,0.6363636,0.27272728,2.6635327,3.321928,3.169925,5.0,0.0,0.45454547,0.0,0.42857143,0.8264463,0.0,0.0,0.0,8.0,5.5,2.5,1.0,0.0,2.75,0.0,7.554,1.7567474,1.7272727
ywnnakvaopx.com,ramnit,15.0,11.0,2.0,0.0,0.0,14.0,1.0,0.0,0.0,4.0,0.2857143,10.0,0.71428573,11.0,0.78571427,0.21428572,3.3787835,3.7004397,3.5849626,4.0,0.0,0.2857143,0.0,0.27272728,0.8979592,0.0,0.0,0.0,11.0,7.0,4.0,1.0,0.0,3.0957952,0.0,7.9469233,1.1286998,1.5714285
paobicqpvmdgjkop.com,ramnit,20.0,16.0,2.0,0.0,0.0,19.0,1.0,0.0,0.0,5.0,0.2631579,14.0,0.7368421,13.0,0.68421054,0.2631579,3.5368867,4.169925,4.087463,9.0,0.0,0.47368422,0.0,0.30769232,0.9030471,0.0,0.0,0.0,16.0,9.5,6.5,1.0,0.0,3.5778196,0.0,7.516111,1.2105787,1.4210526
togoeosbfcidc.com,ramnit,17.0,13.0,2.0,0.0,0.0,16.0,1.0,0.0,0.0,6.0,0.375,10.0,0.625,11.0,0.6875,0.4375,3.2028196,3.9068906,3.807355,4.0,0.0,0.25,0.0,0.18181819,0.8671875,0.0,0.0,0.0,13.0,8.0,5.0,1.0,0.0,3.180833,0.0,8.163333,0.9202312,1.5
uhrfpbfrspyk.com,ramnit,16.0,12.0,2.0,0.0,0.0,15.0,1.0,0.0,0.0,2.0,0.13333334,13.0,0.8666667,12.0,0.8,0.26666668,3.5068905,3.807355,3.7004397,12.0,0.0,0.8,0.0,0.25,0.9066667,0.0,0.0,0.0,12.0,7.5,4.5,1.0,0.0,3.0849626,0.0,7.645,1.1106865,1.5333333
hshcvxlrt.com,ramnit,13.0,9.0,2.0,0.0,0.0,12.0,1.0,0.0,0.0,1.0,0.083333336,11.0,0.9166667,10.0,0.8333333,0.16666667,3.251629,3.4594316,3.321928,10.0,0.0,0.8333333,0.0,0.2,0.8888889,0.0,0.0,0.0,9.0,6.0,3.0,1.0,0.0,2.947703,0.0,8.060909,1.1710796,1.6666666
jywwrajuannii.com,ramnit,17.0,13.0,2.0,0.0,0.0,16.0,1.0,0.0,0.0,6.0,0.375,10.0,0.625,11.0,0.6875,0.1875,3.375,3.9068906,3.807355,5.0,0.0,0.3125,0.0,0.45454547,0.8984375,0.0,0.0,0.0,13.0,8.0,5.0,1.0,0.0,2.9312088,0.0,7.582,1.0482975,1.5
dodytaja.com,ramnit,12.0,8.0,2.0,0.0,0.0,11.0,1.0,0.0,0.0,4.0,0.36363637,7.0,0.6363636,8.0,0.72727275,0.45454547,2.9139771,3.321928,3.169925,3.0,0.0,0.27272728,0.0,0.375,0.8595041,0.0,0.0,0.0,8.0,5.5,2.5,1.0,0.0,2.5,0.0,6.72,1.2176528,1.7272727
wpilifdibj.com,ramnit,14.0,10.0,2.0,0.0,0.0,13.0,1.0,0.0,0.0,4.0,0.30769232,9.0,0.6923077,11.0,0.84615386,0.30769232,3.3346791,3.5849626,3.4594316,3.0,0.0,0.23076923,0.0,0.09090909,0.88757396,0.0,0.0,0.0,10.0,6.5,3.5,1.0,0.0,2.8464394,0.0,6.159167,1.2065454,1.6153846
yplcuegcwfnbxa.bid,ramnit,18.0,14.0,2.0,0.0,0.0,17.0,1.0,0.0,0.0,4.0,0.23529412,13.0,0.7647059,15.0,0.88235295,0.47058824,3.8521688,4.0,3.9068906,7.0,0.0,0.4117647,0.0,0.13333334,0.9273356,0.0,0.0,0.0,14.0,8.5,5.5,0.0,0.0,3.6644979,0.0,8.505,0.89865816,1.4705882
nxylqkmvveitjuhxvxa.com,ramnit,23.0,19.0,2.0,0.0,0.0,22.0,1.0,0.0,0.0,5.0,0.22727273,17.0,0.77272725,17.0,0.77272725,0.13636364,3.93626,4.3923173,4.321928,9.0,0.0,0.4090909,0.0,0.1764706,0.92561984,0.0,0.0,0.0,19.0,11.0,8.0,1.0,0.0,3.7474132,0.0,8.38,1.1390661,1.3636364
viqapljpobvpjx.com,ramnit,18.0,14.0,2.0,0.0,0.0,17.0,1.0,0.0,0.0,4.0,0.23529412,13.0,0.7647059,12.0,0.7058824,0.1764706,3.4548223,4.0,3.9068906,6.0,0.0,0.3529412,0.0,0.33333334,0.899654,0.0,0.0,0.0,14.0,8.5,5.5,1.0,0.0,3.182006,0.0,7.32125,1.5325705,1.4705882
tpbqgojv.com,ramnit,12.0,8.0,2.0,0.0,0.0,11.0,1.0,0.0,0.0,2.0,0.18181819,9.0,0.8181818,10.0,0.90909094,0.18181819,3.2776134,3.321928,3.169925,5.0,0.0,0.45454547,0.0,0.1,0.892562,0.0,0.0,0.0,8.0,5.5,2.5,1.0,0.0,3.0,0.0,8.615,1.5704353,1.7272727
pygtmwcfyesafpgrv.com,ramnit,21.0,17.0,2.0,0.0,0.0,20.0,1.0,0.0,0.0,3.0,0.15,17.0,0.85,14.0,0.7,0.3,3.7219281,4.2479277,4.169925,9.0,0.0,0.45,0.0,0.42857143,0.92,0.0,0.0,0.0,17.0,10.0,7.0,1.0,0.0,3.6168747,0.0,8.195789,0.88660324,1.4
gsokdkeohogiao.com,ramnit,18.0,14.0,2.0,0.0,0.0,17.0,1.0,0.0,0.0,8.0,0.47058824,9.0,0.5294118,11.0,0.64705884,0.23529412,3.1692486,4.0,3.9068906,3.0,0.0,0.1764706,0.0,0.27272728,0.85813147,0.0,0.0,0.0,14.0,8.5,5.5,1.0,0.0,2.950212,0.0,7.30375,0.92584074,1.4705882
kwdkvdepbyvwrcifta.com,ramnit,22.0,18.0,2.0,0.0,0.0,21.0,1.0,0.0,0.0,4.0,0.1904762,17.0,0.8095238,16.0,0.7619048,0.3809524,3.916127,4.321928,4.2479277,7.0,0.0,0.33333334,0.0,0.3125,0.9297052,0.0,0.0,0.0,18.0,10.5,7.5,1.0,0.0,3.7254806,0.0,7.7415,0.833704,1.3809524
jeyuxtnrsagiovyfii.com,ramnit,22.0,18.0,2.0,0.0,0.0,21.0,1.0,0.0,0.0,8.0,0.3809524,13.0,0.61904764,17.0,0.8095238,0.1904762,3.975418,4.321928,4.2479277,5.0,0.0,0.23809524,0.0,0.1764706,0.9297052,0.0,0.0,0.0,18.0,10.5,7.5,1.0,0.0,3.7946534,0.0,7.0035,0.5984621,1.3809524
uphoxyogfucqsquia.com,ramnit,21.0,17.0,2.0,0.0,0.0,20.0,1.0,0.0,0.0,8.0,0.4,12.0,0.6,14.0,0.7,0.2,3.6464393,4.2479277,4.169925,4.0,0.0,0.2,0.0,0.2857143,0.91,0.0,0.0,0.0,17.0,10.0,7.0,1.0,0.0,3.5724695,0.0,7.7757893,1.1193892,1.4
gcgraqmsmmw.com,ramnit,15.0,11.0,2.0,0.0,0.0,14.0,1.0,0.0,0.0,2.0,0.14285715,12.0,0.85714287,9.0,0.64285713,0.21428572,2.950212,3.7004397,3.5849626,7.0,0.0,0.5,0.0,0.33333334,0.8469388,0.0,0.0,0.0,11.0,7.0,4.0,1.0,0.0,2.845351,0.0,7.9323077,1.4520551,1.5714285
aikfxnuqm.com,ramnit,13.0,9.0,2.0,0.0,0.0,12.0,1.0,0.0,0.0,4.0,0.33333334,8.0,0.6666667,11.0,0.9166667,0.25,3.4182959,3.4594316,3.321928,4.0,0.0,0.33333334,0.0,0.09090909,0.9027778,0.0,0.0,0.0,9.0,6.0,3.0,1.0,0.0,3.169925,0.0,8.271818,1.3316908,1.6666666
sgofpojgpfvx.com,ramnit,16.0,12.0,2.0,0.0,0.0,15.0,1.0,0.0,0.0,3.0,0.2,12.0,0.8,10.0,0.6666667,0.2,3.189898,3.807355,3.7004397,7.0,0.0,0.46666667,0.0,0.4,0.88,0.0,0.0,0.0,12.0,7.5,4.5,1.0,0.0,2.9182959,0.0,8.543571,1.5200835,1.5333333
rghfnlxhbe.com,ramnit,14.0,10.0,2.0,0.0,0.0,13.0,1.0,0.0,0.0,2.0,0.15384616,11.0,0.84615386,12.0,0.9230769,0.30769232,3.5465937,3.5849626,3.4594316,9.0,0.0,0.6923077,0.0,0.083333336,0.9112426,0.0,0.0,0.0,10.0,6.5,3.5,1.0,0.0,3.121928,0.0,7.829167,1.0104501,1.6153846
jsqtvittxanrdib.com,ramnit,19.0,15.0,2.0,0.0,0.0,18.0,1.0,0.0,0.0,4.0,0.22222222,14.0,0.7777778,15.0,0.8333333,0.22222222,3.7946534,4.087463,4.0,5.0,0.0,0.2777778,0.0,0.13333334,0.9197531,0.0,0.0,0.0,15.0,9.0,6.0,1.0,0.0,3.4565647,0.0,7.517059,0.8378336,1.4444444
tvtgrlwgoefqtoieffl.com,ramnit,23.0,19.0,2.0,0.0,0.0,22.0,1.0,0.0,0.0,6.0,0.27272728,16.0,0.72727275,13.0,0.59090906,0.27272728,3.5383105,4.2970796,4.321928,8.0,0.0,0.36363637,0.0,0.46153846,0.90495867,0.0,0.0,0.0,19.0,11.0,8.0,1.0,0.0,3.3263605,0.0,8.678095,0.89965194,1.3636364
lqeuugqagssib.com,ramnit,17.0,13.0,2.0,0.0,0.0,16.0,1.0,0.0,0.0,6.0,0.375,10.0,0.625,12.0,0.75,0.25,3.5,3.9068906,3.807355,3.0,0.0,0.1875,0.0,0.33333334,0.90625,0.0,0.0,0.0,13.0,8.0,5.0,1.0,0.0,3.085055,0.0,7.7446666,1.0718726,1.5
stagcpwnjdnqtpowobv.com,ramnit,23.0,19.0,2.0,0.0,0.0,22.0,1.0,0.0,0.0,4.0,0.18181819,18.0,0.8181818,15.0,0.6818182,0.22727273,3.788755,4.3923173,4.321928,11.0,0.0,0.5,0.0,0.4,0.9214876,0.0,0.0,0.0,19.0,11.0,8.0,1.0,0.0,3.7216117,0.0,7.280476,0.8664519,1.3636364
knfyekpajj.com,ramnit,14.0,10.0,2.0,0.0,0.0,13.0,1.0,0.0,0.0,3.0,0.23076923,10.0,0.7692308,11.0,0.84615386,0.30769232,3.3927474,3.5849626,3.4594316,4.0,0.0,0.30769232,0.0,0.18181819,0.8994083,0.0,0.0,0.0,10.0,6.5,3.5,1.0,0.0,2.9219282,0.0,8.324166,1.3469553,1.6153846
eeqfmicdsppfr.com,ramnit,17.0,13.0,2.0,0.0,0.0,16.0,1.0,0.0,0.0,4.0,0.25,12.0,0.75,11.0,0.6875,0.4375,3.375,3.9068906,3.807355,8.0,0.0,0.5,0.0,0.45454547,0.8984375,0.0,0.0,0.0,13.0,8.0,5.0,1.0,0.0,3.2389011,0.0,7.0233335,1.0749775,1.5
fqmitytsho.com,ramnit,14.0,10.0,2.0,0.0,0.0,13.0,1.0,0.0,0.0,3.0,0.23076923,10.0,0.7692308,10.0,0.7692308,0.15384616,3.2389011,3.5849626,3.4594316,5.0,0.0,0.3846154,0.0,0.3,0.88757396,0.0,0.0,0.0,10.0,6.5,3.5,1.0,0.0,3.121928,0.0,6.2175,1.148547,1.6153846
vkydpnuqmgylxcc.com,ramnit,19.0,15.0,2.0,0.0,0.0,18.0,1.0,0.0,0.0,2.0,0.11111111,16.0,0.8888889,14.0,0.7777778,0.22222222,3.6835423,3.9698157,4.0,9.0,0.0,0.5,0.0,0.21428572,0.91358024,0.0,0.0,0.0,15.0,9.0,6.0,1.0,0.0,3.640224,0.0,9.185294,1.2304449,1.4444444
gifthdafmlmkkyh.com,ramnit,19.0,15.0,2.0,0.0,0.0,18.0,1.0,0.0,0.0,3.0,0.16666667,15.0,0.8333333,13.0,0.7222222,0.2777778,3.5724313,4.087463,4.0,9.0,0.0,0.5,0.0,0.30769232,0.9074074,0.0,0.0,0.0,15.0,9.0,6.0,1.0,0.0,3.3735573,0.0,7.977059,1.0061067,1.4444444
z61gknrjiutj4w48xs.com,rovnix,22.0,18.0,2.0,5.0,0.23809524,16.0,0.7619048,0.0,0.0,3.0,0.14285715,13.0,0.61904764,19.0,0.9047619,0.2857143,4.2018414,4.321928,4.2479277,5.0,2.0,0.23809524,0.0952381,0.10526316,0.9433107,1.0,0.0,6.0,18.0,10.5,7.5,1.0,0.2777778,3.947703,0.0,9.3075,1.360475,1.3809524
tqqmleq3ejqwynqhdy.biz,rovnix,22.0,18.0,2.0,1.0,0.04761905,20.0,0.95238096,0.0,0.0,3.0,0.14285715,17.0,0.8095238,15.0,0.71428573,0.23809524,3.6490011,4.321928,4.2479277,10.0,1.0,0.47619048,0.04761905,0.2,0.8979592,1.0,0.0,2.0,18.0,10.5,7.5,1.0,0.055555556,3.3027227,0.0,9.32,1.7070884,1.3809524
kcydvxnmg7pnfmvdnn.biz,rovnix,22.0,18.0,2.0,1.0,0.04761905,20.0,0.95238096,0.0,0.0,1.0,0.04761905,19.0,0.9047619,15.0,0.71428573,0.2857143,3.7256508,4.321928,4.2479277,9.0,1.0,0.42857143,0.04761905,0.26666668,0.91156465,1.0,0.0,2.0,18.0,10.5,7.5,1.0,0.055555556,3.3921473,0.0,9.4325,1.2961438,1.3809524
2543wa7o4invhmmzhe.biz,rovnix,22.0,18.0,2.0,6.0,0.2857143,15.0,0.71428573,0.0,0.0,5.0,0.23809524,10.0,0.47619048,16.0,0.7619048,0.42857143,3.916127,4.321928,4.2479277,7.0,4.0,0.33333334,0.1904762,0.3125,0.9297052,1.0,1.0,5.0,18.0,10.5,7.5,1.0,0.33333334,3.8365917,0.0,8.8525,1.5295753,1.3809524
otn4zbojxtnap1vhnj.cn,rovnix,21.0,18.0,2.0,2.0,0.1,18.0,0.9,0.0,0.0,3.0,0.15,15.0,0.75,14.0,0.7,0.25,3.621928,4.1426644,4.169925,6.0,1.0,0.3,0.05,0.2857143,0.905,1.0,0.0,4.0,18.0,10.0,8.0,1.0,0.11111111,3.5724313,0.0,9.016315,1.2986946,1.4
qfx5gikdlaenc6ogrb.net,rovnix,22.0,18.0,2.0,2.0,0.0952381,19.0,0.9047619,0.0,0.0,5.0,0.23809524,14.0,0.6666667,18.0,0.85714287,0.42857143,4.106603,4.321928,4.2479277,4.0,1.0,0.1904762,0.04761905,0.16666667,0.93877554,1.0,0.0,4.0,18.0,10.5,7.5,1.0,0.11111111,4.058814,0.0,7.6945,0.8265801,1.3809524
fj2lprg8j4gjf4wef8.cn,rovnix,21.0,18.0,2.0,5.0,0.25,15.0,0.75,0.0,0.0,1.0,0.05,14.0,0.7,13.0,0.65,0.5,3.5464394,4.2479277,4.169925,4.0,1.0,0.2,0.05,0.3846154,0.905,1.0,0.0,10.0,18.0,10.0,8.0,1.0,0.2777778,3.308271,0.0,9.647368,1.9212729,1.4
ah37j5ggj26zyn1anx.net,rovnix,22.0,18.0,2.0,6.0,0.2857143,15.0,0.71428573,0.0,0.0,3.0,0.14285715,12.0,0.5714286,16.0,0.7619048,0.42857143,3.88018,4.321928,4.2479277,3.0,2.0,0.14285715,0.0952381,0.25,0.92517006,1.0,0.0,8.0,18.0,10.5,7.5,1.0,0.33333334,3.7254806,0.0,8.8945,1.5549978,1.3809524
i6t3ptqanq6dq253yn.biz,rovnix,22.0,18.0,2.0,6.0,0.2857143,15.0,0.71428573,0.0,0.0,3.0,0.14285715,12.0,0.5714286,14.0,0.6666667,0.42857143,3.6897037,4.321928,4.2479277,3.0,3.0,0.14285715,0.14285715,0.42857143,0.9160998,1.0,0.0,8.0,18.0,10.5,7.5,1.0,0.33333334,3.4613202,0.0,9.287,1.8658881,1.3809524
7yx2ln6vyqsikxkeg5.net,rovnix,22.0,18.0,2.0,4.0,0.1904762,17.0,0.8095238,0.0,0.0,3.0,0.14285715,14.0,0.6666667,16.0,0.7619048,0.2857143,3.916127,4.321928,4.2479277,4.0,1.0,0.1904762,0.04761905,0.3125,0.9297052,1.0,1.0,7.0,18.0,10.5,7.5,1.0,0.22222222,3.8365917,0.0,8.6915,1.3981833,1.3809524
ki8hnbz8c5fvn8b8je.cn,rovnix,21.0,18.0,2.0,5.0,0.25,15.0,0.75,0.0,0.0,2.0,0.1,13.0,0.65,13.0,0.65,0.55,3.4841838,4.2479277,4.169925,4.0,1.0,0.2,0.05,0.30769232,0.895,1.0,0.0,10.0,18.0,10.0,8.0,1.0,0.2777778,3.5032582,0.0,9.660526,1.9428755,1.4
wod2sfp82z8xnraj4i.cn,rovnix,21.0,18.0,2.0,5.0,0.25,15.0,0.75,0.0,0.0,3.0,0.15,12.0,0.6,17.0,0.85,0.45,4.0219283,4.2479277,4.169925,3.0,2.0,0.15,0.1,0.1764706,0.935,1.0,0.0,8.0,18.0,10.0,8.0,1.0,0.2777778,3.947703,0.0,8.963158,1.3544048,1.4
g1w83w8xulgeu51tp1.net,rovnix,22.0,18.0,2.0,7.0,0.33333334,14.0,0.6666667,0.0,0.0,4.0,0.1904762,10.0,0.47619048,13.0,0.61904764,0.42857143,3.5944657,4.221928,4.2479277,2.0,2.0,0.0952381,0.0952381,0.53846157,0.91156465,1.0,0.0,10.0,18.0,10.5,7.5,1.0,0.3888889,3.4613202,0.0,8.7205,1.628605,1.3809524
fdjxlqg4uk11xst157.ru,rovnix,21.0,18.0,2.0,6.0,0.3,14.0,0.7,0.0,0.0,2.0,0.1,12.0,0.6,16.0,0.8,0.4,3.8841836,4.2479277,4.169925,7.0,3.0,0.35,0.15,0.1875,0.925,1.0,0.0,6.0,18.0,10.0,8.0,1.0,0.33333334,3.7946534,0.0,9.593158,1.7488186,1.4
swfq3awpzq4hyqjf26.net,rovnix,22.0,18.0,2.0,4.0,0.1904762,17.0,0.8095238,0.0,0.0,2.0,0.0952381,15.0,0.71428573,17.0,0.8095238,0.3809524,3.975418,4.321928,4.2479277,5.0,2.0,0.23809524,0.0952381,0.1764706,0.9297052,1.0,0.0,6.0,18.0,10.5,7.5,1.0,0.22222222,3.6835423,0.0,9.3115,1.65939,1.3809524
aapt7cfezyadzgwd51.biz,rovnix,22.0,18.0,2.0,3.0,0.14285715,18.0,0.85714287,0.0,0.0,5.0,0.23809524,13.0,0.61904764,16.0,0.7619048,0.5714286,3.8442328,4.321928,4.2479277,5.0,2.0,0.23809524,0.0952381,0.1875,0.9206349,1.0,0.0,4.0,18.0,10.5,7.5,1.0,0.16666667,3.6835423,0.0,9.1095,1.3363343,1.3809524
67ofz4c6t5ymw8w822.ru,rovnix,21.0,18.0,2.0,9.0,0.45,11.0,0.55,0.0,0.0,2.0,0.1,9.0,0.45,16.0,0.8,0.55,3.9219282,4.1426644,4.169925,3.0,3.0,0.15,0.15,0.25,0.93,1.0,1.0,11.0,18.0,10.0,8.0,1.0,0.5,3.7254806,0.0,10.0,1.9787606,1.4
hu6gb7lwszv1cipaf5.net,rovnix,22.0,18.0,2.0,4.0,0.1904762,17.0,0.8095238,0.0,0.0,4.0,0.1904762,13.0,0.61904764,21.0,1.0,0.42857143,4.3923173,4.321928,4.2479277,5.0,1.0,0.23809524,0.04761905,0.0,0.95238096,1.0,0.0,8.0,18.0,10.5,7.5,1.0,0.22222222,4.169925,0.0,8.7385,0.9015736,1.3809524
45bfhlr5e3ygf7lwxs.net,rovnix,22.0,18.0,2.0,5.0,0.23809524,16.0,0.7619048,0.0,0.0,2.0,0.0952381,14.0,0.6666667,17.0,0.8095238,0.47619048,4.011365,4.321928,4.2479277,5.0,2.0,0.23809524,0.0952381,0.23529412,0.93424034,1.0,1.0,7.0,18.0,10.5,7.5,1.0,0.2777778,3.8365917,0.0,9.3115,1.254279,1.3809524
ohgvc6comk61tjn7m2.ru,rovnix,21.0,18.0,2.0,5.0,0.25,15.0,0.75,0.0,0.0,3.0,0.15,12.0,0.6,16.0,0.8,0.35,3.9219282,4.2479277,4.169925,4.0,2.0,0.2,0.1,0.25,0.93,1.0,0.0,8.0,18.0,10.0,8.0,1.0,0.2777778,3.7254806,0.0,9.271052,1.3245806,1.4
zaxxqlk7uhk7veikbs.ru,rovnix,21.0,18.0,2.0,2.0,0.1,18.0,0.9,0.0,0.0,5.0,0.25,13.0,0.65,15.0,0.75,0.25,3.7841837,4.1426644,4.169925,5.0,1.0,0.25,0.05,0.26666668,0.92,1.0,0.0,4.0,18.0,10.0,8.0,1.0,0.11111111,3.6835423,0.0,9.428421,1.5259145,1.4
hacwkgg6th7cwgffsq.cn,rovnix,21.0,18.0,2.0,2.0,0.1,18.0,0.9,0.0,0.0,1.0,0.05,17.0,0.85,13.0,0.65,0.4,3.5464394,4.1426644,4.169925,9.0,1.0,0.45,0.05,0.3846154,0.905,1.0,0.0,4.0,18.0,10.0,8.0,1.0,0.11111111,3.4613202,0.0,8.800527,1.4729153,1.4
w6q7pugk2mhxfclbet.com,rovnix,22.0,18.0,2.0,3.0,0.14285715,18.0,0.85714287,0.0,0.0,3.0,0.14285715,15.0,0.71428573,19.0,0.9047619,0.3809524,4.2018414,4.321928,4.2479277,7.0,1.0,0.33333334,0.04761905,0.10526316,0.9433107,1.0,0.0,6.0,18.0,10.5,7.5,1.0,0.16666667,4.169925,0.0,8.1195,1.1292213,1.3809524
6hbxltt77w2k4djbv6.biz,rovnix,22.0,18.0,2.0,6.0,0.2857143,15.0,0.71428573,0.0,0.0,1.0,0.04761905,14.0,0.6666667,16.0,0.7619048,0.47619048,3.88018,4.321928,4.2479277,6.0,2.0,0.2857143,0.0952381,0.25,0.92517006,1.0,1.0,9.0,18.0,10.5,7.5,1.0,0.33333334,3.7254806,0.0,9.441,1.8826308,1.3809524
el747lwqrxwr7ivekc.biz,rovnix,22.0,18.0,2.0,4.0,0.1904762,17.0,0.8095238,0.0,0.0,4.0,0.1904762,13.0,0.61904764,14.0,0.6666667,0.3809524,3.6897037,4.321928,4.2479277,7.0,3.0,0.33333334,0.14285715,0.42857143,0.9160998,1.0,0.0,4.0,18.0,10.5,7.5,1.0,0.22222222,3.4613202,0.0,8.7765,1.6416647,1.3809524
hhoeu2j4s1yznjgrw4.cn,rovnix,21.0,18.0,2.0,4.0,0.2,16.0,0.8,0.0,0.0,3.0,0.15,13.0,0.65,16.0,0.8,0.3,3.9219282,4.2479277,4.169925,7.0,1.0,0.35,0.05,0.25,0.93,1.0,0.0,8.0,18.0,10.0,8.0,1.0,0.22222222,3.8365917,0.0,9.3610525,1.2756299,1.4
3nn67tv55dz4rz1rr4.biz,rovnix,22.0,18.0,2.0,8.0,0.3809524,13.0,0.61904764,0.0,0.0,1.0,0.04761905,12.0,0.5714286,14.0,0.6666667,0.47619048,3.6537566,4.321928,4.2479277,2.0,2.0,0.0952381,0.0952381,0.35714287,0.91156465,1.0,1.0,11.0,18.0,10.5,7.5,1.0,0.44444445,3.4613202,0.0,9.704,2.0270104,1.3809524
pdzcywlr71wnn3f3zm.cn,rovnix,21.0,18.0,2.0,4.0,0.2,16.0,0.8,0.0,0.0,0.0,0.0,16.0,0.8,14.0,0.7,0.4,3.6841838,4.2479277,4.169925,8.0,2.0,0.4,0.1,0.35714287,0.915,1.0,0.0,6.0,18.0,10.0,8.0,1.0,0.22222222,3.7254806,0.0,9.7142105,1.5485202,1.4
wpwsmckcoilgs533lh.net,rovnix,22.0,18.0,2.0,3.0,0.14285715,18.0,0.85714287,0.0,0.0,3.0,0.14285715,15.0,0.71428573,16.0,0.7619048,0.2857143,3.916127,4.321928,4.2479277,8.0,3.0,0.3809524,0.14285715,0.3125,0.9297052,1.0,0.0,2.0,18.0,10.5,7.5,1.0,0.16666667,3.6143694,0.0,8.6015,0.8890181,1.3809524
gnbtqjxjddtug38ina.biz,rovnix,22.0,18.0,2.0,2.0,0.0952381,19.0,0.9047619,0.0,0.0,4.0,0.1904762,15.0,0.71428573,14.0,0.6666667,0.33333334,3.7256508,4.321928,4.2479277,11.0,2.0,0.52380955,0.0952381,0.5,0.9206349,1.0,0.0,2.0,18.0,10.5,7.5,1.0,0.11111111,3.6143694,0.0,8.3655,1.4359648,1.3809524
klkvx2ev6mwooe2jyn.cn,rovnix,21.0,18.0,2.0,3.0,0.15,17.0,0.85,0.0,0.0,4.0,0.2,13.0,0.65,14.0,0.7,0.3,3.7219281,4.2479277,4.169925,5.0,1.0,0.25,0.05,0.42857143,0.92,1.0,0.0,6.0,18.0,10.0,8.0,1.0,0.16666667,3.6143694,0.0,9.397895,1.3232402,1.4
gi6c13fi1qcimg7wgr.biz,rovnix,22.0,18.0,2.0,5.0,0.23809524,16.0,0.7619048,0.0,0.0,4.0,0.1904762,12.0,0.5714286,14.0,0.6666667,0.42857143,3.5944657,4.321928,4.2479277,4.0,2.0,0.1904762,0.0952381,0.2857143,0.9024943,1.0,0.0,8.0,18.0,10.5,7.5,1.0,0.2777778,3.4193819,0.0,8.511,1.7008353,1.3809524
nbkvk3m13pngep1ptb.com,rovnix,22.0,18.0,2.0,4.0,0.1904762,17.0,0.8095238,0.0,0.0,2.0,0.0952381,15.0,0.71428573,13.0,0.61904764,0.3809524,3.5944657,4.321928,4.2479277,5.0,2.0,0.23809524,0.0952381,0.53846157,0.91156465,1.0,0.0,6.0,18.0,10.5,7.5,1.0,0.22222222,3.350209,0.0,8.357,1.3914163,1.3809524
iu3llnlf2l8s7un6s1.com,rovnix,22.0,18.0,2.0,6.0,0.2857143,15.0,0.71428573,0.0,0.0,4.0,0.1904762,11.0,0.52380955,15.0,0.71428573,0.3809524,3.7256508,4.321928,4.2479277,5.0,1.0,0.23809524,0.04761905,0.26666668,0.91156465,1.0,0.0,12.0,18.0,10.5,7.5,1.0,0.33333334,3.3921473,0.0,8.9875,1.2678014,1.3809524
amifev5v1l8xllhls8.net,rovnix,22.0,18.0,2.0,4.0,0.1904762,17.0,0.8095238,0.0,0.0,4.0,0.1904762,13.0,0.61904764,15.0,0.71428573,0.3809524,3.7256508,4.321928,4.2479277,6.0,1.0,0.2857143,0.04761905,0.26666668,0.91156465,1.0,0.0,8.0,18.0,10.5,7.5,1.0,0.22222222,3.5032582,0.0,8.1475,1.1877297,1.3809524
hh4qtjla7d5watpjoa.com,rovnix,22.0,18.0,2.0,3.0,0.14285715,18.0,0.85714287,0.0,0.0,5.0,0.23809524,13.0,0.61904764,15.0,0.71428573,0.3809524,3.784942,4.321928,4.2479277,4.0,1.0,0.1904762,0.04761905,0.33333334,0.9206349,1.0,0.0,6.0,18.0,10.5,7.5,1.0,0.16666667,3.5724313,0.0,8.233,1.2268223,1.3809524
akjztx3dbn26zp3zrt.ru,rovnix,21.0,18.0,2.0,4.0,0.2,16.0,0.8,0.0,0.0,2.0,0.1,14.0,0.7,15.0,0.75,0.35,3.7841837,4.2479277,4.169925,5.0,2.0,0.25,0.1,0.26666668,0.92,1.0,0.0,6.0,18.0,10.0,8.0,1.0,0.22222222,3.6835423,0.0,9.241579,1.6729604,1.4
wwbwlqgcqkj4kiixw6.cn,rovnix,21.0,18.0,2.0,2.0,0.1,18.0,0.9,0.0,0.0,2.0,0.1,16.0,0.8,13.0,0.65,0.25,3.521928,4.2479277,4.169925,11.0,1.0,0.55,0.05,0.3846154,0.9,1.0,0.0,4.0,18.0,10.0,8.0,1.0,0.11111111,3.3921473,0.0,10.0,1.853462,1.4
vw8cez8mvn6ke7kie3.com,rovnix,22.0,18.0,2.0,5.0,0.23809524,16.0,0.7619048,0.0,0.0,5.0,0.23809524,11.0,0.52380955,14.0,0.6666667,0.47619048,3.6897037,4.321928,4.2479277,3.0,1.0,0.14285715,0.04761905,0.42857143,0.9160998,1.0,0.0,10.0,18.0,10.5,7.5,1.0,0.2777778,3.5724313,0.0,8.9575,1.5800478,1.3809524
cyezo8koy21rjvbxjw.net,rovnix,22.0,18.0,2.0,3.0,0.14285715,18.0,0.85714287,0.0,0.0,4.0,0.1904762,14.0,0.6666667,17.0,0.8095238,0.33333334,4.011365,4.321928,4.2479277,8.0,2.0,0.3809524,0.0952381,0.23529412,0.93424034,1.0,0.0,4.0,18.0,10.5,7.5,1.0,0.16666667,3.8365917,0.0,9.04,1.2417378,1.3809524
u76566z6xp8szfwz13.net,rovnix,22.0,18.0,2.0,9.0,0.42857143,12.0,0.5714286,0.0,0.0,2.0,0.0952381,10.0,0.47619048,16.0,0.7619048,0.52380955,3.784942,4.321928,4.2479277,5.0,5.0,0.23809524,0.23809524,0.125,0.91156465,1.0,0.0,8.0,18.0,10.5,7.5,1.0,0.5,3.4613202,0.0,9.3115,2.2631254,1.3809524
riaow73s67o1vn8dqf.cn,rovnix,21.0,18.0,2.0,6.0,0.3,14.0,0.7,0.0,0.0,4.0,0.2,10.0,0.5,17.0,0.85,0.5,4.0219283,4.2479277,4.169925,5.0,2.0,0.25,0.1,0.1764706,0.935,1.0,0.0,8.0,18.0,10.0,8.0,1.0,0.33333334,3.947703,0.0,9.033684,1.3334914,1.4
2pbzpmojhggd2xngdj.com,rovnix,22.0,18.0,2.0,2.0,0.0952381,19.0,0.9047619,0.0,0.0,2.0,0.0952381,17.0,0.8095238,13.0,0.61904764,0.2857143,3.5944657,4.221928,4.2479277,6.0,1.0,0.2857143,0.04761905,0.53846157,0.91156465,1.0,1.0,3.0,18.0,10.5,7.5,1.0,0.11111111,3.4613202,0.0,8.6295,1.4894104,1.3809524
bv2bx5hpkllgaurn4e.biz,rovnix,22.0,18.0,2.0,3.0,0.14285715,18.0,0.85714287,0.0,0.0,4.0,0.1904762,14.0,0.6666667,18.0,0.85714287,0.3809524,4.0706563,4.321928,4.2479277,6.0,1.0,0.2857143,0.04761905,0.11111111,0.93424034,1.0,0.0,6.0,18.0,10.5,7.5,1.0,0.16666667,3.947703,0.0,9.44,1.1540786,1.3809524
zzhrl7fq82r1ixhq7y.biz,rovnix,22.0,18.0,2.0,5.0,0.23809524,16.0,0.7619048,0.0,0.0,2.0,0.0952381,14.0,0.6666667,14.0,0.6666667,0.33333334,3.6897037,4.321928,4.2479277,5.0,2.0,0.23809524,0.0952381,0.42857143,0.9160998,1.0,0.0,8.0,18.0,10.5,7.5,1.0,0.2777778,3.6143694,0.0,9.704,2.0736227,1.3809524
57gcrwjsxy3zs1nnxy.com,rovnix,22.0,18.0,2.0,4.0,0.1904762,17.0,0.8095238,0.0,0.0,1.0,0.04761905,16.0,0.7619048,16.0,0.7619048,0.2857143,3.916127,4.221928,4.2479277,8.0,2.0,0.3809524,0.0952381,0.3125,0.9297052,1.0,1.0,5.0,18.0,10.5,7.5,1.0,0.22222222,3.7254806,0.0,9.0335,1.4267145,1.3809524
22ki3mq6jm6rzhleyw.ru,rovnix,21.0,18.0,2.0,5.0,0.25,15.0,0.75,0.0,0.0,3.0,0.15,12.0,0.6,16.0,0.8,0.3,3.9219282,4.2479277,4.169925,4.0,2.0,0.2,0.1,0.25,0.93,1.0,1.0,7.0,18.0,10.0,8.0,1.0,0.2777778,3.8365917,0.0,9.59579,1.5473796,1.4
k7g6juwh8ptwflyz5r.com,rovnix,22.0,18.0,2.0,4.0,0.1904762,17.0,0.8095238,0.0,0.0,2.0,0.0952381,15.0,0.71428573,20.0,0.95238096,0.2857143,4.2970796,4.321928,4.2479277,7.0,1.0,0.33333334,0.04761905,0.05,0.9478458,1.0,0.0,8.0,18.0,10.5,7.5,1.0,0.22222222,4.058814,0.0,8.96,1.246228,1.3809524
mgt7er7ylm3v12xpjc.cn,rovnix,21.0,18.0,2.0,5.0,0.25,15.0,0.75,0.0,0.0,1.0,0.05,14.0,0.7,17.0,0.85,0.4,4.0219283,4.2479277,4.169925,6.0,2.0,0.3,0.1,0.1764706,0.935,1.0,0.0,8.0,18.0,10.0,8.0,1.0,0.2777778,3.947703,0.0,9.558421,1.3301709,1.4
ofpdltxgvh471dyu2f.com,rovnix,22.0,18.0,2.0,4.0,0.1904762,17.0,0.8095238,0.0,0.0,3.0,0.14285715,14.0,0.6666667,18.0,0.85714287,0.42857143,4.106603,4.321928,4.2479277,9.0,3.0,0.42857143,0.14285715,0.16666667,0.93877554,1.0,0.0,4.0,18.0,10.5,7.5,1.0,0.22222222,3.947703,0.0,9.0445,1.1381869,1.3809524
wd1ykpn7dksgorkazb.net,rovnix,22.0,18.0,2.0,2.0,0.0952381,19.0,0.9047619,0.0,0.0,3.0,0.14285715,16.0,0.7619048,17.0,0.8095238,0.33333334,3.975418,4.321928,4.2479277,4.0,1.0,0.1904762,0.04761905,0.1764706,0.9297052,1.0,0.0,4.0,18.0,10.5,7.5,1.0,0.11111111,3.7946534,0.0,8.9165,0.925545,1.3809524
4doij5vv7ygs1tspln.biz,rovnix,22.0,18.0,2.0,4.0,0.1904762,17.0,0.8095238,0.0,0.0,3.0,0.14285715,14.0,0.6666667,18.0,0.85714287,0.2857143,4.106603,4.321928,4.2479277,6.0,1.0,0.2857143,0.04761905,0.16666667,0.93877554,1.0,1.0,7.0,18.0,10.5,7.5,1.0,0.22222222,3.947703,0.0,8.7805,1.1565021,1.3809524
85gzii2jzkjxbdfg4m.biz,rovnix,22.0,18.0,2.0,4.0,0.1904762,17.0,0.8095238,0.0,0.0,3.0,0.14285715,14.0,0.6666667,14.0,0.6666667,0.3809524,3.6537566,4.321928,4.2479277,9.0,2.0,0.42857143,0.0952381,0.35714287,0.91156465,1.0,1.0,5.0,18.0,10.5,7.5,1.0,0.22222222,3.7254806,0.0,9.704,2.0513754,1.3809524
jgnfyez7aive7arjmn.net,rovnix,22.0,18.0,2.0,2.0,0.0952381,19.0,0.9047619,0.0,0.0,6.0,0.2857143,13.0,0.61904764,14.0,0.6666667,0.3809524,3.6537566,4.221928,4.2479277,5.0,1.0,0.23809524,0.04761905,0.35714287,0.91156465,1.0,0.0,4.0,18.0,10.5,7.5,1.0,0.11111111,3.6143694,0.0,8.347,1.1290997,1.3809524
egultbkls4r5p3fijc.biz,rovnix,22.0,18.0,2.0,3.0,0.14285715,18.0,0.85714287,0.0,0.0,4.0,0.1904762,14.0,0.6666667,18.0,0.85714287,0.3809524,4.106603,4.321928,4.2479277,6.0,1.0,0.2857143,0.04761905,0.16666667,0.93877554,1.0,0.0,6.0,18.0,10.5,7.5,1.0,0.16666667,4.058814,0.0,8.8645,1.0622376,1.3809524
wl74alq3dkdiobnuoe.com,rovnix,22.0,18.0,2.0,3.0,0.14285715,18.0,0.85714287,0.0,0.0,7.0,0.33333334,11.0,0.52380955,17.0,0.8095238,0.42857143,3.975418,4.321928,4.2479277,3.0,2.0,0.14285715,0.0952381,0.1764706,0.9297052,1.0,0.0,4.0,18.0,10.5,7.5,1.0,0.16666667,3.8365917,0.0,7.6275,0.94082373,1.3809524
rsobupelu7t54tqxs1.com,rovnix,22.0,18.0,2.0,4.0,0.1904762,17.0,0.8095238,0.0,0.0,5.0,0.23809524,12.0,0.5714286,17.0,0.8095238,0.33333334,4.011365,4.321928,4.2479277,4.0,2.0,0.1904762,0.0952381,0.23529412,0.93424034,1.0,0.0,6.0,18.0,10.5,7.5,1.0,0.22222222,3.8365917,0.0,7.4035,1.0448914,1.3809524
8ugfvh3q7a1xduk3xe.net,rovnix,22.0,18.0,2.0,5.0,0.23809524,16.0,0.7619048,0.0,0.0,5.0,0.23809524,11.0,0.52380955,17.0,0.8095238,0.47619048,4.011365,4.321928,4.2479277,4.0,1.0,0.1904762,0.04761905,0.23529412,0.93424034,1.0,1.0,9.0,18.0,10.5,7.5,1.0,0.2777778,3.8365917,0.0,8.905,1.4337415,1.3809524
jb53xfg3di8xfjhvce.net,rovnix,22.0,18.0,2.0,4.0,0.1904762,17.0,0.8095238,0.0,0.0,3.0,0.14285715,14.0,0.6666667,16.0,0.7619048,0.52380955,3.916127,4.221928,4.2479277,6.0,2.0,0.2857143,0.0952381,0.3125,0.9297052,1.0,0.0,6.0,18.0,10.5,7.5,1.0,0.22222222,3.7254806,0.0,8.2265,1.5134108,1.3809524
rmd8y4ehm2g5j36rtw.ru,rovnix,21.0,18.0,2.0,6.0,0.3,14.0,0.7,0.0,0.0,2.0,0.1,12.0,0.6,17.0,0.85,0.4,3.9841838,4.2479277,4.169925,4.0,2.0,0.2,0.1,0.11764706,0.93,1.0,0.0,10.0,18.0,10.0,8.0,1.0,0.33333334,3.947703,0.0,9.606316,1.3722671,1.4
h2mx4tsdjnuwh3qf6r.biz,rovnix,22.0,18.0,2.0,4.0,0.1904762,17.0,0.8095238,0.0,0.0,2.0,0.0952381,15.0,0.71428573,20.0,0.95238096,0.33333334,4.2970796,4.321928,4.2479277,5.0,1.0,0.23809524,0.04761905,0.05,0.9478458,1.0,0.0,8.0,18.0,10.5,7.5,1.0,0.22222222,4.058814,0.0,9.704,1.2512562,1.3809524
1o1q5w18rac22xiziw.ru,rovnix,21.0,18.0,2.0,7.0,0.35,13.0,0.65,0.0,0.0,5.0,0.25,8.0,0.4,14.0,0.7,0.45,3.6841838,4.2479277,4.169925,2.0,2.0,0.1,0.1,0.35714287,0.915,1.0,1.0,9.0,18.0,10.0,8.0,1.0,0.3888889,3.5724313,0.0,9.277369,1.7488929,1.4
hpohinnmnov72e6u7p.com,rovnix,22.0,18.0,2.0,4.0,0.1904762,17.0,0.8095238,0.0,0.0,6.0,0.2857143,11.0,0.52380955,13.0,0.61904764,0.2857143,3.5585186,4.321928,4.2479277,4.0,2.0,0.1904762,0.0952381,0.46153846,0.90702945,1.0,0.0,6.0,18.0,10.5,7.5,1.0,0.22222222,3.4613202,0.0,7.918,1.2411553,1.3809524
5mad7fz43ia2mo77o6.com,rovnix,22.0,18.0,2.0,8.0,0.3809524,13.0,0.61904764,0.0,0.0,6.0,0.2857143,7.0,0.33333334,14.0,0.6666667,0.61904764,3.6178098,4.321928,4.2479277,2.0,2.0,0.0952381,0.0952381,0.2857143,0.90702945,1.0,1.0,11.0,18.0,10.5,7.5,1.0,0.44444445,3.5724313,0.0,8.048,1.8046173,1.3809524
7ozreal46iq41oevt4.biz,rovnix,22.0,18.0,2.0,6.0,0.2857143,15.0,0.71428573,0.0,0.0,7.0,0.33333334,8.0,0.3809524,15.0,0.71428573,0.47619048,3.784942,4.321928,4.2479277,2.0,2.0,0.0952381,0.0952381,0.33333334,0.9206349,1.0,1.0,7.0,18.0,10.5,7.5,1.0,0.33333334,3.6835423,0.0,8.2395,1.5703942,1.3809524
j357jhdo5bpknvxlil.biz,rovnix,22.0,18.0,2.0,4.0,0.1904762,17.0,0.8095238,0.0,0.0,3.0,0.14285715,14.0,0.6666667,16.0,0.7619048,0.33333334,3.916127,4.321928,4.2479277,7.0,3.0,0.33333334,0.14285715,0.3125,0.9297052,1.0,0.0,4.0,18.0,10.5,7.5,1.0,0.22222222,3.8365917,0.0,8.709,1.5852376,1.3809524
cwinsp3nkll1urrxyk.net,rovnix,22.0,18.0,2.0,2.0,0.0952381,19.0,0.9047619,0.0,0.0,3.0,0.14285715,16.0,0.7619048,16.0,0.7619048,0.1904762,3.88018,4.321928,4.2479277,6.0,1.0,0.2857143,0.04761905,0.25,0.92517006,1.0,0.0,4.0,18.0,10.5,7.5,1.0,0.11111111,3.7254806,0.0,7.9555,0.8149765,1.3809524
73teqbo88rrofnojnq.com,rovnix,22.0,18.0,2.0,4.0,0.1904762,17.0,0.8095238,0.0,0.0,5.0,0.23809524,12.0,0.5714286,14.0,0.6666667,0.3809524,3.6304126,4.321928,4.2479277,4.0,2.0,0.1904762,0.0952381,0.35714287,0.90702945,1.0,1.0,3.0,18.0,10.5,7.5,1.0,0.22222222,3.4613202,0.0,8.3,1.450023,1.3809524
fy4l5cso3x6nky46yx.cn,rovnix,21.0,18.0,2.0,6.0,0.3,14.0,0.7,0.0,0.0,1.0,0.05,13.0,0.65,13.0,0.65,0.45,3.5841837,4.1426644,4.169925,4.0,2.0,0.2,0.1,0.46153846,0.91,1.0,0.0,10.0,18.0,10.0,8.0,1.0,0.33333334,3.5724313,0.0,9.669474,1.913775,1.4
gyhjv7l4sxj5bbd1af.com,rovnix,22.0,18.0,2.0,4.0,0.1904762,17.0,0.8095238,0.0,0.0,2.0,0.0952381,15.0,0.71428573,19.0,0.9047619,0.47619048,4.2018414,4.321928,4.2479277,5.0,1.0,0.23809524,0.04761905,0.10526316,0.9433107,1.0,0.0,8.0,18.0,10.5,7.5,1.0,0.22222222,3.947703,0.0,9.3075,1.3008765,1.3809524
7xgtsbi5d3sh58w4tr.net,rovnix,22.0,18.0,2.0,6.0,0.2857143,15.0,0.71428573,0.0,0.0,2.0,0.0952381,13.0,0.61904764,17.0,0.8095238,0.42857143,3.975418,4.321928,4.2479277,5.0,2.0,0.23809524,0.0952381,0.1764706,0.9297052,1.0,1.0,9.0,18.0,10.5,7.5,1.0,0.33333334,3.8365917,0.0,8.669,1.2555782,1.3809524
rd7c3t38u2dyjbgzru.cn,rovnix,21.0,18.0,2.0,5.0,0.25,15.0,0.75,0.0,0.0,2.0,0.1,13.0,0.65,15.0,0.75,0.5,3.821928,4.2479277,4.169925,7.0,2.0,0.35,0.1,0.33333334,0.925,1.0,0.0,8.0,18.0,10.0,8.0,1.0,0.2777778,3.7254806,0.0,10.0,1.51184,1.4
wlwdff8huy3fphlfrw.com,rovnix,22.0,18.0,2.0,2.0,0.0952381,19.0,0.9047619,0.0,0.0,2.0,0.0952381,17.0,0.8095238,14.0,0.6666667,0.3809524,3.5944657,4.321928,4.2479277,8.0,1.0,0.3809524,0.04761905,0.2857143,0.9024943,1.0,0.0,4.0,18.0,10.5,7.5,1.0,0.11111111,3.2390978,0.0,9.0235,1.3573047,1.3809524
ou7w86pjhp4jddttvj.biz,rovnix,22.0,18.0,2.0,4.0,0.1904762,17.0,0.8095238,0.0,0.0,3.0,0.14285715,14.0,0.6666667,16.0,0.7619048,0.33333334,3.88018,4.321928,4.2479277,8.0,2.0,0.3809524,0.0952381,0.25,0.92517006,1.0,0.0,6.0,18.0,10.5,7.5,1.0,0.22222222,3.5724313,0.0,9.323,1.6258146,1.3809524
7qw8nc42fbvh4yf3s2.ru,rovnix,21.0,18.0,2.0,7.0,0.35,13.0,0.65,0.0,0.0,1.0,0.05,12.0,0.6,17.0,0.85,0.55,4.0219283,4.2479277,4.169925,4.0,2.0,0.2,0.1,0.1764706,0.935,1.0,1.0,11.0,18.0,10.0,8.0,1.0,0.3888889,3.8365917,0.0,10.0,1.7202129,1.4
obz1udm8orrysbgbpd.ru,rovnix,21.0,18.0,2.0,2.0,0.1,18.0,0.9,0.0,0.0,4.0,0.2,14.0,0.7,13.0,0.65,0.35,3.5464394,4.2479277,4.169925,10.0,1.0,0.5,0.05,0.3846154,0.905,1.0,0.0,4.0,18.0,10.0,8.0,1.0,0.11111111,3.5724313,0.0,8.977895,1.2520947,1.4
scchn1o8xpdimepg1m.com,rovnix,22.0,18.0,2.0,3.0,0.14285715,18.0,0.85714287,0.0,0.0,4.0,0.1904762,14.0,0.6666667,14.0,0.6666667,0.3809524,3.6537566,4.321928,4.2479277,5.0,1.0,0.23809524,0.04761905,0.35714287,0.91156465,1.0,0.0,6.0,18.0,10.5,7.5,1.0,0.16666667,3.7254806,0.0,7.815,1.1052716,1.3809524
ie2ngqjwupbkki3mpt.com,rovnix,22.0,18.0,2.0,2.0,0.0952381,19.0,0.9047619,0.0,0.0,5.0,0.23809524,14.0,0.6666667,17.0,0.8095238,0.23809524,4.011365,4.321928,4.2479277,5.0,1.0,0.23809524,0.04761905,0.23529412,0.93424034,1.0,0.0,4.0,18.0,10.5,7.5,1.0,0.11111111,3.8365917,0.0,8.6735,1.0280329,1.3809524
tznfktmnwf24lcnlr5.net,rovnix,22.0,18.0,2.0,3.0,0.14285715,18.0,0.85714287,0.0,0.0,1.0,0.04761905,17.0,0.8095238,14.0,0.6666667,0.33333334,3.5944657,4.321928,4.2479277,10.0,2.0,0.47619048,0.0952381,0.2857143,0.9024943,1.0,0.0,4.0,18.0,10.5,7.5,1.0,0.16666667,3.5724313,0.0,9.3115,1.175485,1.3809524
s23esblsdqxq867wg4.biz,rovnix,22.0,18.0,2.0,6.0,0.2857143,15.0,0.71428573,0.0,0.0,2.0,0.0952381,13.0,0.61904764,17.0,0.8095238,0.47619048,3.975418,4.321928,4.2479277,8.0,3.0,0.3809524,0.14285715,0.1764706,0.9297052,1.0,0.0,6.0,18.0,10.5,7.5,1.0,0.33333334,3.7946534,0.0,9.033,1.7339011,1.3809524
hv57pz4e7l4a7zbwh7.com,rovnix,22.0,18.0,2.0,7.0,0.33333334,14.0,0.6666667,0.0,0.0,3.0,0.14285715,11.0,0.52380955,15.0,0.71428573,0.52380955,3.7256508,4.321928,4.2479277,4.0,2.0,0.1904762,0.0952381,0.26666668,0.91156465,1.0,0.0,12.0,18.0,10.5,7.5,1.0,0.3888889,3.3921473,0.0,9.3075,1.9621302,1.3809524
xkdl7y7nczfsyprvj3.biz,rovnix,22.0,18.0,2.0,3.0,0.14285715,18.0,0.85714287,0.0,0.0,1.0,0.04761905,17.0,0.8095238,18.0,0.85714287,0.33333334,4.106603,4.321928,4.2479277,10.0,1.0,0.47619048,0.04761905,0.16666667,0.93877554,1.0,0.0,6.0,18.0,10.5,7.5,1.0,0.16666667,3.947703,0.0,9.369,1.4368802,1.3809524
oarfr7dumvenojxnuv.com,rovnix,22.0,18.0,2.0,1.0,0.04761905,20.0,0.95238096,0.0,0.0,7.0,0.33333334,13.0,0.61904764,14.0,0.6666667,0.2857143,3.6897037,4.321928,4.2479277,3.0,1.0,0.14285715,0.04761905,0.42857143,0.9160998,1.0,0.0,2.0,18.0,10.5,7.5,1.0,0.055555556,3.6143694,0.0,7.666,0.9731714,1.3809524
gluhhvzpj84o57uchw.cn,rovnix,21.0,18.0,2.0,4.0,0.2,16.0,0.8,0.0,0.0,3.0,0.15,13.0,0.65,16.0,0.8,0.3,3.8841836,4.2479277,4.169925,6.0,2.0,0.3,0.1,0.1875,0.925,1.0,0.0,4.0,18.0,10.0,8.0,1.0,0.22222222,3.7946534,0.0,9.439474,1.5170395,1.4
7klzfy547bb1pavaxh.biz,rovnix,22.0,18.0,2.0,5.0,0.23809524,16.0,0.7619048,0.0,0.0,3.0,0.14285715,13.0,0.61904764,16.0,0.7619048,0.52380955,3.88018,4.321928,4.2479277,5.0,3.0,0.23809524,0.14285715,0.25,0.92517006,1.0,1.0,5.0,18.0,10.5,7.5,1.0,0.2777778,3.8365917,0.0,9.391,1.7975888,1.3809524
ouj21mrz84zl73cdgf.com,rovnix,22.0,18.0,2.0,6.0,0.2857143,15.0,0.71428573,0.0,0.0,3.0,0.14285715,12.0,0.5714286,17.0,0.8095238,0.47619048,4.011365,4.321928,4.2479277,5.0,2.0,0.23809524,0.0952381,0.23529412,0.93424034,1.0,0.0,6.0,18.0,10.5,7.5,1.0,0.33333334,4.058814,0.0,8.9265,1.5419779,1.3809524
w2i8zpa7kbnobejrph.biz,rovnix,22.0,18.0,2.0,3.0,0.14285715,18.0,0.85714287,0.0,0.0,5.0,0.23809524,13.0,0.61904764,16.0,0.7619048,0.3809524,3.88018,4.321928,4.2479277,5.0,1.0,0.23809524,0.04761905,0.25,0.92517006,1.0,0.0,6.0,18.0,10.5,7.5,1.0,0.16666667,3.947703,0.0,8.539,1.3589164,1.3809524
4ip2oqaigis12p1jsg.biz,rovnix,22.0,18.0,2.0,5.0,0.23809524,16.0,0.7619048,0.0,0.0,6.0,0.2857143,10.0,0.47619048,13.0,0.61904764,0.33333334,3.5351746,4.321928,4.2479277,4.0,2.0,0.1904762,0.0952381,0.46153846,0.9024943,1.0,1.0,7.0,18.0,10.5,7.5,1.0,0.2777778,3.350209,0.0,8.7465,1.5589596,1.3809524
86shqx74jlminuks26.cn,rovnix,21.0,18.0,2.0,6.0,0.3,14.0,0.7,0.0,0.0,2.0,0.1,12.0,0.6,17.0,0.85,0.35,4.0219283,4.2479277,4.169925,4.0,2.0,0.2,0.1,0.1764706,0.935,1.0,1.0,5.0,18.0,10.0,8.0,1.0,0.33333334,3.947703,0.0,9.219474,1.5839763,1.4
5gan7o7ds5mr73ovby.ru,rovnix,21.0,18.0,2.0,6.0,0.3,14.0,0.7,0.0,0.0,4.0,0.2,10.0,0.5,15.0,0.75,0.45,3.7841837,4.2479277,4.169925,4.0,2.0,0.2,0.1,0.26666668,0.92,1.0,1.0,9.0,18.0,10.0,8.0,1.0,0.33333334,3.6835423,0.0,9.561052,1.4490287,1.4
jeyv3ay1upj2uw4ssd.net,rovnix,22.0,18.0,2.0,4.0,0.1904762,17.0,0.8095238,0.0,0.0,5.0,0.23809524,12.0,0.5714286,16.0,0.7619048,0.3809524,3.916127,4.321928,4.2479277,4.0,1.0,0.1904762,0.04761905,0.3125,0.9297052,1.0,0.0,8.0,18.0,10.5,7.5,1.0,0.22222222,3.7254806,0.0,8.947,1.112105,1.3809524
t5rwnt7rae765fsb6b.ru,rovnix,21.0,18.0,2.0,6.0,0.3,14.0,0.7,0.0,0.0,3.0,0.15,11.0,0.55,13.0,0.65,0.55,3.5841837,4.2479277,4.169925,4.0,3.0,0.2,0.15,0.46153846,0.91,1.0,0.0,8.0,18.0,10.0,8.0,1.0,0.33333334,3.5032582,0.0,9.238947,1.5563416,1.4
w8epbvj158kt3l8rpm.cn,rovnix,21.0,18.0,2.0,6.0,0.3,14.0,0.7,0.0,0.0,1.0,0.05,13.0,0.65,17.0,0.85,0.45,3.9841838,4.2479277,4.169925,5.0,3.0,0.25,0.15,0.11764706,0.93,1.0,0.0,8.0,18.0,10.0,8.0,1.0,0.33333334,3.7946534,0.0,9.729474,1.5207194,1.4
8f16ajhtpeatepyine.cn,rovnix,21.0,18.0,2.0,3.0,0.15,17.0,0.85,0.0,0.0,6.0,0.3,11.0,0.55,14.0,0.7,0.5,3.6841838,4.2479277,4.169925,4.0,2.0,0.2,0.1,0.35714287,0.915,1.0,1.0,3.0,18.0,10.0,8.0,1.0,0.16666667,3.5724313,0.0,7.0147367,0.9940032,1.4
8xxbi3cwjkigf673ka.cn,rovnix,21.0,18.0,2.0,5.0,0.25,15.0,0.75,0.0,0.0,3.0,0.15,12.0,0.6,15.0,0.75,0.5,3.821928,4.2479277,4.169925,4.0,3.0,0.2,0.15,0.33333334,0.925,1.0,1.0,5.0,18.0,10.0,8.0,1.0,0.2777778,3.7254806,0.0,9.336843,1.7814897,1.4
wdxmvb5elb1lhgvtzw.biz,rovnix,22.0,18.0,2.0,2.0,0.0952381,19.0,0.9047619,0.0,0.0,2.0,0.0952381,17.0,0.8095238,15.0,0.71428573,0.33333334,3.784942,4.321928,4.2479277,8.0,1.0,0.3809524,0.04761905,0.33333334,0.9206349,1.0,0.0,4.0,18.0,10.5,7.5,1.0,0.11111111,3.7254806,0.0,9.3615,1.4576302,1.3809524
dso46vqu5c6r2t5xid.net,rovnix,22.0,18.0,2.0,6.0,0.2857143,15.0,0.71428573,0.0,0.0,4.0,0.1904762,11.0,0.52380955,17.0,0.8095238,0.47619048,4.011365,4.321928,4.2479277,2.0,2.0,0.0952381,0.0952381,0.23529412,0.93424034,1.0,0.0,10.0,18.0,10.5,7.5,1.0,0.33333334,3.8365917,0.0,8.709,1.322053,1.3809524
qflbwluokjnlx6bibi.com,rovnix,22.0,18.0,2.0,1.0,0.04761905,20.0,0.95238096,0.0,0.0,5.0,0.23809524,15.0,0.71428573,15.0,0.71428573,0.2857143,3.7489948,4.221928,4.2479277,6.0,1.0,0.2857143,0.04761905,0.26666668,0.9160998,1.0,0.0,2.0,18.0,10.5,7.5,1.0,0.055555556,3.530493,0.0,8.364,1.2628106,1.3809524
iaq5e71w3246vpo6pb.cn,rovnix,21.0,18.0,2.0,8.0,0.4,12.0,0.6,0.0,0.0,4.0,0.2,8.0,0.4,18.0,0.9,0.6,4.121928,4.2479277,4.169925,4.0,4.0,0.2,0.2,0.11111111,0.94,1.0,0.0,8.0,18.0,10.0,8.0,1.0,0.44444445,3.947703,0.0,9.3731575,1.6032292,1.4
6cxvfxuwuyrx1epz1b.com,rovnix,22.0,18.0,2.0,3.0,0.14285715,18.0,0.85714287,0.0,0.0,4.0,0.1904762,14.0,0.6666667,16.0,0.7619048,0.3809524,3.88018,4.321928,4.2479277,5.0,1.0,0.23809524,0.04761905,0.25,0.92517006,1.0,1.0,5.0,18.0,10.5,7.5,1.0,0.16666667,3.6835423,0.0,9.0505,1.49649,1.3809524
zuml46t5pzcqfid6tk.biz,rovnix,22.0,18.0,2.0,4.0,0.1904762,17.0,0.8095238,0.0,0.0,3.0,0.14285715,14.0,0.6666667,16.0,0.7619048,0.3809524,3.88018,4.221928,4.2479277,5.0,2.0,0.23809524,0.0952381,0.25,0.92517006,1.0,0.0,6.0,18.0,10.5,7.5,1.0,0.22222222,3.8365917,0.0,9.104,1.6928922,1.3809524
1lmuo8dhtjbgvnqifx.net,rovnix,22.0,18.0,2.0,2.0,0.0952381,19.0,0.9047619,0.0,0.0,4.0,0.1904762,15.0,0.71428573,19.0,0.9047619,0.2857143,4.2018414,4.321928,4.2479277,9.0,1.0,0.42857143,0.04761905,0.10526316,0.9433107,1.0,1.0,3.0,18.0,10.5,7.5,1.0,0.11111111,4.169925,0.0,9.0365,0.8893551,1.3809524
usfxhiwqkzj33qzyuq.biz,rovnix,22.0,18.0,2.0,2.0,0.0952381,19.0,0.9047619,0.0,0.0,4.0,0.1904762,15.0,0.71428573,14.0,0.6666667,0.1904762,3.6537566,4.321928,4.2479277,5.0,2.0,0.23809524,0.0952381,0.35714287,0.91156465,1.0,0.0,2.0,18.0,10.5,7.5,1.0,0.11111111,3.5724313,0.0,9.08,2.0657763,1.3809524
ixc6hbgtimkvgq6j2e.ru,rovnix,21.0,18.0,2.0,3.0,0.15,17.0,0.85,0.0,0.0,4.0,0.2,13.0,0.65,17.0,0.85,0.3,4.0219283,4.2479277,4.169925,5.0,1.0,0.25,0.05,0.1764706,0.935,1.0,0.0,6.0,18.0,10.0,8.0,1.0,0.16666667,3.8365917,0.0,8.863685,1.308628,1.4
pyq3hw71lyggdlq27d.ru,rovnix,21.0,18.0,2.0,5.0,0.25,15.0,0.75,0.0,0.0,1.0,0.05,14.0,0.7,14.0,0.7,0.35,3.7219281,4.2479277,4.169925,7.0,2.0,0.35,0.1,0.42857143,0.92,1.0,0.0,6.0,18.0,10.0,8.0,1.0,0.2777778,3.5032582,0.0,9.634211,1.7147226,1.4
ifo8fhsid8ohmtr4u6.ru,rovnix,21.0,18.0,2.0,4.0,0.2,16.0,0.8,0.0,0.0,6.0,0.3,10.0,0.5,13.0,0.65,0.35,3.621928,4.2479277,4.169925,4.0,1.0,0.2,0.05,0.53846157,0.915,1.0,0.0,8.0,18.0,10.0,8.0,1.0,0.22222222,3.6143694,0.0,8.326842,1.2545009,1.4
i5jdaw1x1jjgehwyop.net,rovnix,22.0,18.0,2.0,3.0,0.14285715,18.0,0.85714287,0.0,0.0,5.0,0.23809524,13.0,0.61904764,16.0,0.7619048,0.33333334,3.88018,4.321928,4.2479277,3.0,1.0,0.14285715,0.04761905,0.25,0.92517006,1.0,0.0,6.0,18.0,10.5,7.5,1.0,0.16666667,3.6835423,0.0,8.681,1.1851083,1.3809524
k4csdria42cwrke8an.biz,rovnix,22.0,18.0,2.0,4.0,0.1904762,17.0,0.8095238,0.0,0.0,5.0,0.23809524,12.0,0.5714286,15.0,0.71428573,0.52380955,3.8208888,4.321928,4.2479277,4.0,2.0,0.1904762,0.0952381,0.4,0.92517006,1.0,0.0,6.0,18.0,10.5,7.5,1.0,0.22222222,3.6143694,0.0,8.6635,1.1674049,1.3809524
rqbpoyxq3kxwi2dtg8.biz,rovnix,22.0,18.0,2.0,3.0,0.14285715,18.0,0.85714287,0.0,0.0,3.0,0.14285715,15.0,0.71428573,17.0,0.8095238,0.2857143,4.011365,4.321928,4.2479277,4.0,1.0,0.1904762,0.04761905,0.23529412,0.93424034,1.0,0.0,6.0,18.0,10.5,7.5,1.0,0.16666667,3.947703,0.0,9.377,1.5452992,1.3809524
7cv7pa1s1s6yaomipt.net,rovnix,22.0,18.0,2.0,5.0,0.23809524,16.0,0.7619048,0.0,0.0,5.0,0.23809524,11.0,0.52380955,15.0,0.71428573,0.42857143,3.8208888,4.221928,4.2479277,3.0,1.0,0.14285715,0.04761905,0.4,0.92517006,1.0,1.0,9.0,18.0,10.5,7.5,1.0,0.2777778,3.6143694,0.0,8.088,1.0514721,1.3809524
u6dw1tvg5rtbu4yb2u.biz,rovnix,22.0,18.0,2.0,5.0,0.23809524,16.0,0.7619048,0.0,0.0,4.0,0.1904762,12.0,0.5714286,16.0,0.7619048,0.42857143,3.8442328,4.321928,4.2479277,3.0,1.0,0.14285715,0.04761905,0.1875,0.9206349,1.0,0.0,10.0,18.0,10.5,7.5,1.0,0.2777778,3.6835423,0.0,9.0245,1.504447,1.3809524
wv4pgzso8ibic2qfw7.cn,rovnix,21.0,18.0,2.0,4.0,0.2,16.0,0.8,0.0,0.0,3.0,0.15,13.0,0.65,17.0,0.85,0.4,4.0219283,4.2479277,4.169925,4.0,1.0,0.2,0.05,0.1764706,0.935,1.0,0.0,8.0,18.0,10.0,8.0,1.0,0.22222222,3.947703,0.0,8.987895,1.4355371,1.4
ujkbhhofnkt2x1kw5p.cn,rovnix,21.0,18.0,2.0,3.0,0.15,17.0,0.85,0.0,0.0,2.0,0.1,15.0,0.75,16.0,0.8,0.3,3.8841836,4.2479277,4.169925,5.0,1.0,0.25,0.05,0.1875,0.925,1.0,0.0,6.0,18.0,10.0,8.0,1.0,0.16666667,3.7946534,0.0,9.67579,1.3450172,1.4
pigsfukyna3ngvjhb4.biz,rovnix,22.0,18.0,2.0,2.0,0.0952381,19.0,0.9047619,0.0,0.0,4.0,0.1904762,15.0,0.71428573,17.0,0.8095238,0.2857143,4.011365,4.321928,4.2479277,6.0,1.0,0.2857143,0.04761905,0.23529412,0.93424034,1.0,0.0,4.0,18.0,10.5,7.5,1.0,0.11111111,3.947703,0.0,8.441,1.14504,1.3809524
5ssh6ozrac5qbmu3nb.ru,rovnix,21.0,18.0,2.0,4.0,0.2,16.0,0.8,0.0,0.0,4.0,0.2,12.0,0.6,15.0,0.75,0.4,3.821928,4.2479277,4.169925,3.0,1.0,0.15,0.05,0.33333334,0.925,1.0,1.0,7.0,18.0,10.0,8.0,1.0,0.22222222,3.8365917,0.0,8.893684,1.3524401,1.4
6azjgp1z1ltxjgx635.biz,rovnix,22.0,18.0,2.0,6.0,0.2857143,15.0,0.71428573,0.0,0.0,2.0,0.0952381,13.0,0.61904764,14.0,0.6666667,0.3809524,3.6897037,4.221928,4.2479277,6.0,3.0,0.2857143,0.14285715,0.42857143,0.9160998,1.0,1.0,7.0,18.0,10.5,7.5,1.0,0.33333334,3.5032582,0.0,9.441,2.1712854,1.3809524
w63571rdlxkl1qeo5s.cn,rovnix,21.0,18.0,2.0,7.0,0.35,13.0,0.65,0.0,0.0,2.0,0.1,11.0,0.55,17.0,0.85,0.5,4.0219283,4.2479277,4.169925,6.0,5.0,0.3,0.25,0.1764706,0.935,1.0,0.0,6.0,18.0,10.0,8.0,1.0,0.3888889,3.8365917,0.0,10.0,1.5026548,1.4
78jfodzyl6remp64mf.cn,rovnix,21.0,18.0,2.0,5.0,0.25,15.0,0.75,0.0,0.0,2.0,0.1,13.0,0.65,17.0,0.85,0.5,4.0219283,4.2479277,4.169925,4.0,2.0,0.2,0.1,0.1764706,0.935,1.0,1.0,5.0,18.0,10.0,8.0,1.0,0.2777778,3.8365917,0.0,8.636842,1.4754547,1.4
qvxxy1nxf41bzgbrzf.com,rovnix,22.0,18.0,2.0,3.0,0.14285715,18.0,0.85714287,0.0,0.0,1.0,0.04761905,17.0,0.8095238,15.0,0.71428573,0.3809524,3.784942,4.321928,4.2479277,8.0,2.0,0.3809524,0.0952381,0.33333334,0.9206349,1.0,0.0,4.0,18.0,10.5,7.5,1.0,0.16666667,3.4613202,0.0,9.3075,1.8549544,1.3809524
s4codzwneszphtqatd.cn,rovnix,21.0,18.0,2.0,1.0,0.05,19.0,0.95,0.0,0.0,3.0,0.15,16.0,0.8,14.0,0.7,0.35,3.7219281,4.2479277,4.169925,6.0,1.0,0.3,0.05,0.42857143,0.92,1.0,0.0,2.0,18.0,10.0,8.0,1.0,0.055555556,3.7254806,0.0,8.396842,1.0238383,1.4
idfcfodhbjk6xbp14e.cn,rovnix,21.0,18.0,2.0,3.0,0.15,17.0,0.85,0.0,0.0,3.0,0.15,14.0,0.7,16.0,0.8,0.6,3.9219282,4.2479277,4.169925,5.0,2.0,0.25,0.1,0.25,0.93,1.0,0.0,4.0,18.0,10.0,8.0,1.0,0.16666667,3.8365917,0.0,9.022632,1.3014809,1.4
vmaqml7lkjwinwz13y.net,rovnix,22.0,18.0,2.0,3.0,0.14285715,18.0,0.85714287,0.0,0.0,3.0,0.14285715,15.0,0.71428573,17.0,0.8095238,0.23809524,4.011365,4.321928,4.2479277,4.0,2.0,0.1904762,0.0952381,0.23529412,0.93424034,1.0,0.0,4.0,18.0,10.5,7.5,1.0,0.16666667,3.8365917,0.0,8.5495,1.1978384,1.3809524
z376vu68dg5ouezvrs.com,rovnix,22.0,18.0,2.0,6.0,0.2857143,15.0,0.71428573,0.0,0.0,5.0,0.23809524,10.0,0.47619048,16.0,0.7619048,0.42857143,3.916127,4.321928,4.2479277,5.0,3.0,0.23809524,0.14285715,0.3125,0.9297052,1.0,0.0,6.0,18.0,10.5,7.5,1.0,0.33333334,3.7254806,0.0,8.579,1.6073853,1.3809524
a1vrhcf47tuqwa4oq6.biz,rovnix,22.0,18.0,2.0,5.0,0.23809524,16.0,0.7619048,0.0,0.0,5.0,0.23809524,11.0,0.52380955,18.0,0.85714287,0.47619048,4.106603,4.321928,4.2479277,5.0,2.0,0.23809524,0.0952381,0.16666667,0.93877554,1.0,0.0,8.0,18.0,10.5,7.5,1.0,0.2777778,3.8365917,0.0,9.428,1.4600835,1.3809524
cl8ft6znoptoh1k6np.net,rovnix,22.0,18.0,2.0,4.0,0.1904762,17.0,0.8095238,0.0,0.0,3.0,0.14285715,14.0,0.6666667,14.0,0.6666667,0.33333334,3.6537566,4.321928,4.2479277,3.0,1.0,0.14285715,0.04761905,0.35714287,0.91156465,1.0,0.0,8.0,18.0,10.5,7.5,1.0,0.22222222,3.6143694,0.0,8.0305,1.2496475,1.3809524
sf2pnpa4l8xri32k72.net,rovnix,22.0,18.0,2.0,7.0,0.33333334,14.0,0.6666667,0.0,0.0,3.0,0.14285715,11.0,0.52380955,17.0,0.8095238,0.47619048,3.975418,4.321928,4.2479277,3.0,2.0,0.14285715,0.0952381,0.1764706,0.9297052,1.0,0.0,10.0,18.0,10.5,7.5,1.0,0.3888889,3.7946534,0.0,8.6435,1.3096216,1.3809524
41ov1uo7ksjf6lvyxc.cn,rovnix,21.0,18.0,2.0,5.0,0.25,15.0,0.75,0.0,0.0,3.0,0.15,12.0,0.6,16.0,0.8,0.4,3.9219282,4.2479277,4.169925,7.0,2.0,0.35,0.1,0.25,0.93,1.0,1.0,7.0,18.0,10.0,8.0,1.0,0.2777778,3.8365917,0.0,10.0,1.5060211,1.4
jy6borhsuzhtaqiqzq.cn,rovnix,21.0,18.0,2.0,1.0,0.05,19.0,0.95,0.0,0.0,4.0,0.2,15.0,0.75,16.0,0.8,0.2,3.8841836,4.2479277,4.169925,5.0,1.0,0.25,0.05,0.1875,0.925,1.0,0.0,2.0,18.0,10.0,8.0,1.0,0.055555556,3.6835423,0.0,9.243684,1.3978404,1.4
hnj6luf876v5exefga.cn,rovnix,21.0,18.0,2.0,5.0,0.25,15.0,0.75,0.0,0.0,4.0,0.2,11.0,0.55,16.0,0.8,0.55,3.9219282,4.2479277,4.169925,3.0,3.0,0.15,0.15,0.25,0.93,1.0,0.0,6.0,18.0,10.0,8.0,1.0,0.2777778,3.8365917,0.0,9.341053,1.4915535,1.4
na2f1wi76v754u4dqv.biz,rovnix,22.0,18.0,2.0,8.0,0.3809524,13.0,0.61904764,0.0,0.0,4.0,0.1904762,9.0,0.42857143,17.0,0.8095238,0.5714286,4.011365,4.321928,4.2479277,4.0,3.0,0.1904762,0.14285715,0.23529412,0.93424034,1.0,0.0,10.0,18.0,10.5,7.5,1.0,0.44444445,3.8365917,0.0,9.3665,1.8673007,1.3809524
rehfftuabypttnaj7v.net,rovnix,22.0,18.0,2.0,1.0,0.04761905,20.0,0.95238096,0.0,0.0,5.0,0.23809524,15.0,0.71428573,14.0,0.6666667,0.3809524,3.6304126,4.321928,4.2479277,6.0,1.0,0.2857143,0.04761905,0.35714287,0.90702945,1.0,0.0,2.0,18.0,10.5,7.5,1.0,0.055555556,3.6835423,0.0,7.9815,0.90395695,1.3809524
ebqaa5tqqpnz4oeqk1.cn,rovnix,21.0,18.0,2.0,3.0,0.15,17.0,0.85,0.0,0.0,5.0,0.25,12.0,0.6,14.0,0.7,0.45,3.621928,4.2479277,4.169925,6.0,1.0,0.3,0.05,0.2857143,0.905,1.0,0.0,6.0,18.0,10.0,8.0,1.0,0.16666667,3.5032582,0.0,10.0,1.638388,1.4
jqw258oki7zmpk7578.com,rovnix,22.0,18.0,2.0,8.0,0.3809524,13.0,0.61904764,0.0,0.0,3.0,0.14285715,10.0,0.47619048,14.0,0.6666667,0.42857143,3.6897037,4.321928,4.2479277,4.0,4.0,0.1904762,0.1904762,0.42857143,0.9160998,1.0,0.0,6.0,18.0,10.5,7.5,1.0,0.44444445,3.5724313,0.0,9.041,2.2098136,1.3809524
odxlo424ugzjftffxd.biz,rovnix,22.0,18.0,2.0,3.0,0.14285715,18.0,0.85714287,0.0,0.0,4.0,0.1904762,14.0,0.6666667,14.0,0.6666667,0.42857143,3.6897037,4.321928,4.2479277,10.0,3.0,0.47619048,0.14285715,0.42857143,0.9160998,1.0,0.0,2.0,18.0,10.5,7.5,1.0,0.16666667,3.4613202,0.0,9.3675,1.6903617,1.3809524
2x78yp87wcjw76fqgb.ru,rovnix,21.0,18.0,2.0,7.0,0.35,13.0,0.65,0.0,0.0,1.0,0.05,12.0,0.6,16.0,0.8,0.5,3.8841836,4.2479277,4.169925,5.0,2.0,0.25,0.1,0.1875,0.925,1.0,1.0,7.0,18.0,10.0,8.0,1.0,0.3888889,3.6835423,0.0,10.0,2.145211,1.4
33y46eu1sycrkyt6y1.com,rovnix,22.0,18.0,2.0,7.0,0.33333334,14.0,0.6666667,0.0,0.0,3.0,0.14285715,11.0,0.52380955,14.0,0.6666667,0.47619048,3.6304126,4.321928,4.2479277,7.0,2.0,0.33333334,0.0952381,0.35714287,0.90702945,1.0,1.0,9.0,18.0,10.5,7.5,1.0,0.3888889,3.3921473,0.0,9.0335,1.6117897,1.3809524
jvwlojjl8vyttyy2dr.biz,rovnix,22.0,18.0,2.0,2.0,0.0952381,19.0,0.9047619,0.0,0.0,2.0,0.0952381,17.0,0.8095238,14.0,0.6666667,0.1904762,3.6537566,4.321928,4.2479277,6.0,1.0,0.2857143,0.04761905,0.35714287,0.91156465,1.0,0.0,4.0,18.0,10.5,7.5,1.0,0.11111111,3.308271,0.0,9.066,1.5035203,1.3809524
4ntdyguhrxxirf721l.biz,rovnix,22.0,18.0,2.0,4.0,0.1904762,17.0,0.8095238,0.0,0.0,3.0,0.14285715,14.0,0.6666667,18.0,0.85714287,0.33333334,4.106603,4.321928,4.2479277,5.0,3.0,0.23809524,0.14285715,0.16666667,0.93877554,1.0,1.0,3.0,18.0,10.5,7.5,1.0,0.22222222,3.947703,0.0,9.3335,1.200644,1.3809524
sgoue2oke3aj8rynzi.com,rovnix,22.0,18.0,2.0,3.0,0.14285715,18.0,0.85714287,0.0,0.0,8.0,0.3809524,10.0,0.47619048,18.0,0.85714287,0.33333334,4.0706563,4.321928,4.2479277,4.0,1.0,0.1904762,0.04761905,0.11111111,0.93424034,1.0,0.0,6.0,18.0,10.5,7.5,1.0,0.16666667,3.947703,0.0,8.277,0.8089343,1.3809524
3drs34vy48o11l6eu2.ru,rovnix,21.0,18.0,2.0,9.0,0.45,11.0,0.55,0.0,0.0,4.0,0.2,7.0,0.35,15.0,0.75,0.55,3.821928,4.2479277,4.169925,3.0,2.0,0.15,0.1,0.33333334,0.925,1.0,1.0,11.0,18.0,10.0,8.0,1.0,0.5,3.8365917,0.0,9.634211,1.630194,1.4
fs3xppwqy7r8qoza6k.cn,rovnix,21.0,18.0,2.0,4.0,0.2,16.0,0.8,0.0,0.0,2.0,0.1,14.0,0.7,18.0,0.9,0.35,4.121928,4.2479277,4.169925,6.0,1.0,0.3,0.05,0.11111111,0.94,1.0,0.0,8.0,18.0,10.0,8.0,1.0,0.22222222,3.947703,0.0,9.725264,1.5568304,1.4
b8cmhhrjxb27q58w8e.net,rovnix,22.0,18.0,2.0,6.0,0.2857143,15.0,0.71428573,0.0,0.0,2.0,0.0952381,13.0,0.61904764,16.0,0.7619048,0.52380955,3.88018,4.321928,4.2479277,8.0,2.0,0.3809524,0.0952381,0.25,0.92517006,1.0,0.0,8.0,18.0,10.5,7.5,1.0,0.33333334,3.6835423,0.0,8.905,1.690922,1.3809524
wbxvc15igxwvxcq1ft.net,rovnix,22.0,18.0,2.0,3.0,0.14285715,18.0,0.85714287,0.0,0.0,2.0,0.0952381,16.0,0.7619048,14.0,0.6666667,0.3809524,3.6897037,4.321928,4.2479277,7.0,2.0,0.33333334,0.0952381,0.42857143,0.9160998,1.0,0.0,4.0,18.0,10.5,7.5,1.0,0.16666667,3.4613202,0.0,9.3115,1.6180333,1.3809524
ozbex8ce5tbjbhtpom.biz,rovnix,22.0,18.0,2.0,2.0,0.0952381,19.0,0.9047619,0.0,0.0,5.0,0.23809524,14.0,0.6666667,14.0,0.6666667,0.42857143,3.6304126,4.321928,4.2479277,7.0,1.0,0.33333334,0.04761905,0.35714287,0.90702945,1.0,0.0,4.0,18.0,10.5,7.5,1.0,0.11111111,3.5724313,0.0,8.116,1.4633964,1.3809524
n1d6p7epqti4fynyqr.cn,rovnix,21.0,18.0,2.0,4.0,0.2,16.0,0.8,0.0,0.0,2.0,0.1,14.0,0.7,15.0,0.75,0.4,3.7841837,4.2479277,4.169925,8.0,1.0,0.4,0.05,0.26666668,0.92,1.0,0.0,8.0,18.0,10.0,8.0,1.0,0.22222222,3.7254806,0.0,9.316316,1.4099836,1.4
stjrweqeve1olywfdp.cn,rovnix,21.0,18.0,2.0,1.0,0.05,19.0,0.95,0.0,0.0,4.0,0.2,15.0,0.75,17.0,0.85,0.35,3.9841838,4.2479277,4.169925,8.0,1.0,0.4,0.05,0.11764706,0.93,1.0,0.0,2.0,18.0,10.0,8.0,1.0,0.055555556,3.7946534,0.0,8.32421,0.783404,1.4
kbvvdf5kplw4w63hbr.com,rovnix,22.0,18.0,2.0,4.0,0.1904762,17.0,0.8095238,0.0,0.0,1.0,0.04761905,16.0,0.7619048,17.0,0.8095238,0.42857143,4.011365,4.321928,4.2479277,6.0,2.0,0.2857143,0.0952381,0.23529412,0.93424034,1.0,0.0,6.0,18.0,10.5,7.5,1.0,0.22222222,3.7254806,0.0,8.9985,1.4178927,1.3809524
pgkpbpgtwwfhk6ekg8.net,rovnix,22.0,18.0,2.0,2.0,0.0952381,19.0,0.9047619,0.0,0.0,2.0,0.0952381,17.0,0.8095238,12.0,0.5714286,0.2857143,3.4273336,4.221928,4.2479277,13.0,1.0,0.61904764,0.04761905,0.5,0.8979592,1.0,0.0,4.0,18.0,10.5,7.5,1.0,0.11111111,3.2663326,0.0,9.3115,1.4684337,1.3809524
ayi7yvv7aoktbmaimu.cn,rovnix,21.0,18.0,2.0,2.0,0.1,18.0,0.9,0.0,0.0,7.0,0.35,11.0,0.55,13.0,0.65,0.35,3.5841837,4.2479277,4.169925,4.0,1.0,0.2,0.05,0.46153846,0.91,1.0,0.0,4.0,18.0,10.0,8.0,1.0,0.11111111,3.350209,0.0,9.3610525,1.1514009,1.4
bypqqt5x3qkfmmqf35.biz,rovnix,22.0,18.0,2.0,4.0,0.1904762,17.0,0.8095238,0.0,0.0,1.0,0.04761905,16.0,0.7619048,13.0,0.61904764,0.3809524,3.5351746,4.321928,4.2479277,7.0,2.0,0.33333334,0.0952381,0.46153846,0.9024943,1.0,0.0,6.0,18.0,10.5,7.5,1.0,0.22222222,3.2810361,0.0,9.704,2.304917,1.3809524
ro2vpz1j7866ejs8wz.net,rovnix,22.0,18.0,2.0,7.0,0.33333334,14.0,0.6666667,0.0,0.0,3.0,0.14285715,11.0,0.52380955,16.0,0.7619048,0.42857143,3.916127,4.321928,4.2479277,3.0,4.0,0.14285715,0.1904762,0.3125,0.9297052,1.0,0.0,8.0,18.0,10.5,7.5,1.0,0.3888889,3.7254806,0.0,8.954,1.7445898,1.3809524
dgny6tzezegckhlm2m.net,rovnix,22.0,18.0,2.0,2.0,0.0952381,19.0,0.9047619,0.0,0.0,3.0,0.14285715,16.0,0.7619048,14.0,0.6666667,0.33333334,3.6897037,4.221928,4.2479277,6.0,1.0,0.2857143,0.04761905,0.42857143,0.9160998,1.0,0.0,4.0,18.0,10.5,7.5,1.0,0.11111111,3.7254806,0.0,9.3115,1.1050032,1.3809524
q3is6yk6hiio3qbx3m.com,rovnix,22.0,18.0,2.0,5.0,0.23809524,16.0,0.7619048,0.0,0.0,5.0,0.23809524,11.0,0.52380955,13.0,0.61904764,0.33333334,3.5585186,4.321928,4.2479277,3.0,1.0,0.14285715,0.04761905,0.46153846,0.90702945,1.0,0.0,10.0,18.0,10.5,7.5,1.0,0.2777778,3.4193819,0.0,8.1865,1.7895968,1.3809524
ruipvyzvjna5csyanq.cn,rovnix,21.0,18.0,2.0,1.0,0.05,19.0,0.95,0.0,0.0,4.0,0.2,15.0,0.75,14.0,0.7,0.25,3.6841838,4.2479277,4.169925,7.0,1.0,0.35,0.05,0.35714287,0.915,1.0,0.0,2.0,18.0,10.0,8.0,1.0,0.055555556,3.7254806,0.0,8.663157,1.2142278,1.4
y58bohzhew68rhrsqd.net,rovnix,22.0,18.0,2.0,4.0,0.1904762,17.0,0.8095238,0.0,0.0,3.0,0.14285715,14.0,0.6666667,16.0,0.7619048,0.3809524,3.88018,4.321928,4.2479277,7.0,2.0,0.33333334,0.0952381,0.25,0.92517006,1.0,0.0,4.0,18.0,10.5,7.5,1.0,0.22222222,3.6835423,0.0,8.535,1.2776077,1.3809524
jz3b1bbciixfbp4ijo.com,rovnix,22.0,18.0,2.0,3.0,0.14285715,18.0,0.85714287,0.0,0.0,5.0,0.23809524,13.0,0.61904764,13.0,0.61904764,0.47619048,3.4992275,4.321928,4.2479277,4.0,1.0,0.1904762,0.04761905,0.3846154,0.8979592,1.0,0.0,6.0,18.0,10.5,7.5,1.0,0.16666667,3.350209,0.0,9.0485,1.727374,1.3809524
5363iid7zg4iyo6wvp.com,rovnix,22.0,18.0,2.0,7.0,0.33333334,14.0,0.6666667,0.0,0.0,5.0,0.23809524,9.0,0.42857143,16.0,0.7619048,0.42857143,3.88018,4.321928,4.2479277,4.0,4.0,0.1904762,0.1904762,0.25,0.92517006,1.0,1.0,7.0,18.0,10.5,7.5,1.0,0.3888889,3.6835423,0.0,9.019,1.6678928,1.3809524
78m8uy8nlufxtsg3tx.biz,rovnix,22.0,18.0,2.0,5.0,0.23809524,16.0,0.7619048,0.0,0.0,3.0,0.14285715,13.0,0.61904764,16.0,0.7619048,0.33333334,3.88018,4.321928,4.2479277,5.0,2.0,0.23809524,0.0952381,0.25,0.92517006,1.0,1.0,7.0,18.0,10.5,7.5,1.0,0.2777778,3.5724313,0.0,9.704,1.6030238,1.3809524
favg5eqv8bbinn6kbp.biz,rovnix,22.0,18.0,2.0,3.0,0.14285715,18.0,0.85714287,0.0,0.0,4.0,0.1904762,14.0,0.6666667,15.0,0.71428573,0.47619048,3.7256508,4.221928,4.2479277,4.0,1.0,0.1904762,0.04761905,0.26666668,0.91156465,1.0,0.0,6.0,18.0,10.5,7.5,1.0,0.16666667,3.6835423,0.0,8.9855,1.6078025,1.3809524
glm2uwilqkkg13qhdw.net,rovnix,22.0,18.0,2.0,3.0,0.14285715,18.0,0.85714287,0.0,0.0,3.0,0.14285715,15.0,0.71428573,16.0,0.7619048,0.23809524,3.916127,4.321928,4.2479277,5.0,2.0,0.23809524,0.0952381,0.3125,0.9297052,1.0,0.0,4.0,18.0,10.5,7.5,1.0,0.16666667,3.6143694,0.0,8.71,1.209644,1.3809524
pj7z4ck5ftu1wlgoqy.net,rovnix,22.0,18.0,2.0,4.0,0.1904762,17.0,0.8095238,0.0,0.0,3.0,0.14285715,14.0,0.6666667,20.0,0.95238096,0.33333334,4.2970796,4.321928,4.2479277,3.0,1.0,0.14285715,0.04761905,0.05,0.9478458,1.0,0.0,8.0,18.0,10.5,7.5,1.0,0.22222222,4.169925,0.0,9.0355,1.1754521,1.3809524
8eht7ya5ac2nvq6au6.net,rovnix,22.0,18.0,2.0,6.0,0.2857143,15.0,0.71428573,0.0,0.0,6.0,0.2857143,9.0,0.42857143,15.0,0.71428573,0.5714286,3.784942,4.321928,4.2479277,3.0,1.0,0.14285715,0.04761905,0.33333334,0.9206349,1.0,1.0,11.0,18.0,10.5,7.5,1.0,0.33333334,3.7946534,0.0,8.9775,1.3688229,1.3809524
w17m2i8y5sbjk128pb.biz,rovnix,22.0,18.0,2.0,8.0,0.3809524,13.0,0.61904764,0.0,0.0,2.0,0.0952381,11.0,0.52380955,15.0,0.71428573,0.52380955,3.784942,4.321928,4.2479277,4.0,3.0,0.1904762,0.14285715,0.33333334,0.9206349,1.0,0.0,10.0,18.0,10.5,7.5,1.0,0.44444445,3.7254806,0.0,9.704,1.9742256,1.3809524
dl48fzghhpfxm3fcrt.cn,rovnix,21.0,18.0,2.0,3.0,0.15,17.0,0.85,0.0,0.0,0.0,0.0,17.0,0.85,16.0,0.8,0.45,3.8841836,4.2479277,4.169925,9.0,2.0,0.45,0.1,0.1875,0.925,1.0,0.0,4.0,18.0,10.0,8.0,1.0,0.16666667,3.7946534,0.0,9.317895,1.3759811,1.4
hece4qfrm2qcs37atr.com,rovnix,22.0,18.0,2.0,4.0,0.1904762,17.0,0.8095238,0.0,0.0,4.0,0.1904762,13.0,0.61904764,15.0,0.71428573,0.52380955,3.784942,4.321928,4.2479277,4.0,2.0,0.1904762,0.0952381,0.33333334,0.9206349,1.0,0.0,6.0,18.0,10.5,7.5,1.0,0.22222222,3.7254806,0.0,7.1735,1.2233047,1.3809524
tpqcj4p5zvp7es216s.biz,rovnix,22.0,18.0,2.0,6.0,0.2857143,15.0,0.71428573,0.0,0.0,2.0,0.0952381,13.0,0.61904764,17.0,0.8095238,0.42857143,3.975418,4.321928,4.2479277,5.0,3.0,0.23809524,0.14285715,0.1764706,0.9297052,1.0,0.0,8.0,18.0,10.5,7.5,1.0,0.33333334,3.7946534,0.0,9.3025,1.7204164,1.3809524
v5jleu7zdzde2rqkv5.ru,rovnix,21.0,18.0,2.0,4.0,0.2,16.0,0.8,0.0,0.0,4.0,0.2,12.0,0.6,13.0,0.65,0.4,3.621928,4.037401,4.169925,4.0,1.0,0.2,0.05,0.53846157,0.915,1.0,0.0,8.0,18.0,10.0,8.0,1.0,0.22222222,3.6143694,0.0,9.199473,1.7908766,1.4
hiioyxeiox1owx7fjb.com,rovnix,22.0,18.0,2.0,2.0,0.0952381,19.0,0.9047619,0.0,0.0,8.0,0.3809524,11.0,0.52380955,14.0,0.6666667,0.2857143,3.5585186,4.221928,4.2479277,4.0,1.0,0.1904762,0.04761905,0.21428572,0.8979592,1.0,0.0,4.0,18.0,10.5,7.5,1.0,0.11111111,3.3774438,0.0,7.8895,1.3714968,1.3809524
4a8tgzyrymg8gpong6.cn,rovnix,21.0,18.0,2.0,4.0,0.2,16.0,0.8,0.0,0.0,2.0,0.1,14.0,0.7,14.0,0.7,0.3,3.621928,4.2479277,4.169925,8.0,1.0,0.4,0.05,0.2857143,0.905,1.0,1.0,7.0,18.0,10.0,8.0,1.0,0.22222222,3.5032582,0.0,8.524736,1.4948938,1.4
v8r8r5h4o3eg7qiwyx.biz,rovnix,22.0,18.0,2.0,6.0,0.2857143,15.0,0.71428573,0.0,0.0,4.0,0.1904762,11.0,0.52380955,18.0,0.85714287,0.3809524,4.106603,4.221928,4.2479277,4.0,1.0,0.1904762,0.04761905,0.16666667,0.93877554,1.0,0.0,12.0,18.0,10.5,7.5,1.0,0.33333334,3.947703,0.0,9.704,1.6008302,1.3809524
ea6zdhm823fws3o6ad.biz,rovnix,22.0,18.0,2.0,6.0,0.2857143,15.0,0.71428573,0.0,0.0,5.0,0.23809524,10.0,0.47619048,16.0,0.7619048,0.61904764,3.916127,4.321928,4.2479277,4.0,3.0,0.1904762,0.14285715,0.3125,0.9297052,1.0,0.0,8.0,18.0,10.5,7.5,1.0,0.33333334,3.7254806,0.0,8.9695,1.4865358,1.3809524
ai4i6e8ag1ne51ufx7.com,rovnix,22.0,18.0,2.0,7.0,0.33333334,14.0,0.6666667,0.0,0.0,8.0,0.3809524,6.0,0.2857143,17.0,0.8095238,0.61904764,4.011365,4.321928,4.2479277,2.0,2.0,0.0952381,0.0952381,0.23529412,0.93424034,1.0,0.0,12.0,18.0,10.5,7.5,1.0,0.3888889,3.7254806,0.0,8.6765,1.2649872,1.3809524
hkeor5j8fj3y7ib8p5.com,rovnix,22.0,18.0,2.0,6.0,0.2857143,15.0,0.71428573,0.0,0.0,4.0,0.1904762,11.0,0.52380955,17.0,0.8095238,0.47619048,4.011365,4.321928,4.2479277,2.0,1.0,0.0952381,0.04761905,0.23529412,0.93424034,1.0,0.0,12.0,18.0,10.5,7.5,1.0,0.33333334,3.8365917,0.0,8.9125,1.5378901,1.3809524
3y1ajymgdha2loe4i6.biz,rovnix,22.0,18.0,2.0,5.0,0.23809524,16.0,0.7619048,0.0,0.0,6.0,0.2857143,10.0,0.47619048,18.0,0.85714287,0.47619048,4.106603,4.321928,4.2479277,6.0,1.0,0.2857143,0.04761905,0.16666667,0.93877554,1.0,1.0,9.0,18.0,10.5,7.5,1.0,0.2777778,3.947703,0.0,8.999,1.1431473,1.3809524
w1v87lwje5f2kk83tq.cn,rovnix,21.0,18.0,2.0,7.0,0.35,13.0,0.65,0.0,0.0,1.0,0.05,12.0,0.6,17.0,0.85,0.5,4.0219283,4.2479277,4.169925,4.0,2.0,0.2,0.1,0.1764706,0.935,1.0,0.0,10.0,18.0,10.0,8.0,1.0,0.3888889,3.8365917,0.0,10.0,1.7822483,1.4
18ain7ra85o8nzdi3a.com,rovnix,22.0,18.0,2.0,7.0,0.33333334,14.0,0.6666667,0.0,0.0,7.0,0.33333334,7.0,0.33333334,14.0,0.6666667,0.5714286,3.6537566,4.321928,4.2479277,3.0,2.0,0.14285715,0.0952381,0.35714287,0.91156465,1.0,1.0,9.0,18.0,10.5,7.5,1.0,0.3888889,3.4193819,0.0,7.87,1.4733024,1.3809524
ph1m65qd3ssigpezmm.com,rovnix,22.0,18.0,2.0,4.0,0.1904762,17.0,0.8095238,0.0,0.0,3.0,0.14285715,14.0,0.6666667,16.0,0.7619048,0.33333334,3.8208888,4.321928,4.2479277,4.0,2.0,0.1904762,0.0952381,0.1875,0.9160998,1.0,0.0,6.0,18.0,10.5,7.5,1.0,0.22222222,3.6835423,0.0,8.2645,1.3136795,1.3809524
jf76zmkrh4gy7ngcjo.cn,rovnix,21.0,18.0,2.0,4.0,0.2,16.0,0.8,0.0,0.0,1.0,0.05,15.0,0.75,15.0,0.75,0.35,3.821928,4.2479277,4.169925,5.0,2.0,0.25,0.1,0.33333334,0.925,1.0,0.0,6.0,18.0,10.0,8.0,1.0,0.22222222,3.8365917,0.0,9.340527,1.6341486,1.4
3xmvv4wqyzkrmmgmqx.com,rovnix,22.0,18.0,2.0,2.0,0.0952381,19.0,0.9047619,0.0,0.0,1.0,0.04761905,18.0,0.85714287,14.0,0.6666667,0.14285715,3.5537632,4.321928,4.2479277,13.0,1.0,0.61904764,0.04761905,0.2857143,0.89342403,1.0,1.0,3.0,18.0,10.5,7.5,1.0,0.11111111,3.3921473,0.0,9.3075,1.8939844,1.3809524
5feic8nwcyj3p181hp.cn,rovnix,21.0,18.0,2.0,6.0,0.3,14.0,0.7,0.0,0.0,2.0,0.1,12.0,0.6,14.0,0.7,0.55,3.6841838,4.2479277,4.169925,5.0,3.0,0.25,0.15,0.35714287,0.915,1.0,1.0,7.0,18.0,10.0,8.0,1.0,0.33333334,3.7254806,0.0,9.344211,1.6302174,1.4
l7inong2w2h873ve7t.biz,rovnix,22.0,18.0,2.0,7.0,0.33333334,14.0,0.6666667,0.0,0.0,4.0,0.1904762,10.0,0.47619048,16.0,0.7619048,0.42857143,3.88018,4.321928,4.2479277,2.0,3.0,0.0952381,0.14285715,0.25,0.92517006,1.0,0.0,10.0,18.0,10.5,7.5,1.0,0.3888889,3.6835423,0.0,7.9335,1.5208603,1.3809524
b3l4fhvhccke3l5qok.com,rovnix,22.0,18.0,2.0,4.0,0.1904762,17.0,0.8095238,0.0,0.0,3.0,0.14285715,14.0,0.6666667,14.0,0.6666667,0.47619048,3.6897037,4.221928,4.2479277,7.0,1.0,0.33333334,0.04761905,0.42857143,0.9160998,1.0,0.0,8.0,18.0,10.5,7.5,1.0,0.22222222,3.6143694,0.0,9.3075,1.5096897,1.3809524
w3267dwexirw722blx.com,rovnix,22.0,18.0,2.0,7.0,0.33333334,14.0,0.6666667,0.0,0.0,3.0,0.14285715,11.0,0.52380955,15.0,0.71428573,0.52380955,3.7489948,4.321928,4.2479277,4.0,4.0,0.1904762,0.1904762,0.26666668,0.9160998,1.0,0.0,4.0,18.0,10.5,7.5,1.0,0.3888889,3.4193819,0.0,8.746,1.7273542,1.3809524
2efwkzezm2d43gq6fp.ru,rovnix,21.0,18.0,2.0,5.0,0.25,15.0,0.75,0.0,0.0,3.0,0.15,12.0,0.6,16.0,0.8,0.5,3.9219282,4.2479277,4.169925,4.0,2.0,0.2,0.1,0.25,0.93,1.0,1.0,7.0,18.0,10.0,8.0,1.0,0.2777778,3.7254806,0.0,9.647368,1.6703389,1.4
xycpamlavfwguprary.cn,rovnix,21.0,18.0,2.0,0.0,0.0,20.0,1.0,0.0,0.0,4.0,0.2,16.0,0.8,14.0,0.7,0.3,3.6841838,4.1426644,4.169925,4.0,0.0,0.2,0.0,0.35714287,0.915,0.0,0.0,0.0,18.0,10.0,8.0,1.0,0.0,3.5724313,0.0,7.5836844,0.9461653,1.4
yuhatk3v58g3a4fbsr.cn,rovnix,21.0,18.0,2.0,5.0,0.25,15.0,0.75,0.0,0.0,3.0,0.15,12.0,0.6,18.0,0.9,0.5,4.121928,4.2479277,4.169925,6.0,2.0,0.3,0.1,0.11111111,0.94,1.0,0.0,8.0,18.0,10.0,8.0,1.0,0.2777778,3.947703,0.0,9.188948,1.1763924,1.4
wmx3c8arlhzfbiusvu.com,rovnix,22.0,18.0,2.0,2.0,0.0952381,19.0,0.9047619,0.0,0.0,5.0,0.23809524,14.0,0.6666667,18.0,0.85714287,0.33333334,4.106603,4.321928,4.2479277,6.0,1.0,0.2857143,0.04761905,0.16666667,0.93877554,1.0,0.0,4.0,18.0,10.5,7.5,1.0,0.11111111,4.058814,0.0,8.3615,0.9932919,1.3809524
eqsk8sf2x7i3oj87h5.biz,rovnix,22.0,18.0,2.0,7.0,0.33333334,14.0,0.6666667,0.0,0.0,4.0,0.1904762,10.0,0.47619048,17.0,0.8095238,0.47619048,4.011365,4.321928,4.2479277,3.0,2.0,0.14285715,0.0952381,0.23529412,0.93424034,1.0,0.0,12.0,18.0,10.5,7.5,1.0,0.3888889,3.8365917,0.0,9.704,1.7962499,1.3809524
wvdpzi3hxf2a2zlhx7.cn,rovnix,21.0,18.0,2.0,4.0,0.2,16.0,0.8,0.0,0.0,2.0,0.1,14.0,0.7,16.0,0.8,0.4,3.9219282,4.1426644,4.169925,5.0,1.0,0.25,0.05,0.25,0.93,1.0,0.0,8.0,18.0,10.0,8.0,1.0,0.22222222,3.7254806,0.0,10.0,1.5882672,1.4
eordzy5j2ltxxvczpv.ru,rovnix,21.0,18.0,2.0,2.0,0.1,18.0,0.9,0.0,0.0,3.0,0.15,15.0,0.75,16.0,0.8,0.25,3.9219282,4.2479277,4.169925,10.0,1.0,0.5,0.05,0.25,0.93,1.0,0.0,4.0,18.0,10.0,8.0,1.0,0.11111111,3.8365917,0.0,9.307368,1.3716154,1.4
h67v537csv4jeqtsbp.biz,rovnix,22.0,18.0,2.0,6.0,0.2857143,15.0,0.71428573,0.0,0.0,2.0,0.0952381,13.0,0.61904764,17.0,0.8095238,0.47619048,4.011365,4.321928,4.2479277,6.0,3.0,0.2857143,0.14285715,0.23529412,0.93424034,1.0,0.0,6.0,18.0,10.5,7.5,1.0,0.33333334,3.8365917,0.0,9.704,1.7192786,1.3809524
4l7vnusg5pr1pem74j.net,rovnix,22.0,18.0,2.0,6.0,0.2857143,15.0,0.71428573,0.0,0.0,3.0,0.14285715,12.0,0.5714286,16.0,0.7619048,0.3809524,3.916127,4.321928,4.2479277,2.0,2.0,0.0952381,0.0952381,0.3125,0.9297052,1.0,1.0,9.0,18.0,10.5,7.5,1.0,0.33333334,3.8365917,0.0,8.0925,1.3100946,1.3809524
dtc5rduni5b3mvbmiz.ru,rovnix,21.0,18.0,2.0,3.0,0.15,17.0,0.85,0.0,0.0,4.0,0.2,13.0,0.65,13.0,0.65,0.4,3.621928,4.2479277,4.169925,4.0,1.0,0.2,0.05,0.53846157,0.915,1.0,0.0,6.0,18.0,10.0,8.0,1.0,0.16666667,3.6143694,0.0,9.327369,1.327411,1.4
zznpxu6m1q3kbfd8km.biz,rovnix,22.0,18.0,2.0,4.0,0.1904762,17.0,0.8095238,0.0,0.0,2.0,0.0952381,15.0,0.71428573,16.0,0.7619048,0.3809524,3.88018,4.321928,4.2479277,5.0,1.0,0.23809524,0.04761905,0.25,0.92517006,1.0,0.0,8.0,18.0,10.5,7.5,1.0,0.22222222,3.8365917,0.0,9.704,1.8930411,1.3809524
1f8n5wvzyufd3un8on.cn,rovnix,21.0,18.0,2.0,5.0,0.25,15.0,0.75,0.0,0.0,3.0,0.15,12.0,0.6,14.0,0.7,0.45,3.621928,4.2479277,4.169925,4.0,1.0,0.2,0.05,0.2857143,0.905,1.0,1.0,9.0,18.0,10.0,8.0,1.0,0.2777778,3.5724313,0.0,9.232632,1.6402174,1.4
rrcwczyrbq6xutqp1k.biz,rovnix,22.0,18.0,2.0,2.0,0.0952381,19.0,0.9047619,0.0,0.0,2.0,0.0952381,17.0,0.8095238,15.0,0.71428573,0.2857143,3.784942,4.321928,4.2479277,10.0,1.0,0.47619048,0.04761905,0.33333334,0.9206349,1.0,0.0,4.0,18.0,10.5,7.5,1.0,0.11111111,3.6835423,0.0,9.704,1.609342,1.3809524
gjvrz4mbbi6zt7svcj.ru,rovnix,21.0,18.0,2.0,3.0,0.15,17.0,0.85,0.0,0.0,2.0,0.1,15.0,0.75,15.0,0.75,0.3,3.821928,4.2479277,4.169925,5.0,1.0,0.25,0.05,0.33333334,0.925,1.0,0.0,6.0,18.0,10.0,8.0,1.0,0.16666667,3.7254806,0.0,9.688421,1.6296108,1.4
ow1unijzkn5zmmwesm.com,rovnix,22.0,18.0,2.0,2.0,0.0952381,19.0,0.9047619,0.0,0.0,5.0,0.23809524,14.0,0.6666667,14.0,0.6666667,0.1904762,3.6304126,4.321928,4.2479277,4.0,1.0,0.1904762,0.04761905,0.35714287,0.90702945,1.0,0.0,4.0,18.0,10.5,7.5,1.0,0.11111111,3.5724313,0.0,8.2915,1.2681507,1.3809524
ogdd7k67cz2eeymxhz.com,rovnix,22.0,18.0,2.0,4.0,0.1904762,17.0,0.8095238,0.0,0.0,4.0,0.1904762,13.0,0.61904764,14.0,0.6666667,0.47619048,3.7256508,4.321928,4.2479277,6.0,2.0,0.2857143,0.0952381,0.5,0.9206349,1.0,0.0,6.0,18.0,10.5,7.5,1.0,0.22222222,3.7254806,0.0,9.3075,1.5486245,1.3809524
1f5dkqnk7wb6lid8kz.com,rovnix,22.0,18.0,2.0,5.0,0.23809524,16.0,0.7619048,0.0,0.0,2.0,0.0952381,14.0,0.6666667,18.0,0.85714287,0.47619048,4.0706563,4.321928,4.2479277,5.0,1.0,0.23809524,0.04761905,0.11111111,0.93424034,1.0,1.0,9.0,18.0,10.5,7.5,1.0,0.2777778,3.7946534,0.0,8.663,1.5431747,1.3809524
gatyhab.com,simda,11.0,7.0,2.0,0.0,0.0,10.0,1.0,0.0,0.0,3.0,0.3,7.0,0.7,9.0,0.9,0.4,3.121928,3.169925,3.0,3.0,0.0,0.3,0.0,0.11111111,0.88,0.0,0.0,0.0,7.0,5.0,2.0,1.0,0.0,2.5216405,0.0,5.4066668,1.1066154,1.8
qeganu.info,simda,11.0,6.0,2.0,0.0,0.0,10.0,1.0,0.0,0.0,5.0,0.5,5.0,0.5,9.0,0.9,0.3,3.121928,3.169925,3.0,2.0,0.0,0.2,0.0,0.11111111,0.88,0.0,0.0,0.0,6.0,5.0,1.0,1.0,0.0,2.5849626,0.0,6.861111,1.13967,1.8
pumotul.info,simda,12.0,7.0,2.0,0.0,0.0,11.0,1.0,0.0,0.0,5.0,0.45454547,6.0,0.54545456,9.0,0.8181818,0.09090909,3.0957952,3.321928,3.169925,2.0,0.0,0.18181819,0.0,0.22222222,0.87603307,0.0,0.0,0.0,7.0,5.5,1.5,1.0,0.0,2.5216405,0.0,4.864,1.0110296,1.7272727
vonure.info,simda,11.0,6.0,2.0,0.0,0.0,10.0,1.0,0.0,0.0,5.0,0.5,5.0,0.5,8.0,0.8,0.2,2.9219282,3.169925,3.0,2.0,0.0,0.2,0.0,0.25,0.86,0.0,0.0,0.0,6.0,5.0,1.0,1.0,0.0,2.5849626,0.0,5.94,1.035213,1.8
galyziz.com,simda,11.0,7.0,2.0,0.0,0.0,10.0,1.0,0.0,0.0,3.0,0.3,7.0,0.7,9.0,0.9,0.2,3.121928,3.169925,3.0,3.0,0.0,0.3,0.0,0.11111111,0.88,0.0,0.0,0.0,7.0,5.0,2.0,1.0,0.0,2.5216405,0.0,6.8755555,1.5557799,1.8
divafuho.info,simda,13.0,8.0,2.0,0.0,0.0,12.0,1.0,0.0,0.0,6.0,0.5,6.0,0.5,9.0,0.75,0.33333334,3.0849626,3.4594316,3.321928,2.0,0.0,0.16666667,0.0,0.33333334,0.875,0.0,0.0,0.0,8.0,6.0,2.0,1.0,0.0,3.0,0.0,6.489091,1.1231886,1.6666666
hacofesy.info,simda,13.0,8.0,2.0,0.0,0.0,12.0,1.0,0.0,0.0,5.0,0.41666666,7.0,0.5833333,10.0,0.8333333,0.41666666,3.251629,3.4594316,3.321928,2.0,0.0,0.16666667,0.0,0.2,0.8888889,0.0,0.0,0.0,8.0,6.0,2.0,1.0,0.0,3.0,0.0,5.990909,0.87569684,1.6666666
foxanasy.info,simda,13.0,8.0,2.0,0.0,0.0,12.0,1.0,0.0,0.0,5.0,0.41666666,7.0,0.5833333,8.0,0.6666667,0.33333334,2.9182959,3.2776134,3.321928,2.0,0.0,0.16666667,0.0,0.5,0.8611111,0.0,0.0,0.0,8.0,6.0,2.0,1.0,0.0,2.75,0.0,6.018182,1.2182132,1.6666666
lysylar.com,simda,11.0,7.0,2.0,0.0,0.0,10.0,1.0,0.0,0.0,2.0,0.2,8.0,0.8,8.0,0.8,0.2,2.9219282,3.169925,3.0,5.0,0.0,0.5,0.0,0.25,0.86,0.0,0.0,0.0,7.0,5.0,2.0,1.0,0.0,2.2359264,0.0,6.0933332,1.1174636,1.8
qequruparuw.eu,simda,14.0,11.0,2.0,0.0,0.0,13.0,1.0,0.0,0.0,7.0,0.53846157,6.0,0.46153846,7.0,0.53846157,0.23076923,2.6235166,3.4182959,3.4594316,1.0,0.0,0.07692308,0.0,0.5714286,0.8165681,0.0,0.0,0.0,11.0,6.5,4.5,1.0,0.0,2.6635327,0.0,8.405833,1.72038,1.6153846
makavek.info,simda,12.0,7.0,2.0,0.0,0.0,11.0,1.0,0.0,0.0,5.0,0.45454547,6.0,0.54545456,9.0,0.8181818,0.36363637,3.0957952,3.321928,3.169925,2.0,0.0,0.18181819,0.0,0.22222222,0.87603307,0.0,0.0,0.0,7.0,5.5,1.5,1.0,0.0,2.2359264,0.0,7.271,1.1464819,1.7272727
hacebab.info,simda,12.0,7.0,2.0,0.0,0.0,11.0,1.0,0.0,0.0,5.0,0.45454547,6.0,0.54545456,9.0,0.8181818,0.6363636,3.0957952,3.321928,3.169925,2.0,0.0,0.18181819,0.0,0.22222222,0.87603307,0.0,0.0,0.0,7.0,5.5,1.5,1.0,0.0,2.2359264,0.0,4.605,1.047849,1.7272727
sisamaz.info,simda,12.0,7.0,2.0,0.0,0.0,11.0,1.0,0.0,0.0,5.0,0.45454547,6.0,0.54545456,8.0,0.72727275,0.27272728,2.9139771,3.321928,3.169925,2.0,0.0,0.18181819,0.0,0.375,0.8595041,0.0,0.0,0.0,7.0,5.5,1.5,1.0,0.0,2.2359264,0.0,5.152,1.1330346,1.7272727
mamymot.info,simda,12.0,7.0,2.0,0.0,0.0,11.0,1.0,0.0,0.0,4.0,0.36363637,7.0,0.6363636,8.0,0.72727275,0.18181819,2.845351,3.321928,3.169925,3.0,0.0,0.27272728,0.0,0.25,0.8429752,0.0,0.0,0.0,7.0,5.5,1.5,1.0,0.0,2.1280854,0.0,5.19,1.1670542,1.7272727
nopomit.info,simda,12.0,7.0,2.0,0.0,0.0,11.0,1.0,0.0,0.0,5.0,0.45454547,6.0,0.54545456,7.0,0.6363636,0.09090909,2.6635327,3.321928,3.169925,2.0,0.0,0.18181819,0.0,0.42857143,0.8264463,0.0,0.0,0.0,7.0,5.5,1.5,1.0,0.0,2.5216405,0.0,3.819,1.1535859,1.7272727
pujowep.info,simda,12.0,7.0,2.0,0.0,0.0,11.0,1.0,0.0,0.0,5.0,0.45454547,6.0,0.54545456,9.0,0.8181818,0.18181819,3.0957952,3.321928,3.169925,2.0,0.0,0.18181819,0.0,0.22222222,0.87603307,0.0,0.0,0.0,7.0,5.5,1.5,1.0,0.0,2.5216405,0.0,6.256,1.2566565,1.7272727
hafudew.su,simda,10.0,7.0,2.0,0.0,0.0,9.0,1.0,0.0,0.0,4.0,0.44444445,5.0,0.5555556,8.0,0.8888889,0.44444445,2.947703,3.0,2.807355,2.0,0.0,0.22222222,0.0,0.125,0.86419755,0.0,0.0,0.0,7.0,4.5,2.5,0.0,0.0,2.807355,0.0,7.50125,1.2168192,1.8888888
hanucew.info,simda,12.0,7.0,2.0,0.0,0.0,11.0,1.0,0.0,0.0,5.0,0.45454547,6.0,0.54545456,10.0,0.90909094,0.36363637,3.2776134,3.321928,3.169925,2.0,0.0,0.18181819,0.0,0.1,0.892562,0.0,0.0,0.0,7.0,5.5,1.5,1.0,0.0,2.807355,0.0,6.249,0.8511302,1.7272727
jezawuxa.info,simda,13.0,8.0,2.0,0.0,0.0,12.0,1.0,0.0,0.0,6.0,0.5,6.0,0.5,11.0,0.9166667,0.33333334,3.4182959,3.4594316,3.321928,2.0,0.0,0.16666667,0.0,0.09090909,0.9027778,0.0,0.0,0.0,8.0,6.0,2.0,1.0,0.0,2.75,0.0,8.654546,1.2562499,1.6666666
maxificygic.eu,simda,14.0,11.0,2.0,0.0,0.0,13.0,1.0,0.0,0.0,6.0,0.46153846,7.0,0.53846157,10.0,0.7692308,0.3846154,3.180833,3.4182959,3.4594316,3.0,0.0,0.23076923,0.0,0.2,0.87573963,0.0,0.0,0.0,11.0,6.5,4.5,1.0,0.0,2.845351,0.0,5.724167,1.2039118,1.6153846
cinyvam.info,simda,12.0,7.0,2.0,0.0,0.0,11.0,1.0,0.0,0.0,4.0,0.36363637,7.0,0.6363636,9.0,0.8181818,0.27272728,3.0957952,3.121928,3.169925,3.0,0.0,0.27272728,0.0,0.22222222,0.87603307,0.0,0.0,0.0,7.0,5.5,1.5,1.0,0.0,2.807355,0.0,6.479,1.1042162,1.7272727
pufybeg.com,simda,11.0,7.0,2.0,0.0,0.0,10.0,1.0,0.0,0.0,3.0,0.3,7.0,0.7,10.0,1.0,0.4,3.321928,3.169925,3.0,3.0,0.0,0.3,0.0,0.0,0.9,0.0,0.0,0.0,7.0,5.0,2.0,1.0,0.0,2.807355,0.0,7.2066665,1.2170838,1.8
wedafup.info,simda,12.0,7.0,2.0,0.0,0.0,11.0,1.0,0.0,0.0,5.0,0.45454547,6.0,0.54545456,10.0,0.90909094,0.45454547,3.2776134,3.321928,3.169925,2.0,0.0,0.18181819,0.0,0.1,0.892562,0.0,0.0,0.0,7.0,5.5,1.5,1.0,0.0,2.807355,0.0,6.606,0.992407,1.7272727
kemowujo.info,simda,13.0,8.0,2.0,0.0,0.0,12.0,1.0,0.0,0.0,6.0,0.5,6.0,0.5,10.0,0.8333333,0.16666667,3.188722,3.4594316,3.321928,2.0,0.0,0.16666667,0.0,0.1,0.875,0.0,0.0,0.0,8.0,6.0,2.0,1.0,0.0,2.75,0.0,7.0145454,1.1454397,1.6666666
vowybic.com,simda,11.0,7.0,2.0,0.0,0.0,10.0,1.0,0.0,0.0,3.0,0.3,7.0,0.7,8.0,0.8,0.3,2.9219282,3.169925,3.0,3.0,0.0,0.3,0.0,0.25,0.86,0.0,0.0,0.0,7.0,5.0,2.0,1.0,0.0,2.807355,0.0,6.367778,1.4851856,1.8
zukenad.su,simda,10.0,7.0,2.0,0.0,0.0,9.0,1.0,0.0,0.0,4.0,0.44444445,5.0,0.5555556,8.0,0.8888889,0.33333334,2.947703,3.0,2.807355,2.0,0.0,0.22222222,0.0,0.125,0.86419755,0.0,0.0,0.0,7.0,4.5,2.5,0.0,0.0,2.807355,0.0,7.2875,1.3346585,1.8888888
kejapin.info,simda,12.0,7.0,2.0,0.0,0.0,11.0,1.0,0.0,0.0,5.0,0.45454547,6.0,0.54545456,9.0,0.8181818,0.27272728,3.0957952,3.121928,3.169925,2.0,0.0,0.18181819,0.0,0.22222222,0.87603307,0.0,0.0,0.0,7.0,5.5,1.5,1.0,0.0,2.807355,0.0,6.561,1.1224083,1.7272727
qebuleg.info,simda,12.0,7.0,2.0,0.0,0.0,11.0,1.0,0.0,0.0,5.0,0.45454547,6.0,0.54545456,10.0,0.90909094,0.36363637,3.2776134,3.321928,3.169925,2.0,0.0,0.18181819,0.0,0.1,0.892562,0.0,0.0,0.0,7.0,5.5,1.5,1.0,0.0,2.5216405,0.0,5.981,1.1253648,1.7272727
volok.eu,simda,8.0,5.0,2.0,0.0,0.0,7.0,1.0,0.0,0.0,4.0,0.5714286,3.0,0.42857143,6.0,0.85714287,0.14285715,2.5216405,2.5849626,2.321928,1.0,0.0,0.14285715,0.0,0.16666667,0.81632656,0.0,0.0,0.0,5.0,3.5,1.5,1.0,0.0,1.921928,0.0,7.9383335,1.494536,2.142857
lyvyfon.com,simda,11.0,7.0,2.0,0.0,0.0,10.0,1.0,0.0,0.0,2.0,0.2,8.0,0.8,8.0,0.8,0.2,2.9219282,3.169925,3.0,5.0,0.0,0.5,0.0,0.25,0.86,0.0,0.0,0.0,7.0,5.0,2.0,1.0,0.0,2.5216405,0.0,6.0744443,1.4276924,1.8
masuluc.info,simda,12.0,7.0,2.0,0.0,0.0,11.0,1.0,0.0,0.0,5.0,0.45454547,6.0,0.54545456,10.0,0.90909094,0.27272728,3.2776134,3.321928,3.169925,2.0,0.0,0.18181819,0.0,0.1,0.892562,0.0,0.0,0.0,7.0,5.5,1.5,1.0,0.0,2.5216405,0.0,6.555,0.84603715,1.7272727
gatyniz.com,simda,11.0,7.0,2.0,0.0,0.0,10.0,1.0,0.0,0.0,3.0,0.3,7.0,0.7,10.0,1.0,0.2,3.321928,3.169925,3.0,3.0,0.0,0.3,0.0,0.0,0.9,0.0,0.0,0.0,7.0,5.0,2.0,1.0,0.0,2.807355,0.0,6.8977776,1.0752456,1.8
jewokedokaw.eu,simda,14.0,11.0,2.0,0.0,0.0,13.0,1.0,0.0,0.0,7.0,0.53846157,6.0,0.46153846,8.0,0.61538464,0.3846154,2.8731406,3.4182959,3.4594316,1.0,0.0,0.07692308,0.0,0.5,0.852071,0.0,0.0,0.0,11.0,6.5,4.5,1.0,0.0,2.732159,0.0,8.383333,1.3315849,1.6153846
hapyzasi.info,simda,13.0,8.0,2.0,0.0,0.0,12.0,1.0,0.0,0.0,5.0,0.41666666,7.0,0.5833333,10.0,0.8333333,0.25,3.251629,3.4594316,3.321928,3.0,0.0,0.25,0.0,0.2,0.8888889,0.0,0.0,0.0,8.0,6.0,2.0,1.0,0.0,2.75,0.0,6.1781816,1.0622419,1.6666666
qequfug.info,simda,12.0,7.0,2.0,0.0,0.0,11.0,1.0,0.0,0.0,5.0,0.45454547,6.0,0.54545456,8.0,0.72727275,0.27272728,2.9139771,3.321928,3.169925,2.0,0.0,0.18181819,0.0,0.375,0.8595041,0.0,0.0,0.0,7.0,5.5,1.5,1.0,0.0,2.2359264,0.0,7.381,1.7445151,1.7272727
kezagyr.info,simda,12.0,7.0,2.0,0.0,0.0,11.0,1.0,0.0,0.0,4.0,0.36363637,7.0,0.6363636,11.0,1.0,0.27272728,3.4594316,3.321928,3.169925,3.0,0.0,0.27272728,0.0,0.0,0.90909094,0.0,0.0,0.0,7.0,5.5,1.5,1.0,0.0,2.807355,0.0,7.265,1.0301025,1.7272727
lyxysar.com,simda,11.0,7.0,2.0,0.0,0.0,10.0,1.0,0.0,0.0,2.0,0.2,8.0,0.8,9.0,0.9,0.2,3.121928,3.169925,3.0,5.0,0.0,0.5,0.0,0.11111111,0.88,0.0,0.0,0.0,7.0,5.0,2.0,1.0,0.0,2.5216405,0.0,6.132222,1.2144994,1.8
ryhucel.net,simda,11.0,7.0,2.0,0.0,0.0,10.0,1.0,0.0,0.0,3.0,0.3,7.0,0.7,9.0,0.9,0.3,3.121928,3.169925,3.0,3.0,0.0,0.3,0.0,0.11111111,0.88,0.0,0.0,0.0,7.0,5.0,2.0,1.0,0.0,2.807355,0.0,6.268889,0.85534185,1.8
lysomir.info,simda,12.0,7.0,2.0,0.0,0.0,11.0,1.0,0.0,0.0,4.0,0.36363637,7.0,0.6363636,9.0,0.8181818,0.09090909,3.0957952,3.321928,3.169925,3.0,0.0,0.27272728,0.0,0.22222222,0.87603307,0.0,0.0,0.0,7.0,5.5,1.5,1.0,0.0,2.807355,0.0,5.186,0.9060119,1.7272727
nojojym.info,simda,12.0,7.0,2.0,0.0,0.0,11.0,1.0,0.0,0.0,4.0,0.36363637,7.0,0.6363636,7.0,0.6363636,0.09090909,2.6635327,3.121928,3.169925,3.0,0.0,0.27272728,0.0,0.42857143,0.8264463,0.0,0.0,0.0,7.0,5.5,1.5,1.0,0.0,2.2359264,0.0,7.309,1.6181548,1.7272727
navesyk.info,simda,12.0,7.0,2.0,0.0,0.0,11.0,1.0,0.0,0.0,4.0,0.36363637,7.0,0.6363636,10.0,0.90909094,0.27272728,3.2776134,3.321928,3.169925,3.0,0.0,0.27272728,0.0,0.1,0.892562,0.0,0.0,0.0,7.0,5.5,1.5,1.0,0.0,2.807355,0.0,6.472,0.93147075,1.7272727
nomobec.info,simda,12.0,7.0,2.0,0.0,0.0,11.0,1.0,0.0,0.0,5.0,0.45454547,6.0,0.54545456,8.0,0.72727275,0.36363637,2.845351,3.321928,3.169925,2.0,0.0,0.18181819,0.0,0.25,0.8429752,0.0,0.0,0.0,7.0,5.5,1.5,1.0,0.0,2.5216405,0.0,4.887,1.0996612,1.7272727
hanomow.info,simda,12.0,7.0,2.0,0.0,0.0,11.0,1.0,0.0,0.0,5.0,0.45454547,6.0,0.54545456,8.0,0.72727275,0.18181819,2.845351,3.321928,3.169925,2.0,0.0,0.18181819,0.0,0.25,0.8429752,0.0,0.0,0.0,7.0,5.5,1.5,1.0,0.0,2.5216405,0.0,4.503,1.1036371,1.7272727
nagesum.info,simda,12.0,7.0,2.0,0.0,0.0,11.0,1.0,0.0,0.0,5.0,0.45454547,6.0,0.54545456,10.0,0.90909094,0.27272728,3.2776134,3.321928,3.169925,2.0,0.0,0.18181819,0.0,0.1,0.892562,0.0,0.0,0.0,7.0,5.5,1.5,1.0,0.0,2.807355,0.0,5.207,0.74321425,1.7272727
mabosat.info,simda,12.0,7.0,2.0,0.0,0.0,11.0,1.0,0.0,0.0,5.0,0.45454547,6.0,0.54545456,9.0,0.8181818,0.36363637,3.0957952,3.321928,3.169925,2.0,0.0,0.18181819,0.0,0.22222222,0.87603307,0.0,0.0,0.0,7.0,5.5,1.5,1.0,0.0,2.5216405,0.0,5.005,0.8523988,1.7272727
gacyvub.com,simda,11.0,7.0,2.0,0.0,0.0,10.0,1.0,0.0,0.0,3.0,0.3,7.0,0.7,9.0,0.9,0.4,3.121928,3.169925,3.0,3.0,0.0,0.3,0.0,0.11111111,0.88,0.0,0.0,0.0,7.0,5.0,2.0,1.0,0.0,2.807355,0.0,7.115556,1.3705152,1.8
xuxaxur.info,simda,12.0,7.0,2.0,0.0,0.0,11.0,1.0,0.0,0.0,5.0,0.45454547,6.0,0.54545456,8.0,0.72727275,0.18181819,2.845351,3.121928,3.169925,2.0,0.0,0.18181819,0.0,0.25,0.8429752,0.0,0.0,0.0,7.0,5.5,1.5,1.0,0.0,1.842371,0.0,7.282,1.7192566,1.7272727
doxufes.su,simda,10.0,7.0,2.0,0.0,0.0,9.0,1.0,0.0,0.0,4.0,0.44444445,5.0,0.5555556,7.0,0.7777778,0.33333334,2.7254806,3.0,2.807355,2.0,0.0,0.22222222,0.0,0.2857143,0.83950615,0.0,0.0,0.0,7.0,4.5,2.5,0.0,0.0,2.807355,0.0,7.36,1.4325273,1.8888888
pufed.eu,simda,8.0,5.0,2.0,0.0,0.0,7.0,1.0,0.0,0.0,4.0,0.5714286,3.0,0.42857143,5.0,0.71428573,0.5714286,2.2359264,2.5849626,2.321928,1.0,0.0,0.14285715,0.0,0.4,0.7755102,0.0,0.0,0.0,5.0,3.5,1.5,1.0,0.0,2.321928,0.0,6.491667,1.6950169,2.142857
vopyd.eu,simda,8.0,5.0,2.0,0.0,0.0,7.0,1.0,0.0,0.0,3.0,0.42857143,4.0,0.5714286,7.0,1.0,0.2857143,2.807355,2.5849626,2.321928,3.0,0.0,0.42857143,0.0,0.0,0.85714287,0.0,0.0,0.0,5.0,3.5,1.5,1.0,0.0,2.321928,0.0,7.73,1.4504492,2.142857
tufibug.info,simda,12.0,7.0,2.0,0.0,0.0,11.0,1.0,0.0,0.0,5.0,0.45454547,6.0,0.54545456,8.0,0.72727275,0.27272728,2.9139771,3.321928,3.169925,2.0,0.0,0.18181819,0.0,0.375,0.8595041,0.0,0.0,0.0,7.0,5.5,1.5,1.0,0.0,2.5216405,0.0,6.104,1.3271449,1.7272727
jecozix.info,simda,12.0,7.0,2.0,0.0,0.0,11.0,1.0,0.0,0.0,5.0,0.45454547,6.0,0.54545456,9.0,0.8181818,0.27272728,3.0957952,3.321928,3.169925,2.0,0.0,0.18181819,0.0,0.22222222,0.87603307,0.0,0.0,0.0,7.0,5.5,1.5,1.0,0.0,2.807355,0.0,7.153,1.482943,1.7272727
nagudum.info,simda,12.0,7.0,2.0,0.0,0.0,11.0,1.0,0.0,0.0,5.0,0.45454547,6.0,0.54545456,9.0,0.8181818,0.27272728,3.0957952,3.321928,3.169925,2.0,0.0,0.18181819,0.0,0.22222222,0.87603307,0.0,0.0,0.0,7.0,5.5,1.5,1.0,0.0,2.5216405,0.0,6.662,1.0304209,1.7272727
pufipa.info,simda,11.0,6.0,2.0,0.0,0.0,10.0,1.0,0.0,0.0,5.0,0.5,5.0,0.5,7.0,0.7,0.3,2.7219281,3.169925,3.0,2.0,0.0,0.2,0.0,0.42857143,0.84,0.0,0.0,0.0,6.0,5.0,1.0,1.0,0.0,2.251629,0.0,5.7744446,1.3926331,1.8
xudiherodos.eu,simda,14.0,11.0,2.0,0.0,0.0,13.0,1.0,0.0,0.0,7.0,0.53846157,6.0,0.46153846,9.0,0.6923077,0.30769232,3.085055,3.5849626,3.4594316,1.0,0.0,0.07692308,0.0,0.44444445,0.87573963,0.0,0.0,0.0,11.0,6.5,4.5,1.0,0.0,3.0957952,0.0,6.338333,0.96056014,1.6153846
qedokul.info,simda,12.0,7.0,2.0,0.0,0.0,11.0,1.0,0.0,0.0,5.0,0.45454547,6.0,0.54545456,10.0,0.90909094,0.27272728,3.2776134,3.321928,3.169925,2.0,0.0,0.18181819,0.0,0.1,0.892562,0.0,0.0,0.0,7.0,5.5,1.5,1.0,0.0,2.807355,0.0,5.9,1.1179856,1.7272727
cicurik.info,simda,12.0,7.0,2.0,0.0,0.0,11.0,1.0,0.0,0.0,5.0,0.45454547,6.0,0.54545456,8.0,0.72727275,0.27272728,2.845351,3.321928,3.169925,2.0,0.0,0.18181819,0.0,0.25,0.8429752,0.0,0.0,0.0,7.0,5.5,1.5,1.0,0.0,2.2359264,0.0,6.063,1.2394403,1.7272727
puvylal.com,simda,11.0,7.0,2.0,0.0,0.0,10.0,1.0,0.0,0.0,3.0,0.3,7.0,0.7,9.0,0.9,0.2,3.121928,3.169925,3.0,3.0,0.0,0.3,0.0,0.11111111,0.88,0.0,0.0,0.0,7.0,5.0,2.0,1.0,0.0,2.5216405,0.0,6.28,1.2097075,1.8
qetequl.info,simda,12.0,7.0,2.0,0.0,0.0,11.0,1.0,0.0,0.0,5.0,0.45454547,6.0,0.54545456,9.0,0.8181818,0.27272728,3.0957952,3.321928,3.169925,2.0,0.0,0.18181819,0.0,0.22222222,0.87603307,0.0,0.0,0.0,7.0,5.5,1.5,1.0,0.0,2.2359264,0.0,5.891,1.3146052,1.7272727
qexyxil.com,simda,11.0,7.0,2.0,0.0,0.0,10.0,1.0,0.0,0.0,3.0,0.3,7.0,0.7,9.0,0.9,0.2,3.121928,3.169925,3.0,3.0,0.0,0.3,0.0,0.11111111,0.88,0.0,0.0,0.0,7.0,5.0,2.0,1.0,0.0,2.5216405,0.0,7.036667,1.6789129,1.8
vonyket.com,simda,11.0,7.0,2.0,0.0,0.0,10.0,1.0,0.0,0.0,3.0,0.3,7.0,0.7,9.0,0.9,0.2,3.121928,3.169925,3.0,3.0,0.0,0.3,0.0,0.11111111,0.88,0.0,0.0,0.0,7.0,5.0,2.0,1.0,0.0,2.807355,0.0,6.8188887,1.0968554,1.8
tucyryv.info,simda,12.0,7.0,2.0,0.0,0.0,11.0,1.0,0.0,0.0,3.0,0.27272728,8.0,0.72727275,10.0,0.90909094,0.18181819,3.2776134,3.321928,3.169925,5.0,0.0,0.45454547,0.0,0.1,0.892562,0.0,0.0,0.0,7.0,5.5,1.5,1.0,0.0,2.5216405,0.0,6.263,1.0932794,1.7272727
pufagup.info,simda,12.0,7.0,2.0,0.0,0.0,11.0,1.0,0.0,0.0,5.0,0.45454547,6.0,0.54545456,8.0,0.72727275,0.27272728,2.9139771,3.321928,3.169925,2.0,0.0,0.18181819,0.0,0.375,0.8595041,0.0,0.0,0.0,7.0,5.5,1.5,1.0,0.0,2.2359264,0.0,6.814,1.3590645,1.7272727
pufypil.info,simda,12.0,7.0,2.0,0.0,0.0,11.0,1.0,0.0,0.0,4.0,0.36363637,7.0,0.6363636,8.0,0.72727275,0.18181819,2.9139771,3.321928,3.169925,3.0,0.0,0.27272728,0.0,0.375,0.8595041,0.0,0.0,0.0,7.0,5.5,1.5,1.0,0.0,2.5216405,0.0,5.949,1.3689694,1.7272727
lygugon.info,simda,12.0,7.0,2.0,0.0,0.0,11.0,1.0,0.0,0.0,4.0,0.36363637,7.0,0.6363636,8.0,0.72727275,0.09090909,2.9139771,3.321928,3.169925,3.0,0.0,0.27272728,0.0,0.375,0.8595041,0.0,0.0,0.0,7.0,5.5,1.5,1.0,0.0,2.5216405,0.0,7.007,1.2135086,1.7272727
pumupu.info,simda,11.0,6.0,2.0,0.0,0.0,10.0,1.0,0.0,0.0,5.0,0.5,5.0,0.5,7.0,0.7,0.1,2.6464393,2.947703,3.0,2.0,0.0,0.2,0.0,0.2857143,0.82,0.0,0.0,0.0,6.0,5.0,1.0,1.0,0.0,1.4591479,0.0,6.556667,1.5224795,1.8
wetekyg.net,simda,11.0,7.0,2.0,0.0,0.0,10.0,1.0,0.0,0.0,3.0,0.3,7.0,0.7,7.0,0.7,0.3,2.6464393,2.947703,3.0,4.0,0.0,0.4,0.0,0.2857143,0.82,0.0,0.0,0.0,7.0,5.0,2.0,1.0,0.0,2.5216405,0.0,6.928889,1.2728119,1.8
sijaxiw.net,simda,11.0,7.0,2.0,0.0,0.0,10.0,1.0,0.0,0.0,4.0,0.4,6.0,0.6,9.0,0.9,0.2,3.121928,3.169925,3.0,2.0,0.0,0.2,0.0,0.11111111,0.88,0.0,0.0,0.0,7.0,5.0,2.0,1.0,0.0,2.5216405,0.0,7.6655555,1.142969,1.8
lyvytoj.com,simda,11.0,7.0,2.0,0.0,0.0,10.0,1.0,0.0,0.0,2.0,0.2,8.0,0.8,8.0,0.8,0.1,2.9219282,3.169925,3.0,5.0,0.0,0.5,0.0,0.25,0.86,0.0,0.0,0.0,7.0,5.0,2.0,1.0,0.0,2.5216405,0.0,6.807778,1.51857,1.8
purytyp.com,simda,11.0,7.0,2.0,0.0,0.0,10.0,1.0,0.0,0.0,2.0,0.2,8.0,0.8,8.0,0.8,0.1,2.9219282,3.169925,3.0,6.0,0.0,0.6,0.0,0.25,0.86,0.0,0.0,0.0,7.0,5.0,2.0,1.0,0.0,2.2359264,0.0,5.9266667,1.3577439,1.8
rycokilehir.eu,simda,14.0,11.0,2.0,0.0,0.0,13.0,1.0,0.0,0.0,6.0,0.46153846,7.0,0.53846157,10.0,0.7692308,0.23076923,3.2389011,3.5849626,3.4594316,3.0,0.0,0.23076923,0.0,0.3,0.88757396,0.0,0.0,0.0,11.0,6.5,4.5,1.0,0.0,3.0957952,0.0,6.400833,0.82827866,1.6153846
xulyqyn.info,simda,12.0,7.0,2.0,0.0,0.0,11.0,1.0,0.0,0.0,3.0,0.27272728,8.0,0.72727275,9.0,0.8181818,0.09090909,3.0957952,3.321928,3.169925,5.0,0.0,0.45454547,0.0,0.22222222,0.87603307,0.0,0.0,0.0,7.0,5.5,1.5,1.0,0.0,2.5216405,0.0,7.295,1.5639098,1.7272727
jelugyx.info,simda,12.0,7.0,2.0,0.0,0.0,11.0,1.0,0.0,0.0,4.0,0.36363637,7.0,0.6363636,11.0,1.0,0.18181819,3.4594316,3.321928,3.169925,3.0,0.0,0.27272728,0.0,0.0,0.90909094,0.0,0.0,0.0,7.0,5.5,1.5,1.0,0.0,2.807355,0.0,7.835,1.1826444,1.7272727
gadycyz.com,simda,11.0,7.0,2.0,0.0,0.0,10.0,1.0,0.0,0.0,2.0,0.2,8.0,0.8,8.0,0.8,0.4,2.9219282,3.169925,3.0,6.0,0.0,0.6,0.0,0.25,0.86,0.0,0.0,0.0,7.0,5.0,2.0,1.0,0.0,2.5216405,0.0,7.1,1.605315,1.8
galedih.info,simda,12.0,7.0,2.0,0.0,0.0,11.0,1.0,0.0,0.0,5.0,0.45454547,6.0,0.54545456,10.0,0.90909094,0.36363637,3.2776134,3.321928,3.169925,2.0,0.0,0.18181819,0.0,0.1,0.892562,0.0,0.0,0.0,7.0,5.5,1.5,1.0,0.0,2.807355,0.0,4.858,0.77841634,1.7272727
pufybol.com,simda,11.0,7.0,2.0,0.0,0.0,10.0,1.0,0.0,0.0,3.0,0.3,7.0,0.7,9.0,0.9,0.3,3.121928,3.169925,3.0,3.0,0.0,0.3,0.0,0.11111111,0.88,0.0,0.0,0.0,7.0,5.0,2.0,1.0,0.0,2.807355,0.0,7.2188888,1.3141085,1.8
pufajo.info,simda,11.0,6.0,2.0,0.0,0.0,10.0,1.0,0.0,0.0,5.0,0.5,5.0,0.5,8.0,0.8,0.3,2.9219282,3.169925,3.0,2.0,0.0,0.2,0.0,0.25,0.86,0.0,0.0,0.0,6.0,5.0,1.0,1.0,0.0,2.5849626,0.0,7.74,1.378846,1.8
vopoqyto.info,simda,13.0,8.0,2.0,0.0,0.0,12.0,1.0,0.0,0.0,5.0,0.41666666,7.0,0.5833333,9.0,0.75,0.083333336,2.9182959,3.4594316,3.321928,3.0,0.0,0.25,0.0,0.11111111,0.8333333,0.0,0.0,0.0,8.0,6.0,2.0,1.0,0.0,2.4056392,0.0,6.7854548,1.3914297,1.6666666
zuqinan.info,simda,12.0,7.0,2.0,0.0,0.0,11.0,1.0,0.0,0.0,5.0,0.45454547,6.0,0.54545456,8.0,0.72727275,0.18181819,2.845351,3.121928,3.169925,2.0,0.0,0.18181819,0.0,0.25,0.8429752,0.0,0.0,0.0,7.0,5.5,1.5,1.0,0.0,2.5216405,0.0,6.166,1.5108004,1.7272727
qekuryqi.info,simda,13.0,8.0,2.0,0.0,0.0,12.0,1.0,0.0,0.0,5.0,0.41666666,7.0,0.5833333,10.0,0.8333333,0.16666667,3.251629,3.4594316,3.321928,3.0,0.0,0.25,0.0,0.2,0.8888889,0.0,0.0,0.0,8.0,6.0,2.0,1.0,0.0,2.75,0.0,7.632727,1.3960398,1.6666666
kevomery.info,simda,13.0,8.0,2.0,0.0,0.0,12.0,1.0,0.0,0.0,5.0,0.41666666,7.0,0.5833333,10.0,0.8333333,0.25,3.251629,3.4594316,3.321928,2.0,0.0,0.16666667,0.0,0.2,0.8888889,0.0,0.0,0.0,8.0,6.0,2.0,1.0,0.0,2.75,0.0,5.5645456,0.95408666,1.6666666
lyrotu.info,simda,11.0,6.0,2.0,0.0,0.0,10.0,1.0,0.0,0.0,4.0,0.4,6.0,0.6,9.0,0.9,0.1,3.121928,3.169925,3.0,3.0,0.0,0.3,0.0,0.11111111,0.88,0.0,0.0,0.0,6.0,5.0,1.0,1.0,0.0,2.5849626,0.0,4.8444443,0.9121584,1.8
puvypov.com,simda,11.0,7.0,2.0,0.0,0.0,10.0,1.0,0.0,0.0,3.0,0.3,7.0,0.7,7.0,0.7,0.1,2.7219281,3.169925,3.0,3.0,0.0,0.3,0.0,0.42857143,0.84,0.0,0.0,0.0,7.0,5.0,2.0,1.0,0.0,2.2359264,0.0,7.118889,1.7102513,1.8
pupixyp.info,simda,12.0,7.0,2.0,0.0,0.0,11.0,1.0,0.0,0.0,4.0,0.36363637,7.0,0.6363636,8.0,0.72727275,0.09090909,2.845351,3.121928,3.169925,3.0,0.0,0.27272728,0.0,0.25,0.8429752,0.0,0.0,0.0,7.0,5.5,1.5,1.0,0.0,2.1280854,0.0,6.752,1.588838,1.7272727
pupubop.info,simda,12.0,7.0,2.0,0.0,0.0,11.0,1.0,0.0,0.0,5.0,0.45454547,6.0,0.54545456,7.0,0.6363636,0.18181819,2.6635327,3.121928,3.169925,2.0,0.0,0.18181819,0.0,0.42857143,0.8264463,0.0,0.0,0.0,7.0,5.5,1.5,1.0,0.0,1.842371,0.0,6.196,1.5427263,1.7272727
haneqob.info,simda,12.0,7.0,2.0,0.0,0.0,11.0,1.0,0.0,0.0,5.0,0.45454547,6.0,0.54545456,9.0,0.8181818,0.36363637,3.0957952,3.321928,3.169925,2.0,0.0,0.18181819,0.0,0.22222222,0.87603307,0.0,0.0,0.0,7.0,5.5,1.5,1.0,0.0,2.807355,0.0,5.084,1.1483884,1.7272727
nomuwyt.info,simda,12.0,7.0,2.0,0.0,0.0,11.0,1.0,0.0,0.0,4.0,0.36363637,7.0,0.6363636,9.0,0.8181818,0.09090909,3.0957952,3.321928,3.169925,3.0,0.0,0.27272728,0.0,0.22222222,0.87603307,0.0,0.0,0.0,7.0,5.5,1.5,1.0,0.0,2.807355,0.0,6.499,1.0579633,1.7272727
rynaralerox.eu,simda,14.0,11.0,2.0,0.0,0.0,13.0,1.0,0.0,0.0,6.0,0.46153846,7.0,0.53846157,9.0,0.6923077,0.30769232,3.0269868,3.5849626,3.4594316,3.0,0.0,0.23076923,0.0,0.33333334,0.8639053,0.0,0.0,0.0,11.0,6.5,4.5,1.0,0.0,2.845351,0.0,5.175833,0.90191275,1.6153846
lyxewin.info,simda,12.0,7.0,2.0,0.0,0.0,11.0,1.0,0.0,0.0,4.0,0.36363637,7.0,0.6363636,9.0,0.8181818,0.18181819,3.0957952,3.121928,3.169925,3.0,0.0,0.27272728,0.0,0.22222222,0.87603307,0.0,0.0,0.0,7.0,5.5,1.5,1.0,0.0,2.807355,0.0,6.98,1.1817018,1.7272727
foxiras.info,simda,12.0,7.0,2.0,0.0,0.0,11.0,1.0,0.0,0.0,5.0,0.45454547,6.0,0.54545456,8.0,0.72727275,0.27272728,2.9139771,3.121928,3.169925,2.0,0.0,0.18181819,0.0,0.375,0.8595041,0.0,0.0,0.0,7.0,5.5,1.5,1.0,0.0,2.807355,0.0,5.7,1.1833047,1.7272727
qegukev.info,simda,12.0,7.0,2.0,0.0,0.0,11.0,1.0,0.0,0.0,5.0,0.45454547,6.0,0.54545456,10.0,0.90909094,0.27272728,3.2776134,3.321928,3.169925,2.0,0.0,0.18181819,0.0,0.1,0.892562,0.0,0.0,0.0,7.0,5.5,1.5,1.0,0.0,2.5216405,0.0,7.372,1.2608049,1.7272727
digulyh.info,simda,12.0,7.0,2.0,0.0,0.0,11.0,1.0,0.0,0.0,4.0,0.36363637,7.0,0.6363636,10.0,0.90909094,0.18181819,3.2776134,3.321928,3.169925,3.0,0.0,0.27272728,0.0,0.1,0.892562,0.0,0.0,0.0,7.0,5.5,1.5,1.0,0.0,2.807355,0.0,5.931,1.0084099,1.7272727
vopaguk.info,simda,12.0,7.0,2.0,0.0,0.0,11.0,1.0,0.0,0.0,5.0,0.45454547,6.0,0.54545456,10.0,0.90909094,0.18181819,3.2776134,3.321928,3.169925,2.0,0.0,0.18181819,0.0,0.1,0.892562,0.0,0.0,0.0,7.0,5.5,1.5,1.0,0.0,2.807355,0.0,6.74,1.1032531,1.7272727
lysyjux.com,simda,11.0,7.0,2.0,0.0,0.0,10.0,1.0,0.0,0.0,2.0,0.2,8.0,0.8,9.0,0.9,0.1,3.121928,3.169925,3.0,5.0,0.0,0.5,0.0,0.11111111,0.88,0.0,0.0,0.0,7.0,5.0,2.0,1.0,0.0,2.5216405,0.0,7.688889,1.5486459,1.8
maryfik.info,simda,12.0,7.0,2.0,0.0,0.0,11.0,1.0,0.0,0.0,4.0,0.36363637,7.0,0.6363636,9.0,0.8181818,0.27272728,3.0957952,3.321928,3.169925,3.0,0.0,0.27272728,0.0,0.22222222,0.87603307,0.0,0.0,0.0,7.0,5.5,1.5,1.0,0.0,2.807355,0.0,5.347,1.1579506,1.7272727
lyxylyd.com,simda,11.0,7.0,2.0,0.0,0.0,10.0,1.0,0.0,0.0,1.0,0.1,9.0,0.9,7.0,0.7,0.2,2.6464393,2.947703,3.0,8.0,0.0,0.8,0.0,0.2857143,0.82,0.0,0.0,0.0,7.0,5.0,2.0,1.0,0.0,1.842371,0.0,6.9166665,1.7846799,1.8
lygyjoj.com,simda,11.0,7.0,2.0,0.0,0.0,10.0,1.0,0.0,0.0,2.0,0.2,8.0,0.8,7.0,0.7,0.1,2.7219281,3.169925,3.0,5.0,0.0,0.5,0.0,0.42857143,0.84,0.0,0.0,0.0,7.0,5.0,2.0,1.0,0.0,2.2359264,0.0,7.688889,1.83721,1.8
siryfyby.info,simda,13.0,8.0,2.0,0.0,0.0,12.0,1.0,0.0,0.0,3.0,0.25,9.0,0.75,8.0,0.6666667,0.25,2.8553886,3.4594316,3.321928,6.0,0.0,0.5,0.0,0.375,0.8472222,0.0,0.0,0.0,8.0,6.0,2.0,1.0,0.0,2.4056392,0.0,7.4545455,1.4195424,1.6666666
lykygix.com,simda,11.0,7.0,2.0,0.0,0.0,10.0,1.0,0.0,0.0,2.0,0.2,8.0,0.8,9.0,0.9,0.1,3.121928,3.169925,3.0,5.0,0.0,0.5,0.0,0.11111111,0.88,0.0,0.0,0.0,7.0,5.0,2.0,1.0,0.0,2.5216405,0.0,6.9888887,1.5084562,1.8
gacyqis.com,simda,11.0,7.0,2.0,0.0,0.0,10.0,1.0,0.0,0.0,3.0,0.3,7.0,0.7,9.0,0.9,0.3,3.121928,3.169925,3.0,3.0,0.0,0.3,0.0,0.11111111,0.88,0.0,0.0,0.0,7.0,5.0,2.0,1.0,0.0,2.807355,0.0,6.2655554,1.3005071,1.8
nofowec.info,simda,12.0,7.0,2.0,0.0,0.0,11.0,1.0,0.0,0.0,5.0,0.45454547,6.0,0.54545456,7.0,0.6363636,0.36363637,2.6635327,3.121928,3.169925,2.0,0.0,0.18181819,0.0,0.42857143,0.8264463,0.0,0.0,0.0,7.0,5.5,1.5,1.0,0.0,2.5216405,0.0,6.078,1.2761903,1.7272727
pujopova.info,simda,13.0,8.0,2.0,0.0,0.0,12.0,1.0,0.0,0.0,6.0,0.5,6.0,0.5,9.0,0.75,0.16666667,3.0220551,3.4594316,3.321928,2.0,0.0,0.16666667,0.0,0.22222222,0.8611111,0.0,0.0,0.0,8.0,6.0,2.0,1.0,0.0,2.5,0.0,7.0027275,1.2916087,1.6666666
zukutaxa.info,simda,13.0,8.0,2.0,0.0,0.0,12.0,1.0,0.0,0.0,6.0,0.5,6.0,0.5,10.0,0.8333333,0.25,3.251629,3.4594316,3.321928,2.0,0.0,0.16666667,0.0,0.2,0.8888889,0.0,0.0,0.0,8.0,6.0,2.0,1.0,0.0,2.5,0.0,8.066363,1.2749724,1.6666666
xuqofur.info,simda,12.0,7.0,2.0,0.0,0.0,11.0,1.0,0.0,0.0,5.0,0.45454547,6.0,0.54545456,8.0,0.72727275,0.18181819,2.9139771,3.321928,3.169925,2.0,0.0,0.18181819,0.0,0.375,0.8595041,0.0,0.0,0.0,7.0,5.5,1.5,1.0,0.0,2.5216405,0.0,6.773,1.6268655,1.7272727
pufypol.com,simda,11.0,7.0,2.0,0.0,0.0,10.0,1.0,0.0,0.0,3.0,0.3,7.0,0.7,8.0,0.8,0.2,2.9219282,3.169925,3.0,3.0,0.0,0.3,0.0,0.25,0.86,0.0,0.0,0.0,7.0,5.0,2.0,1.0,0.0,2.5216405,0.0,6.4922223,1.4066035,1.8
vofyjaf.com,simda,11.0,7.0,2.0,0.0,0.0,10.0,1.0,0.0,0.0,3.0,0.3,7.0,0.7,8.0,0.8,0.4,2.9219282,3.169925,3.0,3.0,0.0,0.3,0.0,0.25,0.86,0.0,0.0,0.0,7.0,5.0,2.0,1.0,0.0,2.5216405,0.0,8.461111,1.6481335,1.8
qegyxiv.com,simda,11.0,7.0,2.0,0.0,0.0,10.0,1.0,0.0,0.0,3.0,0.3,7.0,0.7,10.0,1.0,0.2,3.321928,3.169925,3.0,3.0,0.0,0.3,0.0,0.0,0.9,0.0,0.0,0.0,7.0,5.0,2.0,1.0,0.0,2.807355,0.0,7.7944446,1.5168294,1.8
pumed.eu,simda,8.0,5.0,2.0,0.0,0.0,7.0,1.0,0.0,0.0,4.0,0.5714286,3.0,0.42857143,5.0,0.71428573,0.42857143,2.2359264,2.5849626,2.321928,1.0,0.0,0.14285715,0.0,0.4,0.7755102,0.0,0.0,0.0,5.0,3.5,1.5,1.0,0.0,2.321928,0.0,5.2933335,1.5887915,2.142857
hapebah.info,simda,12.0,7.0,2.0,0.0,0.0,11.0,1.0,0.0,0.0,5.0,0.45454547,6.0,0.54545456,9.0,0.8181818,0.45454547,3.0957952,3.321928,3.169925,2.0,0.0,0.18181819,0.0,0.22222222,0.87603307,0.0,0.0,0.0,7.0,5.5,1.5,1.0,0.0,2.2359264,0.0,5.323,1.0089391,1.7272727
vojyzec.com,simda,11.0,7.0,2.0,0.0,0.0,10.0,1.0,0.0,0.0,3.0,0.3,7.0,0.7,8.0,0.8,0.3,2.9219282,3.169925,3.0,3.0,0.0,0.3,0.0,0.25,0.86,0.0,0.0,0.0,7.0,5.0,2.0,1.0,0.0,2.807355,0.0,7.7444444,1.7114842,1.8
maxuxet.info,simda,12.0,7.0,2.0,0.0,0.0,11.0,1.0,0.0,0.0,5.0,0.45454547,6.0,0.54545456,10.0,0.90909094,0.27272728,3.2776134,3.321928,3.169925,2.0,0.0,0.18181819,0.0,0.1,0.892562,0.0,0.0,0.0,7.0,5.5,1.5,1.0,0.0,2.5216405,0.0,6.396,1.1400222,1.7272727
qetexuv.info,simda,12.0,7.0,2.0,0.0,0.0,11.0,1.0,0.0,0.0,5.0,0.45454547,6.0,0.54545456,10.0,0.90909094,0.27272728,3.2776134,3.321928,3.169925,2.0,0.0,0.18181819,0.0,0.1,0.892562,0.0,0.0,0.0,7.0,5.5,1.5,1.0,0.0,2.5216405,0.0,5.983,1.2640872,1.7272727
jenokyda.info,simda,13.0,8.0,2.0,0.0,0.0,12.0,1.0,0.0,0.0,5.0,0.41666666,7.0,0.5833333,10.0,0.8333333,0.33333334,3.251629,3.4594316,3.321928,3.0,0.0,0.25,0.0,0.2,0.8888889,0.0,0.0,0.0,8.0,6.0,2.0,1.0,0.0,3.0,0.0,7.3945456,1.0164717,1.6666666
jepokedo.info,simda,13.0,8.0,2.0,0.0,0.0,12.0,1.0,0.0,0.0,6.0,0.5,6.0,0.5,9.0,0.75,0.33333334,3.0220551,3.4594316,3.321928,2.0,0.0,0.16666667,0.0,0.22222222,0.8611111,0.0,0.0,0.0,8.0,6.0,2.0,1.0,0.0,2.5,0.0,6.34,1.132089,1.6666666
ciqyhif.info,simda,12.0,7.0,2.0,0.0,0.0,11.0,1.0,0.0,0.0,4.0,0.36363637,7.0,0.6363636,8.0,0.72727275,0.27272728,2.845351,3.321928,3.169925,3.0,0.0,0.27272728,0.0,0.25,0.8429752,0.0,0.0,0.0,7.0,5.5,1.5,1.0,0.0,2.5216405,0.0,6.64,1.5792365,1.7272727
maxamuf.info,simda,12.0,7.0,2.0,0.0,0.0,11.0,1.0,0.0,0.0,5.0,0.45454547,6.0,0.54545456,8.0,0.72727275,0.36363637,2.9139771,3.321928,3.169925,2.0,0.0,0.18181819,0.0,0.375,0.8595041,0.0,0.0,0.0,7.0,5.5,1.5,1.0,0.0,2.2359264,0.0,6.66,1.3766358,1.7272727
xudonix.info,simda,12.0,7.0,2.0,0.0,0.0,11.0,1.0,0.0,0.0,5.0,0.45454547,6.0,0.54545456,7.0,0.6363636,0.18181819,2.732159,3.321928,3.169925,2.0,0.0,0.18181819,0.0,0.5714286,0.8429752,0.0,0.0,0.0,7.0,5.5,1.5,1.0,0.0,2.5216405,0.0,7.122,1.5581274,1.7272727
cinucocivaj.eu,simda,14.0,11.0,2.0,0.0,0.0,13.0,1.0,0.0,0.0,7.0,0.53846157,6.0,0.46153846,9.0,0.6923077,0.3846154,3.0269868,3.4182959,3.4594316,1.0,0.0,0.07692308,0.0,0.33333334,0.8639053,0.0,0.0,0.0,11.0,6.5,4.5,1.0,0.0,2.845351,0.0,7.7625,1.1802263,1.6153846
digetab.info,simda,12.0,7.0,2.0,0.0,0.0,11.0,1.0,0.0,0.0,5.0,0.45454547,6.0,0.54545456,10.0,0.90909094,0.45454547,3.2776134,3.321928,3.169925,2.0,0.0,0.18181819,0.0,0.1,0.892562,0.0,0.0,0.0,7.0,5.5,1.5,1.0,0.0,2.807355,0.0,4.707,0.8103675,1.7272727
rytozeg.info,simda,12.0,7.0,2.0,0.0,0.0,11.0,1.0,0.0,0.0,4.0,0.36363637,7.0,0.6363636,10.0,0.90909094,0.18181819,3.2776134,3.321928,3.169925,3.0,0.0,0.27272728,0.0,0.1,0.892562,0.0,0.0,0.0,7.0,5.5,1.5,1.0,0.0,2.807355,0.0,6.501,1.0172577,1.7272727
nojexak.info,simda,12.0,7.0,2.0,0.0,0.0,11.0,1.0,0.0,0.0,5.0,0.45454547,6.0,0.54545456,9.0,0.8181818,0.27272728,3.0957952,3.321928,3.169925,2.0,0.0,0.18181819,0.0,0.22222222,0.87603307,0.0,0.0,0.0,7.0,5.5,1.5,1.0,0.0,2.807355,0.0,7.363,1.2541442,1.7272727
ryqadeg.info,simda,12.0,7.0,2.0,0.0,0.0,11.0,1.0,0.0,0.0,4.0,0.36363637,7.0,0.6363636,11.0,1.0,0.36363637,3.4594316,3.321928,3.169925,3.0,0.0,0.27272728,0.0,0.0,0.90909094,0.0,0.0,0.0,7.0,5.5,1.5,1.0,0.0,2.807355,0.0,5.859,0.9562569,1.7272727
qexyfil.com,simda,11.0,7.0,2.0,0.0,0.0,10.0,1.0,0.0,0.0,3.0,0.3,7.0,0.7,10.0,1.0,0.3,3.321928,3.169925,3.0,3.0,0.0,0.3,0.0,0.0,0.9,0.0,0.0,0.0,7.0,5.0,2.0,1.0,0.0,2.807355,0.0,6.3444443,1.4232763,1.8
direvys.net,simda,11.0,7.0,2.0,0.0,0.0,10.0,1.0,0.0,0.0,3.0,0.3,7.0,0.7,9.0,0.9,0.3,3.121928,3.169925,3.0,4.0,0.0,0.4,0.0,0.11111111,0.88,0.0,0.0,0.0,7.0,5.0,2.0,1.0,0.0,2.807355,0.0,6.173333,0.8276319,1.8
xubanix.info,simda,12.0,7.0,2.0,0.0,0.0,11.0,1.0,0.0,0.0,5.0,0.45454547,6.0,0.54545456,8.0,0.72727275,0.27272728,2.9139771,3.321928,3.169925,2.0,0.0,0.18181819,0.0,0.375,0.8595041,0.0,0.0,0.0,7.0,5.5,1.5,1.0,0.0,2.5216405,0.0,7.073,1.5079126,1.7272727
tujipep.info,simda,12.0,7.0,2.0,0.0,0.0,11.0,1.0,0.0,0.0,5.0,0.45454547,6.0,0.54545456,9.0,0.8181818,0.18181819,3.0957952,3.321928,3.169925,2.0,0.0,0.18181819,0.0,0.22222222,0.87603307,0.0,0.0,0.0,7.0,5.5,1.5,1.0,0.0,2.5216405,0.0,5.694,1.1498396,1.7272727
puraxiq.info,simda,12.0,7.0,2.0,0.0,0.0,11.0,1.0,0.0,0.0,5.0,0.45454547,6.0,0.54545456,10.0,0.90909094,0.18181819,3.2776134,3.321928,3.169925,2.0,0.0,0.18181819,0.0,0.1,0.892562,0.0,0.0,0.0,7.0,5.5,1.5,1.0,0.0,2.807355,0.0,6.733,1.2680668,1.7272727
gatynew.com,simda,11.0,7.0,2.0,0.0,0.0,10.0,1.0,0.0,0.0,3.0,0.3,7.0,0.7,10.0,1.0,0.3,3.321928,3.169925,3.0,3.0,0.0,0.3,0.0,0.0,0.9,0.0,0.0,0.0,7.0,5.0,2.0,1.0,0.0,2.807355,0.0,6.101111,0.85188645,1.8
lyxufur.info,simda,12.0,7.0,2.0,0.0,0.0,11.0,1.0,0.0,0.0,4.0,0.36363637,7.0,0.6363636,9.0,0.8181818,0.18181819,3.0957952,3.321928,3.169925,3.0,0.0,0.27272728,0.0,0.22222222,0.87603307,0.0,0.0,0.0,7.0,5.5,1.5,1.0,0.0,2.5216405,0.0,6.078,1.3556237,1.7272727
vonykof.com,simda,11.0,7.0,2.0,0.0,0.0,10.0,1.0,0.0,0.0,3.0,0.3,7.0,0.7,8.0,0.8,0.2,2.8464394,3.169925,3.0,3.0,0.0,0.3,0.0,0.125,0.84,0.0,0.0,0.0,7.0,5.0,2.0,1.0,0.0,2.5216405,0.0,7.5522223,1.4711138,1.8
ryheheq.info,simda,12.0,7.0,2.0,0.0,0.0,11.0,1.0,0.0,0.0,4.0,0.36363637,7.0,0.6363636,9.0,0.8181818,0.27272728,3.0957952,3.121928,3.169925,3.0,0.0,0.27272728,0.0,0.22222222,0.87603307,0.0,0.0,0.0,7.0,5.5,1.5,1.0,0.0,2.2359264,0.0,6.208,1.1889542,1.7272727
hahipis.info,simda,12.0,7.0,2.0,0.0,0.0,11.0,1.0,0.0,0.0,5.0,0.45454547,6.0,0.54545456,8.0,0.72727275,0.18181819,2.845351,3.321928,3.169925,2.0,0.0,0.18181819,0.0,0.25,0.8429752,0.0,0.0,0.0,7.0,5.5,1.5,1.0,0.0,2.2359264,0.0,4.46,1.1042647,1.7272727
tujygeq.net,simda,11.0,7.0,2.0,0.0,0.0,10.0,1.0,0.0,0.0,3.0,0.3,7.0,0.7,8.0,0.8,0.2,2.9219282,3.169925,3.0,3.0,0.0,0.3,0.0,0.25,0.86,0.0,0.0,0.0,7.0,5.0,2.0,1.0,0.0,2.807355,0.0,7.132222,1.4756052,1.8
rylukip.info,simda,12.0,7.0,2.0,0.0,0.0,11.0,1.0,0.0,0.0,4.0,0.36363637,7.0,0.6363636,10.0,0.90909094,0.09090909,3.2776134,3.321928,3.169925,3.0,0.0,0.27272728,0.0,0.1,0.892562,0.0,0.0,0.0,7.0,5.5,1.5,1.0,0.0,2.807355,0.0,6.797,1.0310898,1.7272727
vihypef.info,simda,12.0,7.0,2.0,0.0,0.0,11.0,1.0,0.0,0.0,4.0,0.36363637,7.0,0.6363636,9.0,0.8181818,0.27272728,3.0957952,3.321928,3.169925,3.0,0.0,0.27272728,0.0,0.22222222,0.87603307,0.0,0.0,0.0,7.0,5.5,1.5,1.0,0.0,2.807355,0.0,6.698,1.2498392,1.7272727
masavoma.info,simda,13.0,8.0,2.0,0.0,0.0,12.0,1.0,0.0,0.0,6.0,0.5,6.0,0.5,8.0,0.6666667,0.33333334,2.8553886,3.2776134,3.321928,2.0,0.0,0.16666667,0.0,0.375,0.8472222,0.0,0.0,0.0,8.0,6.0,2.0,1.0,0.0,2.1556392,0.0,5.546364,1.0637342,1.6666666
pupepyq.info,simda,12.0,7.0,2.0,0.0,0.0,11.0,1.0,0.0,0.0,4.0,0.36363637,7.0,0.6363636,9.0,0.8181818,0.18181819,3.0271692,3.321928,3.169925,3.0,0.0,0.27272728,0.0,0.11111111,0.8595041,0.0,0.0,0.0,7.0,5.5,1.5,1.0,0.0,2.1280854,0.0,6.819,1.4735188,1.7272727
pupowuv.info,simda,12.0,7.0,2.0,0.0,0.0,11.0,1.0,0.0,0.0,5.0,0.45454547,6.0,0.54545456,8.0,0.72727275,0.09090909,2.9139771,3.321928,3.169925,2.0,0.0,0.18181819,0.0,0.375,0.8595041,0.0,0.0,0.0,7.0,5.5,1.5,1.0,0.0,2.2359264,0.0,6.157,1.4150492,1.7272727
pupil.eu,simda,8.0,5.0,2.0,0.0,0.0,7.0,1.0,0.0,0.0,4.0,0.5714286,3.0,0.42857143,5.0,0.71428573,0.14285715,2.2359264,2.5849626,2.321928,1.0,0.0,0.14285715,0.0,0.4,0.7755102,0.0,0.0,0.0,5.0,3.5,1.5,1.0,0.0,1.921928,0.0,5.6216664,1.6586227,2.142857
jevuwun.info,simda,12.0,7.0,2.0,0.0,0.0,11.0,1.0,0.0,0.0,5.0,0.45454547,6.0,0.54545456,9.0,0.8181818,0.18181819,3.0957952,3.321928,3.169925,2.0,0.0,0.18181819,0.0,0.22222222,0.87603307,0.0,0.0,0.0,7.0,5.5,1.5,1.0,0.0,2.5216405,0.0,7.298,1.299902,1.7272727
lyvygaj.com,simda,11.0,7.0,2.0,0.0,0.0,10.0,1.0,0.0,0.0,2.0,0.2,8.0,0.8,9.0,0.9,0.2,3.121928,3.169925,3.0,5.0,0.0,0.5,0.0,0.11111111,0.88,0.0,0.0,0.0,7.0,5.0,2.0,1.0,0.0,2.5216405,0.0,7.688889,1.4772681,1.8
lyxif.eu,simda,8.0,5.0,2.0,0.0,0.0,7.0,1.0,0.0,0.0,3.0,0.42857143,4.0,0.5714286,7.0,1.0,0.2857143,2.807355,2.5849626,2.321928,3.0,0.0,0.42857143,0.0,0.0,0.85714287,0.0,0.0,0.0,5.0,3.5,1.5,1.0,0.0,2.321928,0.0,7.925,1.6388091,2.142857
pujeme.info,simda,11.0,6.0,2.0,0.0,0.0,10.0,1.0,0.0,0.0,5.0,0.5,5.0,0.5,9.0,0.9,0.3,3.121928,3.169925,3.0,2.0,0.0,0.2,0.0,0.11111111,0.88,0.0,0.0,0.0,6.0,5.0,1.0,1.0,0.0,2.251629,0.0,6.2811112,1.1172456,1.8
pupyciv.com,simda,11.0,7.0,2.0,0.0,0.0,10.0,1.0,0.0,0.0,3.0,0.3,7.0,0.7,8.0,0.8,0.2,2.9219282,3.169925,3.0,3.0,0.0,0.3,0.0,0.25,0.86,0.0,0.0,0.0,7.0,5.0,2.0,1.0,0.0,2.5216405,0.0,7.178889,1.492316,1.8
xubuxen.info,simda,12.0,7.0,2.0,0.0,0.0,11.0,1.0,0.0,0.0,5.0,0.45454547,6.0,0.54545456,8.0,0.72727275,0.27272728,2.9139771,3.321928,3.169925,2.0,0.0,0.18181819,0.0,0.375,0.8595041,0.0,0.0,0.0,7.0,5.5,1.5,1.0,0.0,2.2359264,0.0,7.096,1.5465645,1.7272727
ganynyb.com,simda,11.0,7.0,2.0,0.0,0.0,10.0,1.0,0.0,0.0,2.0,0.2,8.0,0.8,8.0,0.8,0.3,2.9219282,2.947703,3.0,6.0,0.0,0.6,0.0,0.25,0.86,0.0,0.0,0.0,7.0,5.0,2.0,1.0,0.0,2.2359264,0.0,7.5344443,1.3174886,1.8
qetehygi.info,simda,13.0,8.0,2.0,0.0,0.0,12.0,1.0,0.0,0.0,5.0,0.41666666,7.0,0.5833333,10.0,0.8333333,0.25,3.251629,3.4594316,3.321928,3.0,0.0,0.25,0.0,0.2,0.8888889,0.0,0.0,0.0,8.0,6.0,2.0,1.0,0.0,2.75,0.0,6.820909,1.0473313,1.6666666
galupyh.info,simda,12.0,7.0,2.0,0.0,0.0,11.0,1.0,0.0,0.0,4.0,0.36363637,7.0,0.6363636,11.0,1.0,0.18181819,3.4594316,3.321928,3.169925,3.0,0.0,0.27272728,0.0,0.0,0.90909094,0.0,0.0,0.0,7.0,5.5,1.5,1.0,0.0,2.807355,0.0,7.081,0.89968,1.7272727
mabufat.info,simda,12.0,7.0,2.0,0.0,0.0,11.0,1.0,0.0,0.0,5.0,0.45454547,6.0,0.54545456,9.0,0.8181818,0.45454547,3.0957952,3.321928,3.169925,2.0,0.0,0.18181819,0.0,0.22222222,0.87603307,0.0,0.0,0.0,7.0,5.5,1.5,1.0,0.0,2.5216405,0.0,5.036,1.0713497,1.7272727
mabewum.info,simda,12.0,7.0,2.0,0.0,0.0,11.0,1.0,0.0,0.0,5.0,0.45454547,6.0,0.54545456,10.0,0.90909094,0.36363637,3.2776134,3.321928,3.169925,2.0,0.0,0.18181819,0.0,0.1,0.892562,0.0,0.0,0.0,7.0,5.5,1.5,1.0,0.0,2.5216405,0.0,6.023,0.9830755,1.7272727
puzejuq.info,simda,12.0,7.0,2.0,0.0,0.0,11.0,1.0,0.0,0.0,5.0,0.45454547,6.0,0.54545456,10.0,0.90909094,0.18181819,3.2776134,3.321928,3.169925,2.0,0.0,0.18181819,0.0,0.1,0.892562,0.0,0.0,0.0,7.0,5.5,1.5,1.0,0.0,2.5216405,0.0,7.966,1.5659692,1.7272727
makovem.su,simda,10.0,7.0,2.0,0.0,0.0,9.0,1.0,0.0,0.0,4.0,0.44444445,5.0,0.5555556,8.0,0.8888889,0.22222222,2.947703,3.0,2.807355,2.0,0.0,0.22222222,0.0,0.125,0.86419755,0.0,0.0,0.0,7.0,4.5,2.5,0.0,0.0,2.5216405,0.0,7.69625,1.1981102,1.8888888
lygymir.com,simda,11.0,7.0,2.0,0.0,0.0,10.0,1.0,0.0,0.0,2.0,0.2,8.0,0.8,8.0,0.8,0.1,2.9219282,3.169925,3.0,5.0,0.0,0.5,0.0,0.25,0.86,0.0,0.0,0.0,7.0,5.0,2.0,1.0,0.0,2.5216405,0.0,6.98,1.3008857,1.8
tupypopo.info,simda,13.0,8.0,2.0,0.0,0.0,12.0,1.0,0.0,0.0,5.0,0.41666666,7.0,0.5833333,8.0,0.6666667,0.083333336,2.7924812,3.2776134,3.321928,3.0,0.0,0.25,0.0,0.25,0.8333333,0.0,0.0,0.0,8.0,6.0,2.0,1.0,0.0,2.1556392,0.0,6.41,1.3031037,1.6666666
rydeciq.su,simda,10.0,7.0,2.0,0.0,0.0,9.0,1.0,0.0,0.0,3.0,0.33333334,6.0,0.6666667,9.0,1.0,0.33333334,3.169925,3.0,2.807355,3.0,0.0,0.33333334,0.0,0.0,0.8888889,0.0,0.0,0.0,7.0,4.5,2.5,0.0,0.0,2.807355,0.0,7.5075,1.2014937,1.8888888
qegysep.com,simda,11.0,7.0,2.0,0.0,0.0,10.0,1.0,0.0,0.0,3.0,0.3,7.0,0.7,9.0,0.9,0.3,3.121928,3.169925,3.0,3.0,0.0,0.3,0.0,0.11111111,0.88,0.0,0.0,0.0,7.0,5.0,2.0,1.0,0.0,2.5216405,0.0,7.062222,1.2618848,1.8
jecopijo.info,simda,13.0,8.0,2.0,0.0,0.0,12.0,1.0,0.0,0.0,6.0,0.5,6.0,0.5,8.0,0.6666667,0.25,2.8553886,3.4594316,3.321928,2.0,0.0,0.16666667,0.0,0.375,0.8472222,0.0,0.0,0.0,8.0,6.0,2.0,1.0,0.0,2.5,0.0,6.3063636,1.3765744,1.6666666
viwucyk.info,simda,12.0,7.0,2.0,0.0,0.0,11.0,1.0,0.0,0.0,4.0,0.36363637,7.0,0.6363636,10.0,0.90909094,0.18181819,3.2776134,3.321928,3.169925,3.0,0.0,0.27272728,0.0,0.1,0.892562,0.0,0.0,0.0,7.0,5.5,1.5,1.0,0.0,2.807355,0.0,7.411,1.2515434,1.7272727
vowujemadyj.eu,simda,14.0,11.0,2.0,0.0,0.0,13.0,1.0,0.0,0.0,6.0,0.46153846,7.0,0.53846157,10.0,0.7692308,0.30769232,3.2389011,3.4182959,3.4594316,3.0,0.0,0.23076923,0.0,0.3,0.88757396,0.0,0.0,0.0,11.0,6.5,4.5,1.0,0.0,3.2776134,0.0,7.88,1.3044788,1.6153846
voleboc.su,simda,10.0,7.0,2.0,0.0,0.0,9.0,1.0,0.0,0.0,4.0,0.44444445,5.0,0.5555556,8.0,0.8888889,0.33333334,2.947703,3.0,2.807355,2.0,0.0,0.22222222,0.0,0.125,0.86419755,0.0,0.0,0.0,7.0,4.5,2.5,0.0,0.0,2.5216405,0.0,7.6875,1.1508623,1.8888888
wexyval.info,simda,12.0,7.0,2.0,0.0,0.0,11.0,1.0,0.0,0.0,4.0,0.36363637,7.0,0.6363636,11.0,1.0,0.27272728,3.4594316,3.321928,3.169925,3.0,0.0,0.27272728,0.0,0.0,0.90909094,0.0,0.0,0.0,7.0,5.5,1.5,1.0,0.0,2.807355,0.0,6.492,1.0610105,1.7272727
pufypev.com,simda,11.0,7.0,2.0,0.0,0.0,10.0,1.0,0.0,0.0,3.0,0.3,7.0,0.7,9.0,0.9,0.3,3.121928,3.169925,3.0,3.0,0.0,0.3,0.0,0.11111111,0.88,0.0,0.0,0.0,7.0,5.0,2.0,1.0,0.0,2.5216405,0.0,6.4955554,1.381044,1.8
lysejir.info,simda,12.0,7.0,2.0,0.0,0.0,11.0,1.0,0.0,0.0,4.0,0.36363637,7.0,0.6363636,10.0,0.90909094,0.18181819,3.2776134,3.321928,3.169925,3.0,0.0,0.27272728,0.0,0.1,0.892562,0.0,0.0,0.0,7.0,5.5,1.5,1.0,0.0,2.807355,0.0,6.37,0.9095575,1.7272727
rynupiv.net,simda,11.0,7.0,2.0,0.0,0.0,10.0,1.0,0.0,0.0,3.0,0.3,7.0,0.7,9.0,0.9,0.1,3.121928,3.169925,3.0,3.0,0.0,0.3,0.0,0.11111111,0.88,0.0,0.0,0.0,7.0,5.0,2.0,1.0,0.0,2.807355,0.0,6.4666667,0.99495447,1.8
sivadoz.info,simda,12.0,7.0,2.0,0.0,0.0,11.0,1.0,0.0,0.0,5.0,0.45454547,6.0,0.54545456,9.0,0.8181818,0.27272728,3.0957952,3.321928,3.169925,2.0,0.0,0.18181819,0.0,0.22222222,0.87603307,0.0,0.0,0.0,7.0,5.5,1.5,1.0,0.0,2.807355,0.0,5.934,1.1655501,1.7272727
pujytu.info,simda,11.0,6.0,2.0,0.0,0.0,10.0,1.0,0.0,0.0,4.0,0.4,6.0,0.6,9.0,0.9,0.1,3.121928,3.169925,3.0,3.0,0.0,0.3,0.0,0.11111111,0.88,0.0,0.0,0.0,6.0,5.0,1.0,1.0,0.0,2.251629,0.0,6.558889,1.3099054,1.8
xuqukej.info,simda,12.0,7.0,2.0,0.0,0.0,11.0,1.0,0.0,0.0,5.0,0.45454547,6.0,0.54545456,10.0,0.90909094,0.18181819,3.2776134,3.321928,3.169925,2.0,0.0,0.18181819,0.0,0.1,0.892562,0.0,0.0,0.0,7.0,5.5,1.5,1.0,0.0,2.5216405,0.0,8.52,1.5775455,1.7272727
kevajix.info,simda,12.0,7.0,2.0,0.0,0.0,11.0,1.0,0.0,0.0,5.0,0.45454547,6.0,0.54545456,10.0,0.90909094,0.27272728,3.2776134,3.321928,3.169925,2.0,0.0,0.18181819,0.0,0.1,0.892562,0.0,0.0,0.0,7.0,5.5,1.5,1.0,0.0,2.807355,0.0,7.938,1.3007408,1.7272727
vowezacuryr.eu,simda,14.0,11.0,2.0,0.0,0.0,13.0,1.0,0.0,0.0,6.0,0.46153846,7.0,0.53846157,10.0,0.7692308,0.30769232,3.2389011,3.5849626,3.4594316,3.0,0.0,0.23076923,0.0,0.3,0.88757396,0.0,0.0,0.0,11.0,6.5,4.5,1.0,0.0,3.2776134,0.0,7.3258333,1.1203339,1.6153846
xuxihed.info,simda,12.0,7.0,2.0,0.0,0.0,11.0,1.0,0.0,0.0,5.0,0.45454547,6.0,0.54545456,9.0,0.8181818,0.27272728,3.0957952,3.321928,3.169925,2.0,0.0,0.18181819,0.0,0.22222222,0.87603307,0.0,0.0,0.0,7.0,5.5,1.5,1.0,0.0,2.5216405,0.0,6.207,1.3503294,1.7272727
dosujuw.info,simda,12.0,7.0,2.0,0.0,0.0,11.0,1.0,0.0,0.0,5.0,0.45454547,6.0,0.54545456,9.0,0.8181818,0.18181819,3.0957952,3.321928,3.169925,2.0,0.0,0.18181819,0.0,0.22222222,0.87603307,0.0,0.0,0.0,7.0,5.5,1.5,1.0,0.0,2.5216405,0.0,7.94,1.2103505,1.7272727
voweg.eu,simda,8.0,5.0,2.0,0.0,0.0,7.0,1.0,0.0,0.0,4.0,0.5714286,3.0,0.42857143,6.0,0.85714287,0.2857143,2.5216405,2.5849626,2.321928,1.0,0.0,0.14285715,0.0,0.16666667,0.81632656,0.0,0.0,0.0,5.0,3.5,1.5,1.0,0.0,2.321928,0.0,7.931667,1.5168983,2.142857
maxavyc.su,simda,10.0,7.0,2.0,0.0,0.0,9.0,1.0,0.0,0.0,3.0,0.33333334,6.0,0.6666667,8.0,0.8888889,0.33333334,2.947703,3.0,2.807355,4.0,0.0,0.44444445,0.0,0.125,0.86419755,0.0,0.0,0.0,7.0,4.5,2.5,0.0,0.0,2.5216405,0.0,9.15125,1.4919032,1.8888888
xubypyj.info,simda,12.0,7.0,2.0,0.0,0.0,11.0,1.0,0.0,0.0,3.0,0.27272728,8.0,0.72727275,10.0,0.90909094,0.18181819,3.2776134,3.321928,3.169925,5.0,0.0,0.45454547,0.0,0.1,0.892562,0.0,0.0,0.0,7.0,5.5,1.5,1.0,0.0,2.5216405,0.0,8.52,1.5671114,1.7272727
vonymit.com,simda,11.0,7.0,2.0,0.0,0.0,10.0,1.0,0.0,0.0,3.0,0.3,7.0,0.7,8.0,0.8,0.1,2.9219282,3.169925,3.0,3.0,0.0,0.3,0.0,0.25,0.86,0.0,0.0,0.0,7.0,5.0,2.0,1.0,0.0,2.807355,0.0,5.977778,1.2009815,1.8
vocek.eu,simda,8.0,5.0,2.0,0.0,0.0,7.0,1.0,0.0,0.0,4.0,0.5714286,3.0,0.42857143,6.0,0.85714287,0.42857143,2.5216405,2.5849626,2.321928,1.0,0.0,0.14285715,0.0,0.16666667,0.81632656,0.0,0.0,0.0,5.0,3.5,1.5,1.0,0.0,2.321928,0.0,7.97,1.5167247,2.142857
zybahir.net,simda,11.0,7.0,2.0,0.0,0.0,10.0,1.0,0.0,0.0,3.0,0.3,7.0,0.7,10.0,1.0,0.3,3.321928,3.169925,3.0,3.0,0.0,0.3,0.0,0.0,0.9,0.0,0.0,0.0,7.0,5.0,2.0,1.0,0.0,2.807355,0.0,7.0033336,1.0247649,1.8
hatyhas.net,simda,11.0,7.0,2.0,0.0,0.0,10.0,1.0,0.0,0.0,3.0,0.3,7.0,0.7,7.0,0.7,0.3,2.7219281,2.947703,3.0,3.0,0.0,0.3,0.0,0.42857143,0.84,0.0,0.0,0.0,7.0,5.0,2.0,1.0,0.0,2.2359264,0.0,4.428889,1.0178217,1.8
punozug.info,simda,12.0,7.0,2.0,0.0,0.0,11.0,1.0,0.0,0.0,5.0,0.45454547,6.0,0.54545456,8.0,0.72727275,0.09090909,2.9139771,3.321928,3.169925,2.0,0.0,0.18181819,0.0,0.375,0.8595041,0.0,0.0,0.0,7.0,5.5,1.5,1.0,0.0,2.5216405,0.0,6.123,1.4173716,1.7272727
nazysic.info,simda,12.0,7.0,2.0,0.0,0.0,11.0,1.0,0.0,0.0,4.0,0.36363637,7.0,0.6363636,9.0,0.8181818,0.27272728,3.0957952,3.321928,3.169925,3.0,0.0,0.27272728,0.0,0.22222222,0.87603307,0.0,0.0,0.0,7.0,5.5,1.5,1.0,0.0,2.807355,0.0,6.418,1.1482885,1.7272727
jewejex.info,simda,12.0,7.0,2.0,0.0,0.0,11.0,1.0,0.0,0.0,5.0,0.45454547,6.0,0.54545456,8.0,0.72727275,0.36363637,2.845351,3.121928,3.169925,2.0,0.0,0.18181819,0.0,0.25,0.8429752,0.0,0.0,0.0,7.0,5.5,1.5,1.0,0.0,1.842371,0.0,7.936,1.5830563,1.7272727
najywuc.info,simda,12.0,7.0,2.0,0.0,0.0,11.0,1.0,0.0,0.0,4.0,0.36363637,7.0,0.6363636,10.0,0.90909094,0.27272728,3.2776134,3.321928,3.169925,3.0,0.0,0.27272728,0.0,0.1,0.892562,0.0,0.0,0.0,7.0,5.5,1.5,1.0,0.0,2.807355,0.0,7.845,1.1524391,1.7272727
jezubyr.info,simda,12.0,7.0,2.0,0.0,0.0,11.0,1.0,0.0,0.0,4.0,0.36363637,7.0,0.6363636,11.0,1.0,0.27272728,3.4594316,3.321928,3.169925,3.0,0.0,0.27272728,0.0,0.0,0.90909094,0.0,0.0,0.0,7.0,5.5,1.5,1.0,0.0,2.807355,0.0,7.81,1.2370086,1.7272727
puvylup.com,simda,11.0,7.0,2.0,0.0,0.0,10.0,1.0,0.0,0.0,3.0,0.3,7.0,0.7,8.0,0.8,0.1,2.9219282,3.169925,3.0,3.0,0.0,0.3,0.0,0.25,0.86,0.0,0.0,0.0,7.0,5.0,2.0,1.0,0.0,2.2359264,0.0,7.845556,1.5103779,1.8
vocopi.info,simda,11.0,6.0,2.0,0.0,0.0,10.0,1.0,0.0,0.0,5.0,0.5,5.0,0.5,7.0,0.7,0.2,2.6464393,3.169925,3.0,2.0,0.0,0.2,0.0,0.2857143,0.82,0.0,0.0,0.0,6.0,5.0,1.0,1.0,0.0,2.251629,0.0,5.6266665,1.3682436,1.8
vopud.eu,simda,8.0,5.0,2.0,0.0,0.0,7.0,1.0,0.0,0.0,4.0,0.5714286,3.0,0.42857143,6.0,0.85714287,0.2857143,2.5216405,2.5849626,2.321928,1.0,0.0,0.14285715,0.0,0.16666667,0.81632656,0.0,0.0,0.0,5.0,3.5,1.5,1.0,0.0,2.321928,0.0,6.806667,1.5711868,2.142857
lysowyj.info,simda,12.0,7.0,2.0,0.0,0.0,11.0,1.0,0.0,0.0,3.0,0.27272728,8.0,0.72727275,9.0,0.8181818,0.09090909,3.0957952,3.321928,3.169925,3.0,0.0,0.27272728,0.0,0.22222222,0.87603307,0.0,0.0,0.0,7.0,5.5,1.5,1.0,0.0,2.5216405,0.0,6.608,1.284791,1.7272727
qeqona.info,simda,11.0,6.0,2.0,0.0,0.0,10.0,1.0,0.0,0.0,5.0,0.5,5.0,0.5,7.0,0.7,0.3,2.7219281,3.169925,3.0,2.0,0.0,0.2,0.0,0.42857143,0.84,0.0,0.0,0.0,6.0,5.0,1.0,1.0,0.0,2.251629,0.0,6.6966667,1.5604056,1.8
qebox.eu,simda,8.0,5.0,2.0,0.0,0.0,7.0,1.0,0.0,0.0,4.0,0.5714286,3.0,0.42857143,6.0,0.85714287,0.42857143,2.5216405,2.5849626,2.321928,1.0,0.0,0.14285715,0.0,0.16666667,0.81632656,0.0,0.0,0.0,5.0,3.5,1.5,1.0,0.0,2.321928,0.0,10.0,1.9979028,2.142857
foqikuw.info,simda,12.0,7.0,2.0,0.0,0.0,11.0,1.0,0.0,0.0,5.0,0.45454547,6.0,0.54545456,8.0,0.72727275,0.18181819,2.9139771,3.121928,3.169925,2.0,0.0,0.18181819,0.0,0.375,0.8595041,0.0,0.0,0.0,7.0,5.5,1.5,1.0,0.0,2.807355,0.0,7.369,1.5874661,1.7272727
qeduli.info,simda,11.0,6.0,2.0,0.0,0.0,10.0,1.0,0.0,0.0,5.0,0.5,5.0,0.5,9.0,0.9,0.3,3.121928,3.169925,3.0,2.0,0.0,0.2,0.0,0.11111111,0.88,0.0,0.0,0.0,6.0,5.0,1.0,1.0,0.0,2.5849626,0.0,6.088889,1.1526095,1.8
pufilag.info,simda,12.0,7.0,2.0,0.0,0.0,11.0,1.0,0.0,0.0,5.0,0.45454547,6.0,0.54545456,9.0,0.8181818,0.27272728,3.0957952,3.321928,3.169925,2.0,0.0,0.18181819,0.0,0.22222222,0.87603307,0.0,0.0,0.0,7.0,5.5,1.5,1.0,0.0,2.807355,0.0,4.793,1.1104144,1.7272727
zuqajyn.info,simda,12.0,7.0,2.0,0.0,0.0,11.0,1.0,0.0,0.0,4.0,0.36363637,7.0,0.6363636,10.0,0.90909094,0.18181819,3.2776134,3.321928,3.169925,3.0,0.0,0.27272728,0.0,0.1,0.892562,0.0,0.0,0.0,7.0,5.5,1.5,1.0,0.0,2.807355,0.0,8.52,1.5401686,1.7272727
lysytuj.com,simda,11.0,7.0,2.0,0.0,0.0,10.0,1.0,0.0,0.0,2.0,0.2,8.0,0.8,9.0,0.9,0.1,3.121928,3.169925,3.0,5.0,0.0,0.5,0.0,0.11111111,0.88,0.0,0.0,0.0,7.0,5.0,2.0,1.0,0.0,2.5216405,0.0,7.0755553,1.2771028,1.8
rylurep.info,simda,12.0,7.0,2.0,0.0,0.0,11.0,1.0,0.0,0.0,4.0,0.36363637,7.0,0.6363636,10.0,0.90909094,0.18181819,3.2776134,3.321928,3.169925,3.0,0.0,0.27272728,0.0,0.1,0.892562,0.0,0.0,0.0,7.0,5.5,1.5,1.0,0.0,2.5216405,0.0,5.447,0.8476031,1.7272727
lyrymyn.com,simda,11.0,7.0,2.0,0.0,0.0,10.0,1.0,0.0,0.0,1.0,0.1,9.0,0.9,7.0,0.7,0.1,2.6464393,3.169925,3.0,8.0,0.0,0.8,0.0,0.2857143,0.82,0.0,0.0,0.0,7.0,5.0,2.0,1.0,0.0,2.1280854,0.0,7.0266666,1.5081269,1.8
mamuwem.info,simda,12.0,7.0,2.0,0.0,0.0,11.0,1.0,0.0,0.0,5.0,0.45454547,6.0,0.54545456,9.0,0.8181818,0.27272728,3.0271692,3.321928,3.169925,2.0,0.0,0.18181819,0.0,0.11111111,0.8595041,0.0,0.0,0.0,7.0,5.5,1.5,1.0,0.0,2.1280854,0.0,6.051,1.0890722,1.7272727
lyvymon.com,simda,11.0,7.0,2.0,0.0,0.0,10.0,1.0,0.0,0.0,2.0,0.2,8.0,0.8,7.0,0.7,0.1,2.7219281,3.169925,3.0,5.0,0.0,0.5,0.0,0.42857143,0.84,0.0,0.0,0.0,7.0,5.0,2.0,1.0,0.0,2.5216405,0.0,6.09,1.491964,1.8
xubynux.info,simda,12.0,7.0,2.0,0.0,0.0,11.0,1.0,0.0,0.0,4.0,0.36363637,7.0,0.6363636,8.0,0.72727275,0.18181819,2.9139771,3.321928,3.169925,3.0,0.0,0.27272728,0.0,0.375,0.8595041,0.0,0.0,0.0,7.0,5.5,1.5,1.0,0.0,2.2359264,0.0,8.52,1.6951786,1.7272727
hafohos.info,simda,12.0,7.0,2.0,0.0,0.0,11.0,1.0,0.0,0.0,5.0,0.45454547,6.0,0.54545456,7.0,0.6363636,0.27272728,2.6635327,3.121928,3.169925,2.0,0.0,0.18181819,0.0,0.42857143,0.8264463,0.0,0.0,0.0,7.0,5.5,1.5,1.0,0.0,2.2359264,0.0,5.808,1.2390826,1.7272727
quietfurther.net,suppobox,16.0,12.0,2.0,0.0,0.0,15.0,1.0,0.0,0.0,6.0,0.4,9.0,0.6,9.0,0.6,0.26666668,3.006239,3.6644979,3.7004397,3.0,0.0,0.2,0.0,0.44444445,0.8622222,0.0,0.0,0.0,12.0,7.5,4.5,1.0,0.0,2.9182959,0.0,5.0685716,1.0194503,1.5333333
bernadettesunshine.net,suppobox,22.0,18.0,2.0,0.0,0.0,21.0,1.0,0.0,0.0,8.0,0.3809524,13.0,0.61904764,11.0,0.52380955,0.3809524,3.1368637,4.121928,4.2479277,3.0,0.0,0.14285715,0.0,0.36363637,0.861678,0.0,0.0,0.0,18.0,10.5,7.5,1.0,0.0,3.2390978,0.0,4.2485,0.60327744,1.3809524
knowrest.net,suppobox,12.0,8.0,2.0,0.0,0.0,11.0,1.0,0.0,0.0,3.0,0.27272728,8.0,0.72727275,8.0,0.72727275,0.18181819,2.9139771,3.321928,3.169925,3.0,0.0,0.27272728,0.0,0.375,0.8595041,0.0,0.0,0.0,8.0,5.5,2.5,1.0,0.0,3.0,0.0,5.057,0.8718306,1.7272727
rathernothing.net,suppobox,17.0,13.0,2.0,0.0,0.0,16.0,1.0,0.0,0.0,5.0,0.3125,11.0,0.6875,9.0,0.5625,0.1875,3.0306392,3.7735572,3.807355,3.0,0.0,0.1875,0.0,0.5555556,0.8671875,0.0,0.0,0.0,13.0,8.0,5.0,1.0,0.0,3.085055,0.0,3.4146667,0.71752965,1.5
withwing.net,suppobox,12.0,8.0,2.0,0.0,0.0,11.0,1.0,0.0,0.0,3.0,0.27272728,8.0,0.72727275,7.0,0.6363636,0.09090909,2.732159,3.121928,3.169925,3.0,0.0,0.27272728,0.0,0.5714286,0.8429752,0.0,0.0,0.0,8.0,5.5,2.5,1.0,0.0,2.5,0.0,5.39,1.205051,1.7272727
margarettacaileigh.net,suppobox,22.0,18.0,2.0,0.0,0.0,21.0,1.0,0.0,0.0,9.0,0.42857143,12.0,0.5714286,11.0,0.52380955,0.3809524,3.2728043,4.121928,4.2479277,3.0,0.0,0.14285715,0.0,0.54545456,0.88435376,0.0,0.0,0.0,18.0,10.5,7.5,1.0,0.0,3.169925,0.0,5.746,0.580802,1.3809524
riddenduring.net,suppobox,16.0,12.0,2.0,0.0,0.0,15.0,1.0,0.0,0.0,5.0,0.33333334,10.0,0.6666667,8.0,0.53333336,0.33333334,2.8729055,3.6644979,3.7004397,3.0,0.0,0.2,0.0,0.625,0.85333335,0.0,0.0,0.0,12.0,7.5,4.5,1.0,0.0,2.688722,0.0,4.3985715,0.9204493,1.5333333
rebeccanneunderwood.net,suppobox,23.0,19.0,2.0,0.0,0.0,22.0,1.0,0.0,0.0,9.0,0.4090909,13.0,0.59090906,11.0,0.5,0.5,3.204448,4.2970796,4.321928,2.0,0.0,0.09090909,0.0,0.54545456,0.8719008,0.0,0.0,0.0,19.0,11.0,8.0,1.0,0.0,3.155565,0.0,5.605238,0.6728449,1.3636364
recordabove.net,suppobox,15.0,11.0,2.0,0.0,0.0,14.0,1.0,0.0,0.0,6.0,0.42857143,8.0,0.5714286,10.0,0.71428573,0.5,3.182006,3.7004397,3.5849626,2.0,0.0,0.14285715,0.0,0.3,0.877551,0.0,0.0,0.0,11.0,7.0,4.0,1.0,0.0,2.9139771,0.0,5.1153846,0.72578466,1.5714285
chiefwhose.net,suppobox,14.0,10.0,2.0,0.0,0.0,13.0,1.0,0.0,0.0,5.0,0.3846154,8.0,0.61538464,10.0,0.7692308,0.3846154,3.180833,3.5849626,3.4594316,3.0,0.0,0.23076923,0.0,0.2,0.87573963,0.0,0.0,0.0,10.0,6.5,3.5,1.0,0.0,2.9219282,0.0,5.985,0.80711764,1.6153846
gabriellabotwright.net,suppobox,22.0,18.0,2.0,0.0,0.0,21.0,1.0,0.0,0.0,7.0,0.33333334,14.0,0.6666667,12.0,0.5714286,0.2857143,3.4992275,4.121928,4.2479277,4.0,0.0,0.1904762,0.0,0.6666667,0.90702945,0.0,0.0,0.0,18.0,10.5,7.5,1.0,0.0,3.3921473,0.0,6.972,0.60792154,1.3809524
classdress.net,suppobox,14.0,10.0,2.0,0.0,0.0,13.0,1.0,0.0,0.0,3.0,0.23076923,10.0,0.7692308,9.0,0.6923077,0.3846154,2.9312088,3.4182959,3.4594316,4.0,0.0,0.30769232,0.0,0.22222222,0.84023666,0.0,0.0,0.0,10.0,6.5,3.5,1.0,0.0,2.521928,0.0,4.595,0.7122327,1.6153846
gwendolyncharleen.net,suppobox,21.0,17.0,2.0,0.0,0.0,20.0,1.0,0.0,0.0,6.0,0.3,14.0,0.7,13.0,0.65,0.35,3.4219282,4.1426644,4.169925,5.0,0.0,0.25,0.0,0.23076923,0.885,0.0,0.0,0.0,17.0,10.0,7.0,1.0,0.0,3.4104173,0.0,5.5473685,0.57278186,1.4
hangshot.net,suppobox,12.0,8.0,2.0,0.0,0.0,11.0,1.0,0.0,0.0,3.0,0.27272728,8.0,0.72727275,8.0,0.72727275,0.18181819,2.9139771,3.321928,3.169925,4.0,0.0,0.36363637,0.0,0.375,0.8595041,0.0,0.0,0.0,8.0,5.5,2.5,1.0,0.0,2.75,0.0,5.014,0.86170334,1.7272727
thosehealth.net,suppobox,15.0,11.0,2.0,0.0,0.0,14.0,1.0,0.0,0.0,5.0,0.35714287,9.0,0.64285713,8.0,0.5714286,0.2857143,2.7884505,3.5465937,3.5849626,4.0,0.0,0.2857143,0.0,0.375,0.8367347,0.0,0.0,0.0,11.0,7.0,4.0,1.0,0.0,2.6635327,0.0,4.316154,0.85725653,1.5714285
pleasantsystem.net,suppobox,18.0,14.0,2.0,0.0,0.0,17.0,1.0,0.0,0.0,5.0,0.29411766,12.0,0.7058824,9.0,0.5294118,0.29411766,3.0130708,4.0,3.9068906,6.0,0.0,0.3529412,0.0,0.5555556,0.8650519,0.0,0.0,0.0,14.0,8.5,5.5,1.0,0.0,3.0391486,0.0,4.614375,0.7122183,1.4705882
wrongfine.net,suppobox,13.0,9.0,2.0,0.0,0.0,12.0,1.0,0.0,0.0,4.0,0.33333334,8.0,0.6666667,9.0,0.75,0.25,3.0220551,3.2776134,3.321928,3.0,0.0,0.25,0.0,0.22222222,0.8611111,0.0,0.0,0.0,9.0,6.0,3.0,1.0,0.0,2.947703,0.0,3.9609091,0.87939775,1.6666666
necessarybelieve.net,suppobox,20.0,16.0,2.0,0.0,0.0,19.0,1.0,0.0,0.0,8.0,0.42105263,11.0,0.57894737,12.0,0.6315789,0.47368422,3.2210972,4.058814,4.087463,3.0,0.0,0.15789473,0.0,0.25,0.8531856,0.0,0.0,0.0,16.0,9.5,6.5,1.0,0.0,3.1493974,0.0,3.9416666,0.6340124,1.4210526
harriettewalterson.net,suppobox,22.0,18.0,2.0,0.0,0.0,21.0,1.0,0.0,0.0,8.0,0.3809524,13.0,0.61904764,11.0,0.52380955,0.2857143,3.2135134,4.121928,4.2479277,2.0,0.0,0.0952381,0.0,0.45454547,0.8752834,0.0,0.0,0.0,18.0,10.5,7.5,1.0,0.0,3.2663326,0.0,5.0325,0.5031901,1.3809524
breadbridge.net,suppobox,15.0,11.0,2.0,0.0,0.0,14.0,1.0,0.0,0.0,5.0,0.35714287,9.0,0.64285713,9.0,0.64285713,0.5714286,3.0391486,3.5465937,3.5849626,3.0,0.0,0.21428572,0.0,0.44444445,0.86734694,0.0,0.0,0.0,11.0,7.0,4.0,1.0,0.0,2.732159,0.0,5.056923,0.89133584,1.5714285
katherinablakeslee.net,suppobox,22.0,18.0,2.0,0.0,0.0,21.0,1.0,0.0,0.0,9.0,0.42857143,12.0,0.5714286,11.0,0.52380955,0.42857143,3.232102,4.321928,4.2479277,2.0,0.0,0.0952381,0.0,0.54545456,0.8752834,0.0,0.0,0.0,18.0,10.5,7.5,1.0,0.0,3.2390978,0.0,4.4065,0.641193,1.3809524
geraldinewakefield.net,suppobox,22.0,18.0,2.0,0.0,0.0,21.0,1.0,0.0,0.0,9.0,0.42857143,12.0,0.5714286,12.0,0.5714286,0.47619048,3.363287,4.121928,4.2479277,3.0,0.0,0.14285715,0.0,0.5,0.88435376,0.0,0.0,0.0,18.0,10.5,7.5,1.0,0.0,3.2810361,0.0,6.084,0.62364244,1.3809524
bartholomewferdinand.net,suppobox,24.0,20.0,2.0,0.0,0.0,23.0,1.0,0.0,0.0,8.0,0.3478261,15.0,0.65217394,14.0,0.6086956,0.39130434,3.6753109,4.4594316,4.3923173,3.0,0.0,0.13043478,0.0,0.5,0.91493386,0.0,0.0,0.0,20.0,11.5,8.5,1.0,0.0,3.7219281,0.0,4.431818,0.41740626,1.3478261
decidefinger.net,suppobox,16.0,12.0,2.0,0.0,0.0,15.0,1.0,0.0,0.0,6.0,0.4,9.0,0.6,9.0,0.6,0.53333336,2.9735572,3.6644979,3.7004397,2.0,0.0,0.13333334,0.0,0.44444445,0.85333335,0.0,0.0,0.0,12.0,7.5,4.5,1.0,0.0,2.8553886,0.0,4.4292855,0.8584539,1.5333333
willoughbykristina.net,suppobox,22.0,18.0,2.0,0.0,0.0,21.0,1.0,0.0,0.0,7.0,0.33333334,14.0,0.6666667,16.0,0.7619048,0.14285715,3.88018,4.321928,4.2479277,6.0,0.0,0.2857143,0.0,0.25,0.92517006,0.0,0.0,0.0,18.0,10.5,7.5,1.0,0.0,3.7946534,0.0,5.5515,0.41806644,1.3809524
jessaminemadelina.net,suppobox,21.0,17.0,2.0,0.0,0.0,20.0,1.0,0.0,0.0,9.0,0.45,11.0,0.55,10.0,0.5,0.4,3.1464393,4.037401,4.169925,2.0,0.0,0.1,0.0,0.6,0.875,0.0,0.0,0.0,17.0,10.0,7.0,1.0,0.0,3.057476,0.0,3.28,0.6688645,1.4
electricwagon.net,suppobox,17.0,13.0,2.0,0.0,0.0,16.0,1.0,0.0,0.0,6.0,0.375,10.0,0.625,11.0,0.6875,0.375,3.3278196,3.9068906,3.807355,3.0,0.0,0.1875,0.0,0.36363637,0.890625,0.0,0.0,0.0,13.0,8.0,5.0,1.0,0.0,3.3927474,0.0,5.021333,0.58245593,1.5
leadhold.net,suppobox,12.0,8.0,2.0,0.0,0.0,11.0,1.0,0.0,0.0,4.0,0.36363637,7.0,0.6363636,8.0,0.72727275,0.45454547,2.9139771,3.321928,3.169925,3.0,0.0,0.27272728,0.0,0.375,0.8595041,0.0,0.0,0.0,8.0,5.5,2.5,1.0,0.0,2.5,0.0,5.206,0.8321755,1.7272727
sacheverellmalandra.net,suppobox,23.0,19.0,2.0,0.0,0.0,22.0,1.0,0.0,0.0,8.0,0.36363637,14.0,0.6363636,12.0,0.54545456,0.45454547,3.3342094,4.2970796,4.321928,3.0,0.0,0.13636364,0.0,0.41666666,0.88429755,0.0,0.0,0.0,19.0,11.0,8.0,1.0,0.0,3.2210972,0.0,3.8742857,0.55096334,1.3636364
deforrestfairbairn.net,suppobox,22.0,18.0,2.0,0.0,0.0,21.0,1.0,0.0,0.0,8.0,0.3809524,13.0,0.61904764,11.0,0.52380955,0.42857143,3.3087513,4.121928,4.1426644,3.0,0.0,0.14285715,0.0,0.6363636,0.8888889,0.0,0.0,0.0,18.0,10.5,7.5,1.0,0.0,3.2810361,0.0,6.714,0.5917257,1.2857143
takenjuly.net,suppobox,13.0,9.0,2.0,0.0,0.0,12.0,1.0,0.0,0.0,4.0,0.33333334,8.0,0.6666667,9.0,0.75,0.25,3.0849626,3.4594316,3.321928,3.0,0.0,0.25,0.0,0.33333334,0.875,0.0,0.0,0.0,9.0,6.0,3.0,1.0,0.0,3.169925,0.0,6.307273,1.0174248,1.6666666
spendfeed.net,suppobox,13.0,9.0,2.0,0.0,0.0,12.0,1.0,0.0,0.0,4.0,0.33333334,8.0,0.6666667,7.0,0.5833333,0.5833333,2.5849626,3.4594316,3.321928,3.0,0.0,0.25,0.0,0.42857143,0.8055556,0.0,0.0,0.0,9.0,6.0,3.0,1.0,0.0,2.4193819,0.0,5.3963637,1.0960884,1.6666666
twelvecourse.net,suppobox,16.0,12.0,2.0,0.0,0.0,15.0,1.0,0.0,0.0,6.0,0.4,9.0,0.6,11.0,0.73333335,0.33333334,3.240224,3.807355,3.7004397,2.0,0.0,0.13333334,0.0,0.18181819,0.8711111,0.0,0.0,0.0,12.0,7.5,4.5,1.0,0.0,3.188722,0.0,4.6128573,0.6712483,1.5333333
meriwetheroliverson.net,suppobox,23.0,19.0,2.0,0.0,0.0,22.0,1.0,0.0,0.0,9.0,0.4090909,13.0,0.59090906,12.0,0.54545456,0.22727273,3.351953,4.0706563,4.321928,2.0,0.0,0.09090909,0.0,0.5,0.88429755,0.0,0.0,0.0,19.0,11.0,8.0,1.0,0.0,3.3660913,0.0,3.8014286,0.52139837,1.3636364
madeleineamethyst.net,suppobox,21.0,17.0,2.0,0.0,0.0,20.0,1.0,0.0,0.0,8.0,0.4,12.0,0.6,11.0,0.55,0.4,3.2037017,4.037401,4.169925,6.0,0.0,0.3,0.0,0.45454547,0.87,0.0,0.0,0.0,17.0,10.0,7.0,1.0,0.0,3.2639334,0.0,4.2752633,0.5933329,1.4
captainclear.net,suppobox,16.0,12.0,2.0,0.0,0.0,15.0,1.0,0.0,0.0,6.0,0.4,9.0,0.6,9.0,0.6,0.46666667,3.0565648,3.807355,3.7004397,3.0,0.0,0.2,0.0,0.5555556,0.8711111,0.0,0.0,0.0,12.0,7.5,4.5,1.0,0.0,3.0220551,0.0,5.0414286,0.70209515,1.5333333
takenback.net,suppobox,13.0,9.0,2.0,0.0,0.0,12.0,1.0,0.0,0.0,4.0,0.33333334,8.0,0.6666667,7.0,0.5833333,0.5,2.751629,3.4594316,3.321928,3.0,0.0,0.25,0.0,0.71428573,0.8472222,0.0,0.0,0.0,9.0,6.0,3.0,1.0,0.0,2.7254806,0.0,6.256364,1.1606534,1.6666666
spotenjoy.net,suppobox,13.0,9.0,2.0,0.0,0.0,12.0,1.0,0.0,0.0,4.0,0.33333334,8.0,0.6666667,8.0,0.6666667,0.16666667,2.9182959,3.4594316,3.321928,2.0,0.0,0.16666667,0.0,0.5,0.8611111,0.0,0.0,0.0,9.0,6.0,3.0,1.0,0.0,2.947703,0.0,5.539091,0.99416167,1.6666666
sweetthrown.net,suppobox,15.0,11.0,2.0,0.0,0.0,14.0,1.0,0.0,0.0,4.0,0.2857143,10.0,0.71428573,8.0,0.5714286,0.21428572,2.842371,3.5465937,3.5849626,4.0,0.0,0.2857143,0.0,0.5,0.8469388,0.0,0.0,0.0,11.0,7.0,4.0,1.0,0.0,2.9139771,0.0,6.7576923,0.8914463,1.5714285
sundaypure.net,suppobox,14.0,10.0,2.0,0.0,0.0,13.0,1.0,0.0,0.0,5.0,0.3846154,8.0,0.61538464,10.0,0.7692308,0.30769232,3.2389011,3.5849626,3.4594316,2.0,0.0,0.15384616,0.0,0.3,0.88757396,0.0,0.0,0.0,10.0,6.5,3.5,1.0,0.0,3.121928,0.0,5.3883333,0.7159237,1.6153846
difficultwithout.net,suppobox,20.0,16.0,2.0,0.0,0.0,19.0,1.0,0.0,0.0,7.0,0.36842105,12.0,0.6315789,12.0,0.6315789,0.2631579,3.3660913,4.169925,4.087463,3.0,0.0,0.15789473,0.0,0.33333334,0.88642657,0.0,0.0,0.0,16.0,9.5,6.5,1.0,0.0,3.1556392,0.0,5.5572224,0.7925154,1.4210526
riddenfuture.net,suppobox,16.0,12.0,2.0,0.0,0.0,15.0,1.0,0.0,0.0,6.0,0.4,9.0,0.6,8.0,0.53333336,0.4,2.9232314,3.6644979,3.7004397,2.0,0.0,0.13333334,0.0,0.75,0.8622222,0.0,0.0,0.0,12.0,7.5,4.5,1.0,0.0,2.9182959,0.0,4.6714287,0.88809884,1.5333333
wrongmine.net,suppobox,13.0,9.0,2.0,0.0,0.0,12.0,1.0,0.0,0.0,4.0,0.33333334,8.0,0.6666667,9.0,0.75,0.16666667,3.0220551,3.2776134,3.321928,3.0,0.0,0.25,0.0,0.22222222,0.8611111,0.0,0.0,0.0,9.0,6.0,3.0,1.0,0.0,2.947703,0.0,3.9472728,0.8174329,1.6666666
katherinaanthonyson.net,suppobox,23.0,19.0,2.0,0.0,0.0,22.0,1.0,0.0,0.0,8.0,0.36363637,14.0,0.6363636,11.0,0.5,0.22727273,3.2267308,4.2018414,4.321928,3.0,0.0,0.13636364,0.0,0.54545456,0.87603307,0.0,0.0,0.0,19.0,11.0,8.0,1.0,0.0,3.2608283,0.0,4.137619,0.6064663,1.3636364
maybellineboniface.net,suppobox,22.0,18.0,2.0,0.0,0.0,21.0,1.0,0.0,0.0,9.0,0.42857143,12.0,0.5714286,12.0,0.5714286,0.47619048,3.4039896,4.221928,4.2479277,2.0,0.0,0.0952381,0.0,0.5,0.89342403,0.0,0.0,0.0,18.0,10.5,7.5,1.0,0.0,3.350209,0.0,5.4305,0.64029574,1.3809524
bartholomewcristiansen.net,suppobox,26.0,22.0,2.0,0.0,0.0,25.0,1.0,0.0,0.0,9.0,0.36,16.0,0.64,14.0,0.56,0.28,3.6732697,4.5849624,4.523562,3.0,0.0,0.12,0.0,0.5714286,0.9152,0.0,0.0,0.0,22.0,12.5,9.5,1.0,0.0,3.732159,0.0,3.8308334,0.31596813,1.32
washingtonveronica.net,suppobox,22.0,18.0,2.0,0.0,0.0,21.0,1.0,0.0,0.0,8.0,0.3809524,13.0,0.61904764,13.0,0.61904764,0.23809524,3.5351746,4.221928,4.2479277,3.0,0.0,0.14285715,0.0,0.46153846,0.9024943,0.0,0.0,0.0,18.0,10.5,7.5,1.0,0.0,3.5724313,0.0,4.4125,0.47188246,1.3809524
classclose.net,suppobox,14.0,10.0,2.0,0.0,0.0,13.0,1.0,0.0,0.0,4.0,0.30769232,9.0,0.6923077,8.0,0.61538464,0.3846154,2.8731406,3.4182959,3.4594316,4.0,0.0,0.30769232,0.0,0.5,0.852071,0.0,0.0,0.0,10.0,6.5,3.5,1.0,0.0,2.4464393,0.0,4.213333,0.78548825,1.6153846
husbandinstead.net,suppobox,18.0,14.0,2.0,0.0,0.0,17.0,1.0,0.0,0.0,6.0,0.3529412,11.0,0.64705884,10.0,0.5882353,0.4117647,3.2195282,4.0,3.9068906,3.0,0.0,0.1764706,0.0,0.6,0.8858132,0.0,0.0,0.0,14.0,8.5,5.5,1.0,0.0,3.2359264,0.0,4.175,0.6530512,1.4705882
whomhear.net,suppobox,12.0,8.0,2.0,0.0,0.0,11.0,1.0,0.0,0.0,4.0,0.36363637,7.0,0.6363636,9.0,0.8181818,0.27272728,3.0957952,3.321928,3.169925,2.0,0.0,0.18181819,0.0,0.22222222,0.87603307,0.0,0.0,0.0,8.0,5.5,2.5,1.0,0.0,2.75,0.0,4.94,0.80621475,1.7272727
hendersonangelina.net,suppobox,21.0,17.0,2.0,0.0,0.0,20.0,1.0,0.0,0.0,8.0,0.4,12.0,0.6,12.0,0.6,0.35,3.241446,4.037401,4.058814,2.0,0.0,0.1,0.0,0.25,0.865,0.0,0.0,0.0,17.0,10.0,7.0,1.0,0.0,3.2195282,0.0,2.514737,0.5045643,1.3
kimberleeswindlehurst.net,suppobox,25.0,21.0,2.0,0.0,0.0,24.0,1.0,0.0,0.0,8.0,0.33333334,16.0,0.6666667,14.0,0.5833333,0.29166666,3.6012275,4.4366055,4.4594316,4.0,0.0,0.16666667,0.0,0.5,0.9027778,0.0,0.0,0.0,21.0,12.0,9.0,1.0,0.0,3.6304126,0.0,5.9565215,0.4665808,1.3333334
thomasinaashleigh.net,suppobox,21.0,17.0,2.0,0.0,0.0,20.0,1.0,0.0,0.0,8.0,0.4,12.0,0.6,11.0,0.55,0.25,3.3464394,4.1426644,4.169925,3.0,0.0,0.15,0.0,0.6363636,0.895,0.0,0.0,0.0,17.0,10.0,7.0,1.0,0.0,3.2927701,0.0,5.403684,0.5423272,1.4
christabellecaileigh.net,suppobox,24.0,20.0,2.0,0.0,0.0,23.0,1.0,0.0,0.0,9.0,0.39130434,14.0,0.6086956,12.0,0.5217391,0.39130434,3.4144413,4.3685226,4.3923173,3.0,0.0,0.13043478,0.0,0.5833333,0.89603025,0.0,0.0,0.0,20.0,11.5,8.5,1.0,0.0,3.308695,0.0,5.345,0.5548364,1.3478261
rockwash.net,suppobox,12.0,8.0,2.0,0.0,0.0,11.0,1.0,0.0,0.0,3.0,0.27272728,8.0,0.72727275,11.0,1.0,0.27272728,3.4594316,3.321928,3.169925,3.0,0.0,0.27272728,0.0,0.0,0.90909094,0.0,0.0,0.0,8.0,5.5,2.5,1.0,0.0,3.0,0.0,6.634,0.6550889,1.7272727
middleflower.net,suppobox,16.0,12.0,2.0,0.0,0.0,15.0,1.0,0.0,0.0,5.0,0.33333334,10.0,0.6666667,11.0,0.73333335,0.4,3.3232315,3.807355,3.7004397,3.0,0.0,0.2,0.0,0.27272728,0.8888889,0.0,0.0,0.0,12.0,7.5,4.5,1.0,0.0,3.0849626,0.0,6.0992856,0.69308305,1.5333333
theseenjoy.net,suppobox,14.0,10.0,2.0,0.0,0.0,13.0,1.0,0.0,0.0,5.0,0.3846154,8.0,0.61538464,8.0,0.61538464,0.30769232,2.7773628,3.5849626,3.4594316,2.0,0.0,0.15384616,0.0,0.375,0.82840234,0.0,0.0,0.0,10.0,6.5,3.5,1.0,0.0,2.8464394,0.0,5.4416666,0.9956211,1.6153846
washingtonanastacia.net,suppobox,23.0,19.0,2.0,0.0,0.0,22.0,1.0,0.0,0.0,9.0,0.4090909,13.0,0.59090906,11.0,0.5,0.3181818,3.1701348,4.106603,4.321928,3.0,0.0,0.13636364,0.0,0.45454547,0.8677686,0.0,0.0,0.0,19.0,11.0,8.0,1.0,0.0,3.070847,0.0,4.080952,0.6242355,1.3636364
recordstation.net,suppobox,17.0,13.0,2.0,0.0,0.0,16.0,1.0,0.0,0.0,6.0,0.375,10.0,0.625,10.0,0.625,0.3125,3.2028196,3.9068906,3.807355,4.0,0.0,0.25,0.0,0.5,0.8828125,0.0,0.0,0.0,13.0,8.0,5.0,1.0,0.0,3.2389011,0.0,4.0273333,0.5029002,1.5
answerconsider.net,suppobox,18.0,14.0,2.0,0.0,0.0,17.0,1.0,0.0,0.0,6.0,0.3529412,11.0,0.64705884,11.0,0.64705884,0.3529412,3.2927701,3.75,3.9068906,3.0,0.0,0.1764706,0.0,0.36363637,0.8858132,0.0,0.0,0.0,14.0,8.5,5.5,1.0,0.0,3.2359264,0.0,4.460625,0.50163424,1.4705882
cloudtell.net,suppobox,13.0,9.0,2.0,0.0,0.0,12.0,1.0,0.0,0.0,4.0,0.33333334,8.0,0.6666667,8.0,0.6666667,0.33333334,2.8553886,3.4594316,3.321928,3.0,0.0,0.25,0.0,0.375,0.8472222,0.0,0.0,0.0,9.0,6.0,3.0,1.0,0.0,2.6416042,0.0,5.6263638,0.90900904,1.6666666
hendersonannabeth.net,suppobox,21.0,17.0,2.0,0.0,0.0,20.0,1.0,0.0,0.0,7.0,0.35,13.0,0.65,10.0,0.5,0.4,3.041446,4.037401,4.169925,3.0,0.0,0.15,0.0,0.5,0.855,0.0,0.0,0.0,17.0,10.0,7.0,1.0,0.0,3.1018813,0.0,3.4352632,0.6869362,1.4
knowlend.net,suppobox,12.0,8.0,2.0,0.0,0.0,11.0,1.0,0.0,0.0,3.0,0.27272728,8.0,0.72727275,8.0,0.72727275,0.27272728,2.845351,3.321928,3.169925,3.0,0.0,0.27272728,0.0,0.25,0.8429752,0.0,0.0,0.0,8.0,5.5,2.5,1.0,0.0,2.75,0.0,5.086,1.0130612,1.7272727
belongletter.net,suppobox,16.0,12.0,2.0,0.0,0.0,15.0,1.0,0.0,0.0,5.0,0.33333334,10.0,0.6666667,8.0,0.53333336,0.33333334,2.7898982,3.6644979,3.7004397,3.0,0.0,0.2,0.0,0.5,0.83555555,0.0,0.0,0.0,12.0,7.5,4.5,1.0,0.0,2.8553886,0.0,4.027143,0.87940484,1.5333333
washingtonkristina.net,suppobox,22.0,18.0,2.0,0.0,0.0,21.0,1.0,0.0,0.0,7.0,0.33333334,14.0,0.6666667,12.0,0.5714286,0.14285715,3.3680425,4.221928,4.2479277,3.0,0.0,0.14285715,0.0,0.41666666,0.8888889,0.0,0.0,0.0,18.0,10.5,7.5,1.0,0.0,3.308271,0.0,4.291,0.56623924,1.3809524
buildingelectricity.net,suppobox,23.0,19.0,2.0,0.0,0.0,22.0,1.0,0.0,0.0,8.0,0.36363637,14.0,0.6363636,12.0,0.54545456,0.3181818,3.3908055,4.3923173,4.321928,3.0,0.0,0.13636364,0.0,0.5,0.892562,0.0,0.0,0.0,19.0,11.0,8.0,1.0,0.0,3.4058223,0.0,4.192381,0.65057164,1.3636364
forgetgovern.net,suppobox,16.0,12.0,2.0,0.0,0.0,15.0,1.0,0.0,0.0,5.0,0.33333334,10.0,0.6666667,8.0,0.53333336,0.26666668,2.9232314,3.6644979,3.7004397,3.0,0.0,0.2,0.0,0.75,0.8622222,0.0,0.0,0.0,12.0,7.5,4.5,1.0,0.0,2.9182959,0.0,6.055,0.9522027,1.5333333
necessaryminute.net,suppobox,19.0,15.0,2.0,0.0,0.0,18.0,1.0,0.0,0.0,7.0,0.3888889,11.0,0.6111111,11.0,0.6111111,0.33333334,3.2390978,3.9698157,4.0,3.0,0.0,0.16666667,0.0,0.36363637,0.8765432,0.0,0.0,0.0,15.0,9.0,6.0,1.0,0.0,3.3232315,0.0,4.122941,0.5570272,1.4444444
christianashaniqua.net,suppobox,22.0,18.0,2.0,0.0,0.0,21.0,1.0,0.0,0.0,9.0,0.42857143,12.0,0.5714286,11.0,0.52380955,0.2857143,3.2728043,4.0841837,4.2479277,3.0,0.0,0.14285715,0.0,0.54545456,0.88435376,0.0,0.0,0.0,18.0,10.5,7.5,1.0,0.0,3.127987,0.0,4.9115,0.69293797,1.3809524
temperancemalandra.net,suppobox,22.0,18.0,2.0,0.0,0.0,21.0,1.0,0.0,0.0,8.0,0.3809524,13.0,0.61904764,10.0,0.47619048,0.47619048,3.1182752,3.8841836,4.1426644,3.0,0.0,0.14285715,0.0,0.6,0.8707483,0.0,0.0,0.0,18.0,10.5,7.5,1.0,0.0,3.127987,0.0,3.6045,0.64575934,1.2857143
lordpress.net,suppobox,13.0,9.0,2.0,0.0,0.0,12.0,1.0,0.0,0.0,3.0,0.25,9.0,0.75,9.0,0.75,0.25,3.0849626,3.4594316,3.321928,4.0,0.0,0.33333334,0.0,0.33333334,0.875,0.0,0.0,0.0,9.0,6.0,3.0,1.0,0.0,2.7254806,0.0,4.663636,0.6564916,1.6666666
wrongpaid.net,suppobox,13.0,9.0,2.0,0.0,0.0,12.0,1.0,0.0,0.0,4.0,0.33333334,8.0,0.6666667,11.0,0.9166667,0.25,3.4182959,3.4594316,3.321928,3.0,0.0,0.25,0.0,0.09090909,0.9027778,0.0,0.0,0.0,9.0,6.0,3.0,1.0,0.0,3.169925,0.0,5.592727,0.6296344,1.6666666
earnestineoutterridge.net,suppobox,25.0,21.0,2.0,0.0,0.0,24.0,1.0,0.0,0.0,11.0,0.45833334,13.0,0.5416667,11.0,0.45833334,0.33333334,3.1258147,4.316828,4.4594316,2.0,0.0,0.083333336,0.0,0.45454547,0.8611111,0.0,0.0,0.0,21.0,12.0,9.0,1.0,0.0,3.1961548,0.0,4.5030437,0.5337771,1.3333334
leastwhole.net,suppobox,14.0,10.0,2.0,0.0,0.0,13.0,1.0,0.0,0.0,5.0,0.3846154,8.0,0.61538464,9.0,0.6923077,0.30769232,3.0269868,3.4182959,3.4594316,4.0,0.0,0.30769232,0.0,0.33333334,0.8639053,0.0,0.0,0.0,10.0,6.5,3.5,1.0,0.0,2.9219282,0.0,3.9816666,0.70327455,1.6153846
margarettaunderwood.net,suppobox,23.0,19.0,2.0,0.0,0.0,22.0,1.0,0.0,0.0,9.0,0.4090909,13.0,0.59090906,11.0,0.5,0.36363637,3.3221793,4.2018414,4.321928,2.0,0.0,0.09090909,0.0,0.6363636,0.892562,0.0,0.0,0.0,19.0,11.0,8.0,1.0,0.0,3.3263605,0.0,5.5728574,0.54848915,1.3636364
streetlength.net,suppobox,16.0,12.0,2.0,0.0,0.0,15.0,1.0,0.0,0.0,4.0,0.26666668,11.0,0.73333335,8.0,0.53333336,0.26666668,2.7068906,3.6644979,3.7004397,5.0,0.0,0.33333334,0.0,0.375,0.81777775,0.0,0.0,0.0,12.0,7.5,4.5,1.0,0.0,2.7924812,0.0,4.627857,0.86839473,1.5333333
thinkstranger.net,suppobox,17.0,13.0,2.0,0.0,0.0,16.0,1.0,0.0,0.0,4.0,0.25,12.0,0.75,10.0,0.625,0.1875,3.1556392,3.9068906,3.807355,5.0,0.0,0.3125,0.0,0.4,0.875,0.0,0.0,0.0,13.0,8.0,5.0,1.0,0.0,3.2389011,0.0,3.9773333,0.6822939,1.5
christobelbenjaminson.net,suppobox,25.0,21.0,2.0,0.0,0.0,24.0,1.0,0.0,0.0,8.0,0.33333334,16.0,0.6666667,14.0,0.5833333,0.29166666,3.6368423,4.4366055,4.4594316,3.0,0.0,0.125,0.0,0.5,0.9097222,0.0,0.0,0.0,21.0,12.0,9.0,1.0,0.0,3.6897037,0.0,4.6265216,0.46855178,1.3333334
quietcharacter.net,suppobox,18.0,14.0,2.0,0.0,0.0,17.0,1.0,0.0,0.0,7.0,0.4117647,10.0,0.5882353,10.0,0.5882353,0.4117647,3.1751232,3.875,3.9068906,3.0,0.0,0.1764706,0.0,0.5,0.8788927,0.0,0.0,0.0,14.0,8.5,5.5,1.0,0.0,3.0930693,0.0,4.958125,0.79332286,1.4705882
catharineherbertson.net,suppobox,23.0,19.0,2.0,0.0,0.0,22.0,1.0,0.0,0.0,8.0,0.36363637,14.0,0.6363636,11.0,0.5,0.36363637,3.2655833,4.2018414,4.321928,3.0,0.0,0.13636364,0.0,0.54545456,0.88429755,0.0,0.0,0.0,19.0,11.0,8.0,1.0,0.0,3.3263605,0.0,3.9080951,0.5345714,1.3636364
caseenjoy.net,suppobox,13.0,9.0,2.0,0.0,0.0,12.0,1.0,0.0,0.0,5.0,0.41666666,7.0,0.5833333,9.0,0.75,0.41666666,3.0220551,3.4594316,3.321928,2.0,0.0,0.16666667,0.0,0.22222222,0.8611111,0.0,0.0,0.0,9.0,6.0,3.0,1.0,0.0,2.947703,0.0,6.04,0.8591473,1.6666666
wrongonly.net,suppobox,13.0,9.0,2.0,0.0,0.0,12.0,1.0,0.0,0.0,3.0,0.25,9.0,0.75,9.0,0.75,0.083333336,3.0220551,3.2776134,3.321928,4.0,0.0,0.33333334,0.0,0.22222222,0.8611111,0.0,0.0,0.0,9.0,6.0,3.0,1.0,0.0,2.7254806,0.0,5.3109093,0.90155214,1.6666666
thomasinajosephson.net,suppobox,22.0,18.0,2.0,0.0,0.0,21.0,1.0,0.0,0.0,8.0,0.3809524,13.0,0.61904764,11.0,0.52380955,0.1904762,3.3320954,4.321928,4.2479277,3.0,0.0,0.14285715,0.0,0.6363636,0.89342403,0.0,0.0,0.0,18.0,10.5,7.5,1.0,0.0,3.308271,0.0,5.043,0.60365504,1.3809524
suffersurprise.net,suppobox,18.0,14.0,2.0,0.0,0.0,17.0,1.0,0.0,0.0,6.0,0.3529412,11.0,0.64705884,9.0,0.5294118,0.29411766,3.0130708,3.875,3.9068906,3.0,0.0,0.1764706,0.0,0.5555556,0.8650519,0.0,0.0,0.0,14.0,8.5,5.5,1.0,0.0,2.699514,0.0,5.53625,0.8710732,1.4705882
sacheverellchristopherson.net,suppobox,29.0,25.0,2.0,0.0,0.0,28.0,1.0,0.0,0.0,9.0,0.32142857,19.0,0.6785714,13.0,0.4642857,0.2857143,3.5261297,4.5326653,4.70044,5.0,0.0,0.17857143,0.0,0.6923077,0.9030612,0.0,0.0,0.0,25.0,14.0,11.0,1.0,0.0,3.5132697,0.0,4.2011113,0.44468057,1.2857143
charlottewilkerson.net,suppobox,22.0,18.0,2.0,0.0,0.0,21.0,1.0,0.0,0.0,7.0,0.33333334,14.0,0.6666667,13.0,0.61904764,0.23809524,3.5585186,4.321928,4.2479277,2.0,0.0,0.0952381,0.0,0.46153846,0.90702945,0.0,0.0,0.0,18.0,10.5,7.5,1.0,0.0,3.6143694,0.0,5.401,0.4156603,1.3809524
necessaryhealth.net,suppobox,19.0,15.0,2.0,0.0,0.0,18.0,1.0,0.0,0.0,6.0,0.33333334,12.0,0.6666667,10.0,0.5555556,0.3888889,3.169925,3.9698157,4.0,4.0,0.0,0.22222222,0.0,0.6,0.8765432,0.0,0.0,0.0,15.0,9.0,6.0,1.0,0.0,3.189898,0.0,3.6794116,0.61536825,1.4444444
cloudbreak.net,suppobox,14.0,10.0,2.0,0.0,0.0,13.0,1.0,0.0,0.0,5.0,0.3846154,8.0,0.61538464,12.0,0.9230769,0.46153846,3.5465937,3.5849626,3.4594316,3.0,0.0,0.23076923,0.0,0.083333336,0.9112426,0.0,0.0,0.0,10.0,6.5,3.5,1.0,0.0,3.321928,0.0,5.8216667,0.59343386,1.6153846
watchdish.net,suppobox,13.0,9.0,2.0,0.0,0.0,12.0,1.0,0.0,0.0,3.0,0.25,9.0,0.75,10.0,0.8333333,0.33333334,3.251629,3.4594316,3.321928,4.0,0.0,0.33333334,0.0,0.2,0.8888889,0.0,0.0,0.0,9.0,6.0,3.0,1.0,0.0,2.947703,0.0,6.2154546,0.7649276,1.6666666
meatbody.net,suppobox,12.0,8.0,2.0,0.0,0.0,11.0,1.0,0.0,0.0,4.0,0.36363637,7.0,0.6363636,9.0,0.8181818,0.45454547,3.0957952,3.321928,3.169925,3.0,0.0,0.27272728,0.0,0.22222222,0.87603307,0.0,0.0,0.0,8.0,5.5,2.5,1.0,0.0,3.0,0.0,6.313,0.8353637,1.7272727
genevievewilliamson.net,suppobox,23.0,19.0,2.0,0.0,0.0,22.0,1.0,0.0,0.0,10.0,0.45454547,12.0,0.54545456,12.0,0.54545456,0.27272728,3.31764,4.2018414,4.321928,2.0,0.0,0.09090909,0.0,0.41666666,0.8801653,0.0,0.0,0.0,19.0,11.0,8.0,1.0,0.0,3.2608283,0.0,5.3285713,0.6458033,1.3636364
littledemand.net,suppobox,16.0,12.0,2.0,0.0,0.0,15.0,1.0,0.0,0.0,5.0,0.33333334,10.0,0.6666667,8.0,0.53333336,0.4,2.8729055,3.807355,3.7004397,3.0,0.0,0.2,0.0,0.625,0.85333335,0.0,0.0,0.0,12.0,7.5,4.5,1.0,0.0,2.9182959,0.0,4.222857,0.8052424,1.5333333
ermintrudeveronica.net,suppobox,22.0,18.0,2.0,0.0,0.0,21.0,1.0,0.0,0.0,9.0,0.42857143,12.0,0.5714286,12.0,0.5714286,0.33333334,3.3680425,4.221928,4.2479277,3.0,0.0,0.14285715,0.0,0.41666666,0.8888889,0.0,0.0,0.0,18.0,10.5,7.5,1.0,0.0,3.4193819,0.0,4.194,0.5174603,1.3809524
leaderbring.net,suppobox,15.0,11.0,2.0,0.0,0.0,14.0,1.0,0.0,0.0,5.0,0.35714287,9.0,0.64285713,10.0,0.71428573,0.42857143,3.182006,3.7004397,3.5849626,3.0,0.0,0.21428572,0.0,0.3,0.877551,0.0,0.0,0.0,11.0,7.0,4.0,1.0,0.0,3.0957952,0.0,4.233846,0.66744685,1.5714285
bartholomewdonaldson.net,suppobox,24.0,20.0,2.0,0.0,0.0,23.0,1.0,0.0,0.0,8.0,0.3478261,15.0,0.65217394,13.0,0.5652174,0.3043478,3.534219,4.3685226,4.3923173,3.0,0.0,0.13043478,0.0,0.53846157,0.9035917,0.0,0.0,0.0,20.0,11.5,8.5,1.0,0.0,3.521928,0.0,4.6104546,0.4627321,1.3478261
historyenough.net,suppobox,17.0,13.0,2.0,0.0,0.0,16.0,1.0,0.0,0.0,6.0,0.375,10.0,0.625,11.0,0.6875,0.125,3.375,3.9068906,3.807355,3.0,0.0,0.1875,0.0,0.45454547,0.8984375,0.0,0.0,0.0,13.0,8.0,5.0,1.0,0.0,3.3927474,0.0,4.700667,0.5950891,1.5
kristopherjosephina.net,suppobox,23.0,19.0,2.0,0.0,0.0,22.0,1.0,0.0,0.0,8.0,0.36363637,14.0,0.6363636,12.0,0.54545456,0.18181819,3.5160277,4.2970796,4.321928,2.0,0.0,0.09090909,0.0,0.75,0.90909094,0.0,0.0,0.0,19.0,11.0,8.0,1.0,0.0,3.5110855,0.0,4.7409525,0.5575879,1.3636364
heavyplease.net,suppobox,15.0,11.0,2.0,0.0,0.0,14.0,1.0,0.0,0.0,6.0,0.42857143,8.0,0.5714286,10.0,0.71428573,0.42857143,3.0930693,3.5465937,3.5849626,4.0,0.0,0.2857143,0.0,0.2,0.85714287,0.0,0.0,0.0,11.0,7.0,4.0,1.0,0.0,2.845351,0.0,4.223846,0.7864779,1.5714285
forwardwagon.net,suppobox,16.0,12.0,2.0,0.0,0.0,15.0,1.0,0.0,0.0,5.0,0.33333334,10.0,0.6666667,10.0,0.6666667,0.33333334,3.240224,3.6644979,3.7004397,3.0,0.0,0.2,0.0,0.5,0.8888889,0.0,0.0,0.0,12.0,7.5,4.5,1.0,0.0,2.9182959,0.0,6.482857,0.7920831,1.5333333
riddenvalley.net,suppobox,16.0,12.0,2.0,0.0,0.0,15.0,1.0,0.0,0.0,5.0,0.33333334,10.0,0.6666667,10.0,0.6666667,0.4,3.189898,3.807355,3.7004397,2.0,0.0,0.13333334,0.0,0.4,0.88,0.0,0.0,0.0,12.0,7.5,4.5,1.0,0.0,3.0849626,0.0,5.9071426,0.7383827,1.5333333
josephineanabella.net,suppobox,21.0,17.0,2.0,0.0,0.0,20.0,1.0,0.0,0.0,9.0,0.45,11.0,0.55,12.0,0.6,0.4,3.3464394,4.037401,4.169925,2.0,0.0,0.1,0.0,0.33333334,0.885,0.0,0.0,0.0,17.0,10.0,7.0,1.0,0.0,3.2927701,0.0,4.433158,0.60385245,1.4
dreampast.net,suppobox,13.0,9.0,2.0,0.0,0.0,12.0,1.0,0.0,0.0,4.0,0.33333334,8.0,0.6666667,9.0,0.75,0.41666666,3.0849626,3.4594316,3.321928,3.0,0.0,0.25,0.0,0.33333334,0.875,0.0,0.0,0.0,9.0,6.0,3.0,1.0,0.0,2.947703,0.0,4.329091,0.6694292,1.6666666
thistell.net,suppobox,12.0,8.0,2.0,0.0,0.0,11.0,1.0,0.0,0.0,3.0,0.27272728,8.0,0.72727275,7.0,0.6363636,0.18181819,2.6635327,3.321928,3.169925,3.0,0.0,0.27272728,0.0,0.42857143,0.8264463,0.0,0.0,0.0,8.0,5.5,2.5,1.0,0.0,2.5,0.0,4.092,0.92104155,1.7272727
journeycountry.net,suppobox,18.0,14.0,2.0,0.0,0.0,17.0,1.0,0.0,0.0,6.0,0.3529412,11.0,0.64705884,9.0,0.5294118,0.1764706,3.1018813,3.75,3.9068906,5.0,0.0,0.29411766,0.0,0.7777778,0.8788927,0.0,0.0,0.0,14.0,8.5,5.5,1.0,0.0,3.0930693,0.0,5.28875,0.92537415,1.4705882
knowgrain.net,suppobox,13.0,9.0,2.0,0.0,0.0,12.0,1.0,0.0,0.0,4.0,0.33333334,8.0,0.6666667,10.0,0.8333333,0.16666667,3.188722,3.4594316,3.321928,3.0,0.0,0.25,0.0,0.1,0.875,0.0,0.0,0.0,9.0,6.0,3.0,1.0,0.0,2.947703,0.0,5.739091,0.7863657,1.6666666
catherinacartwright.net,suppobox,23.0,19.0,2.0,0.0,0.0,22.0,1.0,0.0,0.0,7.0,0.3181818,15.0,0.6818182,10.0,0.45454547,0.3181818,3.2089872,4.2018414,4.321928,4.0,0.0,0.18181819,0.0,0.8,0.88429755,0.0,0.0,0.0,19.0,11.0,8.0,1.0,0.0,3.1813664,0.0,4.668095,0.6846737,1.3636364
wifehello.net,suppobox,13.0,9.0,2.0,0.0,0.0,12.0,1.0,0.0,0.0,5.0,0.41666666,7.0,0.5833333,9.0,0.75,0.33333334,3.0220551,3.4594316,3.321928,2.0,0.0,0.16666667,0.0,0.22222222,0.8611111,0.0,0.0,0.0,9.0,6.0,3.0,1.0,0.0,2.7254806,0.0,5.49,0.87229663,1.6666666
watchcause.net,suppobox,14.0,10.0,2.0,0.0,0.0,13.0,1.0,0.0,0.0,5.0,0.3846154,8.0,0.61538464,9.0,0.6923077,0.46153846,3.085055,3.5849626,3.4594316,4.0,0.0,0.30769232,0.0,0.44444445,0.87573963,0.0,0.0,0.0,10.0,6.5,3.5,1.0,0.0,2.9219282,0.0,5.4125,0.8084401,1.6153846
evangelinaeglantine.net,suppobox,23.0,19.0,2.0,0.0,0.0,22.0,1.0,0.0,0.0,10.0,0.45454547,12.0,0.54545456,8.0,0.36363637,0.36363637,2.824242,4.106603,4.321928,2.0,0.0,0.09090909,0.0,0.875,0.8429752,0.0,0.0,0.0,19.0,11.0,8.0,1.0,0.0,2.8397756,0.0,3.8028572,0.8488862,1.3636364
thengold.net,suppobox,12.0,8.0,2.0,0.0,0.0,11.0,1.0,0.0,0.0,3.0,0.27272728,8.0,0.72727275,8.0,0.72727275,0.27272728,2.9139771,3.321928,3.169925,3.0,0.0,0.27272728,0.0,0.375,0.8595041,0.0,0.0,0.0,8.0,5.5,2.5,1.0,0.0,3.0,0.0,4.779,0.86211824,1.7272727
necessaryfurther.net,suppobox,20.0,16.0,2.0,0.0,0.0,19.0,1.0,0.0,0.0,6.0,0.31578946,13.0,0.68421054,11.0,0.57894737,0.36842105,3.2608283,4.058814,4.087463,3.0,0.0,0.15789473,0.0,0.45454547,0.88088644,0.0,0.0,0.0,16.0,9.5,6.5,1.0,0.0,3.2806392,0.0,3.708889,0.6186341,1.4210526
roommarch.net,suppobox,13.0,9.0,2.0,0.0,0.0,12.0,1.0,0.0,0.0,4.0,0.33333334,8.0,0.6666667,9.0,0.75,0.25,3.0849626,3.4594316,3.321928,4.0,0.0,0.33333334,0.0,0.33333334,0.875,0.0,0.0,0.0,9.0,6.0,3.0,1.0,0.0,2.5032582,0.0,5.679091,0.7723467,1.6666666
septembername.net,suppobox,17.0,13.0,2.0,0.0,0.0,16.0,1.0,0.0,0.0,6.0,0.375,10.0,0.625,9.0,0.5625,0.4375,2.8993974,3.9068906,3.807355,2.0,0.0,0.125,0.0,0.44444445,0.8359375,0.0,0.0,0.0,13.0,8.0,5.0,1.0,0.0,2.9312088,0.0,4.576,0.8191615,1.5
visitworld.net,suppobox,14.0,10.0,2.0,0.0,0.0,13.0,1.0,0.0,0.0,4.0,0.30769232,9.0,0.6923077,11.0,0.84615386,0.15384616,3.3927474,3.5849626,3.4594316,4.0,0.0,0.30769232,0.0,0.18181819,0.8994083,0.0,0.0,0.0,10.0,6.5,3.5,1.0,0.0,3.121928,0.0,5.3641667,0.6344523,1.6153846
calldaily.net,suppobox,13.0,9.0,2.0,0.0,0.0,12.0,1.0,0.0,0.0,4.0,0.33333334,8.0,0.6666667,9.0,0.75,0.41666666,3.0220551,3.4594316,3.321928,3.0,0.0,0.25,0.0,0.22222222,0.8611111,0.0,0.0,0.0,9.0,6.0,3.0,1.0,0.0,2.4193819,0.0,6.211818,0.85470885,1.6666666
kimberleechancellor.net,suppobox,23.0,19.0,2.0,0.0,0.0,22.0,1.0,0.0,0.0,8.0,0.36363637,14.0,0.6363636,13.0,0.59090906,0.4090909,3.4428623,4.3923173,4.321928,2.0,0.0,0.09090909,0.0,0.3846154,0.88842976,0.0,0.0,0.0,19.0,11.0,8.0,1.0,0.0,3.3660913,0.0,5.3723807,0.5567461,1.3636364
grouphouse.net,suppobox,14.0,10.0,2.0,0.0,0.0,13.0,1.0,0.0,0.0,6.0,0.46153846,7.0,0.53846157,10.0,0.7692308,0.15384616,3.2389011,3.4182959,3.4594316,2.0,0.0,0.15384616,0.0,0.3,0.88757396,0.0,0.0,0.0,10.0,6.5,3.5,1.0,0.0,2.9219282,0.0,4.2258334,0.71261317,1.6153846
jessamineanastacia.net,suppobox,22.0,18.0,2.0,0.0,0.0,21.0,1.0,0.0,0.0,10.0,0.47619048,11.0,0.52380955,9.0,0.42857143,0.42857143,2.9697316,4.121928,4.2479277,2.0,0.0,0.0952381,0.0,0.6666667,0.85714287,0.0,0.0,0.0,18.0,10.5,7.5,1.0,0.0,2.9274511,0.0,3.59,0.73475593,1.3809524
quietfinger.net,suppobox,15.0,11.0,2.0,0.0,0.0,14.0,1.0,0.0,0.0,6.0,0.42857143,8.0,0.5714286,9.0,0.64285713,0.2857143,3.0391486,3.5465937,3.5849626,2.0,0.0,0.14285715,0.0,0.44444445,0.86734694,0.0,0.0,0.0,11.0,7.0,4.0,1.0,0.0,3.0957952,0.0,5.1984615,0.9974172,1.5714285
chiefyellow.net,suppobox,15.0,11.0,2.0,0.0,0.0,14.0,1.0,0.0,0.0,5.0,0.35714287,9.0,0.64285713,11.0,0.78571427,0.35714287,3.324863,3.7004397,3.5849626,2.0,0.0,0.14285715,0.0,0.18181819,0.8877551,0.0,0.0,0.0,11.0,7.0,4.0,1.0,0.0,3.0957952,0.0,6.4684615,0.7690719,1.5714285
whichelse.net,suppobox,13.0,9.0,2.0,0.0,0.0,12.0,1.0,0.0,0.0,4.0,0.33333334,8.0,0.6666667,9.0,0.75,0.33333334,3.0220551,3.4594316,3.321928,2.0,0.0,0.16666667,0.0,0.22222222,0.8611111,0.0,0.0,0.0,9.0,6.0,3.0,1.0,0.0,2.7254806,0.0,4.1381817,0.8534286,1.6666666
cloudcroud.net,suppobox,14.0,10.0,2.0,0.0,0.0,13.0,1.0,0.0,0.0,5.0,0.3846154,8.0,0.61538464,9.0,0.6923077,0.3846154,3.085055,3.251629,3.2776134,3.0,0.0,0.23076923,0.0,0.44444445,0.87573963,0.0,0.0,0.0,10.0,6.5,3.5,1.0,0.0,2.521928,0.0,5.48,0.87062913,1.4615384
madeheight.net,suppobox,14.0,10.0,2.0,0.0,0.0,13.0,1.0,0.0,0.0,5.0,0.3846154,8.0,0.61538464,9.0,0.6923077,0.3846154,3.0269868,3.5849626,3.4594316,4.0,0.0,0.30769232,0.0,0.33333334,0.8639053,0.0,0.0,0.0,10.0,6.5,3.5,1.0,0.0,2.9219282,0.0,6.3758335,0.81759906,1.6153846
songtold.net,suppobox,12.0,8.0,2.0,0.0,0.0,11.0,1.0,0.0,0.0,3.0,0.27272728,8.0,0.72727275,8.0,0.72727275,0.18181819,2.9139771,3.321928,3.169925,3.0,0.0,0.27272728,0.0,0.375,0.8595041,0.0,0.0,0.0,8.0,5.5,2.5,1.0,0.0,2.75,0.0,5.085,0.80715513,1.7272727
nightcharacter.net,suppobox,18.0,14.0,2.0,0.0,0.0,17.0,1.0,0.0,0.0,5.0,0.29411766,12.0,0.7058824,9.0,0.5294118,0.3529412,3.1018813,4.0,3.9068906,5.0,0.0,0.29411766,0.0,0.7777778,0.8788927,0.0,0.0,0.0,14.0,8.5,5.5,1.0,0.0,3.0930693,0.0,5.69,0.7460157,1.4705882
catherinebloodworth.net,suppobox,23.0,19.0,2.0,0.0,0.0,22.0,1.0,0.0,0.0,8.0,0.36363637,14.0,0.6363636,13.0,0.59090906,0.3181818,3.5383105,4.2018414,4.321928,4.0,0.0,0.18181819,0.0,0.46153846,0.90495867,0.0,0.0,0.0,19.0,11.0,8.0,1.0,0.0,3.5766177,0.0,4.345238,0.46567944,1.3636364
yardheld.net,suppobox,12.0,8.0,2.0,0.0,0.0,11.0,1.0,0.0,0.0,3.0,0.27272728,8.0,0.72727275,9.0,0.8181818,0.45454547,3.0957952,3.321928,3.169925,3.0,0.0,0.27272728,0.0,0.22222222,0.87603307,0.0,0.0,0.0,8.0,5.5,2.5,1.0,0.0,2.75,0.0,6.321,0.80221814,1.7272727
harrietteveronica.net,suppobox,21.0,17.0,2.0,0.0,0.0,20.0,1.0,0.0,0.0,9.0,0.45,11.0,0.55,10.0,0.5,0.35,3.1464393,4.1426644,4.169925,2.0,0.0,0.1,0.0,0.6,0.875,0.0,0.0,0.0,17.0,10.0,7.0,1.0,0.0,3.1751232,0.0,4.3705263,0.6020191,1.4
spokeearth.net,suppobox,14.0,10.0,2.0,0.0,0.0,13.0,1.0,0.0,0.0,5.0,0.3846154,8.0,0.61538464,10.0,0.7692308,0.30769232,3.180833,3.5849626,3.4594316,4.0,0.0,0.30769232,0.0,0.2,0.87573963,0.0,0.0,0.0,10.0,6.5,3.5,1.0,0.0,3.121928,0.0,5.1266665,0.65005475,1.6153846
ratherinclude.net,suppobox,17.0,13.0,2.0,0.0,0.0,16.0,1.0,0.0,0.0,6.0,0.375,10.0,0.625,11.0,0.6875,0.375,3.3278196,3.9068906,3.807355,3.0,0.0,0.1875,0.0,0.36363637,0.890625,0.0,0.0,0.0,13.0,8.0,5.0,1.0,0.0,3.3927474,0.0,3.89,0.5268389,1.5
christopherstrickland.net,suppobox,25.0,21.0,2.0,0.0,0.0,24.0,1.0,0.0,0.0,6.0,0.25,18.0,0.75,14.0,0.5833333,0.25,3.688722,4.349649,4.4594316,4.0,0.0,0.16666667,0.0,0.5714286,0.9166667,0.0,0.0,0.0,21.0,12.0,9.0,1.0,0.0,3.6897037,0.0,4.2769566,0.39309138,1.3333334
roomguide.net,suppobox,13.0,9.0,2.0,0.0,0.0,12.0,1.0,0.0,0.0,6.0,0.5,6.0,0.5,10.0,0.8333333,0.25,3.251629,3.4594316,3.321928,2.0,0.0,0.16666667,0.0,0.2,0.8888889,0.0,0.0,0.0,9.0,6.0,3.0,1.0,0.0,2.947703,0.0,5.0827274,0.6377728,1.6666666
pickgrain.net,suppobox,13.0,9.0,2.0,0.0,0.0,12.0,1.0,0.0,0.0,4.0,0.33333334,8.0,0.6666667,10.0,0.8333333,0.25,3.251629,3.4594316,3.321928,4.0,0.0,0.33333334,0.0,0.2,0.8888889,0.0,0.0,0.0,9.0,6.0,3.0,1.0,0.0,2.947703,0.0,5.6045456,0.7969437,1.6666666
chairpower.net,suppobox,14.0,10.0,2.0,0.0,0.0,13.0,1.0,0.0,0.0,5.0,0.3846154,8.0,0.61538464,11.0,0.84615386,0.30769232,3.3927474,3.5849626,3.4594316,2.0,0.0,0.15384616,0.0,0.18181819,0.8994083,0.0,0.0,0.0,10.0,6.5,3.5,1.0,0.0,3.121928,0.0,6.036667,0.5906976,1.6153846
electricsilver.net,suppobox,18.0,14.0,2.0,0.0,0.0,17.0,1.0,0.0,0.0,6.0,0.3529412,11.0,0.64705884,9.0,0.5294118,0.3529412,3.0286393,4.0,3.9068906,3.0,0.0,0.1764706,0.0,0.6666667,0.8650519,0.0,0.0,0.0,14.0,8.5,5.5,1.0,0.0,2.8962915,0.0,4.415,0.75746727,1.4705882
deadtaste.net,suppobox,13.0,9.0,2.0,0.0,0.0,12.0,1.0,0.0,0.0,5.0,0.41666666,7.0,0.5833333,6.0,0.5,0.5833333,2.459148,3.4594316,3.321928,2.0,0.0,0.16666667,0.0,0.6666667,0.8055556,0.0,0.0,0.0,9.0,6.0,3.0,1.0,0.0,2.2810361,0.0,3.35,0.9600667,1.6666666
caseoctover.net,suppobox,15.0,11.0,2.0,0.0,0.0,14.0,1.0,0.0,0.0,6.0,0.42857143,8.0,0.5714286,9.0,0.64285713,0.42857143,3.0391486,3.7004397,3.5849626,2.0,0.0,0.14285715,0.0,0.44444445,0.86734694,0.0,0.0,0.0,11.0,7.0,4.0,1.0,0.0,2.9139771,0.0,4.7792306,0.71827716,1.5714285
buildingtrain.ru,suppobox,16.0,13.0,2.0,0.0,0.0,15.0,1.0,0.0,0.0,6.0,0.4,9.0,0.6,10.0,0.6666667,0.2,3.189898,3.6644979,3.7004397,4.0,0.0,0.26666668,0.0,0.4,0.88,0.0,0.0,0.0,13.0,7.5,5.5,1.0,0.0,3.180833,0.0,5.5,0.83242947,1.5333333
christabellejessalyn.net,suppobox,24.0,20.0,2.0,0.0,0.0,23.0,1.0,0.0,0.0,7.0,0.3043478,16.0,0.6956522,13.0,0.5652174,0.3478261,3.5013978,4.4594316,4.3923173,4.0,0.0,0.17391305,0.0,0.46153846,0.89981097,0.0,0.0,0.0,20.0,11.5,8.5,1.0,0.0,3.508695,0.0,4.97,0.5311746,1.3478261
sylvesterwashington.net,suppobox,23.0,19.0,2.0,0.0,0.0,22.0,1.0,0.0,0.0,6.0,0.27272728,16.0,0.72727275,14.0,0.6363636,0.18181819,3.5949066,4.3923173,4.321928,4.0,0.0,0.18181819,0.0,0.2857143,0.90495867,0.0,0.0,0.0,19.0,11.0,8.0,1.0,0.0,3.6818807,0.0,5.360476,0.44012964,1.3636364
thicktrust.net,suppobox,14.0,10.0,2.0,0.0,0.0,13.0,1.0,0.0,0.0,3.0,0.23076923,10.0,0.7692308,10.0,0.7692308,0.15384616,3.085055,3.5849626,3.4594316,4.0,0.0,0.30769232,0.0,0.1,0.852071,0.0,0.0,0.0,10.0,6.5,3.5,1.0,0.0,2.8464394,0.0,5.2766666,0.83694965,1.6153846
wilhelminabertrand.net,suppobox,22.0,18.0,2.0,0.0,0.0,21.0,1.0,0.0,0.0,7.0,0.33333334,14.0,0.6666667,12.0,0.5714286,0.33333334,3.4632804,4.321928,4.2479277,3.0,0.0,0.14285715,0.0,0.5833333,0.9024943,0.0,0.0,0.0,18.0,10.5,7.5,1.0,0.0,3.5032582,0.0,4.2155,0.5179415,1.3809524
fairreach.net,suppobox,13.0,9.0,2.0,0.0,0.0,12.0,1.0,0.0,0.0,5.0,0.41666666,7.0,0.5833333,9.0,0.75,0.5,3.0849626,3.4594316,3.321928,3.0,0.0,0.25,0.0,0.33333334,0.875,0.0,0.0,0.0,9.0,6.0,3.0,1.0,0.0,2.7254806,0.0,6.163636,0.7431154,1.6666666
efforthonor.net,suppobox,15.0,11.0,2.0,0.0,0.0,14.0,1.0,0.0,0.0,5.0,0.35714287,9.0,0.64285713,7.0,0.5,0.2857143,2.7534344,3.5465937,3.5849626,3.0,0.0,0.21428572,0.0,0.85714287,0.8469388,0.0,0.0,0.0,11.0,7.0,4.0,1.0,0.0,2.6635327,0.0,4.4453845,1.0024805,1.5714285
gladcolor.net,suppobox,13.0,9.0,2.0,0.0,0.0,12.0,1.0,0.0,0.0,4.0,0.33333334,8.0,0.6666667,10.0,0.8333333,0.33333334,3.251629,3.4594316,3.321928,2.0,0.0,0.16666667,0.0,0.2,0.8888889,0.0,0.0,0.0,9.0,6.0,3.0,1.0,0.0,2.7254806,0.0,4.5545454,0.6480814,1.6666666
equaldeal.net,suppobox,13.0,9.0,2.0,0.0,0.0,12.0,1.0,0.0,0.0,6.0,0.5,6.0,0.5,8.0,0.6666667,0.5,2.8553886,3.2776134,3.321928,2.0,0.0,0.16666667,0.0,0.375,0.8472222,0.0,0.0,0.0,9.0,6.0,3.0,1.0,0.0,2.5032582,0.0,6.017273,1.0323884,1.6666666
withinsystem.net,suppobox,16.0,12.0,2.0,0.0,0.0,15.0,1.0,0.0,0.0,4.0,0.26666668,11.0,0.73333335,9.0,0.6,0.13333334,3.0565648,3.807355,3.7004397,5.0,0.0,0.33333334,0.0,0.5555556,0.8711111,0.0,0.0,0.0,12.0,7.5,4.5,1.0,0.0,3.0849626,0.0,4.7385716,0.8127709,1.5333333
ermintrudeatterberry.net,suppobox,24.0,20.0,2.0,0.0,0.0,23.0,1.0,0.0,0.0,8.0,0.3478261,15.0,0.65217394,11.0,0.47826087,0.3478261,3.0792453,4.2433004,4.3923173,4.0,0.0,0.17391305,0.0,0.36363637,0.85444236,0.0,0.0,0.0,20.0,11.5,8.5,1.0,0.0,3.1037016,0.0,4.975909,0.69991195,1.3478261
resultunderstood.net,suppobox,20.0,16.0,2.0,0.0,0.0,19.0,1.0,0.0,0.0,7.0,0.36842105,12.0,0.6315789,9.0,0.47368422,0.2631579,3.115834,4.169925,4.087463,3.0,0.0,0.15789473,0.0,0.8888889,0.88088644,0.0,0.0,0.0,16.0,9.5,6.5,1.0,0.0,3.125,0.0,4.4983335,0.62377983,1.4210526
sickname.net,suppobox,12.0,8.0,2.0,0.0,0.0,11.0,1.0,0.0,0.0,4.0,0.36363637,7.0,0.6363636,9.0,0.8181818,0.36363637,3.0957952,3.321928,3.169925,3.0,0.0,0.27272728,0.0,0.22222222,0.87603307,0.0,0.0,0.0,8.0,5.5,2.5,1.0,0.0,3.0,0.0,4.431,0.76152176,1.7272727
cloudhello.net,suppobox,14.0,10.0,2.0,0.0,0.0,13.0,1.0,0.0,0.0,5.0,0.3846154,8.0,0.61538464,9.0,0.6923077,0.30769232,3.0269868,3.4182959,3.4594316,2.0,0.0,0.15384616,0.0,0.33333334,0.8639053,0.0,0.0,0.0,10.0,6.5,3.5,1.0,0.0,2.6464393,0.0,4.639167,0.83138704,1.6153846
marmadukeelisabeth.net,suppobox,22.0,18.0,2.0,0.0,0.0,21.0,1.0,0.0,0.0,9.0,0.42857143,12.0,0.5714286,14.0,0.6666667,0.42857143,3.5944657,4.121928,4.2479277,3.0,0.0,0.14285715,0.0,0.2857143,0.9024943,0.0,0.0,0.0,18.0,10.5,7.5,1.0,0.0,3.530493,0.0,5.153,0.45112446,1.3809524
requirechildhood.net,suppobox,20.0,16.0,2.0,0.0,0.0,19.0,1.0,0.0,0.0,8.0,0.42105263,11.0,0.57894737,12.0,0.6315789,0.31578946,3.4713545,4.058814,4.087463,3.0,0.0,0.15789473,0.0,0.5,0.9030471,0.0,0.0,0.0,16.0,9.5,6.5,1.0,0.0,3.25,0.0,6.2388887,0.6557542,1.4210526
washingtonjaqueline.net,suppobox,23.0,19.0,2.0,0.0,0.0,22.0,1.0,0.0,0.0,9.0,0.4090909,13.0,0.59090906,14.0,0.6363636,0.22727273,3.6069367,4.2018414,4.321928,3.0,0.0,0.13636364,0.0,0.35714287,0.90495867,0.0,0.0,0.0,19.0,11.0,8.0,1.0,0.0,3.6818807,0.0,5.331905,0.5910314,1.3636364
bernadetteamethyst.net,suppobox,22.0,18.0,2.0,0.0,0.0,21.0,1.0,0.0,0.0,7.0,0.33333334,14.0,0.6666667,11.0,0.52380955,0.42857143,3.0961611,4.0841837,4.2479277,6.0,0.0,0.2857143,0.0,0.36363637,0.8526077,0.0,0.0,0.0,18.0,10.5,7.5,1.0,0.0,3.169925,0.0,4.6705,0.67945546,1.3809524
drinkshow.net,suppobox,13.0,9.0,2.0,0.0,0.0,12.0,1.0,0.0,0.0,3.0,0.25,9.0,0.75,11.0,0.9166667,0.16666667,3.4182959,3.4594316,3.321928,4.0,0.0,0.33333334,0.0,0.09090909,0.9027778,0.0,0.0,0.0,9.0,6.0,3.0,1.0,0.0,3.169925,0.0,6.239091,0.66592336,1.6666666
mountainsingle.net,suppobox,18.0,14.0,2.0,0.0,0.0,17.0,1.0,0.0,0.0,7.0,0.4117647,10.0,0.5882353,11.0,0.64705884,0.1764706,3.2639334,3.875,3.9068906,3.0,0.0,0.1764706,0.0,0.36363637,0.8788927,0.0,0.0,0.0,14.0,8.5,5.5,1.0,0.0,3.324863,0.0,3.304375,0.5569516,1.4705882
thicklisten.net,suppobox,15.0,11.0,2.0,0.0,0.0,14.0,1.0,0.0,0.0,4.0,0.2857143,10.0,0.71428573,9.0,0.64285713,0.21428572,3.0391486,3.7004397,3.5849626,3.0,0.0,0.21428572,0.0,0.44444445,0.86734694,0.0,0.0,0.0,11.0,7.0,4.0,1.0,0.0,3.0957952,0.0,4.2684617,0.8012376,1.5714285
largeconsider.net,suppobox,17.0,13.0,2.0,0.0,0.0,16.0,1.0,0.0,0.0,6.0,0.375,10.0,0.625,12.0,0.75,0.375,3.4528196,3.9068906,3.807355,2.0,0.0,0.125,0.0,0.25,0.8984375,0.0,0.0,0.0,13.0,8.0,5.0,1.0,0.0,3.3927474,0.0,3.8446667,0.40046358,1.5
christobelgrenville.net,suppobox,23.0,19.0,2.0,0.0,0.0,22.0,1.0,0.0,0.0,7.0,0.3181818,15.0,0.6818182,13.0,0.59090906,0.27272728,3.5160277,4.2970796,4.321928,3.0,0.0,0.13636364,0.0,0.46153846,0.90082645,0.0,0.0,0.0,19.0,11.0,8.0,1.0,0.0,3.5368867,0.0,4.3438096,0.51600194,1.3636364
variouscountry.net,suppobox,18.0,14.0,2.0,0.0,0.0,17.0,1.0,0.0,0.0,7.0,0.4117647,10.0,0.5882353,12.0,0.7058824,0.1764706,3.4992275,3.875,3.9068906,5.0,0.0,0.29411766,0.0,0.41666666,0.90657437,0.0,0.0,0.0,14.0,8.5,5.5,1.0,0.0,3.3787835,0.0,4.329375,0.5427968,1.4705882
classproblem.net,suppobox,16.0,12.0,2.0,0.0,0.0,15.0,1.0,0.0,0.0,4.0,0.26666668,11.0,0.73333335,12.0,0.8,0.33333334,3.5068905,3.807355,3.7004397,4.0,0.0,0.26666668,0.0,0.25,0.9066667,0.0,0.0,0.0,12.0,7.5,4.5,1.0,0.0,3.251629,0.0,3.845,0.5180395,1.5333333
beauregardwinterbottom.net,suppobox,26.0,22.0,2.0,0.0,0.0,25.0,1.0,0.0,0.0,10.0,0.4,15.0,0.6,13.0,0.52,0.36,3.4936607,4.5849624,4.523562,3.0,0.0,0.12,0.0,0.53846157,0.8992,0.0,0.0,0.0,22.0,12.5,9.5,1.0,0.0,3.5383105,0.0,5.77125,0.50424373,1.32
presentdistant.net,suppobox,18.0,14.0,2.0,0.0,0.0,17.0,1.0,0.0,0.0,5.0,0.29411766,12.0,0.7058824,9.0,0.5294118,0.29411766,2.939829,3.875,3.9068906,3.0,0.0,0.1764706,0.0,0.44444445,0.8512111,0.0,0.0,0.0,14.0,8.5,5.5,1.0,0.0,3.0391486,0.0,3.50375,0.68477076,1.4705882
rockshot.net,suppobox,12.0,8.0,2.0,0.0,0.0,11.0,1.0,0.0,0.0,3.0,0.27272728,8.0,0.72727275,9.0,0.8181818,0.18181819,3.0957952,3.321928,3.169925,4.0,0.0,0.36363637,0.0,0.22222222,0.87603307,0.0,0.0,0.0,8.0,5.5,2.5,1.0,0.0,2.75,0.0,6.087,0.79186285,1.7272727
breadquarter.net,suppobox,16.0,12.0,2.0,0.0,0.0,15.0,1.0,0.0,0.0,6.0,0.4,9.0,0.6,9.0,0.6,0.46666667,3.006239,3.807355,3.7004397,2.0,0.0,0.13333334,0.0,0.44444445,0.8622222,0.0,0.0,0.0,12.0,7.5,4.5,1.0,0.0,2.8553886,0.0,5.180714,0.9320383,1.5333333
husbandshoulder.net,suppobox,19.0,15.0,2.0,0.0,0.0,18.0,1.0,0.0,0.0,6.0,0.33333334,12.0,0.6666667,12.0,0.6666667,0.33333334,3.5032582,4.087463,4.0,4.0,0.0,0.22222222,0.0,0.5,0.9074074,0.0,0.0,0.0,15.0,9.0,6.0,1.0,0.0,3.3735573,0.0,5.4947057,0.551839,1.4444444
leaderspace.net,suppobox,15.0,11.0,2.0,0.0,0.0,14.0,1.0,0.0,0.0,6.0,0.42857143,8.0,0.5714286,10.0,0.71428573,0.5714286,3.0930693,3.7004397,3.5849626,3.0,0.0,0.21428572,0.0,0.2,0.85714287,0.0,0.0,0.0,11.0,7.0,4.0,1.0,0.0,2.845351,0.0,2.8023076,0.61726886,1.5714285
alexandrinatimberlake.net,suppobox,25.0,21.0,2.0,0.0,0.0,24.0,1.0,0.0,0.0,10.0,0.41666666,14.0,0.5833333,12.0,0.5,0.41666666,3.3868423,4.523562,4.4594316,3.0,0.0,0.125,0.0,0.5833333,0.8923611,0.0,0.0,0.0,21.0,12.0,9.0,1.0,0.0,3.4039896,0.0,4.631739,0.5996314,1.3333334
nosechild.net,suppobox,13.0,9.0,2.0,0.0,0.0,12.0,1.0,0.0,0.0,4.0,0.33333334,8.0,0.6666667,10.0,0.8333333,0.33333334,3.251629,3.4594316,3.321928,3.0,0.0,0.25,0.0,0.2,0.8888889,0.0,0.0,0.0,9.0,6.0,3.0,1.0,0.0,3.169925,0.0,5.177273,0.5924732,1.6666666
maximillianmillicent.net,suppobox,24.0,20.0,2.0,0.0,0.0,23.0,1.0,0.0,0.0,9.0,0.39130434,14.0,0.6086956,9.0,0.39130434,0.2173913,2.996631,4.095795,4.106603,3.0,0.0,0.13043478,0.0,0.7777778,0.8620038,0.0,0.0,0.0,20.0,11.5,8.5,1.0,0.0,2.9037018,0.0,4.9931817,0.90746737,1.173913
spotsure.net,suppobox,12.0,8.0,2.0,0.0,0.0,11.0,1.0,0.0,0.0,4.0,0.36363637,7.0,0.6363636,8.0,0.72727275,0.18181819,2.9139771,3.321928,3.169925,2.0,0.0,0.18181819,0.0,0.375,0.8595041,0.0,0.0,0.0,8.0,5.5,2.5,1.0,0.0,2.75,0.0,4.464,0.75365496,1.7272727
variousclose.net,suppobox,16.0,12.0,2.0,0.0,0.0,15.0,1.0,0.0,0.0,7.0,0.46666667,8.0,0.53333336,12.0,0.8,0.26666668,3.5068905,3.807355,3.7004397,3.0,0.0,0.2,0.0,0.25,0.9066667,0.0,0.0,0.0,12.0,7.5,4.5,1.0,0.0,3.251629,0.0,4.4735713,0.430143,1.5333333
theirsecond.net,suppobox,15.0,11.0,2.0,0.0,0.0,14.0,1.0,0.0,0.0,5.0,0.35714287,9.0,0.64285713,10.0,0.71428573,0.35714287,3.182006,3.7004397,3.5849626,3.0,0.0,0.21428572,0.0,0.3,0.877551,0.0,0.0,0.0,11.0,7.0,4.0,1.0,0.0,3.2776134,0.0,4.209231,0.56986535,1.5714285
ratherboard.net,suppobox,15.0,11.0,2.0,0.0,0.0,14.0,1.0,0.0,0.0,5.0,0.35714287,9.0,0.64285713,9.0,0.64285713,0.42857143,3.0391486,3.7004397,3.5849626,3.0,0.0,0.21428572,0.0,0.44444445,0.86734694,0.0,0.0,0.0,11.0,7.0,4.0,1.0,0.0,2.845351,0.0,5.2184615,0.7263111,1.5714285
whichsome.net,suppobox,13.0,9.0,2.0,0.0,0.0,12.0,1.0,0.0,0.0,4.0,0.33333334,8.0,0.6666667,10.0,0.8333333,0.25,3.251629,3.4594316,3.321928,3.0,0.0,0.25,0.0,0.2,0.8888889,0.0,0.0,0.0,9.0,6.0,3.0,1.0,0.0,2.947703,0.0,4.390909,0.7551905,1.6666666
answerwritten.net,suppobox,17.0,13.0,2.0,0.0,0.0,16.0,1.0,0.0,0.0,5.0,0.3125,11.0,0.6875,8.0,0.5,0.25,2.8584585,3.9068906,3.807355,3.0,0.0,0.1875,0.0,0.625,0.8515625,0.0,0.0,0.0,13.0,8.0,5.0,1.0,0.0,2.9312088,0.0,5.4873333,0.8141905,1.5
josephinecharisma.net,suppobox,21.0,17.0,2.0,0.0,0.0,20.0,1.0,0.0,0.0,8.0,0.4,12.0,0.6,13.0,0.65,0.3,3.5841837,4.1426644,4.169925,2.0,0.0,0.1,0.0,0.46153846,0.91,0.0,0.0,0.0,17.0,10.0,7.0,1.0,0.0,3.4992275,0.0,4.4242105,0.47824383,1.4
betterfinger.net,suppobox,16.0,12.0,2.0,0.0,0.0,15.0,1.0,0.0,0.0,5.0,0.33333334,10.0,0.6666667,8.0,0.53333336,0.4,2.7898982,3.5216405,3.7004397,2.0,0.0,0.13333334,0.0,0.5,0.83555555,0.0,0.0,0.0,12.0,7.5,4.5,1.0,0.0,2.8553886,0.0,4.377143,0.951311,1.5333333
spendname.net,suppobox,13.0,9.0,2.0,0.0,0.0,12.0,1.0,0.0,0.0,4.0,0.33333334,8.0,0.6666667,8.0,0.6666667,0.41666666,2.7924812,3.2776134,3.321928,3.0,0.0,0.25,0.0,0.25,0.8333333,0.0,0.0,0.0,9.0,6.0,3.0,1.0,0.0,2.7254806,0.0,3.6081817,0.8600226,1.6666666
increasedifferent.net,suppobox,21.0,17.0,2.0,0.0,0.0,20.0,1.0,0.0,0.0,8.0,0.4,12.0,0.6,10.0,0.5,0.5,3.1037016,4.1426644,4.169925,3.0,0.0,0.15,0.0,0.6,0.865,0.0,0.0,0.0,17.0,10.0,7.0,1.0,0.0,3.1462865,0.0,4.151579,0.6784007,1.4
wifenice.net,suppobox,12.0,8.0,2.0,0.0,0.0,11.0,1.0,0.0,0.0,5.0,0.45454547,6.0,0.54545456,7.0,0.6363636,0.45454547,2.6635327,3.121928,3.169925,1.0,0.0,0.09090909,0.0,0.42857143,0.8264463,0.0,0.0,0.0,8.0,5.5,2.5,1.0,0.0,2.5,0.0,5.044,1.099972,1.7272727
wilhelminastrudwick.net,suppobox,23.0,19.0,2.0,0.0,0.0,22.0,1.0,0.0,0.0,7.0,0.3181818,15.0,0.6818182,15.0,0.6818182,0.22727273,3.788755,4.2970796,4.321928,3.0,0.0,0.13636364,0.0,0.4,0.9214876,0.0,0.0,0.0,19.0,11.0,8.0,1.0,0.0,3.787144,0.0,5.8566666,0.43684962,1.3636364
probablyevery.net,suppobox,17.0,13.0,2.0,0.0,0.0,16.0,1.0,0.0,0.0,5.0,0.3125,11.0,0.6875,11.0,0.6875,0.375,3.3278196,3.9068906,3.807355,3.0,0.0,0.1875,0.0,0.36363637,0.890625,0.0,0.0,0.0,13.0,8.0,5.0,1.0,0.0,3.085055,0.0,4.4286666,0.8543437,1.5
bartholomewmirabelle.net,suppobox,24.0,20.0,2.0,0.0,0.0,23.0,1.0,0.0,0.0,9.0,0.39130434,14.0,0.6086956,12.0,0.5217391,0.3478261,3.4472625,4.4594316,4.3923173,3.0,0.0,0.13043478,0.0,0.6666667,0.89981097,0.0,0.0,0.0,20.0,11.5,8.5,1.0,0.0,3.3464394,0.0,4.365909,0.5653919,1.3478261
glassconsider.net,suppobox,17.0,13.0,2.0,0.0,0.0,16.0,1.0,0.0,0.0,5.0,0.3125,11.0,0.6875,12.0,0.75,0.3125,3.4528196,3.9068906,3.807355,3.0,0.0,0.1875,0.0,0.25,0.8984375,0.0,0.0,0.0,13.0,8.0,5.0,1.0,0.0,3.3346791,0.0,3.8886666,0.41314343,1.5
sylvestercatherin.net,suppobox,21.0,17.0,2.0,0.0,0.0,20.0,1.0,0.0,0.0,6.0,0.3,14.0,0.7,12.0,0.6,0.3,3.3841836,4.1426644,4.169925,4.0,0.0,0.2,0.0,0.41666666,0.89,0.0,0.0,0.0,17.0,10.0,7.0,1.0,0.0,3.4548223,0.0,4.376842,0.51852405,1.4
sufferstream.net,suppobox,16.0,12.0,2.0,0.0,0.0,15.0,1.0,0.0,0.0,5.0,0.33333334,10.0,0.6666667,9.0,0.6,0.4,3.0565648,3.807355,3.7004397,4.0,0.0,0.26666668,0.0,0.5555556,0.8711111,0.0,0.0,0.0,12.0,7.5,4.5,1.0,0.0,2.9182959,0.0,5.321429,0.79223204,1.5333333
casecount.net,suppobox,13.0,9.0,2.0,0.0,0.0,12.0,1.0,0.0,0.0,5.0,0.41666666,7.0,0.5833333,8.0,0.6666667,0.41666666,2.9182959,3.4594316,3.321928,3.0,0.0,0.25,0.0,0.5,0.8611111,0.0,0.0,0.0,9.0,6.0,3.0,1.0,0.0,2.947703,0.0,3.5881817,0.7753639,1.6666666
deadover.net,suppobox,12.0,8.0,2.0,0.0,0.0,11.0,1.0,0.0,0.0,5.0,0.45454547,6.0,0.54545456,8.0,0.72727275,0.54545456,2.845351,3.321928,3.169925,2.0,0.0,0.18181819,0.0,0.25,0.8429752,0.0,0.0,0.0,8.0,5.5,2.5,1.0,0.0,2.5,0.0,4.412,0.87131554,1.7272727
mariabellamirabelle.net,suppobox,23.0,19.0,2.0,0.0,0.0,22.0,1.0,0.0,0.0,10.0,0.45454547,12.0,0.54545456,9.0,0.4090909,0.45454547,3.0048862,4.011365,4.0219283,2.0,0.0,0.09090909,0.0,0.7777778,0.8636364,0.0,0.0,0.0,19.0,11.0,8.0,1.0,0.0,2.7345123,0.0,4.3090477,0.7965164,1.1818181
knowearth.net,suppobox,13.0,9.0,2.0,0.0,0.0,12.0,1.0,0.0,0.0,4.0,0.33333334,8.0,0.6666667,9.0,0.75,0.25,3.0849626,3.4594316,3.321928,4.0,0.0,0.33333334,0.0,0.33333334,0.875,0.0,0.0,0.0,9.0,6.0,3.0,1.0,0.0,3.169925,0.0,4.811818,0.79511803,1.6666666
beauregardbertrand.net,suppobox,22.0,18.0,2.0,0.0,0.0,21.0,1.0,0.0,0.0,8.0,0.3809524,13.0,0.61904764,9.0,0.42857143,0.52380955,3.023037,4.221928,4.2479277,3.0,0.0,0.14285715,0.0,0.7777778,0.86621314,0.0,0.0,0.0,18.0,10.5,7.5,1.0,0.0,2.9749374,0.0,4.979,0.802191,1.3809524
evangelinewilliamson.net,suppobox,24.0,20.0,2.0,0.0,0.0,23.0,1.0,0.0,0.0,10.0,0.4347826,13.0,0.5652174,12.0,0.5217391,0.26086956,3.3274848,4.2776136,4.3923173,2.0,0.0,0.08695652,0.0,0.41666666,0.8846881,0.0,0.0,0.0,20.0,11.5,8.5,1.0,0.0,3.2709506,0.0,4.9590907,0.5773935,1.3478261
quicktold.net,suppobox,13.0,9.0,2.0,0.0,0.0,12.0,1.0,0.0,0.0,4.0,0.33333334,8.0,0.6666667,11.0,0.9166667,0.25,3.4182959,3.4594316,3.321928,3.0,0.0,0.25,0.0,0.09090909,0.9027778,0.0,0.0,0.0,9.0,6.0,3.0,1.0,0.0,3.169925,0.0,6.410909,0.90820503,1.6666666
zechariahcaulfield.net,suppobox,22.0,18.0,2.0,0.0,0.0,21.0,1.0,0.0,0.0,9.0,0.42857143,12.0,0.5714286,13.0,0.61904764,0.47619048,3.5585186,4.321928,4.2479277,3.0,0.0,0.14285715,0.0,0.46153846,0.90702945,0.0,0.0,0.0,18.0,10.5,7.5,1.0,0.0,3.350209,0.0,6.086,0.6296189,1.3809524
buildingmillion.net,suppobox,19.0,15.0,2.0,0.0,0.0,18.0,1.0,0.0,0.0,7.0,0.3888889,11.0,0.6111111,11.0,0.6111111,0.16666667,3.1971598,3.9698157,4.0,3.0,0.0,0.16666667,0.0,0.27272728,0.8703704,0.0,0.0,0.0,15.0,9.0,6.0,1.0,0.0,2.9232314,0.0,4.6647058,0.7972417,1.4444444
thisfind.net,suppobox,12.0,8.0,2.0,0.0,0.0,11.0,1.0,0.0,0.0,3.0,0.27272728,8.0,0.72727275,8.0,0.72727275,0.27272728,2.9139771,3.321928,3.169925,3.0,0.0,0.27272728,0.0,0.375,0.8595041,0.0,0.0,0.0,8.0,5.5,2.5,1.0,0.0,2.75,0.0,4.015,0.9275037,1.7272727
hillmarch.net,suppobox,13.0,9.0,2.0,0.0,0.0,12.0,1.0,0.0,0.0,3.0,0.25,9.0,0.75,10.0,0.8333333,0.25,3.251629,3.4594316,3.321928,4.0,0.0,0.33333334,0.0,0.2,0.8888889,0.0,0.0,0.0,9.0,6.0,3.0,1.0,0.0,2.7254806,0.0,5.6545453,0.73704934,1.6666666
christianabrassington.net,suppobox,25.0,21.0,2.0,0.0,0.0,24.0,1.0,0.0,0.0,8.0,0.33333334,16.0,0.6666667,12.0,0.5,0.25,3.3758147,4.523562,4.4594316,3.0,0.0,0.125,0.0,0.5,0.8923611,0.0,0.0,0.0,21.0,12.0,9.0,1.0,0.0,3.2961483,0.0,4.032174,0.50083077,1.3333334
uywsijshptsr.com,tinba,16.0,12.0,2.0,0.0,0.0,15.0,1.0,0.0,0.0,3.0,0.2,12.0,0.8,13.0,0.8666667,0.06666667,3.589898,3.807355,3.7004397,8.0,0.0,0.53333336,0.0,0.07692308,0.9066667,0.0,0.0,0.0,12.0,7.5,4.5,1.0,0.0,3.188722,0.0,8.493571,0.8155977,1.5333333
hkpiyxnspsjq.com,tinba,16.0,12.0,2.0,0.0,0.0,15.0,1.0,0.0,0.0,2.0,0.13333334,13.0,0.8666667,13.0,0.8666667,0.06666667,3.640224,3.807355,3.7004397,9.0,0.0,0.6,0.0,0.15384616,0.91555554,0.0,0.0,0.0,12.0,7.5,4.5,1.0,0.0,3.251629,0.0,7.620714,1.2276162,1.5333333
vvnnghixhpol.ru,tinba,15.0,12.0,2.0,0.0,0.0,14.0,1.0,0.0,0.0,3.0,0.21428572,11.0,0.78571427,11.0,0.78571427,0.0,3.3787835,3.7004397,3.5849626,6.0,0.0,0.42857143,0.0,0.27272728,0.8979592,0.0,0.0,0.0,12.0,7.0,5.0,1.0,0.0,3.0849626,0.0,7.953846,1.1554909,1.5714285
ibcditshppqg.xyz,tinba,16.0,12.0,2.0,0.0,0.0,15.0,1.0,0.0,0.0,2.0,0.13333334,13.0,0.8666667,13.0,0.8666667,0.2,3.640224,3.807355,3.7004397,10.0,0.0,0.6666667,0.0,0.15384616,0.91555554,0.0,0.0,0.0,12.0,7.5,4.5,1.0,0.0,3.251629,0.0,8.601429,1.3340465,1.5333333
iyhpxyiiihxx.xyz,tinba,16.0,12.0,2.0,0.0,0.0,15.0,1.0,0.0,0.0,4.0,0.26666668,11.0,0.73333335,6.0,0.4,0.0,2.389898,3.3787835,3.7004397,6.0,0.0,0.4,0.0,0.6666667,0.7911111,0.0,0.0,0.0,12.0,7.5,4.5,1.0,0.0,2.188722,0.0,10.0,2.4197972,1.5333333
qbcwnyuywnwb.net,tinba,16.0,12.0,2.0,0.0,0.0,15.0,1.0,0.0,0.0,2.0,0.13333334,13.0,0.8666667,9.0,0.6,0.26666668,3.006239,3.6644979,3.7004397,6.0,0.0,0.4,0.0,0.44444445,0.8622222,0.0,0.0,0.0,12.0,7.5,4.5,1.0,0.0,2.688722,0.0,9.016429,1.5558146,1.5333333
xechguuvsyvv.pw,tinba,15.0,12.0,2.0,0.0,0.0,14.0,1.0,0.0,0.0,3.0,0.21428572,11.0,0.78571427,11.0,0.78571427,0.14285715,3.324863,3.7004397,3.5849626,7.0,0.0,0.5,0.0,0.18181819,0.8877551,0.0,0.0,0.0,12.0,7.0,5.0,0.0,0.0,3.0220551,0.0,9.073077,1.4843307,1.5714285
oovryoeyirqp.biz,tinba,16.0,12.0,2.0,0.0,0.0,15.0,1.0,0.0,0.0,6.0,0.4,9.0,0.6,10.0,0.6666667,0.13333334,3.189898,3.807355,3.7004397,4.0,0.0,0.26666668,0.0,0.4,0.88,0.0,0.0,0.0,12.0,7.5,4.5,1.0,0.0,2.8553886,0.0,9.151428,1.3408351,1.5333333
owffkxnnixty.com,tinba,16.0,12.0,2.0,0.0,0.0,15.0,1.0,0.0,0.0,3.0,0.2,12.0,0.8,11.0,0.73333335,0.2,3.3735573,3.807355,3.7004397,7.0,0.0,0.46666667,0.0,0.36363637,0.8977778,0.0,0.0,0.0,12.0,7.5,4.5,1.0,0.0,3.0849626,0.0,8.159286,1.3070751,1.5333333
wxemmhgbeuee.com,tinba,16.0,12.0,2.0,0.0,0.0,15.0,1.0,0.0,0.0,6.0,0.4,9.0,0.6,10.0,0.6666667,0.4,3.0565648,3.807355,3.7004397,5.0,0.0,0.33333334,0.0,0.2,0.85333335,0.0,0.0,0.0,12.0,7.5,4.5,1.0,0.0,2.751629,0.0,7.715,1.2222768,1.5333333
cknqddcdebsx.pw,tinba,15.0,12.0,2.0,0.0,0.0,14.0,1.0,0.0,0.0,1.0,0.071428575,13.0,0.9285714,11.0,0.78571427,0.5,3.324863,3.7004397,3.5849626,8.0,0.0,0.5714286,0.0,0.18181819,0.8877551,0.0,0.0,0.0,12.0,7.0,5.0,0.0,0.0,3.0220551,0.0,9.42077,1.4343494,1.5714285
isgwwwwvuiyf.com,tinba,16.0,12.0,2.0,0.0,0.0,15.0,1.0,0.0,0.0,4.0,0.26666668,11.0,0.73333335,11.0,0.73333335,0.13333334,3.240224,3.46772,3.5465937,7.0,0.0,0.46666667,0.0,0.18181819,0.8711111,0.0,0.0,0.0,12.0,7.5,4.5,1.0,0.0,2.751629,0.0,8.099286,1.3348565,1.4
lhetnrvqliqi.biz,tinba,16.0,12.0,2.0,0.0,0.0,15.0,1.0,0.0,0.0,4.0,0.26666668,11.0,0.73333335,11.0,0.73333335,0.13333334,3.3232315,3.807355,3.7004397,6.0,0.0,0.4,0.0,0.27272728,0.8888889,0.0,0.0,0.0,12.0,7.5,4.5,1.0,0.0,3.0849626,0.0,7.984286,1.3580241,1.5333333
oxyrmmweuuxy.com,tinba,16.0,12.0,2.0,0.0,0.0,15.0,1.0,0.0,0.0,5.0,0.33333334,10.0,0.6666667,9.0,0.6,0.13333334,3.0565648,3.6644979,3.7004397,6.0,0.0,0.4,0.0,0.5555556,0.8711111,0.0,0.0,0.0,12.0,7.5,4.5,1.0,0.0,2.9182959,0.0,9.010715,1.4626814,1.5333333
nscxyhxtpoke.biz,tinba,16.0,12.0,2.0,0.0,0.0,15.0,1.0,0.0,0.0,3.0,0.2,12.0,0.8,14.0,0.93333334,0.2,3.7735572,3.807355,3.7004397,9.0,0.0,0.6,0.0,0.071428575,0.92444444,0.0,0.0,0.0,12.0,7.5,4.5,1.0,0.0,3.4182959,0.0,8.617143,1.0918238,1.5333333
rjwqmvbuedlk.biz,tinba,16.0,12.0,2.0,0.0,0.0,15.0,1.0,0.0,0.0,3.0,0.2,12.0,0.8,14.0,0.93333334,0.26666668,3.7735572,3.807355,3.7004397,7.0,0.0,0.46666667,0.0,0.071428575,0.92444444,0.0,0.0,0.0,12.0,7.5,4.5,1.0,0.0,3.5849626,0.0,8.570714,1.3418663,1.5333333
cdllcswsngwq.xyz,tinba,16.0,12.0,2.0,0.0,0.0,15.0,1.0,0.0,0.0,0.0,0.0,15.0,1.0,11.0,0.73333335,0.2,3.3735573,3.807355,3.7004397,15.0,0.0,1.0,0.0,0.36363637,0.8977778,0.0,0.0,0.0,12.0,7.5,4.5,1.0,0.0,2.9182959,0.0,9.475,1.486901,1.5333333
bqdonopwnqpk.in,tinba,15.0,12.0,2.0,0.0,0.0,14.0,1.0,0.0,0.0,3.0,0.21428572,11.0,0.78571427,9.0,0.64285713,0.14285715,3.0391486,3.7004397,3.5849626,6.0,0.0,0.42857143,0.0,0.44444445,0.86734694,0.0,0.0,0.0,12.0,7.0,5.0,1.0,0.0,2.9182959,0.0,7.3653846,1.5806984,1.5714285
jhcfbbbedbrt.com,tinba,16.0,12.0,2.0,0.0,0.0,15.0,1.0,0.0,0.0,2.0,0.13333334,13.0,0.8666667,11.0,0.73333335,0.6,3.240224,3.6644979,3.7004397,7.0,0.0,0.46666667,0.0,0.18181819,0.8711111,0.0,0.0,0.0,12.0,7.5,4.5,1.0,0.0,2.9182959,0.0,7.495714,1.3548979,1.5333333
innqejgwdwue.xyz,tinba,16.0,12.0,2.0,0.0,0.0,15.0,1.0,0.0,0.0,4.0,0.26666668,11.0,0.73333335,12.0,0.8,0.2,3.5068905,3.807355,3.7004397,5.0,0.0,0.33333334,0.0,0.25,0.9066667,0.0,0.0,0.0,12.0,7.5,4.5,1.0,0.0,3.0849626,0.0,8.979285,1.4204522,1.5333333
dcdedhsplumf.biz,tinba,16.0,12.0,2.0,0.0,0.0,15.0,1.0,0.0,0.0,3.0,0.2,12.0,0.8,13.0,0.8666667,0.46666667,3.589898,3.807355,3.7004397,5.0,0.0,0.33333334,0.0,0.07692308,0.9066667,0.0,0.0,0.0,12.0,7.5,4.5,1.0,0.0,3.188722,0.0,7.5642858,1.0205301,1.5333333
uqxgkjrmhsoc.xyz,tinba,16.0,12.0,2.0,0.0,0.0,15.0,1.0,0.0,0.0,2.0,0.13333334,13.0,0.8666667,14.0,0.93333334,0.06666667,3.7735572,3.807355,3.7004397,9.0,0.0,0.6,0.0,0.071428575,0.92444444,0.0,0.0,0.0,12.0,7.5,4.5,1.0,0.0,3.5849626,0.0,9.181429,1.4964918,1.5333333
rdkrfchklojj.com,tinba,16.0,12.0,2.0,0.0,0.0,15.0,1.0,0.0,0.0,2.0,0.13333334,13.0,0.8666667,10.0,0.6666667,0.26666668,3.240224,3.807355,3.7004397,9.0,0.0,0.6,0.0,0.5,0.8888889,0.0,0.0,0.0,12.0,7.5,4.5,1.0,0.0,3.0849626,0.0,8.13,1.3736904,1.5333333
ddqvnjcciyti.biz,tinba,16.0,12.0,2.0,0.0,0.0,15.0,1.0,0.0,0.0,3.0,0.2,12.0,0.8,11.0,0.73333335,0.33333334,3.3232315,3.807355,3.7004397,8.0,0.0,0.53333336,0.0,0.27272728,0.8888889,0.0,0.0,0.0,12.0,7.5,4.5,1.0,0.0,3.0849626,0.0,9.016429,1.4962314,1.5333333
hfjvsdcbbbbk.pw,tinba,15.0,12.0,2.0,0.0,0.0,14.0,1.0,0.0,0.0,0.0,0.0,14.0,1.0,11.0,0.78571427,0.5,3.2359264,3.3346791,3.4182959,14.0,0.0,1.0,0.0,0.09090909,0.86734694,0.0,0.0,0.0,12.0,7.0,5.0,0.0,0.0,2.9182959,0.0,10.0,1.7509022,1.4285715
tjoturstunsx.info,tinba,17.0,12.0,2.0,0.0,0.0,16.0,1.0,0.0,0.0,5.0,0.3125,11.0,0.6875,10.0,0.625,0.0625,3.2028196,3.7735572,3.807355,3.0,0.0,0.1875,0.0,0.5,0.8828125,0.0,0.0,0.0,12.0,8.0,4.0,1.0,0.0,2.8553886,0.0,5.602,0.9779256,1.5
yhonupwnvgtg.ru,tinba,15.0,12.0,2.0,0.0,0.0,14.0,1.0,0.0,0.0,3.0,0.21428572,11.0,0.78571427,11.0,0.78571427,0.0,3.3787835,3.7004397,3.5849626,8.0,0.0,0.5714286,0.0,0.27272728,0.8979592,0.0,0.0,0.0,12.0,7.0,5.0,1.0,0.0,3.251629,0.0,8.436923,1.0559224,1.5714285
wbswccojilkx.com,tinba,16.0,12.0,2.0,0.0,0.0,15.0,1.0,0.0,0.0,3.0,0.2,12.0,0.8,11.0,0.73333335,0.26666668,3.3232315,3.6644979,3.7004397,6.0,0.0,0.4,0.0,0.27272728,0.8888889,0.0,0.0,0.0,12.0,7.5,4.5,1.0,0.0,3.251629,0.0,7.9964285,1.3516994,1.5333333
fwtdeepmvvjh.net,tinba,16.0,12.0,2.0,0.0,0.0,15.0,1.0,0.0,0.0,3.0,0.2,12.0,0.8,11.0,0.73333335,0.33333334,3.3232315,3.807355,3.7004397,7.0,0.0,0.46666667,0.0,0.27272728,0.8888889,0.0,0.0,0.0,12.0,7.5,4.5,1.0,0.0,3.251629,0.0,8.111428,1.1326585,1.5333333
tdhwwoswfyqq.biz,tinba,16.0,12.0,2.0,0.0,0.0,15.0,1.0,0.0,0.0,2.0,0.13333334,13.0,0.8666667,12.0,0.8,0.2,3.4565647,3.807355,3.7004397,7.0,0.0,0.46666667,0.0,0.16666667,0.8977778,0.0,0.0,0.0,12.0,7.5,4.5,1.0,0.0,3.0220551,0.0,9.1757145,1.5940446,1.5333333
vochfnkhifgd.biz,tinba,16.0,12.0,2.0,0.0,0.0,15.0,1.0,0.0,0.0,3.0,0.2,12.0,0.8,12.0,0.8,0.33333334,3.5068905,3.807355,3.7004397,6.0,0.0,0.4,0.0,0.25,0.9066667,0.0,0.0,0.0,12.0,7.5,4.5,1.0,0.0,3.251629,0.0,7.9092855,1.2867227,1.5333333
qyhhxwditlmp.org,tinba,16.0,12.0,2.0,0.0,0.0,15.0,1.0,0.0,0.0,2.0,0.13333334,13.0,0.8666667,14.0,0.93333334,0.06666667,3.7735572,3.807355,3.7004397,7.0,0.0,0.46666667,0.0,0.071428575,0.92444444,0.0,0.0,0.0,12.0,7.5,4.5,1.0,0.0,3.4182959,0.0,7.562143,1.0245761,1.5333333
jjmundqipmxw.biz,tinba,16.0,12.0,2.0,0.0,0.0,15.0,1.0,0.0,0.0,3.0,0.2,12.0,0.8,12.0,0.8,0.13333334,3.5068905,3.807355,3.7004397,5.0,0.0,0.33333334,0.0,0.25,0.9066667,0.0,0.0,0.0,12.0,7.5,4.5,1.0,0.0,3.251629,0.0,8.181429,1.6787075,1.5333333
gkphppmyiqmq.co.in,tinba,18.0,12.0,3.0,0.0,0.0,16.0,1.0,0.0,0.0,3.0,0.1875,13.0,0.8125,11.0,0.6875,0.0625,3.3278196,3.9068906,3.807355,8.0,0.0,0.5,0.0,0.36363637,0.890625,0.0,0.0,0.0,12.0,5.3333335,4.714045,0.0,0.0,2.8553886,0.0,8.607333,1.4539963,1.5
iqrsvqnntkxg.in,tinba,15.0,12.0,2.0,0.0,0.0,14.0,1.0,0.0,0.0,2.0,0.14285715,12.0,0.85714287,10.0,0.71428573,0.0,3.182006,3.7004397,3.5849626,11.0,0.0,0.78571427,0.0,0.3,0.877551,0.0,0.0,0.0,12.0,7.0,5.0,1.0,0.0,3.251629,0.0,7.7607694,1.4926646,1.5714285
utcdtiismdln.pw,tinba,15.0,12.0,2.0,0.0,0.0,14.0,1.0,0.0,0.0,3.0,0.21428572,11.0,0.78571427,11.0,0.78571427,0.21428572,3.3787835,3.7004397,3.5849626,7.0,0.0,0.5,0.0,0.27272728,0.8979592,0.0,0.0,0.0,12.0,7.0,5.0,0.0,0.0,3.0849626,0.0,8.807693,0.8125506,1.5714285
bjjmtdbmkobv.com,tinba,16.0,12.0,2.0,0.0,0.0,15.0,1.0,0.0,0.0,2.0,0.13333334,13.0,0.8666667,9.0,0.6,0.33333334,3.006239,3.807355,3.7004397,9.0,0.0,0.6,0.0,0.44444445,0.8622222,0.0,0.0,0.0,12.0,7.5,4.5,1.0,0.0,2.8553886,0.0,8.613571,1.7173438,1.5333333
uyyxtsoxiyfv.com,tinba,16.0,12.0,2.0,0.0,0.0,15.0,1.0,0.0,0.0,4.0,0.26666668,11.0,0.73333335,11.0,0.73333335,0.13333334,3.3232315,3.807355,3.7004397,5.0,0.0,0.33333334,0.0,0.27272728,0.8888889,0.0,0.0,0.0,12.0,7.5,4.5,1.0,0.0,3.0220551,0.0,8.562143,1.3609861,1.5333333
gpllpcnxcmqt.com,tinba,16.0,12.0,2.0,0.0,0.0,15.0,1.0,0.0,0.0,1.0,0.06666667,14.0,0.93333334,10.0,0.6666667,0.2,3.189898,3.807355,3.7004397,13.0,0.0,0.8666667,0.0,0.4,0.88,0.0,0.0,0.0,12.0,7.5,4.5,1.0,0.0,3.0849626,0.0,8.569285,1.4063978,1.5333333
yyxwhtdckjwd.biz,tinba,16.0,12.0,2.0,0.0,0.0,15.0,1.0,0.0,0.0,1.0,0.06666667,14.0,0.93333334,12.0,0.8,0.26666668,3.5068905,3.807355,3.7004397,13.0,0.0,0.8666667,0.0,0.25,0.9066667,0.0,0.0,0.0,12.0,7.5,4.5,1.0,0.0,3.0849626,0.0,9.577143,1.5702357,1.5333333
udgfjskghkxi.com,tinba,16.0,12.0,2.0,0.0,0.0,15.0,1.0,0.0,0.0,3.0,0.2,12.0,0.8,13.0,0.8666667,0.2,3.640224,3.807355,3.7004397,10.0,0.0,0.6666667,0.0,0.15384616,0.91555554,0.0,0.0,0.0,12.0,7.5,4.5,1.0,0.0,3.251629,0.0,8.508572,1.2205192,1.5333333
bnniyvgjmvod.me,tinba,15.0,12.0,2.0,0.0,0.0,14.0,1.0,0.0,0.0,3.0,0.21428572,11.0,0.78571427,11.0,0.78571427,0.21428572,3.3787835,3.7004397,3.5849626,6.0,0.0,0.42857143,0.0,0.27272728,0.8979592,0.0,0.0,0.0,12.0,7.0,5.0,1.0,0.0,3.251629,0.0,9.446923,1.194378,1.5714285
ffjokrbkdujg.me,tinba,15.0,12.0,2.0,0.0,0.0,14.0,1.0,0.0,0.0,3.0,0.21428572,11.0,0.78571427,11.0,0.78571427,0.35714287,3.3787835,3.7004397,3.5849626,5.0,0.0,0.35714287,0.0,0.27272728,0.8979592,0.0,0.0,0.0,12.0,7.0,5.0,1.0,0.0,3.0849626,0.0,9.446923,1.4661465,1.5714285
fvuvwexyymmi.net,tinba,16.0,12.0,2.0,0.0,0.0,15.0,1.0,0.0,0.0,4.0,0.26666668,11.0,0.73333335,11.0,0.73333335,0.2,3.3735573,3.807355,3.7004397,5.0,0.0,0.33333334,0.0,0.36363637,0.8977778,0.0,0.0,0.0,12.0,7.5,4.5,1.0,0.0,3.0849626,0.0,7.54,1.2402605,1.5333333
jncgkbmmejsk.xyz,tinba,16.0,12.0,2.0,0.0,0.0,15.0,1.0,0.0,0.0,1.0,0.06666667,14.0,0.93333334,12.0,0.8,0.2,3.5068905,3.807355,3.7004397,8.0,0.0,0.53333336,0.0,0.25,0.9066667,0.0,0.0,0.0,12.0,7.5,4.5,1.0,0.0,3.0849626,0.0,9.486428,1.5894288,1.5333333
woyxmtqkukhh.us,tinba,15.0,12.0,2.0,0.0,0.0,14.0,1.0,0.0,0.0,3.0,0.21428572,11.0,0.78571427,11.0,0.78571427,0.0,3.3787835,3.7004397,3.5849626,6.0,0.0,0.42857143,0.0,0.27272728,0.8979592,0.0,0.0,0.0,12.0,7.0,5.0,1.0,0.0,3.251629,0.0,9.151539,1.4599308,1.5714285
dpvjvnxhswjx.pw,tinba,15.0,12.0,2.0,0.0,0.0,14.0,1.0,0.0,0.0,0.0,0.0,14.0,1.0,9.0,0.64285713,0.071428575,3.0930693,3.7004397,3.5849626,14.0,0.0,1.0,0.0,0.5555556,0.877551,0.0,0.0,0.0,12.0,7.0,5.0,0.0,0.0,3.0849626,0.0,10.0,1.9984468,1.5714285
edqtytdoqxhn.xyz,tinba,16.0,12.0,2.0,0.0,0.0,15.0,1.0,0.0,0.0,2.0,0.13333334,13.0,0.8666667,10.0,0.6666667,0.2,3.240224,3.807355,3.7004397,7.0,0.0,0.46666667,0.0,0.5,0.8888889,0.0,0.0,0.0,12.0,7.5,4.5,1.0,0.0,3.0849626,0.0,8.585,1.7298199,1.5333333
ffgjixcbgffe.ru,tinba,15.0,12.0,2.0,0.0,0.0,14.0,1.0,0.0,0.0,3.0,0.21428572,11.0,0.78571427,10.0,0.71428573,0.5,3.0930693,3.5465937,3.5849626,6.0,0.0,0.42857143,0.0,0.2,0.85714287,0.0,0.0,0.0,12.0,7.0,5.0,1.0,0.0,2.751629,0.0,9.354615,1.7127875,1.5714285
luypyocbeebc.com,tinba,16.0,12.0,2.0,0.0,0.0,15.0,1.0,0.0,0.0,5.0,0.33333334,10.0,0.6666667,9.0,0.6,0.46666667,3.0565648,3.807355,3.7004397,3.0,0.0,0.2,0.0,0.5555556,0.8711111,0.0,0.0,0.0,12.0,7.5,4.5,1.0,0.0,2.9182959,0.0,8.23,1.2348981,1.5333333
dkbjdepjnmee.com,tinba,16.0,12.0,2.0,0.0,0.0,15.0,1.0,0.0,0.0,4.0,0.26666668,11.0,0.73333335,10.0,0.6666667,0.46666667,3.189898,3.807355,3.7004397,5.0,0.0,0.33333334,0.0,0.4,0.88,0.0,0.0,0.0,12.0,7.5,4.5,1.0,0.0,2.8553886,0.0,7.1314287,1.2592521,1.5333333
plukoschibdv.cc,tinba,15.0,12.0,2.0,0.0,0.0,14.0,1.0,0.0,0.0,3.0,0.21428572,11.0,0.78571427,12.0,0.85714287,0.35714287,3.46772,3.7004397,3.5849626,5.0,0.0,0.35714287,0.0,0.083333336,0.8979592,0.0,0.0,0.0,12.0,7.0,5.0,1.0,0.0,3.5849626,0.0,8.55,1.0618893,1.5714285
ddlnwsjfephs.com,tinba,16.0,12.0,2.0,0.0,0.0,15.0,1.0,0.0,0.0,2.0,0.13333334,13.0,0.8666667,13.0,0.8666667,0.33333334,3.640224,3.807355,3.7004397,8.0,0.0,0.53333336,0.0,0.15384616,0.91555554,0.0,0.0,0.0,12.0,7.5,4.5,1.0,0.0,3.251629,0.0,8.643572,0.8321001,1.5333333
qyhybgeoewsx.com,tinba,16.0,12.0,2.0,0.0,0.0,15.0,1.0,0.0,0.0,4.0,0.26666668,11.0,0.73333335,12.0,0.8,0.26666668,3.5068905,3.807355,3.7004397,6.0,0.0,0.4,0.0,0.25,0.9066667,0.0,0.0,0.0,12.0,7.5,4.5,1.0,0.0,3.251629,0.0,8.545,1.1838723,1.5333333
mlivvsnrrklk.com,tinba,16.0,12.0,2.0,0.0,0.0,15.0,1.0,0.0,0.0,2.0,0.13333334,13.0,0.8666667,10.0,0.6666667,0.06666667,3.240224,3.807355,3.7004397,10.0,0.0,0.6666667,0.0,0.5,0.8888889,0.0,0.0,0.0,12.0,7.5,4.5,1.0,0.0,2.9182959,0.0,8.073571,1.1114701,1.5333333
nobigjvesrlo.com,tinba,16.0,12.0,2.0,0.0,0.0,15.0,1.0,0.0,0.0,5.0,0.33333334,10.0,0.6666667,13.0,0.8666667,0.2,3.589898,3.807355,3.7004397,3.0,0.0,0.2,0.0,0.07692308,0.9066667,0.0,0.0,0.0,12.0,7.5,4.5,1.0,0.0,3.4182959,0.0,5.95,0.7558397,1.5333333
idsrswckfwwd.com,tinba,16.0,12.0,2.0,0.0,0.0,15.0,1.0,0.0,0.0,2.0,0.13333334,13.0,0.8666667,10.0,0.6666667,0.33333334,3.189898,3.807355,3.7004397,12.0,0.0,0.8,0.0,0.4,0.88,0.0,0.0,0.0,12.0,7.5,4.5,1.0,0.0,2.8553886,0.0,8.102143,1.1988016,1.5333333
vkynfopnencw.biz,tinba,16.0,12.0,2.0,0.0,0.0,15.0,1.0,0.0,0.0,3.0,0.2,12.0,0.8,13.0,0.8666667,0.26666668,3.589898,3.807355,3.7004397,5.0,0.0,0.33333334,0.0,0.07692308,0.9066667,0.0,0.0,0.0,12.0,7.5,4.5,1.0,0.0,3.188722,0.0,7.595714,1.125277,1.5333333
jbnlslejjtdt.com,tinba,16.0,12.0,2.0,0.0,0.0,15.0,1.0,0.0,0.0,2.0,0.13333334,13.0,0.8666667,11.0,0.73333335,0.26666668,3.3232315,3.807355,3.7004397,6.0,0.0,0.4,0.0,0.27272728,0.8888889,0.0,0.0,0.0,12.0,7.5,4.5,1.0,0.0,2.8553886,0.0,8.462143,1.1549441,1.5333333
owltsohhoonu.com,tinba,16.0,12.0,2.0,0.0,0.0,15.0,1.0,0.0,0.0,6.0,0.4,9.0,0.6,10.0,0.6666667,0.06666667,2.9995813,3.807355,3.7004397,4.0,0.0,0.26666668,0.0,0.2,0.83555555,0.0,0.0,0.0,12.0,7.5,4.5,1.0,0.0,2.751629,0.0,6.7414284,0.95652354,1.5333333
huyvutsrmpgl.com,tinba,16.0,12.0,2.0,0.0,0.0,15.0,1.0,0.0,0.0,3.0,0.2,12.0,0.8,13.0,0.8666667,0.06666667,3.640224,3.807355,3.7004397,8.0,0.0,0.53333336,0.0,0.15384616,0.91555554,0.0,0.0,0.0,12.0,7.5,4.5,1.0,0.0,3.4182959,0.0,8.269286,0.8384544,1.5333333
pxxjunnchxut.com,tinba,16.0,12.0,2.0,0.0,0.0,15.0,1.0,0.0,0.0,3.0,0.2,12.0,0.8,10.0,0.6666667,0.13333334,3.189898,3.807355,3.7004397,5.0,0.0,0.33333334,0.0,0.4,0.88,0.0,0.0,0.0,12.0,7.5,4.5,1.0,0.0,2.8553886,0.0,8.153571,1.5721599,1.5333333
nwtxwvnmfklm.com,tinba,16.0,12.0,2.0,0.0,0.0,15.0,1.0,0.0,0.0,1.0,0.06666667,14.0,0.93333334,11.0,0.73333335,0.13333334,3.3232315,3.807355,3.7004397,13.0,0.0,0.8666667,0.0,0.27272728,0.8888889,0.0,0.0,0.0,12.0,7.5,4.5,1.0,0.0,3.0849626,0.0,9.010715,1.3153292,1.5333333
ddskpqxyeyjq.me,tinba,15.0,12.0,2.0,0.0,0.0,14.0,1.0,0.0,0.0,2.0,0.14285715,12.0,0.85714287,10.0,0.71428573,0.2857143,3.2359264,3.7004397,3.5849626,8.0,0.0,0.5714286,0.0,0.4,0.8877551,0.0,0.0,0.0,12.0,7.0,5.0,1.0,0.0,3.0849626,0.0,9.446923,1.7490836,1.5714285
ufucjeiiytsl.com,tinba,16.0,12.0,2.0,0.0,0.0,15.0,1.0,0.0,0.0,6.0,0.4,9.0,0.6,12.0,0.8,0.26666668,3.5068905,3.807355,3.7004397,5.0,0.0,0.33333334,0.0,0.25,0.9066667,0.0,0.0,0.0,12.0,7.5,4.5,1.0,0.0,3.251629,0.0,8.647142,0.8652655,1.5333333
gjdpwvyiidvt.pw,tinba,15.0,12.0,2.0,0.0,0.0,14.0,1.0,0.0,0.0,2.0,0.14285715,12.0,0.85714287,9.0,0.64285713,0.14285715,3.0930693,3.5465937,3.5849626,7.0,0.0,0.5,0.0,0.5555556,0.877551,0.0,0.0,0.0,12.0,7.0,5.0,0.0,0.0,3.0849626,0.0,9.556154,1.5926093,1.5714285
tsxuvvebctem.info,tinba,17.0,12.0,2.0,0.0,0.0,16.0,1.0,0.0,0.0,5.0,0.3125,11.0,0.6875,13.0,0.8125,0.3125,3.625,3.9068906,3.807355,3.0,0.0,0.1875,0.0,0.23076923,0.9140625,0.0,0.0,0.0,12.0,8.0,4.0,1.0,0.0,3.0849626,0.0,6.978,0.85624504,1.5
lsyqhpqsfvol.com,tinba,16.0,12.0,2.0,0.0,0.0,15.0,1.0,0.0,0.0,2.0,0.13333334,13.0,0.8666667,11.0,0.73333335,0.13333334,3.3735573,3.807355,3.7004397,10.0,0.0,0.6666667,0.0,0.36363637,0.8977778,0.0,0.0,0.0,12.0,7.5,4.5,1.0,0.0,3.0849626,0.0,8.607857,1.3570771,1.5333333
lwxyqhhtijwx.com,tinba,16.0,12.0,2.0,0.0,0.0,15.0,1.0,0.0,0.0,2.0,0.13333334,13.0,0.8666667,12.0,0.8,0.06666667,3.5068905,3.6644979,3.7004397,8.0,0.0,0.53333336,0.0,0.25,0.9066667,0.0,0.0,0.0,12.0,7.5,4.5,1.0,0.0,3.0849626,0.0,8.45,1.5128882,1.5333333
xphewewtetch.biz,tinba,16.0,12.0,2.0,0.0,0.0,15.0,1.0,0.0,0.0,4.0,0.26666668,11.0,0.73333335,10.0,0.6666667,0.33333334,3.189898,3.6644979,3.7004397,4.0,0.0,0.26666668,0.0,0.4,0.88,0.0,0.0,0.0,12.0,7.5,4.5,1.0,0.0,2.688722,0.0,7.573571,1.3158242,1.5333333
gstbqjdxqkpq.com,tinba,16.0,12.0,2.0,0.0,0.0,15.0,1.0,0.0,0.0,1.0,0.06666667,14.0,0.93333334,13.0,0.8666667,0.2,3.589898,3.807355,3.7004397,13.0,0.0,0.8666667,0.0,0.07692308,0.9066667,0.0,0.0,0.0,12.0,7.5,4.5,1.0,0.0,3.188722,0.0,8.458571,1.701197,1.5333333
wxxxxffuvwry.me.uk,tinba,18.0,12.0,3.0,0.0,0.0,16.0,1.0,0.0,0.0,3.0,0.1875,13.0,0.8125,10.0,0.625,0.1875,3.125,3.589898,3.6644979,7.0,0.0,0.4375,0.0,0.4,0.8671875,0.0,0.0,0.0,12.0,5.3333335,4.714045,0.0,0.0,2.5849626,0.0,8.784,1.9728273,1.375
bsnllltoogbq.pw,tinba,15.0,12.0,2.0,0.0,0.0,14.0,1.0,0.0,0.0,2.0,0.14285715,12.0,0.85714287,10.0,0.71428573,0.14285715,3.182006,3.5465937,3.5849626,7.0,0.0,0.5,0.0,0.3,0.877551,0.0,0.0,0.0,12.0,7.0,5.0,0.0,0.0,2.8553886,0.0,8.985385,1.2527636,1.5714285
ojuutwvwtuve.in,tinba,15.0,12.0,2.0,0.0,0.0,14.0,1.0,0.0,0.0,6.0,0.42857143,8.0,0.5714286,9.0,0.64285713,0.071428575,3.0391486,3.7004397,3.5849626,5.0,0.0,0.35714287,0.0,0.44444445,0.86734694,0.0,0.0,0.0,12.0,7.0,5.0,1.0,0.0,2.688722,0.0,8.486923,1.336592,1.5714285
xxuvgpnnewhn.pw,tinba,15.0,12.0,2.0,0.0,0.0,14.0,1.0,0.0,0.0,2.0,0.14285715,12.0,0.85714287,9.0,0.64285713,0.071428575,3.0391486,3.7004397,3.5849626,5.0,0.0,0.35714287,0.0,0.44444445,0.86734694,0.0,0.0,0.0,12.0,7.0,5.0,0.0,0.0,3.0220551,0.0,9.448462,1.616846,1.5714285
kcbexesfvnnf.com,tinba,16.0,12.0,2.0,0.0,0.0,15.0,1.0,0.0,0.0,3.0,0.2,12.0,0.8,11.0,0.73333335,0.46666667,3.3735573,3.807355,3.7004397,7.0,0.0,0.46666667,0.0,0.36363637,0.8977778,0.0,0.0,0.0,12.0,7.5,4.5,1.0,0.0,3.0849626,0.0,7.609286,1.1729169,1.5333333
bgbwlepuxtlt.com,tinba,16.0,12.0,2.0,0.0,0.0,15.0,1.0,0.0,0.0,3.0,0.2,12.0,0.8,12.0,0.8,0.26666668,3.5068905,3.807355,3.7004397,5.0,0.0,0.33333334,0.0,0.25,0.9066667,0.0,0.0,0.0,12.0,7.5,4.5,1.0,0.0,3.0849626,0.0,7.323571,1.0478171,1.5333333
ubpyxonwyeqh.xyz,tinba,16.0,12.0,2.0,0.0,0.0,15.0,1.0,0.0,0.0,3.0,0.2,12.0,0.8,12.0,0.8,0.13333334,3.4565647,3.807355,3.7004397,5.0,0.0,0.33333334,0.0,0.16666667,0.8977778,0.0,0.0,0.0,12.0,7.5,4.5,1.0,0.0,3.4182959,0.0,9.415714,1.6729391,1.5333333
uewgvcjbfowg.com,tinba,16.0,12.0,2.0,0.0,0.0,15.0,1.0,0.0,0.0,4.0,0.26666668,11.0,0.73333335,11.0,0.73333335,0.33333334,3.3735573,3.6644979,3.7004397,7.0,0.0,0.46666667,0.0,0.36363637,0.8977778,0.0,0.0,0.0,12.0,7.5,4.5,1.0,0.0,3.251629,0.0,8.136429,1.3334725,1.5333333
rjhotcrsrjgr.pw,tinba,15.0,12.0,2.0,0.0,0.0,14.0,1.0,0.0,0.0,1.0,0.071428575,13.0,0.9285714,10.0,0.71428573,0.071428575,3.0930693,3.5465937,3.5849626,10.0,0.0,0.71428573,0.0,0.2,0.85714287,0.0,0.0,0.0,12.0,7.0,5.0,0.0,0.0,2.751629,0.0,7.5815387,1.2792224,1.5714285
jnlrmmtymxxp.com,tinba,16.0,12.0,2.0,0.0,0.0,15.0,1.0,0.0,0.0,1.0,0.06666667,14.0,0.93333334,11.0,0.73333335,0.06666667,3.240224,3.807355,3.7004397,13.0,0.0,0.8666667,0.0,0.18181819,0.8711111,0.0,0.0,0.0,12.0,7.5,4.5,1.0,0.0,3.0220551,0.0,8.58,1.420797,1.5333333
wgdlhhpskjjr.com,tinba,16.0,12.0,2.0,0.0,0.0,15.0,1.0,0.0,0.0,1.0,0.06666667,14.0,0.93333334,13.0,0.8666667,0.13333334,3.640224,3.807355,3.7004397,13.0,0.0,0.8666667,0.0,0.15384616,0.91555554,0.0,0.0,0.0,12.0,7.5,4.5,1.0,0.0,3.251629,0.0,9.010715,1.1195875,1.5333333
okwwmgyqpotu.com,tinba,16.0,12.0,2.0,0.0,0.0,15.0,1.0,0.0,0.0,4.0,0.26666668,11.0,0.73333335,11.0,0.73333335,0.06666667,3.3232315,3.807355,3.7004397,8.0,0.0,0.53333336,0.0,0.27272728,0.8888889,0.0,0.0,0.0,12.0,7.5,4.5,1.0,0.0,3.251629,0.0,7.6585712,1.3080676,1.5333333
mnrrjiixuvnn.pw,tinba,15.0,12.0,2.0,0.0,0.0,14.0,1.0,0.0,0.0,3.0,0.21428572,11.0,0.78571427,10.0,0.71428573,0.0,3.182006,3.7004397,3.5849626,5.0,0.0,0.35714287,0.0,0.3,0.877551,0.0,0.0,0.0,12.0,7.0,5.0,0.0,0.0,2.8553886,0.0,10.0,1.3002139,1.5714285
vrstfosthtpp.cc,tinba,15.0,12.0,2.0,0.0,0.0,14.0,1.0,0.0,0.0,1.0,0.071428575,13.0,0.9285714,9.0,0.64285713,0.21428572,3.0391486,3.5465937,3.5849626,8.0,0.0,0.5714286,0.0,0.44444445,0.86734694,0.0,0.0,0.0,12.0,7.0,5.0,1.0,0.0,2.8553886,0.0,6.713846,1.13777,1.5714285
edthoxtkfvue.pw,tinba,15.0,12.0,2.0,0.0,0.0,14.0,1.0,0.0,0.0,4.0,0.2857143,10.0,0.71428573,12.0,0.85714287,0.2857143,3.5216405,3.7004397,3.5849626,5.0,0.0,0.35714287,0.0,0.16666667,0.90816325,0.0,0.0,0.0,12.0,7.0,5.0,0.0,0.0,3.251629,0.0,7.8446155,1.0609508,1.5714285
ukvvokcgmmik.com,tinba,16.0,12.0,2.0,0.0,0.0,15.0,1.0,0.0,0.0,4.0,0.26666668,11.0,0.73333335,8.0,0.53333336,0.13333334,2.8729055,3.6644979,3.7004397,5.0,0.0,0.33333334,0.0,0.625,0.85333335,0.0,0.0,0.0,12.0,7.5,4.5,1.0,0.0,2.8553886,0.0,8.186429,1.6350698,1.5333333
sldhccclwwfm.xyz,tinba,16.0,12.0,2.0,0.0,0.0,15.0,1.0,0.0,0.0,0.0,0.0,15.0,1.0,11.0,0.73333335,0.33333334,3.3232315,3.6644979,3.7004397,15.0,0.0,1.0,0.0,0.27272728,0.8888889,0.0,0.0,0.0,12.0,7.5,4.5,1.0,0.0,2.8553886,0.0,9.580714,1.4961075,1.5333333
feutqursstkv.com,tinba,16.0,12.0,2.0,0.0,0.0,15.0,1.0,0.0,0.0,4.0,0.26666668,11.0,0.73333335,12.0,0.8,0.2,3.5068905,3.807355,3.7004397,7.0,0.0,0.46666667,0.0,0.25,0.9066667,0.0,0.0,0.0,12.0,7.5,4.5,1.0,0.0,3.0849626,0.0,7.0642858,0.9729595,1.5333333
uqncopiqyhcd.com,tinba,16.0,12.0,2.0,0.0,0.0,15.0,1.0,0.0,0.0,4.0,0.26666668,11.0,0.73333335,11.0,0.73333335,0.26666668,3.3232315,3.6644979,3.7004397,6.0,0.0,0.4,0.0,0.27272728,0.8888889,0.0,0.0,0.0,12.0,7.5,4.5,1.0,0.0,3.251629,0.0,7.6264286,1.3354887,1.5333333
plttupohijkk.org,tinba,16.0,12.0,2.0,0.0,0.0,15.0,1.0,0.0,0.0,4.0,0.26666668,11.0,0.73333335,11.0,0.73333335,0.0,3.3735573,3.807355,3.7004397,4.0,0.0,0.26666668,0.0,0.36363637,0.8977778,0.0,0.0,0.0,12.0,7.5,4.5,1.0,0.0,3.0849626,0.0,7.252143,1.072385,1.5333333
rmurstmbedvf.in,tinba,15.0,12.0,2.0,0.0,0.0,14.0,1.0,0.0,0.0,3.0,0.21428572,11.0,0.78571427,12.0,0.85714287,0.2857143,3.5216405,3.7004397,3.5849626,5.0,0.0,0.35714287,0.0,0.16666667,0.90816325,0.0,0.0,0.0,12.0,7.0,5.0,1.0,0.0,3.251629,0.0,6.2792306,0.7929951,1.5714285
ryyvtknjimbd.ru,tinba,15.0,12.0,2.0,0.0,0.0,14.0,1.0,0.0,0.0,2.0,0.14285715,12.0,0.85714287,12.0,0.85714287,0.14285715,3.5216405,3.7004397,3.5849626,8.0,0.0,0.5714286,0.0,0.16666667,0.90816325,0.0,0.0,0.0,12.0,7.0,5.0,1.0,0.0,3.4182959,0.0,9.13,1.1305269,1.5714285
orvvvoksmlkl.com,tinba,16.0,12.0,2.0,0.0,0.0,15.0,1.0,0.0,0.0,3.0,0.2,12.0,0.8,8.0,0.53333336,0.06666667,2.8729055,3.6644979,3.7004397,7.0,0.0,0.46666667,0.0,0.625,0.85333335,0.0,0.0,0.0,12.0,7.5,4.5,1.0,0.0,2.688722,0.0,8.446428,1.4572601,1.5333333
hetrhubedywu.ru,tinba,15.0,12.0,2.0,0.0,0.0,14.0,1.0,0.0,0.0,5.0,0.35714287,9.0,0.64285713,9.0,0.64285713,0.2857143,3.0391486,3.7004397,3.5849626,3.0,0.0,0.21428572,0.0,0.44444445,0.86734694,0.0,0.0,0.0,12.0,7.0,5.0,1.0,0.0,3.0849626,0.0,6.836923,1.1483622,1.5714285
qeypqyxojgjw.com,tinba,16.0,12.0,2.0,0.0,0.0,15.0,1.0,0.0,0.0,3.0,0.2,12.0,0.8,11.0,0.73333335,0.13333334,3.3735573,3.807355,3.7004397,5.0,0.0,0.33333334,0.0,0.36363637,0.8977778,0.0,0.0,0.0,12.0,7.5,4.5,1.0,0.0,3.0849626,0.0,9.010715,1.7748983,1.5333333
imelccwlcsiq.pw,tinba,15.0,12.0,2.0,0.0,0.0,14.0,1.0,0.0,0.0,3.0,0.21428572,11.0,0.78571427,9.0,0.64285713,0.2857143,3.0391486,3.5465937,3.5849626,7.0,0.0,0.5,0.0,0.44444445,0.86734694,0.0,0.0,0.0,12.0,7.0,5.0,0.0,0.0,2.8553886,0.0,7.9515386,1.3496978,1.5714285
fbgfvccrshxy.com,tinba,16.0,12.0,2.0,0.0,0.0,15.0,1.0,0.0,0.0,1.0,0.06666667,14.0,0.93333334,12.0,0.8,0.4,3.4565647,3.807355,3.7004397,13.0,0.0,0.8666667,0.0,0.16666667,0.8977778,0.0,0.0,0.0,12.0,7.5,4.5,1.0,0.0,3.251629,0.0,8.122857,1.3187287,1.5333333
imedtqpkdcgl.com,tinba,16.0,12.0,2.0,0.0,0.0,15.0,1.0,0.0,0.0,3.0,0.2,12.0,0.8,12.0,0.8,0.33333334,3.5068905,3.807355,3.7004397,10.0,0.0,0.6666667,0.0,0.25,0.9066667,0.0,0.0,0.0,12.0,7.5,4.5,1.0,0.0,3.4182959,0.0,7.1842856,1.022626,1.5333333
yfgjilkddtsb.biz,tinba,16.0,12.0,2.0,0.0,0.0,15.0,1.0,0.0,0.0,2.0,0.13333334,13.0,0.8666667,12.0,0.8,0.33333334,3.5068905,3.807355,3.7004397,8.0,0.0,0.53333336,0.0,0.25,0.9066667,0.0,0.0,0.0,12.0,7.5,4.5,1.0,0.0,3.4182959,0.0,9.078571,1.3184458,1.5333333
nkppgvcoxulo.com,tinba,16.0,12.0,2.0,0.0,0.0,15.0,1.0,0.0,0.0,4.0,0.26666668,11.0,0.73333335,11.0,0.73333335,0.13333334,3.3232315,3.6644979,3.7004397,7.0,0.0,0.46666667,0.0,0.27272728,0.8888889,0.0,0.0,0.0,12.0,7.5,4.5,1.0,0.0,3.251629,0.0,6.892857,1.2233398,1.5333333
lloststsobjt.biz,tinba,16.0,12.0,2.0,0.0,0.0,15.0,1.0,0.0,0.0,3.0,0.2,12.0,0.8,8.0,0.53333336,0.13333334,2.8729055,3.5216405,3.5465937,5.0,0.0,0.33333334,0.0,0.625,0.85333335,0.0,0.0,0.0,12.0,7.5,4.5,1.0,0.0,2.459148,0.0,7.1464286,1.3076234,1.4
mfiiobbwhipg.com,tinba,16.0,12.0,2.0,0.0,0.0,15.0,1.0,0.0,0.0,5.0,0.33333334,10.0,0.6666667,10.0,0.6666667,0.26666668,3.189898,3.807355,3.7004397,4.0,0.0,0.26666668,0.0,0.4,0.88,0.0,0.0,0.0,12.0,7.5,4.5,1.0,0.0,3.0220551,0.0,6.7421427,1.2396739,1.5333333
qropqpstuksj.com,tinba,16.0,12.0,2.0,0.0,0.0,15.0,1.0,0.0,0.0,3.0,0.2,12.0,0.8,11.0,0.73333335,0.06666667,3.3735573,3.807355,3.7004397,5.0,0.0,0.33333334,0.0,0.36363637,0.8977778,0.0,0.0,0.0,12.0,7.5,4.5,1.0,0.0,3.0849626,0.0,7.1185713,1.3482594,1.5333333
nnyupqqyvfbe.cc,tinba,15.0,12.0,2.0,0.0,0.0,14.0,1.0,0.0,0.0,2.0,0.14285715,12.0,0.85714287,10.0,0.71428573,0.35714287,3.2359264,3.7004397,3.5849626,7.0,0.0,0.5,0.0,0.4,0.8877551,0.0,0.0,0.0,12.0,7.0,5.0,1.0,0.0,3.0849626,0.0,9.061539,1.6669618,1.5714285
rgdtbodvrrbb.com,tinba,16.0,12.0,2.0,0.0,0.0,15.0,1.0,0.0,0.0,2.0,0.13333334,13.0,0.8666667,9.0,0.6,0.4,3.006239,3.807355,3.7004397,7.0,0.0,0.46666667,0.0,0.44444445,0.8622222,0.0,0.0,0.0,12.0,7.5,4.5,1.0,0.0,2.6258147,0.0,9.010715,1.2933576,1.5333333
vwwsnqwwixwd.biz,tinba,16.0,12.0,2.0,0.0,0.0,15.0,1.0,0.0,0.0,2.0,0.13333334,13.0,0.8666667,10.0,0.6666667,0.13333334,2.9995813,3.6644979,3.7004397,8.0,0.0,0.53333336,0.0,0.2,0.83555555,0.0,0.0,0.0,12.0,7.5,4.5,1.0,0.0,2.6174924,0.0,9.577143,1.9452924,1.5333333
ncplqltovulo.com,tinba,16.0,12.0,2.0,0.0,0.0,15.0,1.0,0.0,0.0,4.0,0.26666668,11.0,0.73333335,10.0,0.6666667,0.13333334,3.1395721,3.807355,3.7004397,7.0,0.0,0.46666667,0.0,0.3,0.8711111,0.0,0.0,0.0,12.0,7.5,4.5,1.0,0.0,3.0220551,0.0,6.397857,1.1867762,1.5333333
rpxxwbiydllw.pw,tinba,15.0,12.0,2.0,0.0,0.0,14.0,1.0,0.0,0.0,1.0,0.071428575,13.0,0.9285714,9.0,0.64285713,0.14285715,3.0391486,3.7004397,3.5849626,7.0,0.0,0.5,0.0,0.44444445,0.86734694,0.0,0.0,0.0,12.0,7.0,5.0,0.0,0.0,3.0849626,0.0,9.544616,1.7215146,1.5714285
rffglmvfyhwd.com,tinba,16.0,12.0,2.0,0.0,0.0,15.0,1.0,0.0,0.0,1.0,0.06666667,14.0,0.93333334,12.0,0.8,0.33333334,3.4565647,3.807355,3.7004397,13.0,0.0,0.8666667,0.0,0.16666667,0.8977778,0.0,0.0,0.0,12.0,7.5,4.5,1.0,0.0,3.188722,0.0,8.65,1.2439439,1.5333333
ehwgmhgkthhd.com,tinba,16.0,12.0,2.0,0.0,0.0,15.0,1.0,0.0,0.0,2.0,0.13333334,13.0,0.8666667,10.0,0.6666667,0.2,3.1068907,3.807355,3.7004397,12.0,0.0,0.8,0.0,0.3,0.8622222,0.0,0.0,0.0,12.0,7.5,4.5,1.0,0.0,2.751629,0.0,8.386429,1.2669488,1.5333333
txxnlowcpiep.xyz,tinba,16.0,12.0,2.0,0.0,0.0,15.0,1.0,0.0,0.0,3.0,0.2,12.0,0.8,12.0,0.8,0.13333334,3.4565647,3.807355,3.7004397,5.0,0.0,0.33333334,0.0,0.16666667,0.8977778,0.0,0.0,0.0,12.0,7.5,4.5,1.0,0.0,3.251629,0.0,8.297857,1.4165725,1.5333333
dstdfvjihggb.pw,tinba,15.0,12.0,2.0,0.0,0.0,14.0,1.0,0.0,0.0,1.0,0.071428575,13.0,0.9285714,12.0,0.85714287,0.2857143,3.5216405,3.7004397,3.5849626,7.0,0.0,0.5,0.0,0.16666667,0.90816325,0.0,0.0,0.0,12.0,7.0,5.0,0.0,0.0,3.251629,0.0,9.405385,1.2512083,1.5714285
yuygwktlmjix.ru,tinba,15.0,12.0,2.0,0.0,0.0,14.0,1.0,0.0,0.0,3.0,0.21428572,11.0,0.78571427,12.0,0.85714287,0.0,3.5216405,3.7004397,3.5849626,8.0,0.0,0.5714286,0.0,0.16666667,0.90816325,0.0,0.0,0.0,12.0,7.0,5.0,1.0,0.0,3.4182959,0.0,10.0,1.2825395,1.5714285
dplrkkmlpsnq.biz,tinba,16.0,12.0,2.0,0.0,0.0,15.0,1.0,0.0,0.0,1.0,0.06666667,14.0,0.93333334,12.0,0.8,0.13333334,3.5068905,3.807355,3.7004397,13.0,0.0,0.8666667,0.0,0.25,0.9066667,0.0,0.0,0.0,12.0,7.5,4.5,1.0,0.0,3.0849626,0.0,9.135715,1.3020524,1.5333333
tidpvejjhqhk.biz,tinba,16.0,12.0,2.0,0.0,0.0,15.0,1.0,0.0,0.0,3.0,0.2,12.0,0.8,12.0,0.8,0.2,3.5068905,3.807355,3.7004397,7.0,0.0,0.46666667,0.0,0.25,0.9066667,0.0,0.0,0.0,12.0,7.5,4.5,1.0,0.0,3.251629,0.0,8.197143,1.5609518,1.5333333
yngtuiuuegqk.com,tinba,16.0,12.0,2.0,0.0,0.0,15.0,1.0,0.0,0.0,6.0,0.4,9.0,0.6,12.0,0.8,0.13333334,3.4565647,3.807355,3.7004397,4.0,0.0,0.26666668,0.0,0.16666667,0.8977778,0.0,0.0,0.0,12.0,7.5,4.5,1.0,0.0,3.0220551,0.0,7.7264285,1.0712004,1.5333333
onkguybvnokh.com,tinba,16.0,12.0,2.0,0.0,0.0,15.0,1.0,0.0,0.0,4.0,0.26666668,11.0,0.73333335,11.0,0.73333335,0.13333334,3.3232315,3.807355,3.7004397,4.0,0.0,0.26666668,0.0,0.27272728,0.8888889,0.0,0.0,0.0,12.0,7.5,4.5,1.0,0.0,3.0849626,0.0,8.017143,1.1742061,1.5333333
kklkjihxwxef.com,tinba,16.0,12.0,2.0,0.0,0.0,15.0,1.0,0.0,0.0,3.0,0.2,12.0,0.8,12.0,0.8,0.2,3.4565647,3.807355,3.7004397,5.0,0.0,0.33333334,0.0,0.16666667,0.8977778,0.0,0.0,0.0,12.0,7.5,4.5,1.0,0.0,3.0220551,0.0,9.010715,1.4987992,1.5333333
tdgexonqprkt.in,tinba,15.0,12.0,2.0,0.0,0.0,14.0,1.0,0.0,0.0,3.0,0.21428572,11.0,0.78571427,12.0,0.85714287,0.14285715,3.5216405,3.7004397,3.5849626,6.0,0.0,0.42857143,0.0,0.16666667,0.90816325,0.0,0.0,0.0,12.0,7.0,5.0,1.0,0.0,3.4182959,0.0,6.650769,0.9754178,1.5714285
lgyyyxdxppuf.biz,tinba,16.0,12.0,2.0,0.0,0.0,15.0,1.0,0.0,0.0,2.0,0.13333334,13.0,0.8666667,11.0,0.73333335,0.2,3.3232315,3.6644979,3.7004397,10.0,0.0,0.6666667,0.0,0.27272728,0.8888889,0.0,0.0,0.0,12.0,7.5,4.5,1.0,0.0,2.8553886,0.0,8.808572,1.74433,1.5333333
wwieuvvrccur.pw,tinba,15.0,12.0,2.0,0.0,0.0,14.0,1.0,0.0,0.0,4.0,0.2857143,10.0,0.71428573,8.0,0.5714286,0.21428572,2.8962915,3.7004397,3.5849626,5.0,0.0,0.35714287,0.0,0.625,0.85714287,0.0,0.0,0.0,12.0,7.0,5.0,0.0,0.0,2.751629,0.0,9.593846,1.5067881,1.5714285
vihgqixkkhqk.com,tinba,16.0,12.0,2.0,0.0,0.0,15.0,1.0,0.0,0.0,3.0,0.2,12.0,0.8,10.0,0.6666667,0.06666667,3.189898,3.807355,3.7004397,7.0,0.0,0.46666667,0.0,0.4,0.88,0.0,0.0,0.0,12.0,7.5,4.5,1.0,0.0,2.688722,0.0,8.606428,1.8342777,1.5333333
hhnggfbtmpko.com,tinba,16.0,12.0,2.0,0.0,0.0,15.0,1.0,0.0,0.0,2.0,0.13333334,13.0,0.8666667,11.0,0.73333335,0.2,3.3735573,3.807355,3.7004397,11.0,0.0,0.73333335,0.0,0.36363637,0.8977778,0.0,0.0,0.0,12.0,7.5,4.5,1.0,0.0,3.251629,0.0,7.735,1.1403296,1.5333333
ulhpxhuruixy.biz,tinba,16.0,12.0,2.0,0.0,0.0,15.0,1.0,0.0,0.0,5.0,0.33333334,10.0,0.6666667,10.0,0.6666667,0.06666667,3.189898,3.807355,3.7004397,5.0,0.0,0.33333334,0.0,0.4,0.88,0.0,0.0,0.0,12.0,7.5,4.5,1.0,0.0,2.8553886,0.0,8.456429,1.5985302,1.5333333
pmnunuyiykkm.info,tinba,17.0,12.0,2.0,0.0,0.0,16.0,1.0,0.0,0.0,5.0,0.3125,11.0,0.6875,9.0,0.5625,0.0625,3.0778196,3.7735572,3.807355,4.0,0.0,0.25,0.0,0.6666667,0.875,0.0,0.0,0.0,12.0,8.0,4.0,1.0,0.0,2.751629,0.0,8.161333,1.2819443,1.5
heqiyjcrypsp.xyz,tinba,16.0,12.0,2.0,0.0,0.0,15.0,1.0,0.0,0.0,2.0,0.13333334,13.0,0.8666667,12.0,0.8,0.13333334,3.4565647,3.807355,3.7004397,11.0,0.0,0.73333335,0.0,0.16666667,0.8977778,0.0,0.0,0.0,12.0,7.5,4.5,1.0,0.0,3.251629,0.0,8.106428,1.5534391,1.5333333
unoppocdedgh.in,tinba,15.0,12.0,2.0,0.0,0.0,14.0,1.0,0.0,0.0,5.0,0.35714287,9.0,0.64285713,10.0,0.71428573,0.2857143,3.2359264,3.7004397,3.5849626,3.0,0.0,0.21428572,0.0,0.4,0.8877551,0.0,0.0,0.0,12.0,7.0,5.0,1.0,0.0,3.0849626,0.0,4.9084616,0.90554243,1.5714285
bskktwvutonm.ru,tinba,15.0,12.0,2.0,0.0,0.0,14.0,1.0,0.0,0.0,3.0,0.21428572,11.0,0.78571427,11.0,0.78571427,0.071428575,3.3787835,3.7004397,3.5849626,7.0,0.0,0.5,0.0,0.27272728,0.8979592,0.0,0.0,0.0,12.0,7.0,5.0,1.0,0.0,3.251629,0.0,8.760769,1.0680478,1.5714285
myfwrrwffghx.pw,tinba,15.0,12.0,2.0,0.0,0.0,14.0,1.0,0.0,0.0,0.0,0.0,14.0,1.0,9.0,0.64285713,0.21428572,2.985228,3.7004397,3.5849626,14.0,0.0,1.0,0.0,0.33333334,0.85714287,0.0,0.0,0.0,12.0,7.0,5.0,0.0,0.0,2.8553886,0.0,10.0,1.8042505,1.5714285
ytdpyrghyfnj.com,tinba,16.0,12.0,2.0,0.0,0.0,15.0,1.0,0.0,0.0,1.0,0.06666667,14.0,0.93333334,13.0,0.8666667,0.2,3.589898,3.807355,3.7004397,13.0,0.0,0.8666667,0.0,0.07692308,0.9066667,0.0,0.0,0.0,12.0,7.5,4.5,1.0,0.0,3.188722,0.0,9.010715,1.069647,1.5333333
owprnwpdwrby.com,tinba,16.0,12.0,2.0,0.0,0.0,15.0,1.0,0.0,0.0,2.0,0.13333334,13.0,0.8666667,10.0,0.6666667,0.2,3.189898,3.6644979,3.7004397,12.0,0.0,0.8,0.0,0.4,0.88,0.0,0.0,0.0,12.0,7.5,4.5,1.0,0.0,2.8553886,0.0,8.111428,1.2279625,1.5333333
glgniyexehji.xyz,tinba,16.0,12.0,2.0,0.0,0.0,15.0,1.0,0.0,0.0,4.0,0.26666668,11.0,0.73333335,10.0,0.6666667,0.13333334,3.240224,3.807355,3.7004397,4.0,0.0,0.26666668,0.0,0.5,0.8888889,0.0,0.0,0.0,12.0,7.5,4.5,1.0,0.0,3.0849626,0.0,9.222143,1.5317351,1.5333333
koweueflulkb.ru,tinba,15.0,12.0,2.0,0.0,0.0,14.0,1.0,0.0,0.0,6.0,0.42857143,8.0,0.5714286,9.0,0.64285713,0.2857143,3.0391486,3.7004397,3.5849626,4.0,0.0,0.2857143,0.0,0.44444445,0.86734694,0.0,0.0,0.0,12.0,7.0,5.0,1.0,0.0,2.9182959,0.0,9.139231,1.2761178,1.5714285
rglludikwwpb.biz,tinba,16.0,12.0,2.0,0.0,0.0,15.0,1.0,0.0,0.0,3.0,0.2,12.0,0.8,11.0,0.73333335,0.2,3.3735573,3.807355,3.7004397,6.0,0.0,0.4,0.0,0.36363637,0.8977778,0.0,0.0,0.0,12.0,7.5,4.5,1.0,0.0,3.251629,0.0,8.3785715,1.3481712,1.5333333
jjxkopqrbsul.pw,tinba,15.0,12.0,2.0,0.0,0.0,14.0,1.0,0.0,0.0,2.0,0.14285715,12.0,0.85714287,12.0,0.85714287,0.071428575,3.5216405,3.7004397,3.5849626,5.0,0.0,0.35714287,0.0,0.16666667,0.90816325,0.0,0.0,0.0,12.0,7.0,5.0,0.0,0.0,3.4182959,0.0,9.123846,1.5840714,1.5714285
ilscgnldvosc.com,tinba,16.0,12.0,2.0,0.0,0.0,15.0,1.0,0.0,0.0,3.0,0.2,12.0,0.8,10.0,0.6666667,0.26666668,3.189898,3.6644979,3.7004397,8.0,0.0,0.53333336,0.0,0.4,0.88,0.0,0.0,0.0,12.0,7.5,4.5,1.0,0.0,3.0849626,0.0,8.512143,0.95859414,1.5333333
fequvwxrxrjr.com,tinba,16.0,12.0,2.0,0.0,0.0,15.0,1.0,0.0,0.0,3.0,0.2,12.0,0.8,12.0,0.8,0.2,3.4565647,3.6644979,3.7004397,9.0,0.0,0.6,0.0,0.16666667,0.8977778,0.0,0.0,0.0,12.0,7.5,4.5,1.0,0.0,3.0220551,0.0,9.010715,1.4898027,1.5333333
gvqvwvntrsve.com,tinba,16.0,12.0,2.0,0.0,0.0,15.0,1.0,0.0,0.0,2.0,0.13333334,13.0,0.8666667,12.0,0.8,0.13333334,3.3735573,3.807355,3.7004397,11.0,0.0,0.73333335,0.0,0.083333336,0.88,0.0,0.0,0.0,12.0,7.5,4.5,1.0,0.0,2.9182959,0.0,6.622143,1.2847776,1.5333333
ckbbgyxlentc.xyz,tinba,16.0,12.0,2.0,0.0,0.0,15.0,1.0,0.0,0.0,1.0,0.06666667,14.0,0.93333334,11.0,0.73333335,0.33333334,3.3735573,3.807355,3.7004397,8.0,0.0,0.53333336,0.0,0.36363637,0.8977778,0.0,0.0,0.0,12.0,7.5,4.5,1.0,0.0,3.251629,0.0,8.341429,1.5803617,1.5333333
mteskoosfiik.com,tinba,16.0,12.0,2.0,0.0,0.0,15.0,1.0,0.0,0.0,6.0,0.4,9.0,0.6,9.0,0.6,0.2,3.0565648,3.807355,3.7004397,2.0,0.0,0.13333334,0.0,0.5555556,0.8711111,0.0,0.0,0.0,12.0,7.5,4.5,1.0,0.0,2.9182959,0.0,7.1042857,1.0068717,1.5333333
dntcwgimnmtb.com,tinba,16.0,12.0,2.0,0.0,0.0,15.0,1.0,0.0,0.0,2.0,0.13333334,13.0,0.8666667,10.0,0.6666667,0.26666668,3.189898,3.807355,3.7004397,6.0,0.0,0.4,0.0,0.4,0.88,0.0,0.0,0.0,12.0,7.5,4.5,1.0,0.0,3.0849626,0.0,7.649286,1.0574377,1.5333333
cseffucfkpxl.space,tinba,18.0,12.0,2.0,0.0,0.0,17.0,1.0,0.0,0.0,4.0,0.23529412,13.0,0.7647059,10.0,0.5882353,0.5294118,3.1751232,4.0,3.9068906,8.0,0.0,0.47058824,0.0,0.5,0.8788927,0.0,0.0,0.0,12.0,8.5,3.5,0.0,0.0,3.0220551,0.0,7.564375,1.2836306,1.4705882
rommwthhsbfj.com,tinba,16.0,12.0,2.0,0.0,0.0,15.0,1.0,0.0,0.0,2.0,0.13333334,13.0,0.8666667,11.0,0.73333335,0.2,3.3232315,3.6644979,3.7004397,11.0,0.0,0.73333335,0.0,0.27272728,0.8888889,0.0,0.0,0.0,12.0,7.5,4.5,1.0,0.0,3.251629,0.0,7.402143,1.1617919,1.5333333
iueehoofdeuu.com,tinba,16.0,12.0,2.0,0.0,0.0,15.0,1.0,0.0,0.0,10.0,0.6666667,5.0,0.33333334,9.0,0.6,0.4,2.955913,3.807355,3.7004397,2.0,0.0,0.13333334,0.0,0.33333334,0.85333335,0.0,0.0,0.0,12.0,7.5,4.5,1.0,0.0,2.6258147,0.0,8.032857,0.99693364,1.5333333
bcswfveerkpj.com,tinba,16.0,12.0,2.0,0.0,0.0,15.0,1.0,0.0,0.0,3.0,0.2,12.0,0.8,13.0,0.8666667,0.4,3.640224,3.807355,3.7004397,6.0,0.0,0.4,0.0,0.15384616,0.91555554,0.0,0.0,0.0,12.0,7.5,4.5,1.0,0.0,3.4182959,0.0,8.004286,1.0309116,1.5333333
sxskyxwjtpib.biz,tinba,16.0,12.0,2.0,0.0,0.0,15.0,1.0,0.0,0.0,2.0,0.13333334,13.0,0.8666667,11.0,0.73333335,0.13333334,3.3735573,3.807355,3.7004397,10.0,0.0,0.6666667,0.0,0.36363637,0.8977778,0.0,0.0,0.0,12.0,7.5,4.5,1.0,0.0,3.251629,0.0,9.143572,1.6511313,1.5333333
cjqytxguegjj.ru,tinba,15.0,12.0,2.0,0.0,0.0,14.0,1.0,0.0,0.0,3.0,0.21428572,11.0,0.78571427,10.0,0.71428573,0.14285715,3.182006,3.7004397,3.5849626,7.0,0.0,0.5,0.0,0.3,0.877551,0.0,0.0,0.0,12.0,7.0,5.0,1.0,0.0,3.0220551,0.0,10.0,1.8281882,1.5714285
hkbnghgvvdxw.xyz,tinba,16.0,12.0,2.0,0.0,0.0,15.0,1.0,0.0,0.0,0.0,0.0,15.0,1.0,11.0,0.73333335,0.13333334,3.3735573,3.807355,3.7004397,15.0,0.0,1.0,0.0,0.36363637,0.8977778,0.0,0.0,0.0,12.0,7.5,4.5,1.0,0.0,3.0849626,0.0,9.475,1.8400575,1.5333333
fkkheyqqxksb.biz,tinba,16.0,12.0,2.0,0.0,0.0,15.0,1.0,0.0,0.0,2.0,0.13333334,13.0,0.8666667,11.0,0.73333335,0.26666668,3.3232315,3.807355,3.7004397,8.0,0.0,0.53333336,0.0,0.27272728,0.8888889,0.0,0.0,0.0,12.0,7.5,4.5,1.0,0.0,3.0220551,0.0,8.964286,1.9617605,1.5333333
dpxjcqeeunox.com,tinba,16.0,12.0,2.0,0.0,0.0,15.0,1.0,0.0,0.0,5.0,0.33333334,10.0,0.6666667,11.0,0.73333335,0.33333334,3.3735573,3.807355,3.7004397,6.0,0.0,0.4,0.0,0.36363637,0.8977778,0.0,0.0,0.0,12.0,7.5,4.5,1.0,0.0,3.251629,0.0,8.144286,1.3606552,1.5333333
ssndgrkuuume.biz,tinba,16.0,12.0,2.0,0.0,0.0,15.0,1.0,0.0,0.0,5.0,0.33333334,10.0,0.6666667,12.0,0.8,0.2,3.4565647,3.6644979,3.7004397,7.0,0.0,0.46666667,0.0,0.16666667,0.8977778,0.0,0.0,0.0,12.0,7.5,4.5,1.0,0.0,3.0220551,0.0,7.5485716,0.99946594,1.5333333
yrsvfmjfoqnj.com,tinba,16.0,12.0,2.0,0.0,0.0,15.0,1.0,0.0,0.0,2.0,0.13333334,13.0,0.8666667,11.0,0.73333335,0.2,3.3735573,3.807355,3.7004397,8.0,0.0,0.53333336,0.0,0.36363637,0.8977778,0.0,0.0,0.0,12.0,7.5,4.5,1.0,0.0,3.251629,0.0,8.060715,1.4652776,1.5333333
xifejeoseibo.com,tinba,16.0,12.0,2.0,0.0,0.0,15.0,1.0,0.0,0.0,8.0,0.53333336,7.0,0.46666667,10.0,0.6666667,0.4,3.1395721,3.807355,3.7004397,1.0,0.0,0.06666667,0.0,0.3,0.8711111,0.0,0.0,0.0,12.0,7.5,4.5,1.0,0.0,2.8553886,0.0,7.7157145,1.0843996,1.5333333
yyhxocdepvbm.biz,tinba,16.0,12.0,2.0,0.0,0.0,15.0,1.0,0.0,0.0,3.0,0.2,12.0,0.8,13.0,0.8666667,0.33333334,3.640224,3.807355,3.7004397,5.0,0.0,0.33333334,0.0,0.15384616,0.91555554,0.0,0.0,0.0,12.0,7.5,4.5,1.0,0.0,3.4182959,0.0,8.302143,1.2949018,1.5333333
ywsllwwhqrsx.biz,tinba,16.0,12.0,2.0,0.0,0.0,15.0,1.0,0.0,0.0,1.0,0.06666667,14.0,0.93333334,11.0,0.73333335,0.06666667,3.3232315,3.807355,3.7004397,13.0,0.0,0.8666667,0.0,0.27272728,0.8888889,0.0,0.0,0.0,12.0,7.5,4.5,1.0,0.0,2.8553886,0.0,9.080714,1.5578978,1.5333333
yyxylpmvnqtw.com,tinba,16.0,12.0,2.0,0.0,0.0,15.0,1.0,0.0,0.0,1.0,0.06666667,14.0,0.93333334,12.0,0.8,0.06666667,3.4565647,3.807355,3.7004397,13.0,0.0,0.8666667,0.0,0.16666667,0.8977778,0.0,0.0,0.0,12.0,7.5,4.5,1.0,0.0,3.188722,0.0,9.010715,1.4064177,1.5333333
gsjviptwwyqh.com,tinba,16.0,12.0,2.0,0.0,0.0,15.0,1.0,0.0,0.0,2.0,0.13333334,13.0,0.8666667,14.0,0.93333334,0.06666667,3.7735572,3.807355,3.7004397,8.0,0.0,0.53333336,0.0,0.071428575,0.92444444,0.0,0.0,0.0,12.0,7.5,4.5,1.0,0.0,3.4182959,0.0,8.235,1.1441668,1.5333333
ytbbjpqxklwv.me.uk,tinba,18.0,12.0,3.0,0.0,0.0,16.0,1.0,0.0,0.0,2.0,0.125,14.0,0.875,14.0,0.875,0.1875,3.75,3.9068906,3.807355,13.0,0.0,0.8125,0.0,0.14285715,0.921875,0.0,0.0,0.0,12.0,5.3333335,4.714045,0.0,0.0,3.4182959,0.0,9.520667,1.4519578,1.5
chktqjnmedby.biz,tinba,16.0,12.0,2.0,0.0,0.0,15.0,1.0,0.0,0.0,2.0,0.13333334,13.0,0.8666667,14.0,0.93333334,0.33333334,3.7735572,3.807355,3.7004397,8.0,0.0,0.53333336,0.0,0.071428575,0.92444444,0.0,0.0,0.0,12.0,7.5,4.5,1.0,0.0,3.5849626,0.0,8.093572,1.2536623,1.5333333
wqdmejtnnyss.pw,tinba,15.0,12.0,2.0,0.0,0.0,14.0,1.0,0.0,0.0,1.0,0.071428575,13.0,0.9285714,11.0,0.78571427,0.14285715,3.3787835,3.7004397,3.5849626,9.0,0.0,0.64285713,0.0,0.27272728,0.8979592,0.0,0.0,0.0,12.0,7.0,5.0,0.0,0.0,3.251629,0.0,8.386923,1.197035,1.5714285
wwdqfwvgngqr.pw,tinba,15.0,12.0,2.0,0.0,0.0,14.0,1.0,0.0,0.0,0.0,0.0,14.0,1.0,9.0,0.64285713,0.14285715,2.950212,3.7004397,3.5849626,14.0,0.0,1.0,0.0,0.33333334,0.8469388,0.0,0.0,0.0,12.0,7.0,5.0,0.0,0.0,2.8553886,0.0,9.434615,2.023209,1.5714285
ewnmwrmdccqr.xyz,tinba,16.0,12.0,2.0,0.0,0.0,15.0,1.0,0.0,0.0,1.0,0.06666667,14.0,0.93333334,11.0,0.73333335,0.26666668,3.3735573,3.807355,3.7004397,14.0,0.0,0.93333334,0.0,0.36363637,0.8977778,0.0,0.0,0.0,12.0,7.5,4.5,1.0,0.0,2.9182959,0.0,10.0,1.4661736,1.5333333
csymbjjkllsn.xyz,tinba,16.0,12.0,2.0,0.0,0.0,15.0,1.0,0.0,0.0,0.0,0.0,15.0,1.0,11.0,0.73333335,0.13333334,3.3735573,3.807355,3.7004397,15.0,0.0,1.0,0.0,0.36363637,0.8977778,0.0,0.0,0.0,12.0,7.5,4.5,1.0,0.0,3.0849626,0.0,10.0,1.6027849,1.5333333
dsoxxsfxqurl.com,tinba,16.0,12.0,2.0,0.0,0.0,15.0,1.0,0.0,0.0,3.0,0.2,12.0,0.8,11.0,0.73333335,0.2,3.3232315,3.807355,3.7004397,6.0,0.0,0.4,0.0,0.27272728,0.8888889,0.0,0.0,0.0,12.0,7.5,4.5,1.0,0.0,3.0220551,0.0,8.185,1.4544628,1.5333333
nltoffkjwxqs.pw,tinba,15.0,12.0,2.0,0.0,0.0,14.0,1.0,0.0,0.0,1.0,0.071428575,13.0,0.9285714,12.0,0.85714287,0.14285715,3.5216405,3.7004397,3.5849626,10.0,0.0,0.71428573,0.0,0.16666667,0.90816325,0.0,0.0,0.0,12.0,7.0,5.0,0.0,0.0,3.4182959,0.0,8.486154,1.4832205,1.5714285
kowwwthxongy.com,tinba,16.0,12.0,2.0,0.0,0.0,15.0,1.0,0.0,0.0,3.0,0.2,12.0,0.8,11.0,0.73333335,0.06666667,3.2729056,3.6644979,3.7004397,6.0,0.0,0.4,0.0,0.18181819,0.88,0.0,0.0,0.0,12.0,7.5,4.5,1.0,0.0,3.0220551,0.0,6.8564286,1.2810512,1.5333333
tkxqiwjspyjq.ru,tinba,15.0,12.0,2.0,0.0,0.0,14.0,1.0,0.0,0.0,2.0,0.14285715,12.0,0.85714287,12.0,0.85714287,0.0,3.5216405,3.7004397,3.5849626,8.0,0.0,0.5714286,0.0,0.16666667,0.90816325,0.0,0.0,0.0,12.0,7.0,5.0,1.0,0.0,3.251629,0.0,9.50077,1.70882,1.5714285
semltmmwdust.us,tinba,15.0,12.0,2.0,0.0,0.0,14.0,1.0,0.0,0.0,3.0,0.21428572,11.0,0.78571427,8.0,0.5714286,0.14285715,2.842371,3.5465937,3.5849626,7.0,0.0,0.5,0.0,0.5,0.8469388,0.0,0.0,0.0,12.0,7.0,5.0,1.0,0.0,2.8553886,0.0,6.713846,1.1182383,1.5714285
gjdnfgnklqru.net,tinba,16.0,12.0,2.0,0.0,0.0,15.0,1.0,0.0,0.0,2.0,0.13333334,13.0,0.8666667,12.0,0.8,0.2,3.4565647,3.807355,3.7004397,11.0,0.0,0.73333335,0.0,0.16666667,0.8977778,0.0,0.0,0.0,12.0,7.5,4.5,1.0,0.0,3.251629,0.0,8.559286,1.1362584,1.5333333
vyyejknompcc.net,tinba,16.0,12.0,2.0,0.0,0.0,15.0,1.0,0.0,0.0,3.0,0.2,12.0,0.8,11.0,0.73333335,0.26666668,3.3735573,3.807355,3.7004397,5.0,0.0,0.33333334,0.0,0.36363637,0.8977778,0.0,0.0,0.0,12.0,7.5,4.5,1.0,0.0,3.251629,0.0,7.752857,1.0930909,1.5333333
wkuefkrbcclo.pw,tinba,15.0,12.0,2.0,0.0,0.0,14.0,1.0,0.0,0.0,3.0,0.21428572,11.0,0.78571427,11.0,0.78571427,0.35714287,3.3787835,3.7004397,3.5849626,7.0,0.0,0.5,0.0,0.27272728,0.8979592,0.0,0.0,0.0,12.0,7.0,5.0,0.0,0.0,3.251629,0.0,8.562307,1.2304039,1.5714285
pspyjvwjnbyh.com,tinba,16.0,12.0,2.0,0.0,0.0,15.0,1.0,0.0,0.0,1.0,0.06666667,14.0,0.93333334,12.0,0.8,0.13333334,3.5068905,3.807355,3.7004397,13.0,0.0,0.8666667,0.0,0.25,0.9066667,0.0,0.0,0.0,12.0,7.5,4.5,1.0,0.0,3.0849626,0.0,8.547143,1.3721045,1.5333333
hsphrmhswrsr.net,tinba,16.0,12.0,2.0,0.0,0.0,15.0,1.0,0.0,0.0,1.0,0.06666667,14.0,0.93333334,9.0,0.6,0.06666667,2.955913,3.6644979,3.7004397,13.0,0.0,0.8666667,0.0,0.33333334,0.85333335,0.0,0.0,0.0,12.0,7.5,4.5,1.0,0.0,2.3962407,0.0,8.056429,1.0031877,1.5333333
tppiutkfbwgs.com,tinba,16.0,12.0,2.0,0.0,0.0,15.0,1.0,0.0,0.0,3.0,0.2,12.0,0.8,13.0,0.8666667,0.2,3.640224,3.807355,3.7004397,8.0,0.0,0.53333336,0.0,0.15384616,0.91555554,0.0,0.0,0.0,12.0,7.5,4.5,1.0,0.0,3.251629,0.0,8.204286,0.9341102,1.5333333
dwoueneeuyhs.biz,tinba,16.0,12.0,2.0,0.0,0.0,15.0,1.0,0.0,0.0,7.0,0.46666667,8.0,0.53333336,12.0,0.8,0.33333334,3.4565647,3.807355,3.7004397,4.0,0.0,0.26666668,0.0,0.16666667,0.8977778,0.0,0.0,0.0,12.0,7.5,4.5,1.0,0.0,3.0220551,0.0,7.5385714,0.89092153,1.5333333
iyjuxdlkdltc.com,tinba,16.0,12.0,2.0,0.0,0.0,15.0,1.0,0.0,0.0,3.0,0.2,12.0,0.8,12.0,0.8,0.26666668,3.5068905,3.6644979,3.7004397,9.0,0.0,0.6,0.0,0.25,0.9066667,0.0,0.0,0.0,12.0,7.5,4.5,1.0,0.0,3.251629,0.0,8.635,1.1346372,1.5333333
ndfkkfvohyqh.com,tinba,16.0,12.0,2.0,0.0,0.0,15.0,1.0,0.0,0.0,2.0,0.13333334,13.0,0.8666667,11.0,0.73333335,0.26666668,3.3735573,3.807355,3.7004397,7.0,0.0,0.46666667,0.0,0.36363637,0.8977778,0.0,0.0,0.0,12.0,7.5,4.5,1.0,0.0,3.0849626,0.0,8.443571,1.4441746,1.5333333
holejjpxxhlf.biz,tinba,16.0,12.0,2.0,0.0,0.0,15.0,1.0,0.0,0.0,3.0,0.2,12.0,0.8,11.0,0.73333335,0.2,3.3735573,3.807355,3.7004397,9.0,0.0,0.6,0.0,0.36363637,0.8977778,0.0,0.0,0.0,12.0,7.5,4.5,1.0,0.0,2.9182959,0.0,8.185715,1.6661756,1.5333333
rlltuvcbewsx.com,tinba,16.0,12.0,2.0,0.0,0.0,15.0,1.0,0.0,0.0,3.0,0.2,12.0,0.8,13.0,0.8666667,0.26666668,3.640224,3.807355,3.7004397,4.0,0.0,0.26666668,0.0,0.15384616,0.91555554,0.0,0.0,0.0,12.0,7.5,4.5,1.0,0.0,3.4182959,0.0,7.83,0.8819556,1.5333333
uqfmufnuktmn.biz,tinba,16.0,12.0,2.0,0.0,0.0,15.0,1.0,0.0,0.0,4.0,0.26666668,11.0,0.73333335,10.0,0.6666667,0.2,3.189898,3.807355,3.7004397,5.0,0.0,0.33333334,0.0,0.4,0.88,0.0,0.0,0.0,12.0,7.5,4.5,1.0,0.0,2.688722,0.0,9.577143,1.5845152,1.5333333
nwxijwdmmuum.cc,tinba,15.0,12.0,2.0,0.0,0.0,14.0,1.0,0.0,0.0,3.0,0.21428572,11.0,0.78571427,9.0,0.64285713,0.21428572,3.0391486,3.7004397,3.5849626,5.0,0.0,0.35714287,0.0,0.44444445,0.86734694,0.0,0.0,0.0,12.0,7.0,5.0,1.0,0.0,2.8553886,0.0,10.0,1.5914413,1.5714285
qqdxxyyyiijf.su,tinba,15.0,12.0,2.0,0.0,0.0,14.0,1.0,0.0,0.0,3.0,0.21428572,11.0,0.78571427,9.0,0.64285713,0.14285715,3.0391486,3.5465937,3.5849626,8.0,0.0,0.5714286,0.0,0.44444445,0.86734694,0.0,0.0,0.0,12.0,7.0,5.0,0.0,0.0,2.688722,0.0,10.0,2.1021256,1.5714285
sforfknkkxxw.com,tinba,16.0,12.0,2.0,0.0,0.0,15.0,1.0,0.0,0.0,2.0,0.13333334,13.0,0.8666667,10.0,0.6666667,0.2,3.189898,3.807355,3.7004397,10.0,0.0,0.6666667,0.0,0.4,0.88,0.0,0.0,0.0,12.0,7.5,4.5,1.0,0.0,2.8553886,0.0,7.992857,1.5577704,1.5333333
udicuyudytql.cc,tinba,15.0,12.0,2.0,0.0,0.0,14.0,1.0,0.0,0.0,4.0,0.2857143,10.0,0.71428573,8.0,0.5714286,0.35714287,2.842371,3.5465937,3.5849626,7.0,0.0,0.5,0.0,0.5,0.8469388,0.0,0.0,0.0,12.0,7.0,5.0,1.0,0.0,2.8553886,0.0,8.953846,1.576505,1.5714285
rcfqqqewnwws.info,tinba,17.0,12.0,2.0,0.0,0.0,16.0,1.0,0.0,0.0,3.0,0.1875,13.0,0.8125,10.0,0.625,0.25,3.1556392,3.7735572,3.807355,6.0,0.0,0.375,0.0,0.4,0.875,0.0,0.0,0.0,12.0,8.0,4.0,1.0,0.0,2.7924812,0.0,8.530666,1.6013832,1.5
qcdyhhphtddo.net,tinba,16.0,12.0,2.0,0.0,0.0,15.0,1.0,0.0,0.0,2.0,0.13333334,13.0,0.8666667,10.0,0.6666667,0.33333334,3.1395721,3.807355,3.7004397,11.0,0.0,0.73333335,0.0,0.3,0.8711111,0.0,0.0,0.0,12.0,7.5,4.5,1.0,0.0,2.7924812,0.0,8.017858,1.2045302,1.5333333
gnrjrtdumpyn.com,tinba,16.0,12.0,2.0,0.0,0.0,15.0,1.0,0.0,0.0,2.0,0.13333334,13.0,0.8666667,12.0,0.8,0.13333334,3.5068905,3.807355,3.7004397,7.0,0.0,0.46666667,0.0,0.25,0.9066667,0.0,0.0,0.0,12.0,7.5,4.5,1.0,0.0,3.251629,0.0,8.095715,0.91119486,1.5333333
yccbqtgkthfw.ru,tinba,15.0,12.0,2.0,0.0,0.0,14.0,1.0,0.0,0.0,1.0,0.071428575,13.0,0.9285714,12.0,0.85714287,0.2857143,3.5216405,3.7004397,3.5849626,13.0,0.0,0.9285714,0.0,0.16666667,0.90816325,0.0,0.0,0.0,12.0,7.0,5.0,1.0,0.0,3.251629,0.0,9.327692,1.3111445,1.5714285
ylenngbmnqfi.cc,tinba,15.0,12.0,2.0,0.0,0.0,14.0,1.0,0.0,0.0,2.0,0.14285715,12.0,0.85714287,11.0,0.78571427,0.35714287,3.324863,3.7004397,3.5849626,8.0,0.0,0.5714286,0.0,0.18181819,0.8877551,0.0,0.0,0.0,12.0,7.0,5.0,1.0,0.0,3.188722,0.0,7.1984615,1.1943574,1.5714285
ccrvrgjvisqb.net,tinba,16.0,12.0,2.0,0.0,0.0,15.0,1.0,0.0,0.0,2.0,0.13333334,13.0,0.8666667,12.0,0.8,0.26666668,3.5068905,3.807355,3.7004397,8.0,0.0,0.53333336,0.0,0.25,0.9066667,0.0,0.0,0.0,12.0,7.5,4.5,1.0,0.0,3.0849626,0.0,7.674286,1.15231,1.5333333
ylgdcdinstdj.xyz,tinba,16.0,12.0,2.0,0.0,0.0,15.0,1.0,0.0,0.0,1.0,0.06666667,14.0,0.93333334,12.0,0.8,0.26666668,3.4565647,3.807355,3.7004397,8.0,0.0,0.53333336,0.0,0.16666667,0.8977778,0.0,0.0,0.0,12.0,7.5,4.5,1.0,0.0,3.188722,0.0,7.882143,1.2941216,1.5333333
cjeuyhwrlocb.com,tinba,16.0,12.0,2.0,0.0,0.0,15.0,1.0,0.0,0.0,4.0,0.26666668,11.0,0.73333335,12.0,0.8,0.33333334,3.4565647,3.807355,3.7004397,5.0,0.0,0.33333334,0.0,0.16666667,0.8977778,0.0,0.0,0.0,12.0,7.5,4.5,1.0,0.0,3.4182959,0.0,8.16,1.0431625,1.5333333
pqpdkkqebccg.com,tinba,16.0,12.0,2.0,0.0,0.0,15.0,1.0,0.0,0.0,2.0,0.13333334,13.0,0.8666667,10.0,0.6666667,0.4,3.189898,3.807355,3.7004397,7.0,0.0,0.46666667,0.0,0.4,0.88,0.0,0.0,0.0,12.0,7.5,4.5,1.0,0.0,2.9182959,0.0,9.010715,1.6746213,1.5333333
fgopcffrghhq.com,tinba,16.0,12.0,2.0,0.0,0.0,15.0,1.0,0.0,0.0,2.0,0.13333334,13.0,0.8666667,9.0,0.6,0.33333334,3.0565648,3.807355,3.7004397,10.0,0.0,0.6666667,0.0,0.5555556,0.8711111,0.0,0.0,0.0,12.0,7.5,4.5,1.0,0.0,2.8553886,0.0,8.17,1.5760255,1.5333333
jnydvqivqqwk.com,tinba,16.0,12.0,2.0,0.0,0.0,15.0,1.0,0.0,0.0,2.0,0.13333334,13.0,0.8666667,12.0,0.8,0.13333334,3.4565647,3.6644979,3.7004397,6.0,0.0,0.4,0.0,0.16666667,0.8977778,0.0,0.0,0.0,12.0,7.5,4.5,1.0,0.0,3.0220551,0.0,8.582143,1.7906523,1.5333333
turcnhegmjye.net,tinba,16.0,12.0,2.0,0.0,0.0,15.0,1.0,0.0,0.0,4.0,0.26666668,11.0,0.73333335,11.0,0.73333335,0.26666668,3.3232315,3.807355,3.7004397,4.0,0.0,0.26666668,0.0,0.27272728,0.8888889,0.0,0.0,0.0,12.0,7.5,4.5,1.0,0.0,3.4182959,0.0,7.051429,0.85180783,1.5333333
xonncdgfnsnq.com,tinba,16.0,12.0,2.0,0.0,0.0,15.0,1.0,0.0,0.0,2.0,0.13333334,13.0,0.8666667,10.0,0.6666667,0.26666668,3.1068907,3.807355,3.7004397,11.0,0.0,0.73333335,0.0,0.3,0.8622222,0.0,0.0,0.0,12.0,7.5,4.5,1.0,0.0,2.9182959,0.0,7.9335713,1.3109438,1.5333333
tmwgcduelfru.com,tinba,16.0,12.0,2.0,0.0,0.0,15.0,1.0,0.0,0.0,4.0,0.26666668,11.0,0.73333335,12.0,0.8,0.33333334,3.5068905,3.807355,3.7004397,6.0,0.0,0.4,0.0,0.25,0.9066667,0.0,0.0,0.0,12.0,7.5,4.5,1.0,0.0,3.4182959,0.0,8.115714,0.86772424,1.5333333
utrqqyrnvjys.com,tinba,16.0,12.0,2.0,0.0,0.0,15.0,1.0,0.0,0.0,2.0,0.13333334,13.0,0.8666667,12.0,0.8,0.06666667,3.5068905,3.807355,3.7004397,12.0,0.0,0.8,0.0,0.25,0.9066667,0.0,0.0,0.0,12.0,7.5,4.5,1.0,0.0,3.0849626,0.0,8.515715,1.3074887,1.5333333
